Driver,Race,Season,LapNumber,LapTime_s,oof_pred_intrack,oof_prob_intrack_ALO,oof_prob_intrack_HAM,oof_prob_intrack_LEC,oof_prob_intrack_NOR,oof_prob_intrack_SAI,oof_prob_intrack_VER,oof_pred_crosscircuit,oof_prob_crosscircuit_ALO,oof_prob_crosscircuit_HAM,oof_prob_crosscircuit_LEC,oof_prob_crosscircuit_NOR,oof_prob_crosscircuit_SAI,oof_prob_crosscircuit_VER
ALO,Bahrain,2023,2.0,99.792,ALO,0.98516965,0.00069914,0.009659309,0.0025131155,0.0006019995,0.0013568015,ALO,0.9366618,0.009986756,0.033496995,0.014567456,0.00095082604,0.004336217
ALO,Bahrain,2023,3.0,99.1,ALO,0.7373016,0.08925655,0.088289,0.067339405,0.00884944,0.008964008,LEC,0.16170602,0.37517223,0.38491827,0.06870797,0.0035437038,0.005951795
ALO,Bahrain,2023,4.0,99.548,LEC,0.101510406,0.15260893,0.7055308,0.01250585,0.0073226313,0.02052135,LEC,0.023732036,0.09071342,0.8452083,0.024635922,0.009442374,0.006267962
ALO,Bahrain,2023,5.0,99.662,ALO,0.8770745,0.042056516,0.022791507,0.039951913,0.00558599,0.01253962,HAM,0.21394573,0.43519282,0.11529976,0.2035467,0.004937161,0.027077766
ALO,Bahrain,2023,6.0,99.674,HAM,0.11156501,0.42137086,0.09245028,0.25324863,0.10466381,0.01670141,HAM,0.18250935,0.6159261,0.11883288,0.04823807,0.012993126,0.021500485
ALO,Bahrain,2023,7.0,99.729,HAM,0.43221295,0.4425664,0.074753955,0.031638704,0.009647175,0.009180829,HAM,0.06585327,0.5495467,0.32465908,0.046899915,0.0070077055,0.0060333046
ALO,Bahrain,2023,8.0,99.959,HAM,0.02360025,0.54564476,0.40438423,0.007415133,0.017343754,0.0016118763,HAM,0.0028031624,0.53611326,0.4450856,0.0017099703,0.013217023,0.0010709848
ALO,Bahrain,2023,9.0,100.275,ALO,0.8403746,0.027075836,0.056834828,0.057989314,0.011184538,0.0065408996,HAM,0.2986086,0.38962215,0.25629938,0.03213076,0.0062455665,0.017093517
ALO,Bahrain,2023,10.0,100.203,ALO,0.8707934,0.038437963,0.010305082,0.074682474,0.004291107,0.001489999,ALO,0.60810965,0.16960728,0.1644812,0.04342037,0.0047499323,0.00963156
ALO,Bahrain,2023,11.0,101.147,ALO,0.38155285,0.20581426,0.15318224,0.1532453,0.10256757,0.0036378228,LEC,0.042316888,0.04955142,0.8872856,0.007218322,0.011984039,0.0016437928
ALO,Bahrain,2023,12.0,100.934,ALO,0.6898151,0.095758244,0.04920337,0.14215079,0.018731412,0.004341112,LEC,0.11780876,0.09130398,0.76234335,0.015804129,0.006703991,0.0060357903
ALO,Bahrain,2023,13.0,100.341,ALO,0.8810576,0.013254089,0.068712726,0.030335426,0.0057843416,0.00085579156,LEC,0.3561176,0.057106946,0.55744886,0.020771056,0.006134754,0.002420788
ALO,Bahrain,2023,14.0,102.212,LEC,0.28247958,0.15905446,0.4345942,0.071049295,0.048216205,0.00460624,LEC,0.055176467,0.2584261,0.6756679,0.0026034103,0.006962953,0.0011631707
ALO,Bahrain,2023,16.0,97.542,HAM,0.031719547,0.4060046,0.18675993,0.053991,0.31539986,0.0061251097,ALO,0.70264786,0.053900555,0.1491655,0.015764162,0.07524203,0.0032798948
ALO,Bahrain,2023,17.0,98.139,ALO,0.8458016,0.019537166,0.038979795,0.05563122,0.024292313,0.015757874,ALO,0.7518917,0.09704568,0.06423868,0.07566265,0.0024533398,0.008707967
ALO,Bahrain,2023,18.0,98.124,ALO,0.87837714,0.06789817,0.01517235,0.021735689,0.0056954017,0.011121218,HAM,0.07132416,0.5597759,0.1148424,0.20752266,0.005406784,0.04112814
ALO,Bahrain,2023,19.0,98.361,ALO,0.78708184,0.09469309,0.034611806,0.05874859,0.012032427,0.012832281,HAM,0.12368094,0.4823012,0.2032309,0.16369776,0.006401657,0.020687528
ALO,Bahrain,2023,20.0,98.318,ALO,0.9471752,0.017947573,0.012888616,0.013010699,0.0044092494,0.0045686094,ALO,0.4973371,0.29109702,0.1301237,0.064834304,0.0029519575,0.013655905
ALO,Bahrain,2023,21.0,98.407,ALO,0.8970307,0.030614117,0.024306392,0.030347511,0.010393549,0.0073076994,ALO,0.531973,0.27255747,0.12504625,0.053613633,0.0032862804,0.013523343
ALO,Bahrain,2023,22.0,98.2,ALO,0.7728351,0.042884324,0.0610353,0.091892414,0.016765282,0.014587609,HAM,0.21569254,0.40622196,0.25828028,0.08417881,0.0059229676,0.029703386
ALO,Bahrain,2023,23.0,97.853,ALO,0.64895934,0.12983009,0.08704011,0.10787569,0.021400835,0.0048939227,ALO,0.41013375,0.22731553,0.341961,0.013128271,0.0046227933,0.0028386775
ALO,Bahrain,2023,24.0,97.878,ALO,0.9267724,0.015893454,0.037984513,0.011654649,0.005071706,0.0026233306,ALO,0.6234657,0.17194538,0.17101638,0.02528618,0.0022954226,0.0059909094
ALO,Bahrain,2023,25.0,98.139,ALO,0.7249257,0.074357666,0.18657224,0.004901038,0.0056479885,0.0035954232,HAM,0.31909478,0.36981422,0.29938138,0.0059896614,0.0028744906,0.0028454892
ALO,Bahrain,2023,26.0,98.127,ALO,0.9223623,0.019067861,0.017892933,0.02599838,0.0043478343,0.010330617,ALO,0.5849746,0.23305744,0.08341077,0.079656884,0.0027142128,0.016186152
ALO,Bahrain,2023,27.0,98.612,ALO,0.69348764,0.19760288,0.09243211,0.008487931,0.0050241365,0.0029653492,HAM,0.06146385,0.646128,0.24919987,0.03071232,0.005698064,0.0067978976
ALO,Bahrain,2023,28.0,98.199,ALO,0.6933308,0.1088847,0.07432461,0.06723868,0.020266544,0.035954632,HAM,0.14165497,0.49528205,0.0821074,0.23884209,0.005474294,0.03663917
ALO,Bahrain,2023,29.0,98.585,ALO,0.48163223,0.26066494,0.054363437,0.16032635,0.018070055,0.024943003,HAM,0.10279971,0.43899745,0.25194106,0.14894915,0.008043728,0.049268924
ALO,Bahrain,2023,30.0,98.282,HAM,0.3224603,0.4132411,0.09919703,0.046987746,0.096685044,0.021428797,HAM,0.29136044,0.5380098,0.077016845,0.04861684,0.013917363,0.031078657
ALO,Bahrain,2023,31.0,98.009,ALO,0.7453195,0.06898527,0.071743555,0.061348937,0.03881753,0.013785262,ALO,0.84527034,0.08681273,0.050078902,0.009060763,0.0037391528,0.0050381683
ALO,Bahrain,2023,32.0,97.871,ALO,0.8414801,0.04641063,0.03675578,0.04248597,0.025539465,0.0073280563,ALO,0.8544426,0.1081807,0.021936823,0.010484764,0.0016655809,0.0032895608
ALO,Bahrain,2023,33.0,97.769,ALO,0.88089305,0.0072755395,0.016748862,0.08331039,0.0075301947,0.004241978,ALO,0.8661097,0.08170849,0.036558934,0.010274033,0.001871739,0.003477058
ALO,Bahrain,2023,34.0,100.353,ALO,0.35156953,0.14707577,0.28992298,0.053374287,0.14366041,0.014397,LEC,0.2548626,0.145666,0.56552976,0.008908536,0.021675127,0.003357927
ALO,Bahrain,2023,36.0,96.156,ALO,0.65246,0.10141965,0.047438193,0.083322786,0.10507916,0.010280223,ALO,0.88521034,0.08393305,0.012503267,0.011241255,0.003908904,0.0032032547
ALO,Bahrain,2023,37.0,97.431,ALO,0.48832482,0.147303,0.25739387,0.025697166,0.07915268,0.0021284507,LEC,0.053526517,0.27453744,0.6506127,0.004747596,0.014725043,0.0018507083
ALO,Bahrain,2023,38.0,97.002,ALO,0.61012185,0.11681365,0.20301759,0.032363195,0.035932656,0.0017510967,LEC,0.09793531,0.2381306,0.6456851,0.004808608,0.011819477,0.0016209709
ALO,Bahrain,2023,39.0,97.243,ALO,0.38622403,0.19001448,0.25236017,0.12716106,0.03533493,0.0089053875,ALO,0.62041,0.18417738,0.17773494,0.0063921693,0.008769478,0.002516009
ALO,Bahrain,2023,40.0,97.208,ALO,0.80215615,0.11041187,0.026230484,0.02951885,0.01785865,0.01382399,HAM,0.3031728,0.49098003,0.07891597,0.09943401,0.004218748,0.023278464
ALO,Bahrain,2023,42.0,96.334,ALO,0.5280689,0.06716377,0.26645783,0.111322284,0.022833066,0.0041541774,ALO,0.4714055,0.10795476,0.40346864,0.008339497,0.007492157,0.0013394149
ALO,Bahrain,2023,43.0,96.911,ALO,0.96262765,0.006220124,0.012262826,0.010142804,0.004837304,0.0039092246,ALO,0.8342218,0.09297485,0.051639814,0.01441588,0.001729946,0.0050177807
ALO,Bahrain,2023,44.0,97.022,ALO,0.50810087,0.22290808,0.20652449,0.011357301,0.04771633,0.003392953,LEC,0.36311132,0.2212282,0.3992476,0.0034802891,0.011625661,0.0013069655
ALO,Bahrain,2023,45.0,97.931,ALO,0.3845591,0.17319846,0.34424523,0.017217483,0.07856842,0.0022113284,LEC,0.15940161,0.12589663,0.69944245,0.0017424966,0.012552296,0.00096450123
ALO,Bahrain,2023,46.0,97.087,ALO,0.7289485,0.047863487,0.05199702,0.12868877,0.03507529,0.007426936,ALO,0.5649008,0.21491516,0.18344352,0.020028226,0.006174408,0.010537856
ALO,Bahrain,2023,47.0,97.326,ALO,0.5646555,0.0804271,0.03075322,0.28991497,0.015165733,0.019083496,HAM,0.13321632,0.4607374,0.24951188,0.12565234,0.0060111657,0.024870906
ALO,Bahrain,2023,48.0,96.783,ALO,0.9052038,0.014519763,0.040804245,0.028094122,0.0065581435,0.0048199464,ALO,0.8285972,0.09251287,0.059970036,0.011648948,0.0023969188,0.004874027
ALO,Bahrain,2023,49.0,96.726,ALO,0.9586859,0.0054223174,0.01384665,0.014765364,0.0034635891,0.0038162011,ALO,0.84530467,0.08423299,0.044401586,0.016621456,0.0016563452,0.007782982
ALO,Bahrain,2023,50.0,96.331,ALO,0.9605293,0.008540399,0.009184325,0.013890246,0.0052955467,0.0025601257,ALO,0.8447956,0.09566915,0.036837034,0.018006632,0.0017162596,0.0029753426
ALO,Bahrain,2023,51.0,96.96,ALO,0.97710335,0.0046481304,0.006786265,0.006215735,0.0023350623,0.0029114594,ALO,0.8269585,0.09851996,0.046690658,0.02026042,0.0017631745,0.005807339
ALO,Bahrain,2023,52.0,97.01,ALO,0.86804336,0.016991327,0.026631357,0.055398084,0.010580737,0.022355119,HAM,0.26262593,0.35101387,0.12870453,0.19936013,0.005549626,0.05274589
ALO,Bahrain,2023,53.0,97.01,ALO,0.88334376,0.008995094,0.036941163,0.050723214,0.00743477,0.012562008,ALO,0.6363796,0.13275456,0.14040716,0.06364011,0.003326323,0.023492258
ALO,Bahrain,2023,54.0,97.599,ALO,0.73628867,0.05913997,0.069090694,0.06327575,0.03855504,0.033649895,ALO,0.45606717,0.26523733,0.10910125,0.121567115,0.006190818,0.04183632
ALO,Bahrain,2023,55.0,97.662,ALO,0.9646968,0.01043877,0.0067668525,0.010927173,0.002145236,0.0050251596,HAM,0.32852986,0.35478398,0.09560906,0.18421127,0.0045711044,0.03229472
ALO,Bahrain,2023,56.0,97.473,ALO,0.8966122,0.03132688,0.030346304,0.023368573,0.0066865226,0.011659507,HAM,0.27980125,0.36692163,0.23672438,0.08760656,0.005261617,0.02368456
ALO,Bahrain,2023,57.0,97.422,ALO,0.69036055,0.14539854,0.06696136,0.052252,0.01757284,0.027454738,HAM,0.21964948,0.40164044,0.21138754,0.12353796,0.0068297493,0.036954794
HAM,Bahrain,2023,1.0,102.288,LEC,0.17844585,0.21878807,0.49482933,0.03708287,0.066285014,0.0045689223,LEC,0.0062602577,0.07419991,0.9077187,0.0017414946,0.009253381,0.0008262307
HAM,Bahrain,2023,2.0,99.166,HAM,0.0118213,0.879352,0.045075733,0.0063310713,0.055416748,0.0020031668,HAM,0.20453608,0.6432093,0.12447311,0.005718481,0.019548964,0.002514135
HAM,Bahrain,2023,3.0,99.22,HAM,0.0026421228,0.8753065,0.018940613,0.022475794,0.070081554,0.010553414,HAM,0.023816478,0.721824,0.15097754,0.046926036,0.04598278,0.01047316
HAM,Bahrain,2023,4.0,99.198,HAM,0.011796483,0.6582785,0.12948087,0.005486557,0.18576503,0.009192535,HAM,0.059702277,0.4603358,0.1988341,0.016718972,0.25730118,0.007107708
HAM,Bahrain,2023,5.0,99.335,HAM,0.010638846,0.77465606,0.04393889,0.0052939644,0.15518592,0.010286301,HAM,0.05999899,0.6943472,0.11776748,0.00975582,0.113005854,0.005124675
HAM,Bahrain,2023,6.0,99.756,HAM,0.021595413,0.69302654,0.042846903,0.20788251,0.026015555,0.008633133,HAM,0.14927368,0.540854,0.20667897,0.08325809,0.009389065,0.010546236
HAM,Bahrain,2023,7.0,99.757,HAM,0.0065970453,0.8401773,0.03636919,0.007230765,0.10823196,0.0013937159,HAM,0.05798091,0.5476797,0.30172852,0.00670686,0.083679095,0.002224895
HAM,Bahrain,2023,8.0,100.267,HAM,0.0015300164,0.7631643,0.016939769,0.0025510902,0.21509743,0.0007173734,HAM,0.0053719613,0.6551292,0.10567958,0.0022552735,0.2303581,0.0012058849
HAM,Bahrain,2023,9.0,100.323,HAM,0.008164726,0.86831623,0.039402924,0.00942241,0.07341458,0.001279143,HAM,0.07848742,0.6002871,0.24481173,0.008199851,0.06418063,0.0040332894
HAM,Bahrain,2023,10.0,100.289,ALO,0.4351789,0.28118703,0.15734945,0.10286377,0.011456389,0.011964399,HAM,0.12002411,0.4670447,0.36719546,0.034364622,0.006014103,0.005356984
HAM,Bahrain,2023,11.0,100.752,HAM,0.029979507,0.844015,0.022640087,0.031030884,0.058389354,0.013945092,HAM,0.08442596,0.6381436,0.11978254,0.09883642,0.0167049,0.042106595
HAM,Bahrain,2023,14.0,98.308,HAM,0.019190297,0.8372549,0.033239935,0.021399138,0.06122907,0.027686676,HAM,0.11520545,0.52572936,0.20985883,0.0692327,0.051661793,0.02831185
HAM,Bahrain,2023,15.0,98.527,HAM,0.0014857618,0.95057935,0.011417405,0.012582829,0.021028355,0.0029062782,HAM,0.0139961755,0.8332525,0.11243292,0.017992556,0.017045116,0.0052806735
HAM,Bahrain,2023,16.0,98.617,HAM,0.0042480812,0.8268732,0.01159846,0.019738503,0.0713352,0.06620659,HAM,0.004142022,0.74201214,0.07962062,0.057898913,0.07240232,0.043923996
HAM,Bahrain,2023,17.0,98.704,HAM,0.013781693,0.8629106,0.012768678,0.033192255,0.057741046,0.01960574,HAM,0.06471407,0.6646502,0.09437531,0.13137443,0.02091467,0.023971304
HAM,Bahrain,2023,18.0,98.69,HAM,0.0036610365,0.8532175,0.01532723,0.017112292,0.09293181,0.017750144,HAM,0.0148050925,0.79875255,0.08750672,0.042982757,0.030317416,0.0256355
HAM,Bahrain,2023,19.0,98.684,HAM,0.03380073,0.81760967,0.01632626,0.016869955,0.104627155,0.010766233,HAM,0.060770586,0.7466697,0.063307434,0.078114145,0.01577602,0.035362106
HAM,Bahrain,2023,20.0,98.478,HAM,0.018114876,0.8340691,0.020680955,0.012406898,0.100502685,0.014225509,HAM,0.05753776,0.6110084,0.12167908,0.05458665,0.13928936,0.015898738
HAM,Bahrain,2023,21.0,98.581,HAM,0.0040696077,0.9373865,0.025492733,0.0022807445,0.028413499,0.0023569027,HAM,0.010099047,0.8454865,0.10060229,0.00959016,0.028083311,0.006138624
HAM,Bahrain,2023,22.0,98.46,HAM,0.0045910333,0.80493236,0.010688483,0.031902112,0.13285263,0.015033354,HAM,0.061244015,0.6355867,0.12207097,0.09819083,0.05105974,0.03184771
HAM,Bahrain,2023,23.0,98.384,HAM,0.0014191804,0.831525,0.008819471,0.02383819,0.118509784,0.0158884,HAM,0.009955163,0.82893103,0.072480544,0.042664032,0.030440157,0.0155290635
HAM,Bahrain,2023,24.0,98.367,HAM,0.006872378,0.66605115,0.021094263,0.07926154,0.16359147,0.06312916,HAM,0.07008533,0.6206896,0.0566553,0.14220129,0.040535826,0.06983264
HAM,Bahrain,2023,25.0,98.29,VER,0.06153144,0.21252163,0.030737251,0.06664618,0.18825358,0.44030988,HAM,0.15716851,0.5081386,0.047084812,0.16191623,0.025684584,0.10000727
HAM,Bahrain,2023,26.0,98.339,HAM,0.07476687,0.45969334,0.13429086,0.13867648,0.1374613,0.05511118,ALO,0.42209372,0.12333597,0.22580013,0.16256969,0.034420352,0.03178018
HAM,Bahrain,2023,27.0,98.369,HAM,0.039558303,0.6757221,0.036201026,0.035170257,0.16217057,0.051177714,HAM,0.23687655,0.5722562,0.06994758,0.05146342,0.049570974,0.019885268
HAM,Bahrain,2023,28.0,98.265,HAM,0.011614877,0.85323733,0.022111312,0.0069920192,0.09681005,0.009234449,HAM,0.08600456,0.6715939,0.11423009,0.012924253,0.10871226,0.0065349243
HAM,Bahrain,2023,29.0,98.38,LEC,0.042038847,0.3992861,0.50233465,0.020062704,0.03298652,0.0032912048,LEC,0.07712476,0.42294854,0.47913754,0.005194842,0.013558985,0.002035256
HAM,Bahrain,2023,30.0,101.175,HAM,0.009742705,0.87836176,0.035253856,0.0175006,0.05342981,0.0057112225,HAM,0.09332088,0.5913006,0.24926746,0.0288809,0.027345166,0.009884942
HAM,Bahrain,2023,32.0,97.563,HAM,0.0026828395,0.866903,0.009022027,0.008455171,0.08873339,0.024203585,HAM,0.015722053,0.66276616,0.062122267,0.025807904,0.19335638,0.040225223
HAM,Bahrain,2023,33.0,97.549,HAM,0.0032285156,0.8460507,0.0071047945,0.009414375,0.06310063,0.07110102,HAM,0.0059605874,0.6946153,0.06850963,0.029594757,0.06694211,0.13437758
HAM,Bahrain,2023,34.0,98.135,HAM,0.0064376476,0.8793086,0.013959191,0.0044765146,0.067245945,0.028572135,HAM,0.0043374365,0.72805125,0.093507126,0.014900111,0.14574671,0.0134574
HAM,Bahrain,2023,35.0,96.831,HAM,0.0036747737,0.874382,0.042461302,0.0021450676,0.07599962,0.0013372061,HAM,0.0040535065,0.7877797,0.13255838,0.0028759185,0.071112186,0.00162036
HAM,Bahrain,2023,36.0,96.546,HAM,0.0048974357,0.6435514,0.14387704,0.0051024836,0.20170185,0.00086976757,HAM,0.022073435,0.58651465,0.2739184,0.003341292,0.11262715,0.0015251125
HAM,Bahrain,2023,37.0,97.388,LEC,0.11020383,0.30038387,0.3718347,0.12509988,0.08389496,0.008582777,ALO,0.47586963,0.10257167,0.39158297,0.0055722515,0.02315188,0.0012516258
HAM,Bahrain,2023,38.0,98.304,HAM,0.018176075,0.53252614,0.29209834,0.004901558,0.14856413,0.0037337607,LEC,0.029022057,0.18800294,0.6896016,0.005326389,0.085196055,0.0028509968
HAM,Bahrain,2023,39.0,97.478,HAM,0.15122992,0.4010136,0.13931054,0.20300406,0.09966007,0.0057818308,LEC,0.071822025,0.21935835,0.6663293,0.018465476,0.018491156,0.0055336338
HAM,Bahrain,2023,40.0,97.494,NOR,0.05849534,0.3105598,0.17857859,0.35670257,0.084819525,0.010844186,LEC,0.1336523,0.29487184,0.41495436,0.10925931,0.030624015,0.016638178
HAM,Bahrain,2023,42.0,97.061,HAM,0.0027413256,0.55127335,0.039469182,0.0046666246,0.40070766,0.0011418231,HAM,0.033285707,0.3920517,0.19890583,0.0037499291,0.36945578,0.0025510073
HAM,Bahrain,2023,43.0,97.111,HAM,0.015662419,0.6609216,0.054431494,0.011099286,0.25362158,0.004263646,HAM,0.11774784,0.674208,0.11667701,0.0061626653,0.08172097,0.0034834673
HAM,Bahrain,2023,44.0,97.048,HAM,0.04784574,0.5018985,0.07445194,0.055406768,0.298054,0.022342976,ALO,0.46796402,0.35586566,0.09140816,0.04485455,0.030935062,0.008972571
HAM,Bahrain,2023,45.0,97.661,HAM,0.0050960123,0.81540745,0.048307218,0.04737209,0.08187488,0.0019423707,HAM,0.03812941,0.5507506,0.23091105,0.043970946,0.12885298,0.0073849806
HAM,Bahrain,2023,46.0,97.779,HAM,0.003419325,0.8332398,0.03312656,0.05903105,0.0694966,0.0016867175,HAM,0.05108918,0.5294917,0.32693544,0.026662603,0.057558388,0.008262675
HAM,Bahrain,2023,47.0,98.517,HAM,0.07594521,0.5064623,0.29773387,0.035286725,0.08200746,0.0025644272,LEC,0.03393277,0.25443566,0.68996525,0.0061191544,0.013054338,0.0024927808
HAM,Bahrain,2023,48.0,97.844,LEC,0.23979194,0.34025154,0.35206422,0.015994206,0.050128512,0.0017695877,LEC,0.04530448,0.27316085,0.66544616,0.0031975806,0.010984218,0.001906725
HAM,Bahrain,2023,49.0,97.954,HAM,0.111845,0.68912375,0.16723694,0.0066836183,0.01879198,0.006318769,LEC,0.045790967,0.34300423,0.58184105,0.013128728,0.012353206,0.0038818335
HAM,Bahrain,2023,50.0,97.77,HAM,0.016832422,0.8802159,0.039097074,0.020093672,0.041173674,0.0025872919,HAM,0.20078397,0.5272897,0.2274157,0.018174984,0.021711994,0.004623659
HAM,Bahrain,2023,51.0,98.014,HAM,0.049656957,0.5821801,0.19179343,0.04131124,0.13126908,0.0037892389,ALO,0.36015418,0.313822,0.20224203,0.027634202,0.0854858,0.010661812
HAM,Bahrain,2023,52.0,97.803,SAI,0.22681515,0.2417594,0.06466714,0.094877236,0.3288784,0.043002646,ALO,0.502509,0.23823132,0.05702891,0.14064965,0.017222282,0.044358876
HAM,Bahrain,2023,53.0,97.988,HAM,0.03200092,0.68853873,0.042517442,0.03460919,0.14305882,0.05927486,HAM,0.151414,0.41929254,0.13470308,0.10478797,0.14893588,0.040866535
HAM,Bahrain,2023,54.0,98.076,HAM,0.0075246473,0.8740739,0.022474604,0.0028706265,0.08868644,0.0043697422,HAM,0.03454618,0.60658103,0.19581436,0.009428268,0.14419106,0.0094391
HAM,Bahrain,2023,55.0,97.955,HAM,0.038673352,0.8197994,0.06430765,0.009512769,0.06508312,0.0026237154,HAM,0.19576326,0.53563964,0.22128671,0.014725518,0.027369617,0.005215278
HAM,Bahrain,2023,56.0,98.111,HAM,0.14288722,0.6903073,0.108918756,0.008039138,0.04621799,0.003629576,HAM,0.29494357,0.43793646,0.22095332,0.013577711,0.024646614,0.0079423785
HAM,Bahrain,2023,57.0,98.255,LEC,0.15395524,0.33696157,0.42237628,0.03325889,0.047619414,0.0058286306,LEC,0.31812882,0.21902363,0.35363868,0.045519654,0.05427612,0.009413029
LEC,Bahrain,2023,1.0,100.23,HAM,0.04382151,0.52883965,0.38500923,0.019017385,0.021595318,0.0017168926,LEC,0.005992635,0.3598864,0.62611544,0.0012006726,0.0061677233,0.00063712045
LEC,Bahrain,2023,2.0,98.75,NOR,0.050131477,0.07984819,0.057873912,0.7597316,0.036657616,0.015757222,LEC,0.27262592,0.13168238,0.28377512,0.2666869,0.017076157,0.02815356
LEC,Bahrain,2023,3.0,98.658,ALO,0.399709,0.12376634,0.2599148,0.14772016,0.059078503,0.009811172,ALO,0.39901242,0.17926733,0.33331212,0.06319575,0.014177284,0.0110350745
LEC,Bahrain,2023,4.0,98.825,ALO,0.43540892,0.1073339,0.09678785,0.060791794,0.26589242,0.033785127,ALO,0.8222309,0.03815447,0.076634526,0.04354164,0.00647139,0.0129671255
LEC,Bahrain,2023,5.0,98.664,LEC,0.011339649,0.15177375,0.81134695,0.0060563427,0.017755914,0.0017273633,LEC,0.12387107,0.12783237,0.7001731,0.0040453346,0.042722646,0.0013554742
LEC,Bahrain,2023,6.0,98.572,ALO,0.61149365,0.053282257,0.22086777,0.09784846,0.012228385,0.004279487,ALO,0.7070353,0.040454745,0.23234709,0.014910183,0.0036173593,0.0016353535
LEC,Bahrain,2023,7.0,98.691,SAI,0.18022424,0.19960701,0.093268596,0.016113902,0.5017574,0.009028881,ALO,0.6957429,0.14703324,0.060311455,0.00904014,0.08602808,0.0018441259
LEC,Bahrain,2023,8.0,98.614,LEC,0.18541172,0.1501874,0.5873194,0.027974384,0.044787265,0.004319882,ALO,0.8245315,0.0596618,0.090349905,0.006598274,0.017314786,0.001543746
LEC,Bahrain,2023,9.0,98.828,ALO,0.6955801,0.04709065,0.04688949,0.16763459,0.035447158,0.007358023,ALO,0.86288303,0.08956124,0.02785935,0.014600545,0.002748849,0.00234699
LEC,Bahrain,2023,10.0,99.073,SAI,0.16444534,0.19570458,0.1549911,0.021484518,0.45734304,0.006031412,ALO,0.8004817,0.10983083,0.06241746,0.012235291,0.01303878,0.001995916
LEC,Bahrain,2023,11.0,99.212,HAM,0.10899331,0.42443985,0.42180958,0.018210677,0.02353829,0.0030083028,ALO,0.5597414,0.26485962,0.13386998,0.014271246,0.024545368,0.002712399
LEC,Bahrain,2023,12.0,99.489,HAM,0.04178895,0.8139619,0.06869113,0.015142044,0.058236968,0.0021790082,HAM,0.19813702,0.38525468,0.35548085,0.017471045,0.039655972,0.004000408
LEC,Bahrain,2023,13.0,102.068,LEC,0.013536246,0.17728701,0.6312158,0.012661085,0.16283643,0.002463381,LEC,0.0041769645,0.060511313,0.9091334,0.0015326189,0.023566341,0.0010794336
LEC,Bahrain,2023,15.0,98.477,NOR,0.16745219,0.20937414,0.0880754,0.39994106,0.113359354,0.021797836,ALO,0.79928553,0.061439384,0.055489972,0.06619339,0.0069490825,0.010642616
LEC,Bahrain,2023,16.0,97.953,ALO,0.6312689,0.06431713,0.17476925,0.10811326,0.01686694,0.004664552,LEC,0.3916134,0.04743228,0.49720576,0.051336277,0.008574391,0.0038378583
LEC,Bahrain,2023,17.0,98.031,HAM,0.15253443,0.39425397,0.23309913,0.17924088,0.034875467,0.0059961323,LEC,0.26243943,0.10618722,0.5943069,0.013907994,0.020981237,0.0021772701
LEC,Bahrain,2023,18.0,97.798,SAI,0.037414458,0.1366128,0.29212296,0.03995907,0.48314193,0.01074876,ALO,0.85934037,0.034577087,0.062715046,0.014939171,0.02365721,0.0047711814
LEC,Bahrain,2023,19.0,97.858,HAM,0.1853121,0.3497677,0.17899092,0.2551743,0.027150985,0.003604014,ALO,0.45943946,0.25448203,0.14658253,0.119538486,0.014425115,0.0055324025
LEC,Bahrain,2023,20.0,97.631,SAI,0.05189465,0.045211688,0.108089164,0.010766461,0.77690554,0.007132509,ALO,0.7142949,0.030165946,0.08187514,0.024195075,0.14713182,0.0023371158
LEC,Bahrain,2023,21.0,97.753,SAI,0.033978157,0.11761019,0.10845382,0.013244394,0.72111064,0.0056027775,ALO,0.668897,0.072290026,0.06766305,0.006596983,0.18257327,0.0019796952
LEC,Bahrain,2023,22.0,98.162,LEC,0.014404245,0.065810524,0.89747334,0.0015613904,0.019831287,0.00091920013,LEC,0.26683563,0.13804479,0.51627547,0.0035204575,0.07354475,0.001778928
LEC,Bahrain,2023,23.0,98.054,ALO,0.5186789,0.1430628,0.2724192,0.016534086,0.047139246,0.0021657639,ALO,0.49918333,0.20766902,0.2672593,0.0043679154,0.020249786,0.0012707323
LEC,Bahrain,2023,24.0,97.972,LEC,0.017493794,0.33580422,0.5792309,0.006214353,0.05921851,0.002038184,LEC,0.27188396,0.18185227,0.49554268,0.0044767843,0.04507428,0.0011700256
LEC,Bahrain,2023,25.0,98.541,ALO,0.31596544,0.3108294,0.08509372,0.09856434,0.15870321,0.030843882,ALO,0.83753765,0.11434462,0.017442469,0.018709831,0.006907011,0.005058415
LEC,Bahrain,2023,26.0,99.668,SAI,0.10041375,0.049402364,0.39855132,0.015915236,0.43197554,0.0037417626,ALO,0.60105133,0.05650692,0.2393155,0.011311382,0.0871138,0.00470109
LEC,Bahrain,2023,27.0,98.814,HAM,0.011013886,0.5333741,0.32389086,0.005246641,0.12312754,0.0033469782,LEC,0.013692847,0.330997,0.528053,0.007854561,0.11501395,0.0043886607
LEC,Bahrain,2023,28.0,98.618,LEC,0.10706599,0.23412447,0.5458861,0.02004809,0.08865802,0.004217367,ALO,0.5418238,0.19888745,0.23320599,0.0037862929,0.020616798,0.0016796677
LEC,Bahrain,2023,29.0,98.447,LEC,0.007494967,0.041511938,0.77501816,0.004960416,0.16970572,0.0013087726,LEC,0.07235492,0.07932504,0.6138222,0.0038916778,0.22827439,0.0023317179
LEC,Bahrain,2023,30.0,98.39,LEC,0.14280395,0.18088311,0.43278083,0.020771269,0.21439126,0.008369604,ALO,0.841798,0.056310866,0.043991607,0.010630328,0.0448549,0.002414316
LEC,Bahrain,2023,31.0,98.746,LEC,0.11647275,0.36804086,0.45621055,0.008467359,0.04850106,0.0023073873,ALO,0.49569336,0.27658975,0.16831511,0.009866165,0.047071017,0.0024645603
LEC,Bahrain,2023,32.0,98.948,ALO,0.43838403,0.30061272,0.18947423,0.010904818,0.055990793,0.0046334225,ALO,0.8082297,0.10949312,0.061680008,0.003848972,0.015272322,0.0014758495
LEC,Bahrain,2023,33.0,101.323,HAM,0.0855931,0.39226615,0.3104938,0.017341513,0.19179633,0.0025090969,LEC,0.05270053,0.3175823,0.6010958,0.00222471,0.024911258,0.0014854019
LEC,Bahrain,2023,35.0,98.073,ALO,0.3902426,0.10321401,0.07302004,0.28837213,0.07482323,0.07032803,NOR,0.18486662,0.0927276,0.087769076,0.5788022,0.012332945,0.043501485
LEC,Bahrain,2023,36.0,97.313,NOR,0.14817289,0.2249807,0.17789036,0.39262316,0.028523475,0.027809458,ALO,0.6665329,0.07080402,0.12618867,0.11455108,0.014441016,0.007482332
LEC,Bahrain,2023,37.0,97.17,ALO,0.607711,0.063168555,0.31507835,0.0073004193,0.005125122,0.0016165331,LEC,0.22358057,0.11046855,0.65559804,0.005292946,0.0037839753,0.0012759382
LEC,Bahrain,2023,38.0,97.17,ALO,0.4464881,0.12523293,0.23790851,0.1436372,0.031196954,0.015536238,ALO,0.5998491,0.08710794,0.21152881,0.08921084,0.007250336,0.005052939
LEC,Bahrain,2023,39.0,97.287,LEC,0.23761283,0.12971373,0.2757356,0.271149,0.077585794,0.008203065,LEC,0.3252117,0.11645297,0.476728,0.05837321,0.01424688,0.008987208
NOR,Bahrain,2023,2.0,100.433,NOR,0.021117546,0.0071319207,0.012134681,0.9456058,0.0012066589,0.012803456,NOR,0.13831481,0.008453131,0.36581737,0.46859658,0.0033445342,0.015473556
NOR,Bahrain,2023,3.0,99.777,NOR,0.059591785,0.0041096685,0.012950147,0.9020417,0.0024537004,0.018853048,NOR,0.1831277,0.019166924,0.2786579,0.48405963,0.0051750396,0.02981282
NOR,Bahrain,2023,5.0,100.664,NOR,0.007833112,0.0027202277,0.01244581,0.9713017,0.002280246,0.0034189261,NOR,0.25459814,0.006634075,0.30662462,0.4170198,0.0060368152,0.009086504
NOR,Bahrain,2023,6.0,100.814,NOR,0.37573692,0.013984058,0.008636282,0.58709556,0.0020544862,0.01249268,NOR,0.36796993,0.044782598,0.07970469,0.49006894,0.0034630895,0.014010801
NOR,Bahrain,2023,7.0,100.726,NOR,0.40310904,0.0049713473,0.0065343855,0.57758415,0.0013374708,0.0064635663,ALO,0.7167337,0.010234427,0.08943233,0.17473173,0.0019992958,0.006868543
NOR,Bahrain,2023,8.0,100.857,NOR,0.009144416,0.02179139,0.008011606,0.9426444,0.0023520587,0.01605606,NOR,0.08952289,0.044519488,0.12240941,0.6912092,0.01072404,0.04161498
NOR,Bahrain,2023,9.0,100.783,NOR,0.007058772,0.0017094435,0.0034979014,0.9739861,0.0009632324,0.012784521,NOR,0.06046266,0.008404193,0.082740545,0.8199558,0.003674524,0.02476222
NOR,Bahrain,2023,12.0,99.314,NOR,0.04461804,0.0055080703,0.005884353,0.9229932,0.0011418653,0.019854452,NOR,0.21410803,0.004811904,0.046364218,0.71760404,0.0025494047,0.014562411
NOR,Bahrain,2023,13.0,99.51,NOR,0.02828774,0.39188817,0.038798153,0.4881895,0.021989105,0.0308473,NOR,0.06467198,0.2593125,0.19383018,0.43497083,0.01382168,0.03339279
NOR,Bahrain,2023,14.0,99.243,HAM,0.08156376,0.4637329,0.15594971,0.2431341,0.043412417,0.012207092,LEC,0.19887966,0.29868206,0.38849515,0.09147274,0.011422978,0.011047353
NOR,Bahrain,2023,15.0,98.87,NOR,0.07972057,0.29691002,0.040948573,0.5374777,0.028508333,0.016434813,HAM,0.10650084,0.43950546,0.3248269,0.11001137,0.0071715377,0.011983829
NOR,Bahrain,2023,16.0,98.86,NOR,0.061993502,0.09797802,0.10535501,0.69879144,0.027541276,0.008340809,LEC,0.1076765,0.113605395,0.71861833,0.04085378,0.010707544,0.008538411
NOR,Bahrain,2023,17.0,101.501,NOR,0.2975321,0.12966159,0.08532802,0.44980434,0.023180561,0.01449337,LEC,0.21840972,0.28290576,0.43358508,0.051432673,0.00460394,0.00906283
NOR,Bahrain,2023,19.0,97.966,NOR,0.15457094,0.025045466,0.028265787,0.7147198,0.0076164207,0.069781646,NOR,0.25496686,0.03940069,0.23915596,0.42944607,0.007821103,0.029209342
NOR,Bahrain,2023,20.0,98.345,NOR,0.019690407,0.14103043,0.047553103,0.723953,0.021531867,0.04624116,NOR,0.12044906,0.096549176,0.23091929,0.4737452,0.024442576,0.053894665
NOR,Bahrain,2023,21.0,98.297,NOR,0.12172786,0.07072057,0.06238999,0.6877689,0.041690532,0.015702175,LEC,0.2823764,0.16930395,0.3785789,0.1459796,0.010125245,0.013635892
NOR,Bahrain,2023,22.0,98.908,NOR,0.030397624,0.019288288,0.02177688,0.9017524,0.02341684,0.0033679672,LEC,0.15340216,0.07004201,0.44457936,0.30081195,0.014138063,0.017026482
NOR,Bahrain,2023,23.0,98.291,NOR,0.028947532,0.1248074,0.07671993,0.74832135,0.014347504,0.006856286,ALO,0.5288597,0.054954775,0.25190762,0.14212404,0.015526042,0.006627831
NOR,Bahrain,2023,24.0,98.696,HAM,0.034915805,0.53319913,0.12511046,0.27246764,0.029012643,0.005294293,LEC,0.11449718,0.2721694,0.4879158,0.084452584,0.029615972,0.011348967
NOR,Bahrain,2023,25.0,98.447,NOR,0.36543092,0.035884425,0.12212196,0.44959167,0.016030211,0.0109408675,LEC,0.3082044,0.07298286,0.49706787,0.097154126,0.00889299,0.01569773
NOR,Bahrain,2023,26.0,98.44,NOR,0.05046357,0.29319274,0.044964775,0.5447556,0.056237206,0.010386129,ALO,0.5057186,0.35903773,0.073251426,0.040533006,0.010311174,0.011148113
NOR,Bahrain,2023,27.0,100.973,NOR,0.073317684,0.32358748,0.09135457,0.47126737,0.033113196,0.007359698,HAM,0.05838538,0.57741874,0.33311018,0.019025674,0.0061617265,0.0058982815
NOR,Bahrain,2023,29.0,97.26,NOR,0.00869795,0.0066758734,0.009314019,0.9694885,0.001738115,0.004085523,LEC,0.22014272,0.059547883,0.3973289,0.28131354,0.014475841,0.027191078
NOR,Bahrain,2023,30.0,97.605,NOR,0.053967584,0.006796473,0.013637607,0.89800847,0.002639357,0.024950532,NOR,0.32038587,0.032931544,0.28391752,0.33258855,0.00519888,0.024977623
NOR,Bahrain,2023,31.0,97.768,NOR,0.100823395,0.089445986,0.15861459,0.6249463,0.021389233,0.004780474,LEC,0.13167001,0.07820366,0.74049544,0.034117423,0.0101916585,0.0053217756
NOR,Bahrain,2023,32.0,98.111,NOR,0.04973819,0.240339,0.18783852,0.47770208,0.03813396,0.0062482245,LEC,0.04213512,0.08761944,0.8228728,0.01622218,0.028173853,0.0029765835
NOR,Bahrain,2023,33.0,97.52,HAM,0.042552214,0.57420266,0.13648176,0.2088771,0.03304612,0.004840182,LEC,0.08157831,0.42790347,0.44792378,0.028065726,0.011088202,0.0034405005
NOR,Bahrain,2023,34.0,97.987,NOR,0.26527384,0.091560476,0.09597264,0.51362956,0.027518097,0.0060453867,LEC,0.30001327,0.10656864,0.5421222,0.035212178,0.009900007,0.0061837174
NOR,Bahrain,2023,35.0,97.87,NOR,0.047156535,0.02909456,0.11126787,0.77586144,0.028089933,0.008529658,LEC,0.21012308,0.16553886,0.50575465,0.08801671,0.017562628,0.013004107
NOR,Bahrain,2023,36.0,99.886,NOR,0.0071080294,0.02766166,0.017983135,0.9290537,0.0044028335,0.013790613,ALO,0.41819838,0.0502593,0.12983887,0.3537901,0.0119640175,0.03594932
NOR,Bahrain,2023,37.0,100.197,HAM,0.035509527,0.40515447,0.15120642,0.226814,0.17469451,0.0066210926,LEC,0.05929113,0.18607125,0.6879278,0.042457793,0.01554395,0.008708105
NOR,Bahrain,2023,39.0,98.347,NOR,0.08837074,0.057071757,0.26939452,0.51530004,0.010109685,0.059753288,LEC,0.098027445,0.012974388,0.7607635,0.10939572,0.007833965,0.011004969
NOR,Bahrain,2023,41.0,96.705,NOR,0.05481795,0.072253756,0.09319798,0.70307857,0.06692165,0.009730105,ALO,0.8410412,0.023783376,0.09268495,0.03345067,0.0064129555,0.0026268028
NOR,Bahrain,2023,42.0,96.668,NOR,0.3530967,0.09493268,0.12328332,0.38618085,0.036152348,0.0063541066,ALO,0.78430426,0.023668217,0.1682424,0.016187163,0.0061006257,0.0014972971
NOR,Bahrain,2023,43.0,96.687,ALO,0.62418664,0.016143583,0.04839633,0.28243828,0.014512343,0.014322855,ALO,0.7780894,0.038851105,0.09430783,0.078786805,0.003971466,0.0059934184
NOR,Bahrain,2023,44.0,97.219,ALO,0.34529582,0.21205582,0.14319043,0.16101077,0.1206271,0.017820071,ALO,0.82424104,0.09833443,0.058760066,0.013077349,0.0040284125,0.0015586979
NOR,Bahrain,2023,45.0,97.426,HAM,0.022563579,0.4474284,0.14476535,0.2281718,0.15340836,0.0036625534,LEC,0.1311563,0.22441283,0.60244125,0.012082061,0.027789554,0.002118034
NOR,Bahrain,2023,46.0,97.656,NOR,0.21240273,0.20470442,0.17530026,0.31009668,0.09245443,0.005041497,ALO,0.48187664,0.10136728,0.39955193,0.008259523,0.0074666333,0.0014779373
NOR,Bahrain,2023,47.0,100.433,NOR,0.3226907,0.12039957,0.1610831,0.33077264,0.06043047,0.004623537,LEC,0.060921535,0.056168005,0.86139053,0.013728903,0.0050984933,0.002692559
NOR,Bahrain,2023,49.0,99.08,NOR,0.12721075,0.009424614,0.029907882,0.8130881,0.0016853707,0.01868331,NOR,0.18870078,0.0042267996,0.053714518,0.7472729,0.0012868808,0.0047980673
NOR,Bahrain,2023,50.0,95.257,NOR,0.39928806,0.030327454,0.06101633,0.4865857,0.01766707,0.005115401,ALO,0.74153966,0.017707003,0.21222053,0.023624355,0.0033102734,0.0015982009
NOR,Bahrain,2023,51.0,95.822,NOR,0.21865313,0.07377098,0.12282842,0.4836273,0.096287295,0.0048328764,LEC,0.30152637,0.06905719,0.5550697,0.016354663,0.055599492,0.0023926285
NOR,Bahrain,2023,52.0,96.152,ALO,0.5184793,0.046577338,0.3324843,0.038637716,0.05959669,0.0042246417,LEC,0.18651913,0.03075909,0.75773907,0.0048785284,0.01887253,0.0012316514
NOR,Bahrain,2023,53.0,96.5,NOR,0.050844487,0.09483339,0.14039491,0.55911404,0.14904213,0.005771002,LEC,0.20184827,0.11846345,0.60018027,0.017926857,0.058828313,0.0027528326
NOR,Bahrain,2023,54.0,99.789,NOR,0.24991654,0.1424687,0.12942976,0.44188553,0.032724526,0.0035749744,LEC,0.09762691,0.09148256,0.7497081,0.028264266,0.029102376,0.003815723
SAI,Bahrain,2023,1.0,101.659,HAM,0.014388659,0.88752794,0.0523725,0.017780848,0.023040753,0.0048892447,HAM,0.035806127,0.71439356,0.20028013,0.012549763,0.030330222,0.006640141
SAI,Bahrain,2023,2.0,98.933,HAM,0.09186982,0.4822095,0.05717377,0.27151513,0.07309743,0.02413436,ALO,0.6317565,0.26830003,0.028277593,0.056169536,0.0047809198,0.010715448
SAI,Bahrain,2023,3.0,99.042,SAI,0.08091122,0.29900205,0.027810965,0.11669035,0.32353103,0.15205441,ALO,0.65257186,0.14785868,0.031817965,0.120417185,0.010082912,0.037251353
SAI,Bahrain,2023,4.0,98.985,HAM,0.056946695,0.73079103,0.07869991,0.023991743,0.104544155,0.0050264,ALO,0.4078511,0.34872591,0.1645467,0.019105216,0.048290264,0.011480809
SAI,Bahrain,2023,5.0,99.128,SAI,0.047112525,0.10212711,0.045430068,0.06727024,0.6535644,0.08449571,ALO,0.7907804,0.098055445,0.04496686,0.033190493,0.02070068,0.012306112
SAI,Bahrain,2023,6.0,99.474,SAI,0.0319457,0.3219926,0.05933986,0.07100866,0.5081375,0.0075756432,ALO,0.76207453,0.079555966,0.061542984,0.015041526,0.078157194,0.003627806
SAI,Bahrain,2023,7.0,99.502,HAM,0.07616959,0.4397757,0.053127926,0.073956534,0.32975426,0.02721595,ALO,0.696075,0.20496465,0.03651047,0.0346973,0.009883455,0.01786909
SAI,Bahrain,2023,8.0,99.779,SAI,0.23153032,0.1538219,0.03557206,0.03991562,0.45744982,0.081710264,ALO,0.47429705,0.36447206,0.042909727,0.072034225,0.011901201,0.034385737
SAI,Bahrain,2023,9.0,99.744,SAI,0.016374545,0.25356412,0.022480045,0.039754823,0.63835096,0.029475506,HAM,0.12292748,0.7287823,0.06207482,0.03524665,0.028713124,0.022255605
SAI,Bahrain,2023,10.0,100.102,SAI,0.037105914,0.06816504,0.028978845,0.02576248,0.74383146,0.09615631,HAM,0.28090906,0.50089717,0.05864699,0.045330968,0.032075144,0.0821406
SAI,Bahrain,2023,11.0,100.507,SAI,0.005359096,0.27835888,0.12907797,0.0031578708,0.5822689,0.0017773462,HAM,0.037602283,0.47254583,0.13710101,0.003146405,0.3478371,0.0017673684
SAI,Bahrain,2023,12.0,100.52,HAM,0.017414214,0.6949851,0.039156817,0.016559647,0.18099028,0.050893977,HAM,0.028217744,0.75011164,0.058325622,0.05679456,0.0921473,0.014403137
SAI,Bahrain,2023,13.0,103.31,SAI,0.003178656,0.22940435,0.05987197,0.0053973133,0.70046675,0.0016809182,SAI,0.004801641,0.11322075,0.33879954,0.0020862173,0.5392613,0.0018305434
SAI,Bahrain,2023,15.0,97.985,VER,0.017516322,0.10216594,0.016030122,0.100357875,0.15208894,0.61184084,NOR,0.12078852,0.21244864,0.12526701,0.275106,0.059869815,0.20652002
SAI,Bahrain,2023,16.0,98.433,VER,0.046284642,0.11130654,0.016216386,0.06593406,0.029057773,0.73120064,NOR,0.09472835,0.2687549,0.050579395,0.40304303,0.016190127,0.16670416
SAI,Bahrain,2023,17.0,98.161,VER,0.010542634,0.040223714,0.014551415,0.042649608,0.06214817,0.8298844,VER,0.022852257,0.08874956,0.021669151,0.11329023,0.017174397,0.7362644
SAI,Bahrain,2023,18.0,98.287,ALO,0.32282847,0.093907945,0.104244746,0.12150199,0.18886076,0.16865607,NOR,0.2682111,0.17643441,0.07863523,0.4041666,0.017953303,0.05459941
SAI,Bahrain,2023,19.0,98.21,VER,0.02295208,0.015238956,0.037617005,0.14397785,0.24926111,0.530953,VER,0.22527815,0.056646936,0.055597417,0.30545202,0.026389193,0.3306363
SAI,Bahrain,2023,20.0,98.096,SAI,0.08821086,0.11516567,0.03754968,0.09188136,0.5996498,0.06754263,ALO,0.89442813,0.03615826,0.018769328,0.036252685,0.006971183,0.0074203922
SAI,Bahrain,2023,21.0,98.24,SAI,0.092963375,0.16533804,0.043915182,0.028920187,0.50459975,0.16426346,ALO,0.6065436,0.23795156,0.056121342,0.07014624,0.011124336,0.0181129
SAI,Bahrain,2023,22.0,98.453,SAI,0.043462772,0.2246948,0.030944912,0.04177815,0.6509075,0.008211815,ALO,0.5507961,0.33989552,0.05504025,0.025481684,0.02246171,0.006324762
SAI,Bahrain,2023,23.0,98.597,SAI,0.032696802,0.13040453,0.0471415,0.043955285,0.7210098,0.024792088,ALO,0.44974187,0.37337685,0.09935278,0.029970255,0.03247022,0.015088077
SAI,Bahrain,2023,24.0,98.314,SAI,0.086350664,0.11004461,0.059141833,0.033606756,0.6950982,0.015757913,ALO,0.8032618,0.08636974,0.030757232,0.012367781,0.064215966,0.003027435
SAI,Bahrain,2023,25.0,98.571,SAI,0.053049047,0.022269804,0.018923579,0.020558607,0.864052,0.021146987,ALO,0.93224925,0.024425732,0.011154865,0.013831397,0.013370515,0.0049682367
SAI,Bahrain,2023,26.0,98.331,SAI,0.14036264,0.06673493,0.060711116,0.031455457,0.69014835,0.010587538,ALO,0.82518387,0.12684844,0.024366975,0.011041558,0.010368954,0.0021902197
SAI,Bahrain,2023,27.0,98.423,SAI,0.08906432,0.3692665,0.07698938,0.00834612,0.43942222,0.016911412,ALO,0.7014649,0.21622725,0.051633853,0.0059292195,0.0221625,0.0025822718
SAI,Bahrain,2023,28.0,98.474,SAI,0.005706636,0.16185072,0.022721672,0.025913723,0.7707413,0.013065977,SAI,0.12048808,0.33739144,0.109844856,0.01900054,0.40419826,0.009076863
SAI,Bahrain,2023,29.0,98.55,SAI,0.12160714,0.123815246,0.118160315,0.020752214,0.5972379,0.018427173,ALO,0.76274467,0.16779815,0.03714869,0.012410014,0.01568564,0.0042128023
SAI,Bahrain,2023,30.0,98.601,ALO,0.45449132,0.15257989,0.1886591,0.034696456,0.13428727,0.035285946,ALO,0.82571995,0.09300563,0.040435843,0.023998044,0.010041135,0.0067993416
SAI,Bahrain,2023,31.0,101.274,SAI,0.009732728,0.16427913,0.084736824,0.013363944,0.72510034,0.0027870615,LEC,0.06411363,0.20425467,0.5759251,0.007384558,0.14205341,0.0062686307
SAI,Bahrain,2023,33.0,97.548,ALO,0.4259313,0.17989965,0.038072735,0.21872254,0.019097263,0.11827656,ALO,0.40616575,0.321351,0.037793525,0.19321287,0.007222315,0.034254543
SAI,Bahrain,2023,34.0,97.475,ALO,0.23226178,0.05470804,0.091316655,0.20571956,0.21935852,0.1966355,NOR,0.24145308,0.10369604,0.09416028,0.47812667,0.018473567,0.0640904
SAI,Bahrain,2023,35.0,97.441,VER,0.046396837,0.16350143,0.07422219,0.11721085,0.290214,0.30845466,NOR,0.17667836,0.20736995,0.19566391,0.2501658,0.032062028,0.13805994
SAI,Bahrain,2023,36.0,97.706,VER,0.22814554,0.04826555,0.027537046,0.07500381,0.25349903,0.36754906,ALO,0.8134302,0.044371836,0.023503186,0.083824836,0.0091212345,0.025748672
SAI,Bahrain,2023,37.0,97.13,SAI,0.20593424,0.026531326,0.07658561,0.18131939,0.40102687,0.10860258,ALO,0.6505007,0.04729766,0.07117772,0.1710032,0.033245783,0.026774911
SAI,Bahrain,2023,38.0,97.444,SAI,0.16329232,0.15358843,0.0476546,0.06713902,0.50408274,0.06424288,ALO,0.7194885,0.17481212,0.032515284,0.0559625,0.007548074,0.009673478
SAI,Bahrain,2023,39.0,97.403,SAI,0.25728127,0.09987536,0.117795125,0.12713353,0.37616432,0.02175034,ALO,0.91073656,0.033719454,0.032422688,0.015491057,0.0045018774,0.003128305
SAI,Bahrain,2023,40.0,97.587,SAI,0.19404237,0.062064495,0.029515276,0.06527172,0.6149708,0.03413528,ALO,0.8824167,0.079268545,0.009857616,0.021428565,0.003380791,0.003647779
SAI,Bahrain,2023,42.0,97.375,HAM,0.22636734,0.2899269,0.11873506,0.1184303,0.23769778,0.008842672,ALO,0.8463092,0.091359705,0.038899682,0.013015601,0.006714681,0.003701156
SAI,Bahrain,2023,43.0,97.294,SAI,0.062026024,0.1206509,0.22483052,0.013711756,0.56994283,0.008837973,ALO,0.8410754,0.0566193,0.056959905,0.013617134,0.028405996,0.003322217
SAI,Bahrain,2023,44.0,97.389,SAI,0.0016106754,0.073805526,0.04201597,0.00319791,0.8785469,0.00082307856,SAI,0.02606443,0.1364997,0.18369439,0.0017003432,0.6512888,0.0007523148
SAI,Bahrain,2023,45.0,99.561,LEC,0.028953359,0.0879838,0.6894691,0.032209665,0.1562837,0.0051003178,LEC,0.0078103635,0.024362661,0.9414155,0.0018769451,0.023439338,0.0010952468
SAI,Bahrain,2023,46.0,97.844,HAM,0.10424888,0.38490504,0.1064464,0.32648075,0.06915913,0.008759812,LEC,0.34379014,0.26098257,0.36226085,0.013989985,0.013576927,0.005399488
SAI,Bahrain,2023,47.0,98.222,NOR,0.10166177,0.14258976,0.2804489,0.38796026,0.0802902,0.0070490576,LEC,0.27975693,0.07163142,0.61181873,0.01173181,0.02233853,0.002722561
SAI,Bahrain,2023,48.0,97.897,SAI,0.04726031,0.14067821,0.09025144,0.013998517,0.7032286,0.0045829113,ALO,0.59496105,0.090894096,0.13993692,0.0087913275,0.16242269,0.0029939036
SAI,Bahrain,2023,49.0,97.765,HAM,0.105645165,0.38807297,0.12706137,0.019519784,0.3530497,0.006651038,ALO,0.7991332,0.1069561,0.054194782,0.007936385,0.029229857,0.0025497098
SAI,Bahrain,2023,50.0,97.604,SAI,0.1518611,0.10699445,0.13668114,0.10254179,0.4526304,0.049291123,ALO,0.91549677,0.021593586,0.033806328,0.010890607,0.016646933,0.001565812
SAI,Bahrain,2023,51.0,97.672,HAM,0.090401344,0.46576643,0.23928802,0.02064975,0.17971379,0.004180637,ALO,0.70288277,0.15702134,0.114400685,0.003730706,0.020731987,0.0012324734
SAI,Bahrain,2023,52.0,97.49,SAI,0.040918916,0.03613273,0.035599146,0.035731062,0.8293627,0.022255419,ALO,0.8384481,0.049504567,0.034643162,0.03752326,0.030932987,0.008947864
SAI,Bahrain,2023,53.0,97.66,SAI,0.112992145,0.17682064,0.06495021,0.017718006,0.6199567,0.0075623225,ALO,0.7567873,0.12646843,0.06880575,0.008022279,0.036866862,0.0030493843
SAI,Bahrain,2023,54.0,97.694,SAI,0.07396625,0.19407576,0.09450741,0.08832499,0.5146178,0.03450782,ALO,0.72581387,0.116231434,0.06549986,0.023060475,0.062030554,0.0073638433
SAI,Bahrain,2023,55.0,97.821,ALO,0.30817065,0.20917867,0.1785015,0.015093449,0.28558096,0.0034747117,ALO,0.81574225,0.086571395,0.06635458,0.0047405814,0.024858342,0.0017328612
SAI,Bahrain,2023,56.0,98.126,SAI,0.09676725,0.24510446,0.05980678,0.042480316,0.5463038,0.009537362,ALO,0.7602278,0.121651545,0.055086825,0.017882245,0.041947752,0.0032038954
SAI,Bahrain,2023,57.0,98.021,SAI,0.045495003,0.28377533,0.06646945,0.011731847,0.5897594,0.0027689668,ALO,0.738398,0.12159156,0.05165098,0.006503903,0.080540694,0.0013149113
VER,Bahrain,2023,1.0,99.019,NOR,0.38592905,0.019585269,0.05431722,0.46771866,0.008420348,0.06402948,NOR,0.29189718,0.07135767,0.22516388,0.35715565,0.010055886,0.044369772
VER,Bahrain,2023,2.0,97.974,VER,0.02131864,0.018997256,0.007614056,0.15850891,0.0051586363,0.7884025,NOR,0.019057529,0.011382961,0.018821647,0.9076898,0.0029018812,0.040146206
VER,Bahrain,2023,3.0,98.006,VER,0.001315782,0.00092887506,0.0008921253,0.007534688,0.0023022746,0.9870263,VER,0.0043490897,0.003290121,0.007774236,0.2147968,0.0031163683,0.7666734
VER,Bahrain,2023,4.0,97.976,VER,0.003160804,0.0010439999,0.0014376775,0.012599403,0.0032303045,0.97852784,VER,0.006939038,0.0028714787,0.0075402977,0.13825104,0.0027806638,0.8416175
VER,Bahrain,2023,5.0,98.035,VER,0.004136516,0.0020454268,0.0009490873,0.009538111,0.0041922764,0.97913855,VER,0.008186412,0.013445069,0.012241956,0.18849017,0.0063885115,0.77124786
VER,Bahrain,2023,6.0,97.986,VER,0.034715284,0.008095404,0.0090296855,0.033572365,0.015511191,0.89907604,NOR,0.14128481,0.013038929,0.055257663,0.6860597,0.010671397,0.0936875
VER,Bahrain,2023,7.0,98.021,VER,0.0008259417,0.0011334728,0.0009260272,0.0124849435,0.0039332313,0.9806964,NOR,0.0060923374,0.0033404,0.009057883,0.5638684,0.0027464924,0.4148945
VER,Bahrain,2023,8.0,98.154,VER,0.00078173634,0.00082303863,0.00076092855,0.011630084,0.0014606805,0.9845435,VER,0.0040474283,0.0042952425,0.008965062,0.21062651,0.004350987,0.76771474
VER,Bahrain,2023,9.0,98.278,VER,0.0017082908,0.0010252884,0.0017340749,0.010989604,0.0026196227,0.98192304,VER,0.043479312,0.010536423,0.038520817,0.39967337,0.031089505,0.47670054
VER,Bahrain,2023,10.0,98.369,VER,0.001294663,0.0016251517,0.002025211,0.019676356,0.003916808,0.97146183,NOR,0.0065953988,0.0031011486,0.009111315,0.72110856,0.0016417002,0.25844193
VER,Bahrain,2023,11.0,98.483,VER,0.0008458513,0.00556851,0.00088744995,0.018777486,0.0076350016,0.96628565,VER,0.0054967413,0.011046476,0.010834089,0.241163,0.009360639,0.72209907
VER,Bahrain,2023,12.0,98.591,VER,0.0008231053,0.0023016478,0.00074966246,0.014755663,0.0049837115,0.97638613,VER,0.005187461,0.008835835,0.008650135,0.13844343,0.0048987074,0.83398443
VER,Bahrain,2023,13.0,98.482,VER,0.00058054406,0.0007580974,0.0008736097,0.0034988974,0.0062828497,0.98800606,VER,0.009439033,0.00544699,0.015768802,0.09450338,0.011094959,0.8637468
VER,Bahrain,2023,14.0,101.295,VER,0.002095158,0.028248094,0.005203819,0.118752256,0.011838884,0.8338618,VER,0.014920147,0.0365284,0.06813807,0.30945054,0.04614978,0.52481306
VER,Bahrain,2023,16.0,97.801,VER,0.0010213576,0.006504933,0.0011498698,0.012118007,0.0035700512,0.97563577,VER,0.004357246,0.007210065,0.014815193,0.1763207,0.011471086,0.78582567
VER,Bahrain,2023,17.0,97.648,VER,0.0038408698,0.009849228,0.0021984093,0.026196104,0.0024556494,0.9554598,NOR,0.035403434,0.010640146,0.032229368,0.65524787,0.0073576425,0.25912154
VER,Bahrain,2023,18.0,97.614,VER,0.0041600945,0.0034063018,0.0011974612,0.00532017,0.0021934537,0.9837225,VER,0.021838395,0.01498894,0.019036172,0.09405168,0.006839898,0.8432449
VER,Bahrain,2023,19.0,97.712,VER,0.0013222466,0.0039265314,0.0012587976,0.021485109,0.0010081619,0.9709991,NOR,0.0064452416,0.005997587,0.009977845,0.77144814,0.0045550545,0.20157617
VER,Bahrain,2023,20.0,97.788,VER,0.00095805357,0.0021697194,0.0012474115,0.011977023,0.006956332,0.9766915,VER,0.010447907,0.006292844,0.017586434,0.1085039,0.019105012,0.8380639
VER,Bahrain,2023,21.0,97.582,VER,0.0018714296,0.012091481,0.0011366562,0.0066304547,0.0033480295,0.974922,VER,0.0065097106,0.035092738,0.018977258,0.11359887,0.014557197,0.8112642
VER,Bahrain,2023,22.0,97.651,VER,0.0048129587,0.009064328,0.0029027557,0.022697804,0.0053862752,0.9551359,NOR,0.06734489,0.014224246,0.062301673,0.6334576,0.0248352,0.19783641
VER,Bahrain,2023,23.0,97.552,VER,0.0014221325,0.0053462014,0.0010562981,0.008746227,0.003508029,0.97992116,VER,0.005797441,0.02491965,0.018493196,0.09181212,0.012318134,0.8466595
VER,Bahrain,2023,24.0,97.387,VER,0.00092060247,0.00087541173,0.0010719593,0.014613061,0.0027197143,0.9797992,VER,0.0066421716,0.00427098,0.010608922,0.30563667,0.00461274,0.6682285
VER,Bahrain,2023,25.0,97.372,VER,0.0010977116,0.0026835026,0.0010592967,0.009271483,0.0026226547,0.9832653,VER,0.007563784,0.041886825,0.017046534,0.29865944,0.0043020514,0.6305414
VER,Bahrain,2023,26.0,97.682,VER,0.0030305667,0.0024486121,0.0032018751,0.020062448,0.003077528,0.96817905,NOR,0.029278703,0.021324897,0.059633117,0.69243795,0.010555427,0.18676995
VER,Bahrain,2023,27.0,97.379,VER,0.0018474194,0.003089364,0.0016828487,0.019062843,0.00348861,0.9708289,VER,0.010521462,0.012305916,0.014230461,0.40166518,0.0078010526,0.5534759
VER,Bahrain,2023,28.0,97.651,VER,0.0007800459,0.001473127,0.0012140712,0.022089984,0.0014413948,0.9730014,VER,0.0028977776,0.005728554,0.010981644,0.2851956,0.0035264723,0.69167
VER,Bahrain,2023,29.0,97.571,VER,0.002138212,0.004586206,0.001209982,0.050729826,0.004630711,0.93670505,NOR,0.01253878,0.014917417,0.01550952,0.60411036,0.0068272906,0.3460966
VER,Bahrain,2023,30.0,97.549,VER,0.025154296,0.0051458864,0.010377801,0.15734091,0.020782629,0.7811985,NOR,0.0654879,0.010782615,0.05048597,0.78329325,0.012488701,0.07746157
VER,Bahrain,2023,31.0,97.431,VER,0.0043088626,0.001989418,0.0023968555,0.050314702,0.0070642503,0.933926,NOR,0.037233494,0.008924474,0.035974003,0.53452945,0.010796216,0.37254235
VER,Bahrain,2023,32.0,97.691,VER,0.0018706844,0.0016374248,0.0018597386,0.041142866,0.0033870572,0.9501022,NOR,0.029009126,0.0069763665,0.023954805,0.5881392,0.012169722,0.3397508
VER,Bahrain,2023,33.0,97.686,VER,0.0011342377,0.002510473,0.0014351706,0.04228849,0.0037462935,0.9488854,VER,0.015200943,0.01365982,0.02437639,0.3787313,0.025392884,0.5426386
VER,Bahrain,2023,34.0,97.839,VER,0.0017915881,0.0044259233,0.0026340594,0.042976122,0.009625745,0.93854654,VER,0.014099254,0.014217807,0.021767346,0.35218173,0.006481971,0.5912519
VER,Bahrain,2023,35.0,97.85,VER,0.033995315,0.056269865,0.07147811,0.24711834,0.20032673,0.39081165,NOR,0.14018473,0.07108959,0.15665048,0.5079241,0.031065205,0.093085885
VER,Bahrain,2023,36.0,100.964,HAM,0.0095429495,0.5252145,0.023213845,0.107003205,0.19177271,0.14325276,SAI,0.25113183,0.129862,0.05211215,0.10012906,0.28534156,0.1814234
VER,Bahrain,2023,38.0,96.297,VER,0.004133115,0.0013061874,0.0026710848,0.013047464,0.0039815595,0.97486055,NOR,0.0502963,0.009675045,0.044262715,0.4672249,0.0066646812,0.4218764
VER,Bahrain,2023,39.0,96.446,VER,0.0013710314,0.0066202492,0.0027617512,0.011663546,0.0045991186,0.97298425,VER,0.021819249,0.013286519,0.09975524,0.093240164,0.02666726,0.74523157
VER,Bahrain,2023,40.0,96.942,VER,0.005585698,0.001452168,0.00082141405,0.022347074,0.0027104584,0.96708316,NOR,0.021318665,0.007325528,0.012062433,0.5536754,0.010309771,0.39530817
VER,Bahrain,2023,43.0,96.89,VER,0.0063534267,0.0013752861,0.003508391,0.01961617,0.0043487204,0.96479803,NOR,0.062317964,0.012441459,0.056029923,0.73479736,0.014742332,0.119671024
VER,Bahrain,2023,44.0,96.236,VER,0.22854084,0.013155021,0.01654349,0.15688732,0.021140687,0.5637326,NOR,0.04596067,0.005906509,0.017700104,0.9111837,0.0018761603,0.017372798
VER,Bahrain,2023,45.0,97.015,VER,0.004308238,0.0050700293,0.003606848,0.02625017,0.010130146,0.9506346,VER,0.040310692,0.014393543,0.036447715,0.42435265,0.0064816284,0.47801375
VER,Bahrain,2023,46.0,96.701,VER,0.004505753,0.0010105824,0.0022475964,0.03987688,0.0012326952,0.9511266,NOR,0.013545047,0.002929298,0.010464415,0.84872097,0.0012065759,0.12313367
VER,Bahrain,2023,47.0,97.009,VER,0.025365783,0.01073634,0.0061099767,0.30542818,0.0050327457,0.647327,NOR,0.010543611,0.0036629895,0.0028837963,0.9712332,0.00087523425,0.0108011365
VER,Bahrain,2023,48.0,96.918,VER,0.011435,0.02955659,0.0103537515,0.11938278,0.05580585,0.77346605,NOR,0.046485674,0.048076253,0.043622136,0.43546346,0.022730019,0.40362245
VER,Bahrain,2023,49.0,96.962,VER,0.0025340044,0.0075228685,0.0016263269,0.075833805,0.0026996634,0.9097833,NOR,0.020769877,0.028930074,0.010269218,0.7401421,0.0049408423,0.19494782
VER,Bahrain,2023,50.0,97.25,VER,0.015923997,0.010729173,0.0025814385,0.18347116,0.0033351448,0.78395915,NOR,0.026424704,0.031502813,0.0116666285,0.6649179,0.0032305564,0.2622574
VER,Bahrain,2023,51.0,97.427,VER,0.049778596,0.010375372,0.011648226,0.118237086,0.014997442,0.7949633,NOR,0.043342315,0.03447578,0.03219834,0.8379981,0.0042344546,0.047751024
VER,Bahrain,2023,52.0,96.919,VER,0.019138692,0.009951955,0.0031467758,0.187127,0.0028564758,0.7777791,NOR,0.0061012534,0.005616583,0.0039105895,0.965849,0.0012112039,0.017311359
VER,Bahrain,2023,53.0,96.89,VER,0.0069128927,0.0077824946,0.0018898445,0.09031801,0.004157898,0.8889389,NOR,0.0035128626,0.004984485,0.0022584167,0.9142298,0.00085878896,0.074155666
VER,Bahrain,2023,54.0,96.678,VER,0.0130001195,0.0051002232,0.0050751558,0.076550335,0.0071757715,0.8930984,NOR,0.018255427,0.0036441262,0.0081021525,0.9492217,0.0015448253,0.019231804
VER,Bahrain,2023,55.0,96.322,VER,0.011615706,0.002965907,0.0020366465,0.22408162,0.0021328174,0.7571673,NOR,0.002956302,0.0031678989,0.0020952816,0.97337115,0.00065698475,0.017752407
VER,Bahrain,2023,56.0,97.205,VER,0.035567768,0.07039332,0.0061384807,0.022486512,0.03697574,0.82843816,VER,0.035820592,0.12776025,0.013111234,0.15668495,0.008300355,0.65832263
VER,Bahrain,2023,57.0,96.373,VER,0.11397071,0.012399802,0.021113403,0.25686294,0.03739494,0.55825824,ALO,0.7048184,0.008324122,0.018421836,0.2471572,0.002705061,0.018573388
ALO,Monaco,2023,2.0,79.646,ALO,0.47045347,0.17666686,0.083554104,0.0963889,0.016928585,0.15600805,ALO,0.46932217,0.19334248,0.07083843,0.113672465,0.028349085,0.12447537
ALO,Monaco,2023,3.0,79.113,ALO,0.9556814,0.0026266791,0.0034325838,0.0043375255,0.0008356589,0.033086196,ALO,0.90510684,0.01422566,0.010802214,0.013982899,0.0039197984,0.051962566
ALO,Monaco,2023,4.0,78.776,ALO,0.9842859,0.0021865102,0.005840213,0.0030398697,0.00093737367,0.003710108,ALO,0.97362703,0.0014350176,0.014226008,0.0046043107,0.0016981352,0.0044094357
ALO,Monaco,2023,5.0,77.939,ALO,0.97916245,0.0048145596,0.0011636394,0.0028935897,0.0005821749,0.011383582,ALO,0.9772803,0.0032523656,0.0026289863,0.0039982027,0.0018077635,0.011032341
ALO,Monaco,2023,6.0,77.952,ALO,0.66237295,0.01633498,0.015662935,0.066189855,0.0041590426,0.23528025,ALO,0.67456293,0.02772447,0.075795494,0.107914284,0.010443973,0.1035589
ALO,Monaco,2023,7.0,77.505,ALO,0.9670614,0.005463462,0.002741999,0.0019938461,0.0015207591,0.021218538,ALO,0.95593613,0.006395004,0.011034323,0.002551893,0.009796541,0.014286148
ALO,Monaco,2023,8.0,77.391,LEC,0.38352603,0.05050114,0.5074177,0.029325128,0.011357733,0.017872334,LEC,0.28817472,0.07990845,0.5333058,0.05158274,0.026176583,0.020851677
ALO,Monaco,2023,9.0,77.783,HAM,0.013458071,0.9135239,0.025987744,0.00621134,0.02908255,0.011736413,HAM,0.012839506,0.71671337,0.1816437,0.007533466,0.04876405,0.03250594
ALO,Monaco,2023,10.0,77.324,ALO,0.9436878,0.0050042127,0.013993498,0.004597145,0.0020556333,0.030661669,ALO,0.9657977,0.0029187547,0.022133267,0.0028661236,0.0027036746,0.0035804547
ALO,Monaco,2023,11.0,77.249,ALO,0.9361826,0.005783707,0.027127193,0.00577716,0.0020349582,0.023094382,ALO,0.8443861,0.0068918355,0.1313311,0.0056618648,0.005165095,0.0065639266
ALO,Monaco,2023,12.0,77.588,ALO,0.8386164,0.009790034,0.01647295,0.015510165,0.014654342,0.10495613,VER,0.3583663,0.027311258,0.043163486,0.020390077,0.023342373,0.5274265
ALO,Monaco,2023,13.0,78.443,LEC,0.44113067,0.039705217,0.47557488,0.015700025,0.011322122,0.016567072,LEC,0.19651411,0.08080423,0.6669448,0.019636612,0.025493333,0.010606896
ALO,Monaco,2023,14.0,77.508,ALO,0.91740245,0.0051987395,0.013830695,0.009786513,0.00281621,0.05096539,ALO,0.870677,0.0058669643,0.03398415,0.007529234,0.0061660744,0.07577655
ALO,Monaco,2023,15.0,77.444,ALO,0.9913085,0.0010442208,0.0010962278,0.0013842083,0.0004533034,0.004713594,ALO,0.9849502,0.0019331129,0.004566606,0.0020390714,0.0018527078,0.00465836
ALO,Monaco,2023,16.0,77.17,ALO,0.99011946,0.003140952,0.0021743525,0.0014154814,0.00038960337,0.0027601405,ALO,0.98923874,0.002456642,0.003831008,0.0010855843,0.00043877505,0.0029492301
ALO,Monaco,2023,17.0,77.699,ALO,0.9250596,0.011197567,0.03248639,0.010572177,0.0031967312,0.017487532,ALO,0.51741505,0.038884535,0.34574115,0.023211356,0.042380005,0.03236791
ALO,Monaco,2023,18.0,77.528,ALO,0.8916524,0.007995785,0.005382398,0.021680703,0.0037193412,0.06956936,ALO,0.7114678,0.053459916,0.023394393,0.053204745,0.01965124,0.13882191
ALO,Monaco,2023,19.0,77.258,ALO,0.9305014,0.006089808,0.040557813,0.0055313283,0.0014843589,0.015835224,ALO,0.93067807,0.003939521,0.054407623,0.0030587679,0.0024348549,0.0054812296
ALO,Monaco,2023,20.0,77.13,ALO,0.99353796,0.0005292162,0.0017137417,0.00077804393,0.0002524434,0.0031885838,ALO,0.98360014,0.0008625097,0.0053445897,0.0012193243,0.0011051206,0.007868328
ALO,Monaco,2023,21.0,77.664,ALO,0.787,0.01169707,0.12730928,0.018153891,0.006580217,0.049259488,LEC,0.29033747,0.0375261,0.54247725,0.04390837,0.025638822,0.06011204
ALO,Monaco,2023,22.0,77.947,ALO,0.9610703,0.021233644,0.012559584,0.0021101728,0.00140107,0.0016252503,ALO,0.7730754,0.0470405,0.15769431,0.0077028107,0.009645009,0.0048419316
ALO,Monaco,2023,23.0,77.272,ALO,0.95696336,0.0030853865,0.035030145,0.0010015847,0.0028550827,0.0010644349,ALO,0.8089525,0.0121246055,0.15592653,0.004054234,0.016577564,0.0023645202
ALO,Monaco,2023,24.0,77.285,ALO,0.96597177,0.0015869514,0.029480344,0.00082134607,0.00078060693,0.0013590223,ALO,0.7993694,0.011174361,0.17472395,0.0035922683,0.008510488,0.0026295823
ALO,Monaco,2023,25.0,77.182,ALO,0.9879268,0.0012955986,0.00085242325,0.0028565146,0.00040942937,0.0066592493,ALO,0.99030066,0.0011303119,0.0016689869,0.0027803653,0.0012040021,0.002915656
ALO,Monaco,2023,26.0,77.141,ALO,0.8652697,0.008872126,0.10902048,0.004508975,0.0032556192,0.00907313,ALO,0.8463917,0.009374648,0.13136142,0.0029133195,0.0052915597,0.0046674027
ALO,Monaco,2023,27.0,77.228,ALO,0.8332516,0.00844937,0.051237002,0.017986435,0.0056481715,0.08342741,ALO,0.51311797,0.022913693,0.19880082,0.045661915,0.04448188,0.1750237
ALO,Monaco,2023,28.0,77.562,ALO,0.7842423,0.012639508,0.044260085,0.12307939,0.0045859325,0.0311928,ALO,0.48976663,0.033772767,0.23082794,0.18056434,0.019448806,0.045619585
ALO,Monaco,2023,29.0,77.111,LEC,0.14244469,0.03242823,0.56285596,0.06508147,0.026008524,0.1711811,LEC,0.06913424,0.0208766,0.70632255,0.050700672,0.04367495,0.10929101
ALO,Monaco,2023,30.0,76.965,ALO,0.9683035,0.020099407,0.0046363682,0.00493863,0.00094583165,0.0010761964,ALO,0.9242814,0.0441917,0.022781694,0.0041780104,0.0024143578,0.0021528574
ALO,Monaco,2023,31.0,77.259,ALO,0.9354175,0.029710839,0.018532993,0.012012097,0.0017935298,0.0025330165,ALO,0.7206172,0.08250195,0.15554252,0.03139442,0.005395686,0.004548205
ALO,Monaco,2023,32.0,77.637,ALO,0.981727,0.0052009234,0.0060894787,0.0030911656,0.0027862096,0.0011051666,ALO,0.9084481,0.023286635,0.052343477,0.0065673683,0.007949851,0.0014045542
ALO,Monaco,2023,33.0,77.816,ALO,0.97409916,0.007107643,0.0037819573,0.012479656,0.0007561942,0.0017754032,ALO,0.9107059,0.026932696,0.028449832,0.023811633,0.004910639,0.005189241
ALO,Monaco,2023,34.0,79.297,ALO,0.91687316,0.043644603,0.02171414,0.006267474,0.0056901285,0.005810466,ALO,0.70535785,0.056684904,0.1711401,0.023953067,0.029092891,0.0137711745
ALO,Monaco,2023,35.0,78.634,ALO,0.5789999,0.023836654,0.28767067,0.0811274,0.014365375,0.01400006,LEC,0.2972074,0.017536687,0.5800404,0.07017579,0.025659237,0.009380524
ALO,Monaco,2023,36.0,77.876,ALO,0.74095356,0.042095568,0.18933485,0.010837847,0.0147130685,0.0020650986,ALO,0.73714596,0.0744152,0.16631438,0.00917151,0.011744886,0.0012080766
ALO,Monaco,2023,37.0,77.974,ALO,0.8872087,0.002905377,0.090928435,0.009842909,0.004007373,0.0051072035,ALO,0.8505131,0.003642492,0.13141441,0.0064722165,0.005916663,0.002041165
ALO,Monaco,2023,38.0,77.141,ALO,0.95043296,0.0027936322,0.034323655,0.0021310393,0.001291186,0.009027447,ALO,0.8858316,0.0031668302,0.10381161,0.002158177,0.0014857213,0.003546127
ALO,Monaco,2023,39.0,77.705,ALO,0.9700127,0.008096701,0.015891654,0.0036589485,0.0011123095,0.0012276237,ALO,0.803486,0.07307667,0.08968578,0.016692247,0.008639206,0.008420099
ALO,Monaco,2023,40.0,77.63,LEC,0.2561425,0.039494928,0.6554353,0.015091532,0.011127293,0.022708394,LEC,0.09781361,0.051597085,0.7847086,0.020771367,0.028043969,0.017065378
ALO,Monaco,2023,41.0,77.016,ALO,0.90183,0.03325844,0.022192322,0.03060537,0.0056773433,0.006436544,ALO,0.81703573,0.05130294,0.059394445,0.028406737,0.013733142,0.03012705
ALO,Monaco,2023,42.0,76.719,ALO,0.75106066,0.09607096,0.07880313,0.02332809,0.040421605,0.010315538,ALO,0.80210334,0.059268884,0.060754903,0.009679652,0.06043902,0.007754208
ALO,Monaco,2023,43.0,76.674,ALO,0.8502897,0.008092478,0.059692323,0.048283402,0.00708861,0.02655344,ALO,0.8665625,0.003756055,0.04686,0.028661022,0.009440264,0.044720177
ALO,Monaco,2023,44.0,76.919,ALO,0.97630876,0.0010336781,0.0049272133,0.010199001,0.0007115105,0.006819823,ALO,0.9591962,0.002204277,0.0052027344,0.0218911,0.001627887,0.009877788
ALO,Monaco,2023,45.0,76.862,ALO,0.75394166,0.011589138,0.06714447,0.12703916,0.009433316,0.03085228,ALO,0.30409437,0.02012239,0.2624527,0.24772762,0.043881338,0.12172161
ALO,Monaco,2023,46.0,77.114,ALO,0.9830489,0.0019370093,0.0060871965,0.006523192,0.0003407843,0.002062924,ALO,0.95546716,0.0017422417,0.019742463,0.018822845,0.0014203024,0.0028050032
ALO,Monaco,2023,47.0,77.108,ALO,0.47643098,0.089552626,0.19372201,0.08872395,0.04325133,0.10831909,HAM,0.22086048,0.29204845,0.24639757,0.12973414,0.048371222,0.06258818
ALO,Monaco,2023,48.0,76.931,ALO,0.7241023,0.10282519,0.081838585,0.0670475,0.0072706253,0.016915813,LEC,0.25932866,0.23670506,0.3110441,0.10241826,0.034060754,0.056443147
ALO,Monaco,2023,49.0,76.992,ALO,0.9711586,0.0036196534,0.007585661,0.012861927,0.00068449933,0.0040896293,ALO,0.91731226,0.0092089325,0.021905307,0.04238463,0.0030326378,0.0061562527
ALO,Monaco,2023,50.0,77.408,ALO,0.9444405,0.022261368,0.0016797938,0.02099851,0.00077246974,0.00984743,ALO,0.85793406,0.04844081,0.009619857,0.060344033,0.0033532693,0.020307994
ALO,Monaco,2023,51.0,79.991,HAM,0.14974022,0.7949981,0.041798778,0.0063993116,0.0054616183,0.0016019838,HAM,0.048113912,0.67907196,0.23085025,0.025507977,0.014235914,0.0022200106
HAM,Monaco,2023,2.0,80.527,HAM,0.043588422,0.84000784,0.070946105,0.016395813,0.014614558,0.014447242,LEC,0.044786297,0.38159963,0.4988903,0.02754133,0.031213246,0.01596921
HAM,Monaco,2023,3.0,80.105,HAM,0.0013335526,0.9913852,0.0018434188,0.001253906,0.0011372558,0.0030466998,HAM,0.0013127603,0.9850691,0.008365277,0.0019219192,0.0018304414,0.0015004809
HAM,Monaco,2023,4.0,79.356,HAM,0.17825112,0.6379946,0.044366762,0.06480038,0.016273733,0.058313392,HAM,0.14163117,0.58258307,0.12125383,0.07253093,0.0240708,0.057930183
HAM,Monaco,2023,5.0,78.736,HAM,0.06772787,0.4681657,0.026865963,0.34101987,0.022513507,0.07370712,HAM,0.053865895,0.63556623,0.03869953,0.16919705,0.033894293,0.068777025
HAM,Monaco,2023,6.0,78.958,HAM,0.0070878533,0.9486609,0.0021696587,0.008321301,0.006149427,0.027610844,HAM,0.0049348655,0.8987217,0.0052519245,0.007315738,0.0053457073,0.07843009
HAM,Monaco,2023,7.0,78.651,HAM,0.004213263,0.9783885,0.0070103076,0.005848122,0.0015522529,0.0029875408,HAM,0.005918508,0.9519164,0.01924096,0.015414994,0.004289592,0.0032195144
HAM,Monaco,2023,8.0,79.051,HAM,0.012633788,0.95658875,0.0074333847,0.009222121,0.008923839,0.005198081,HAM,0.02360071,0.90778494,0.03247343,0.011041589,0.018887032,0.006212307
HAM,Monaco,2023,9.0,78.829,HAM,0.043740492,0.68290126,0.0099478355,0.041379083,0.020140333,0.20189105,HAM,0.015678009,0.46899322,0.0062750443,0.042135205,0.014314897,0.45260364
HAM,Monaco,2023,10.0,78.173,HAM,0.031616498,0.9301865,0.022556016,0.006897495,0.004453258,0.0042902557,HAM,0.10988214,0.47585353,0.33800158,0.027550356,0.033391017,0.015321428
HAM,Monaco,2023,11.0,77.926,HAM,0.033904284,0.9531997,0.0061421874,0.0035014192,0.001072902,0.0021795633,HAM,0.15493035,0.75181484,0.07993632,0.006258748,0.00391077,0.0031489758
HAM,Monaco,2023,12.0,78.23,HAM,0.034048826,0.82780284,0.10400153,0.0031329012,0.029278647,0.0017352616,LEC,0.055632316,0.3589969,0.51364166,0.014926638,0.052645456,0.0041569895
HAM,Monaco,2023,13.0,78.084,HAM,0.056274075,0.62774336,0.22278376,0.027026922,0.04403059,0.022141317,LEC,0.020744959,0.30427483,0.6079936,0.021935528,0.035009433,0.010041629
HAM,Monaco,2023,14.0,78.422,HAM,0.12348525,0.85327274,0.010785328,0.0050031603,0.002396336,0.005057202,HAM,0.18196498,0.72877556,0.06065628,0.011897369,0.008509433,0.008196446
HAM,Monaco,2023,15.0,78.189,HAM,0.002028795,0.98187226,0.008596626,0.003526827,0.0014991552,0.0024763923,HAM,0.003337794,0.9569459,0.023186931,0.0077133216,0.003660386,0.005155615
HAM,Monaco,2023,16.0,78.31,LEC,0.03464934,0.035479363,0.7868098,0.012873552,0.12575875,0.004429208,LEC,0.047736492,0.06226285,0.8100176,0.0130355535,0.062973455,0.003974077
HAM,Monaco,2023,17.0,78.254,HAM,0.04845141,0.90299416,0.0156344,0.012471007,0.0076946476,0.012754372,HAM,0.05373379,0.5722396,0.2663407,0.035785306,0.037917763,0.03398291
HAM,Monaco,2023,18.0,78.37,HAM,0.0021498115,0.9865998,0.0028783984,0.0050017443,0.0016121318,0.0017581928,HAM,0.0019888966,0.98212254,0.0066623474,0.0052153636,0.0027181571,0.0012927515
HAM,Monaco,2023,19.0,78.207,HAM,0.0017992546,0.988086,0.002062233,0.0031485343,0.0016857375,0.0032182743,HAM,0.0012433452,0.9861209,0.0046588113,0.0021516972,0.0038902448,0.0019350073
HAM,Monaco,2023,20.0,78.121,HAM,0.005338404,0.9762325,0.013833652,0.0015106153,0.0022327148,0.000852046,HAM,0.003373315,0.8269618,0.15906298,0.0032075203,0.005827582,0.0015667942
HAM,Monaco,2023,21.0,78.311,HAM,0.0021512394,0.9803386,0.0064013246,0.0045904773,0.0046170903,0.0019012742,HAM,0.001482761,0.9570194,0.02738995,0.00406244,0.007564057,0.002481402
HAM,Monaco,2023,22.0,77.393,HAM,0.001806745,0.98665166,0.0067610582,0.0012036635,0.0024756454,0.0011012106,HAM,0.0010231553,0.9674535,0.02497932,0.0013884502,0.0036302968,0.0015253462
HAM,Monaco,2023,23.0,78.053,HAM,0.001052652,0.9785584,0.008206742,0.0017479269,0.009444667,0.0009896259,HAM,0.0007554474,0.9596495,0.028801676,0.001255794,0.008652492,0.0008851465
HAM,Monaco,2023,24.0,77.431,HAM,0.0021743486,0.992724,0.0020258075,0.0012244185,0.00080324605,0.001048138,HAM,0.004789144,0.93037724,0.05467395,0.0027004424,0.004804519,0.0026546982
HAM,Monaco,2023,25.0,77.643,HAM,0.024687946,0.95059735,0.014879184,0.0041118865,0.0015825921,0.004141005,HAM,0.05288051,0.73763156,0.16932629,0.02114333,0.01062811,0.00839017
HAM,Monaco,2023,26.0,77.716,HAM,0.0024838878,0.9869337,0.0030500113,0.0017271121,0.004587305,0.0012179923,HAM,0.001005127,0.983754,0.008555459,0.0013178898,0.0041028853,0.0012645903
HAM,Monaco,2023,27.0,77.322,HAM,0.26256162,0.40609765,0.19717608,0.025064396,0.098398335,0.010701959,HAM,0.033932704,0.41816133,0.4005698,0.014910046,0.124613635,0.0078124898
HAM,Monaco,2023,28.0,77.334,HAM,0.0038680173,0.9214909,0.050758243,0.0022671828,0.020083148,0.0015324851,HAM,0.0021114885,0.87955713,0.104873866,0.0027091294,0.009421478,0.0013268794
HAM,Monaco,2023,29.0,77.372,HAM,0.056045722,0.84705204,0.0835555,0.0047780913,0.0051735616,0.0033950342,HAM,0.029443266,0.690219,0.2628999,0.006956115,0.0073690605,0.0031126807
HAM,Monaco,2023,30.0,77.742,HAM,0.0058575487,0.9171653,0.05270315,0.002714268,0.019068953,0.0024908213,HAM,0.0028965017,0.8836406,0.100224845,0.002405918,0.008775109,0.0020569912
HAM,Monaco,2023,32.0,78.165,LEC,0.0140700815,0.09964984,0.74906874,0.0055192844,0.12026534,0.011426695,LEC,0.016496534,0.13894336,0.67613775,0.008803592,0.0819879,0.07763084
HAM,Monaco,2023,33.0,75.65,LEC,0.14782552,0.028281437,0.7753139,0.005120706,0.027842104,0.015616348,LEC,0.14176834,0.09820798,0.56237257,0.01339102,0.098164946,0.08609514
HAM,Monaco,2023,34.0,78.357,HAM,0.10923048,0.838398,0.04081601,0.0070327623,0.0026722543,0.001850442,HAM,0.04380211,0.6866801,0.25191757,0.010785123,0.004557285,0.0022578663
HAM,Monaco,2023,35.0,77.159,HAM,0.0055381577,0.9418878,0.03416397,0.0019124079,0.015122046,0.00137566,HAM,0.0030396462,0.86527324,0.10782216,0.0030514312,0.019198,0.0016155251
HAM,Monaco,2023,36.0,77.688,HAM,0.0012068091,0.9821508,0.010466457,0.0015818498,0.0037498754,0.0008441493,HAM,0.0007894048,0.94148535,0.0508684,0.0014022498,0.0045505636,0.0009040762
HAM,Monaco,2023,37.0,77.711,HAM,0.21007778,0.72019345,0.03405176,0.01214604,0.013800377,0.009730617,HAM,0.28014117,0.51039636,0.13466704,0.021680314,0.036569145,0.016546004
HAM,Monaco,2023,38.0,77.167,HAM,0.003197954,0.98581463,0.0020537998,0.0020877924,0.0022537464,0.0045921234,HAM,0.006409426,0.95577663,0.013441129,0.0050116065,0.010100087,0.009261116
HAM,Monaco,2023,39.0,77.293,HAM,0.015523546,0.94654024,0.0039200815,0.009711211,0.0032868064,0.02101812,HAM,0.021177249,0.90570325,0.03102217,0.014160969,0.01038327,0.017553143
HAM,Monaco,2023,40.0,76.962,HAM,0.047718268,0.89866775,0.0039202827,0.017004818,0.0046355813,0.028053246,HAM,0.046280675,0.80926,0.04487681,0.032447357,0.023900209,0.04323491
HAM,Monaco,2023,41.0,76.588,LEC,0.17680778,0.040871114,0.68401945,0.014321171,0.06951395,0.014466529,LEC,0.095643155,0.25206333,0.5243415,0.015166498,0.08731382,0.025471676
HAM,Monaco,2023,42.0,76.58,ALO,0.47825113,0.41861793,0.071308,0.009544019,0.015867215,0.006411738,HAM,0.055539552,0.7203238,0.18958409,0.008338747,0.018534167,0.0076796473
HAM,Monaco,2023,43.0,76.529,HAM,0.038881544,0.9140515,0.016689558,0.011701342,0.011742699,0.006933368,HAM,0.021505,0.8257418,0.11655795,0.012545559,0.017704789,0.0059448783
HAM,Monaco,2023,44.0,76.88,HAM,0.010865968,0.9484609,0.016090745,0.010487917,0.008012792,0.006081767,HAM,0.0051140985,0.89763534,0.05900833,0.0075112507,0.01057689,0.020154048
HAM,Monaco,2023,45.0,78.833,HAM,0.002242352,0.979764,0.007205958,0.004504121,0.0046413126,0.0016422806,HAM,0.0014359268,0.96607614,0.020279348,0.0043492126,0.006484895,0.0013744524
HAM,Monaco,2023,46.0,76.85,HAM,0.0010403395,0.96018696,0.0050707753,0.0007694505,0.031386305,0.0015461938,HAM,0.00048939156,0.9575564,0.01672547,0.00052324974,0.022136725,0.002568733
HAM,Monaco,2023,47.0,76.257,HAM,0.027912619,0.9475694,0.016024627,0.0040503214,0.00278193,0.0016611108,HAM,0.013211954,0.813535,0.1569608,0.0057907673,0.007145949,0.003355518
HAM,Monaco,2023,48.0,76.86,HAM,0.027682453,0.90999514,0.0033423621,0.041116904,0.0025508583,0.015312348,HAM,0.032114066,0.852385,0.046493433,0.04342376,0.010274383,0.015309384
HAM,Monaco,2023,49.0,76.781,HAM,0.0019476183,0.8533947,0.0017272098,0.13650703,0.0027751152,0.0036483507,HAM,0.0013044649,0.9712015,0.0071520037,0.009860211,0.0055939676,0.004887927
HAM,Monaco,2023,50.0,77.11,HAM,0.07130841,0.71838415,0.009824214,0.05998441,0.013199714,0.12729914,VER,0.05229829,0.09315724,0.017149884,0.053454686,0.020124665,0.76381516
HAM,Monaco,2023,51.0,78.294,HAM,0.009777265,0.50048447,0.23686448,0.010402788,0.2371614,0.005309605,HAM,0.0069424203,0.61641324,0.21596856,0.009399542,0.14644781,0.0048284596
LEC,Monaco,2023,2.0,80.549,SAI,0.008373745,0.016976068,0.19728033,0.0020507753,0.7731217,0.002197308,SAI,0.003422692,0.012939045,0.13711698,0.0019628718,0.84323704,0.0013214127
LEC,Monaco,2023,3.0,80.021,LEC,0.21694075,0.10107047,0.50873214,0.0074784625,0.16195457,0.0038235865,SAI,0.056987386,0.077405535,0.28990057,0.011707694,0.5606209,0.003377907
LEC,Monaco,2023,4.0,79.468,LEC,0.0077848476,0.051182773,0.8161925,0.0041750274,0.11864123,0.0020235935,SAI,0.0048029483,0.018694447,0.1591484,0.0018599569,0.81379044,0.0017038601
LEC,Monaco,2023,5.0,78.837,LEC,0.060142845,0.023190793,0.8287955,0.020903356,0.0568133,0.010154251,LEC,0.017798819,0.023956217,0.73713046,0.01175113,0.20426472,0.00509863
LEC,Monaco,2023,6.0,78.829,LEC,0.029465824,0.022324147,0.8296828,0.006232165,0.1058838,0.0064111846,SAI,0.013937889,0.023093577,0.2544747,0.0044790804,0.69692886,0.0070859147
LEC,Monaco,2023,7.0,78.645,LEC,0.10645024,0.01615164,0.7760437,0.007878666,0.086635746,0.0068400367,SAI,0.018484738,0.016879942,0.120571256,0.0061392286,0.8339714,0.0039534587
LEC,Monaco,2023,8.0,79.165,LEC,0.21519072,0.04537379,0.42630404,0.1236339,0.17154062,0.017956946,SAI,0.15241766,0.04388815,0.22039571,0.09163378,0.48602614,0.0056385957
LEC,Monaco,2023,9.0,78.809,LEC,0.00943974,0.02327658,0.5777267,0.004730124,0.3826035,0.0022233725,SAI,0.0049261674,0.010553206,0.09040992,0.0024075883,0.8900491,0.0016539516
LEC,Monaco,2023,10.0,78.219,SAI,0.010100902,0.03567337,0.14359763,0.0023658697,0.80686855,0.001393721,SAI,0.0044612247,0.014152232,0.043670908,0.0016329403,0.93303686,0.003045827
LEC,Monaco,2023,11.0,78.162,LEC,0.010824418,0.02084675,0.5548398,0.0046597794,0.40464365,0.0041856207,SAI,0.0040754722,0.013750721,0.08310555,0.002110998,0.89540607,0.001551213
LEC,Monaco,2023,12.0,78.15,LEC,0.053807206,0.04050235,0.78113896,0.0049275043,0.112042315,0.007581719,SAI,0.018589063,0.047558565,0.23945495,0.0034135017,0.68303025,0.007953655
LEC,Monaco,2023,13.0,78.018,LEC,0.029011771,0.019197013,0.77856165,0.008802778,0.16009568,0.004331055,SAI,0.061865404,0.025705349,0.12465754,0.008167504,0.774111,0.005493259
LEC,Monaco,2023,14.0,78.394,SAI,0.007721773,0.035325557,0.29392776,0.0041526374,0.65739,0.001482306,SAI,0.0053465376,0.05091968,0.24453798,0.0052581932,0.6908763,0.0030612382
LEC,Monaco,2023,15.0,78.312,LEC,0.0059659886,0.0091211395,0.90343654,0.0026090234,0.07787285,0.0009944964,LEC,0.018257134,0.017013485,0.48822564,0.004841108,0.4676976,0.0039650695
LEC,Monaco,2023,16.0,78.316,LEC,0.030578576,0.058739886,0.7920068,0.012160623,0.1041884,0.0023257667,LEC,0.018812312,0.05482932,0.48413017,0.011453761,0.427835,0.0029393649
LEC,Monaco,2023,17.0,78.234,LEC,0.007279773,0.015901493,0.8296658,0.0063882056,0.13907433,0.001690396,LEC,0.017975386,0.039539974,0.5531557,0.022722598,0.36205631,0.0045499974
LEC,Monaco,2023,18.0,78.361,LEC,0.030626304,0.09441477,0.7665744,0.011464119,0.09408377,0.0028367024,SAI,0.058800366,0.12949283,0.31792888,0.025272906,0.46322975,0.0052752285
LEC,Monaco,2023,19.0,78.19,LEC,0.018069828,0.018816326,0.9449804,0.0053419913,0.010420924,0.0023705552,LEC,0.018007947,0.03319528,0.9142012,0.007073416,0.023457691,0.004064424
LEC,Monaco,2023,20.0,78.365,LEC,0.08979082,0.049992718,0.7534952,0.04915911,0.04530499,0.012257115,LEC,0.024200875,0.05459107,0.803429,0.05736936,0.048521403,0.011888266
LEC,Monaco,2023,21.0,78.127,LEC,0.133464,0.049403336,0.640058,0.017482031,0.15686896,0.0027237025,SAI,0.22443035,0.046311114,0.16109124,0.01774744,0.54596984,0.00445006
LEC,Monaco,2023,22.0,77.886,LEC,0.010505963,0.014830336,0.90834177,0.0050184974,0.057820782,0.0034826673,LEC,0.012181647,0.043427747,0.82702434,0.005409645,0.10682682,0.005129795
LEC,Monaco,2023,23.0,77.922,LEC,0.025263187,0.03426822,0.7460043,0.022309327,0.16835992,0.0037950329,SAI,0.010314031,0.015427355,0.15440746,0.011128429,0.8048648,0.003857933
LEC,Monaco,2023,24.0,77.586,LEC,0.030417014,0.058910497,0.8694577,0.011353641,0.026082326,0.0037788467,LEC,0.031131066,0.096744016,0.75936466,0.030658947,0.07660046,0.005500832
LEC,Monaco,2023,25.0,77.619,LEC,0.0049336115,0.019419726,0.81979716,0.005478825,0.14870329,0.0016673639,LEC,0.011305772,0.03380107,0.5363746,0.007120896,0.40584323,0.0055543976
LEC,Monaco,2023,26.0,77.879,LEC,0.017325966,0.008469572,0.6817036,0.0033289755,0.28758124,0.0015905738,SAI,0.010766668,0.016738096,0.23520048,0.0033327239,0.73029834,0.0036636353
LEC,Monaco,2023,27.0,77.602,LEC,0.013425115,0.03768415,0.6589636,0.010884494,0.2750701,0.003972575,LEC,0.010393144,0.033844307,0.56526166,0.014419581,0.36585054,0.0102307545
LEC,Monaco,2023,28.0,77.48,LEC,0.033678822,0.02878481,0.8854438,0.0060043423,0.040741418,0.005346832,LEC,0.039169967,0.064330496,0.7269768,0.006579913,0.15165763,0.011285179
LEC,Monaco,2023,29.0,77.065,LEC,0.0073504625,0.0401955,0.86390436,0.013922007,0.068495736,0.00613192,LEC,0.017488357,0.065681234,0.7427292,0.057293233,0.10577826,0.011029697
LEC,Monaco,2023,30.0,77.559,SAI,0.001984725,0.008305087,0.19033293,0.0011598136,0.79746974,0.00074768666,SAI,0.003951413,0.014927027,0.106251046,0.0017023812,0.87002754,0.003140586
LEC,Monaco,2023,31.0,77.876,LEC,0.008052731,0.01496181,0.8087426,0.003188176,0.16253093,0.0025237484,LEC,0.012521548,0.05080904,0.51886964,0.003544023,0.40607136,0.0081843585
LEC,Monaco,2023,32.0,77.282,LEC,0.032197285,0.023445703,0.9095678,0.008318865,0.022611126,0.0038591889,LEC,0.123715624,0.09668909,0.66124845,0.025339065,0.07912319,0.013884576
LEC,Monaco,2023,33.0,77.163,LEC,0.009315288,0.04883085,0.86713755,0.0070952317,0.06377804,0.00384304,LEC,0.01425979,0.06653159,0.68134063,0.011532089,0.21559569,0.010740184
LEC,Monaco,2023,34.0,77.461,LEC,0.018143104,0.1190839,0.73221105,0.011338737,0.11626185,0.0029613439,LEC,0.018442314,0.15733267,0.64419997,0.01613041,0.1517831,0.012111542
LEC,Monaco,2023,35.0,77.467,LEC,0.0046092705,0.010456276,0.9593503,0.003070619,0.020067053,0.0024465122,LEC,0.010596368,0.020404182,0.86307114,0.00567051,0.094445616,0.0058121537
LEC,Monaco,2023,36.0,77.491,LEC,0.0073087867,0.015338244,0.8786192,0.0057279505,0.091044925,0.001960898,LEC,0.01630785,0.038532093,0.6801016,0.012814795,0.24483539,0.0074083013
LEC,Monaco,2023,37.0,77.361,LEC,0.090984434,0.01787759,0.87113506,0.0065674055,0.008577029,0.0048585297,LEC,0.33153751,0.036277946,0.5756341,0.015283792,0.03361572,0.007650975
LEC,Monaco,2023,38.0,77.483,LEC,0.0152912345,0.024691006,0.9408235,0.003893577,0.012247455,0.003053253,LEC,0.03416812,0.046807576,0.8383078,0.009336974,0.06477287,0.006606717
LEC,Monaco,2023,39.0,77.213,LEC,0.017660022,0.041609313,0.8645132,0.021398013,0.046250828,0.008568538,LEC,0.051886972,0.08421953,0.5859913,0.056939702,0.18452093,0.036441505
LEC,Monaco,2023,40.0,77.237,LEC,0.013749696,0.011018204,0.9034384,0.004890175,0.06406984,0.002833673,LEC,0.025172839,0.031737108,0.7057081,0.0125647,0.21006264,0.014754644
LEC,Monaco,2023,41.0,78.328,LEC,0.12951905,0.18203811,0.60802764,0.03541682,0.03761766,0.0073807193,ALO,0.5250647,0.21916412,0.16583022,0.025767976,0.04003326,0.024139717
LEC,Monaco,2023,42.0,77.801,LEC,0.038869496,0.017013444,0.8564497,0.005098205,0.080299854,0.0022693332,ALO,0.34036174,0.109654665,0.28154543,0.017196245,0.24266243,0.008579452
LEC,Monaco,2023,43.0,78.451,LEC,0.006143267,0.0087888865,0.9642179,0.0046519088,0.01398289,0.0022151012,LEC,0.010325133,0.027160583,0.9163173,0.0034348792,0.039525144,0.0032370263
LEC,Monaco,2023,45.0,79.563,LEC,0.028671902,0.010731578,0.9298574,0.004300394,0.02485644,0.0015823131,LEC,0.23443978,0.027478542,0.5762186,0.004689411,0.15342976,0.0037438858
LEC,Monaco,2023,46.0,75.773,SAI,0.0046376837,0.04937634,0.37872782,0.005180926,0.55726504,0.0048121326,SAI,0.0056852065,0.024370208,0.2936528,0.00482743,0.655212,0.016252393
LEC,Monaco,2023,47.0,76.358,LEC,0.011069258,0.0114700245,0.63821524,0.0042193932,0.33019558,0.0048305136,SAI,0.012823065,0.01457899,0.21526553,0.004560847,0.73930585,0.013465679
LEC,Monaco,2023,48.0,76.971,SAI,0.005223011,0.015482608,0.4258098,0.0036656908,0.54850346,0.0013154475,SAI,0.007324081,0.022580303,0.33056363,0.003767623,0.6311113,0.0046530636
LEC,Monaco,2023,49.0,76.283,LEC,0.04388726,0.018708725,0.8411051,0.022342317,0.06744279,0.006513816,LEC,0.034106288,0.020357823,0.7680135,0.023075653,0.1474931,0.0069537116
LEC,Monaco,2023,50.0,75.956,ALO,0.46799228,0.030154465,0.42219236,0.03800655,0.022745308,0.018909065,LEC,0.22834902,0.045013677,0.52671015,0.05833843,0.039436113,0.1021526
LEC,Monaco,2023,51.0,77.017,LEC,0.021321487,0.012443926,0.7416343,0.015669666,0.20647839,0.002452262,SAI,0.029953318,0.010868276,0.2310663,0.007251351,0.71746397,0.0033967672
NOR,Monaco,2023,2.0,81.61,NOR,0.00503183,0.11277499,0.016823985,0.853692,0.0033125088,0.008364686,NOR,0.0065426803,0.1321972,0.024629435,0.8099746,0.010162157,0.016493924
NOR,Monaco,2023,3.0,80.396,NOR,0.0112302685,0.018458355,0.009768642,0.8268257,0.0044544935,0.12926254,NOR,0.009961597,0.020972364,0.013340983,0.776838,0.008507051,0.17038004
NOR,Monaco,2023,4.0,80.209,NOR,0.0027801523,0.024444385,0.0040300554,0.90261436,0.0042961906,0.061834905,NOR,0.0075019416,0.1555131,0.024475958,0.5701614,0.024131306,0.2182163
NOR,Monaco,2023,5.0,79.502,NOR,0.0036624877,0.013118143,0.004399124,0.9267036,0.005524114,0.046592537,NOR,0.0037497112,0.021678342,0.004061049,0.9283263,0.00628388,0.0359007
NOR,Monaco,2023,6.0,79.045,VER,0.0044304132,0.008195038,0.003137756,0.050877187,0.0030039577,0.9303556,VER,0.0126977265,0.027596489,0.018589688,0.16346042,0.018263133,0.75939256
NOR,Monaco,2023,7.0,78.652,NOR,0.009133108,0.039849155,0.016435739,0.6588107,0.0087783085,0.26699302,NOR,0.012731389,0.05736641,0.090069704,0.7612115,0.020996291,0.057624653
NOR,Monaco,2023,8.0,78.651,NOR,0.0112969745,0.015838077,0.008614442,0.900536,0.0034124274,0.060302064,NOR,0.015486393,0.019553807,0.01849175,0.89462405,0.00774914,0.04409483
NOR,Monaco,2023,9.0,79.065,NOR,0.004513079,0.014477161,0.007379973,0.8726617,0.0023730306,0.09859507,NOR,0.00469557,0.0234248,0.011554479,0.9306828,0.005567402,0.024074929
NOR,Monaco,2023,10.0,79.053,NOR,0.002996337,0.015513276,0.0053899405,0.90842694,0.02172736,0.045946144,NOR,0.006665885,0.072205506,0.037002105,0.68797725,0.10250768,0.09364156
NOR,Monaco,2023,11.0,79.148,NOR,0.00665244,0.01480492,0.011907364,0.8064852,0.003611573,0.1565385,NOR,0.005347717,0.018814605,0.01415338,0.9355907,0.0065708947,0.01952268
NOR,Monaco,2023,12.0,80.277,NOR,0.0061606336,0.030878052,0.011028265,0.57456976,0.014410304,0.36295298,NOR,0.0036231566,0.030888675,0.00933168,0.48454076,0.0075461776,0.46406955
NOR,Monaco,2023,13.0,78.978,NOR,0.0068334336,0.019092225,0.010557769,0.7803602,0.0053763036,0.17778006,NOR,0.011356386,0.0533446,0.04060354,0.76195014,0.02088264,0.111862674
NOR,Monaco,2023,14.0,78.856,NOR,0.037802342,0.03769639,0.04211193,0.84622335,0.0044929255,0.03167307,NOR,0.08806939,0.05996197,0.1395019,0.64786357,0.014641579,0.04996159
NOR,Monaco,2023,15.0,78.855,NOR,0.0048448425,0.012333241,0.0048467815,0.9429937,0.0037560416,0.031225428,NOR,0.007922937,0.025724215,0.009597244,0.8397403,0.011149258,0.1058661
NOR,Monaco,2023,16.0,78.988,NOR,0.006394407,0.023854876,0.015271679,0.8546655,0.015430174,0.08438335,NOR,0.010936814,0.061564907,0.06714918,0.67437875,0.032993246,0.15297714
NOR,Monaco,2023,17.0,78.937,NOR,0.0024821144,0.027564717,0.0128649855,0.9075371,0.012479189,0.037071873,NOR,0.010792205,0.24041705,0.09643347,0.4919089,0.05620482,0.1042435
NOR,Monaco,2023,18.0,79.01,NOR,0.0039614798,0.014109003,0.009461047,0.92814,0.004054167,0.040274326,NOR,0.012578514,0.1095435,0.11811661,0.661456,0.039375693,0.05892971
NOR,Monaco,2023,19.0,79.504,NOR,0.011956513,0.03765076,0.021324122,0.50827044,0.037804577,0.38299355,VER,0.011848163,0.08828131,0.06308745,0.22015966,0.07664368,0.53997976
NOR,Monaco,2023,20.0,78.985,NOR,0.017233694,0.06181033,0.03647204,0.58559394,0.040248893,0.2586411,VER,0.021514887,0.18159398,0.15668777,0.09229371,0.10550018,0.44240946
NOR,Monaco,2023,21.0,79.074,NOR,0.01855084,0.054848664,0.029477356,0.7449824,0.015458072,0.13668263,NOR,0.019652814,0.09221136,0.12325281,0.38605806,0.03764228,0.34118265
NOR,Monaco,2023,22.0,78.882,NOR,0.012449487,0.046475057,0.04835592,0.7045847,0.023445606,0.16468923,NOR,0.015798911,0.12243247,0.12800391,0.42333066,0.078368776,0.23206526
NOR,Monaco,2023,23.0,78.657,NOR,0.017872429,0.10845864,0.040409923,0.78769255,0.013768404,0.03179806,HAM,0.054017775,0.5115826,0.24950212,0.06140841,0.057522863,0.06596626
NOR,Monaco,2023,24.0,78.681,VER,0.0104112895,0.021873662,0.0074066846,0.4334942,0.0073081213,0.51950604,VER,0.016843399,0.06132883,0.024715535,0.27051187,0.029058037,0.59754235
NOR,Monaco,2023,25.0,78.78,VER,0.019104736,0.065166615,0.034703694,0.37289625,0.018334333,0.48979428,NOR,0.01886289,0.109860174,0.04642941,0.4421621,0.041680254,0.3410052
NOR,Monaco,2023,26.0,79.067,NOR,0.0054107024,0.13093342,0.061050147,0.6173532,0.074270695,0.110981844,NOR,0.0075960765,0.1828912,0.08796992,0.37686247,0.13214232,0.21253806
NOR,Monaco,2023,27.0,79.109,NOR,0.0048098,0.014642234,0.012696292,0.93205297,0.01260922,0.023189517,HAM,0.016745267,0.3329369,0.1599224,0.13704865,0.11616253,0.23718421
NOR,Monaco,2023,28.0,78.771,NOR,0.010447875,0.053581852,0.016257215,0.5813957,0.022723475,0.31559393,VER,0.011133257,0.13569729,0.018262345,0.112388104,0.026180854,0.6963381
NOR,Monaco,2023,29.0,78.906,NOR,0.005182485,0.04335316,0.009512106,0.71933156,0.033179324,0.18944135,NOR,0.006012024,0.22560765,0.017920086,0.3692523,0.05149621,0.32971177
NOR,Monaco,2023,30.0,78.568,NOR,0.005192168,0.009549886,0.003591033,0.5541649,0.008302221,0.41919982,VER,0.0064714765,0.036201436,0.009622822,0.21779385,0.01975263,0.71015775
NOR,Monaco,2023,31.0,78.454,VER,0.004096245,0.028116962,0.008339437,0.44681042,0.015742972,0.4968939,VER,0.0039139497,0.03887583,0.015608824,0.09160173,0.022422582,0.8275771
NOR,Monaco,2023,32.0,77.914,NOR,0.01219456,0.11187823,0.02190955,0.53578675,0.09475087,0.22348006,HAM,0.008498057,0.31881562,0.04683705,0.19698283,0.17040917,0.25845724
NOR,Monaco,2023,33.0,78.042,NOR,0.0059110424,0.03610351,0.008082034,0.57130075,0.053461257,0.32514146,VER,0.0051514446,0.22454922,0.016336104,0.31137747,0.07838218,0.36420354
NOR,Monaco,2023,34.0,78.026,NOR,0.007143246,0.020785663,0.011271934,0.81966954,0.008209219,0.13292038,NOR,0.01408342,0.12984651,0.05530513,0.66740215,0.027541934,0.10582079
NOR,Monaco,2023,35.0,78.192,NOR,0.0038930797,0.019437818,0.009090489,0.83129627,0.004935475,0.13134685,NOR,0.010447062,0.07880413,0.027874084,0.72739387,0.023456316,0.13202454
NOR,Monaco,2023,36.0,78.05,NOR,0.006616552,0.01398488,0.005256669,0.5521234,0.015350339,0.40666816,VER,0.0064396313,0.01767954,0.008991346,0.16290163,0.023078784,0.78090906
NOR,Monaco,2023,37.0,78.303,VER,0.0107968,0.09190614,0.011418945,0.42021045,0.024923734,0.4407439,VER,0.008100348,0.19693656,0.010728141,0.13798901,0.025074784,0.6211712
NOR,Monaco,2023,38.0,78.214,NOR,0.0028111064,0.011077881,0.007224319,0.90332896,0.0043746666,0.071183085,NOR,0.004247734,0.03492041,0.021982709,0.9060778,0.00919648,0.02357483
NOR,Monaco,2023,39.0,78.151,NOR,0.022277873,0.02702242,0.004183772,0.52542084,0.002562783,0.41853228,NOR,0.056662474,0.17049088,0.018071458,0.5953038,0.007829707,0.15164173
NOR,Monaco,2023,40.0,78.529,NOR,0.013355745,0.03210324,0.011776594,0.80622613,0.016772503,0.11976579,NOR,0.020415023,0.2602552,0.042909194,0.3404221,0.044638336,0.29136014
NOR,Monaco,2023,41.0,78.409,NOR,0.0056014936,0.030299243,0.012469858,0.8431805,0.026467659,0.0819813,HAM,0.023787731,0.40104157,0.065707326,0.21792631,0.11084167,0.18069537
NOR,Monaco,2023,42.0,78.149,NOR,0.017570442,0.013745247,0.01250753,0.7942563,0.002519563,0.15940088,NOR,0.032514047,0.06886497,0.09844374,0.6820022,0.013667179,0.1045079
NOR,Monaco,2023,43.0,78.045,NOR,0.02347583,0.017269948,0.030530836,0.87114054,0.005518333,0.052064467,NOR,0.039746925,0.14769867,0.18654795,0.42602363,0.061334945,0.13864784
NOR,Monaco,2023,44.0,77.991,NOR,0.04337512,0.01441872,0.012786862,0.7257189,0.0028499654,0.20085044,NOR,0.13365583,0.100274295,0.12482553,0.5247384,0.018040342,0.09846561
NOR,Monaco,2023,45.0,77.862,VER,0.048121482,0.08271809,0.024408367,0.40449974,0.029485187,0.41076717,VER,0.011050115,0.11595807,0.018481923,0.22210875,0.02463292,0.60776824
NOR,Monaco,2023,46.0,77.844,NOR,0.01508156,0.06959318,0.004320552,0.6698385,0.009471305,0.2316949,VER,0.008529098,0.15622135,0.0047777197,0.18180524,0.014215539,0.6344511
NOR,Monaco,2023,47.0,78.234,NOR,0.00957324,0.022707414,0.008876005,0.7132503,0.0062033506,0.23938973,NOR,0.010146649,0.070746824,0.014877324,0.6324066,0.016717106,0.25510553
NOR,Monaco,2023,48.0,78.297,NOR,0.010748272,0.056038834,0.017909111,0.78770095,0.0065432363,0.12105962,NOR,0.0153515255,0.3185594,0.027546005,0.479496,0.015220126,0.14382698
NOR,Monaco,2023,49.0,78.152,NOR,0.010841766,0.08238217,0.03194311,0.8275894,0.015318933,0.031924654,HAM,0.019398045,0.5575816,0.13837214,0.117947206,0.05808266,0.10861834
SAI,Monaco,2023,2.0,80.593,SAI,0.008710652,0.04679611,0.20580359,0.0036244243,0.7286481,0.0064171283,SAI,0.0054723816,0.0825379,0.16510186,0.0038633973,0.73546094,0.007563552
SAI,Monaco,2023,3.0,79.958,SAI,0.0038085356,0.046842966,0.12622994,0.0016481047,0.8189577,0.0025128066,SAI,0.006122841,0.11975277,0.11180179,0.0027895027,0.7520587,0.0074743787
SAI,Monaco,2023,4.0,79.482,SAI,0.0043786876,0.07403703,0.092678726,0.0019064837,0.82490146,0.002097605,SAI,0.0018427689,0.029789636,0.06346387,0.002086763,0.9003093,0.0025076335
SAI,Monaco,2023,5.0,78.723,SAI,0.0027618022,0.027150607,0.15833956,0.0022182467,0.80776143,0.00176836,SAI,0.0017310453,0.024981277,0.07673333,0.002309312,0.89200836,0.002236652
SAI,Monaco,2023,6.0,78.764,SAI,0.0020607484,0.009812964,0.03944848,0.00074279046,0.9467617,0.0011733552,SAI,0.0017179172,0.011139128,0.022213582,0.00087164063,0.96128374,0.0027739701
SAI,Monaco,2023,7.0,78.697,SAI,0.009785594,0.013470431,0.2626827,0.0013988571,0.7114258,0.0012366181,SAI,0.005731147,0.0148185715,0.11939489,0.002024261,0.85618377,0.0018473298
SAI,Monaco,2023,8.0,78.637,SAI,0.021314388,0.30830336,0.18522836,0.031802177,0.44653693,0.00681476,HAM,0.0057852645,0.65651363,0.19310996,0.016026167,0.12400214,0.0045628473
SAI,Monaco,2023,9.0,78.306,SAI,0.0020782806,0.06346245,0.044372097,0.0014978803,0.887098,0.0014912995,SAI,0.0041204174,0.15730435,0.03080544,0.002400327,0.8013874,0.0039820103
SAI,Monaco,2023,10.0,78.07,SAI,0.0027926017,0.015835203,0.083073996,0.0016118684,0.8953728,0.0013135215,SAI,0.0008292445,0.009807125,0.031958636,0.00087830296,0.95572627,0.0008003952
SAI,Monaco,2023,11.0,78.265,LEC,0.005886612,0.01947416,0.76333654,0.0019112955,0.20793329,0.0014580971,SAI,0.0045578224,0.012565578,0.08126772,0.0010672895,0.8975574,0.0029842707
SAI,Monaco,2023,12.0,78.947,SAI,0.0016786319,0.008215728,0.04432901,0.00065540674,0.9445246,0.00059662375,SAI,0.0018201233,0.013650997,0.041060574,0.0009884001,0.93939084,0.0030891204
SAI,Monaco,2023,13.0,78.286,SAI,0.006664211,0.04427255,0.14925091,0.0021346025,0.7958184,0.0018592809,SAI,0.003141174,0.031774,0.11437295,0.002245896,0.84516275,0.0033032026
SAI,Monaco,2023,14.0,78.107,SAI,0.0031014886,0.035782505,0.05315548,0.0016368701,0.9045041,0.0018195842,SAI,0.0046536587,0.08990586,0.04648046,0.0023965815,0.8518517,0.004711753
SAI,Monaco,2023,15.0,77.883,SAI,0.00415621,0.02099897,0.31637868,0.0032101225,0.65216047,0.0030956042,SAI,0.0024076765,0.02010547,0.08397034,0.0018806019,0.89023745,0.0013984545
SAI,Monaco,2023,16.0,78.239,SAI,0.0051359073,0.36454222,0.060853906,0.0032356565,0.5645338,0.0016984512,SAI,0.0068221623,0.33299428,0.11352753,0.009047947,0.5336228,0.00398526
SAI,Monaco,2023,17.0,78.36,SAI,0.002738443,0.017217072,0.040956303,0.004053072,0.93332785,0.0017072622,SAI,0.0030842884,0.111334875,0.08424096,0.008035461,0.7880245,0.005279991
SAI,Monaco,2023,18.0,78.178,SAI,0.0018993431,0.013110142,0.030021321,0.0015030415,0.9521691,0.0012970571,SAI,0.001818828,0.0241263,0.029445373,0.0025305555,0.93777966,0.0042992844
SAI,Monaco,2023,19.0,77.999,SAI,0.0023925635,0.0052296505,0.0708913,0.0012376168,0.9194553,0.00079354306,SAI,0.0016402854,0.006164965,0.041017383,0.0017636714,0.94833356,0.0010801288
SAI,Monaco,2023,20.0,78.032,SAI,0.007231074,0.049031593,0.14456539,0.0053364076,0.7918247,0.002010904,SAI,0.0087594725,0.20286328,0.25722343,0.01324732,0.51309013,0.0048163594
SAI,Monaco,2023,21.0,78.006,SAI,0.0042570475,0.046229415,0.048203442,0.0028090044,0.89682984,0.0016712958,SAI,0.0057845167,0.08444812,0.08855744,0.006203635,0.80964345,0.005362835
SAI,Monaco,2023,22.0,78.007,LEC,0.07946069,0.043076415,0.49737325,0.030848889,0.32746536,0.021775402,SAI,0.013772502,0.030204283,0.21860392,0.012142651,0.7155022,0.009774473
SAI,Monaco,2023,23.0,78.006,SAI,0.0011314459,0.014372127,0.049968928,0.0015860585,0.93218374,0.00075766887,SAI,0.001411809,0.022559945,0.023711365,0.0023163648,0.9478515,0.0021490634
SAI,Monaco,2023,24.0,77.912,SAI,0.005650257,0.03437183,0.11631578,0.0025802534,0.83984905,0.0012327939,SAI,0.009787758,0.22854398,0.25429815,0.013823142,0.48723948,0.006307545
SAI,Monaco,2023,25.0,77.464,SAI,0.0036080128,0.031440224,0.07407975,0.0030141305,0.8860172,0.001840679,SAI,0.0038999598,0.026474064,0.0446812,0.00717837,0.91252077,0.0052456604
SAI,Monaco,2023,26.0,77.366,SAI,0.0045988215,0.031572882,0.07795914,0.0030826116,0.87977344,0.0030131203,SAI,0.0031466405,0.037137553,0.0699114,0.0067755617,0.8772955,0.0057333913
SAI,Monaco,2023,27.0,77.318,SAI,0.00485293,0.020234317,0.080099836,0.001438019,0.89225096,0.0011239727,SAI,0.0029445877,0.010608395,0.052269496,0.0014500793,0.93001676,0.0027107059
SAI,Monaco,2023,28.0,77.316,SAI,0.015176564,0.022687119,0.42501807,0.0044065895,0.5288715,0.0038401634,SAI,0.0061878935,0.008743368,0.17234705,0.0015397142,0.8048514,0.0063305823
SAI,Monaco,2023,29.0,77.171,SAI,0.0017556928,0.021086546,0.054900263,0.0017700815,0.91729003,0.0031973906,SAI,0.0021075294,0.022791838,0.018697148,0.0015125731,0.9466195,0.008271362
SAI,Monaco,2023,30.0,77.22,SAI,0.012154123,0.023638422,0.31389165,0.0026794588,0.64405394,0.003582403,SAI,0.010556946,0.037269104,0.26496053,0.0038923172,0.6738698,0.009451339
SAI,Monaco,2023,31.0,77.465,SAI,0.0017879321,0.02211549,0.05672037,0.0011874549,0.917179,0.0010097862,SAI,0.0013938245,0.01268258,0.03740937,0.0008571909,0.9434017,0.0042553437
SAI,Monaco,2023,32.0,77.18,SAI,0.002067371,0.018835085,0.08066263,0.0028847952,0.89279824,0.0027519297,SAI,0.0023704504,0.020484524,0.027083665,0.005583025,0.9391457,0.005332669
SAI,Monaco,2023,34.0,80.767,SAI,0.001026949,0.009630706,0.07791651,0.00067232293,0.910122,0.0006314772,SAI,0.0022296407,0.018080538,0.03911179,0.0011357673,0.9337825,0.005659789
SAI,Monaco,2023,35.0,76.628,SAI,0.0023184477,0.013466789,0.083765924,0.0014772662,0.897489,0.0014825362,SAI,0.0014836899,0.013109336,0.06305096,0.0013358743,0.91754353,0.0034765364
SAI,Monaco,2023,36.0,77.979,SAI,0.008706041,0.014677405,0.046948526,0.017805118,0.909178,0.0026849066,SAI,0.0028326223,0.022898195,0.08301384,0.009691435,0.876876,0.0046878685
SAI,Monaco,2023,37.0,77.565,SAI,0.0048042526,0.050962254,0.03309334,0.003501983,0.9040536,0.0035844971,SAI,0.0034316499,0.04479801,0.021651238,0.005549873,0.91655654,0.0080126515
SAI,Monaco,2023,38.0,76.786,SAI,0.02689392,0.026887488,0.41147563,0.023122616,0.5055162,0.0061041936,SAI,0.01629125,0.019837504,0.45578942,0.012220308,0.4802616,0.015599961
SAI,Monaco,2023,39.0,77.175,SAI,0.002098866,0.009149666,0.06830603,0.0008582435,0.9189481,0.0006390884,SAI,0.002727191,0.01102709,0.05459597,0.0010188926,0.9270673,0.0035635775
SAI,Monaco,2023,40.0,77.023,SAI,0.0024198594,0.03156271,0.04974046,0.016258072,0.8922825,0.00773639,SAI,0.0019748572,0.030146524,0.04286617,0.00980378,0.9041474,0.011061238
SAI,Monaco,2023,41.0,76.651,SAI,0.0057159886,0.052556057,0.25612965,0.0039440505,0.6792376,0.0024166887,SAI,0.0075502987,0.049588606,0.15047522,0.004191875,0.7796597,0.008534311
SAI,Monaco,2023,42.0,76.467,LEC,0.010525504,0.029379519,0.585366,0.004908829,0.36504936,0.004770809,SAI,0.0089378925,0.024125464,0.12623538,0.0031831372,0.8295182,0.007999945
SAI,Monaco,2023,43.0,76.449,SAI,0.0011088579,0.0066381297,0.039691772,0.0015794737,0.9501109,0.0008708581,SAI,0.0012848026,0.007897178,0.019300364,0.004153693,0.96538645,0.0019775308
SAI,Monaco,2023,44.0,77.76,SAI,0.013565675,0.09364959,0.16249207,0.017384965,0.7076394,0.005268267,SAI,0.009089288,0.07171048,0.17701456,0.02755809,0.70393425,0.0106933415
SAI,Monaco,2023,45.0,77.146,SAI,0.009721779,0.024646332,0.25801653,0.062459305,0.63160217,0.013553838,SAI,0.0064731925,0.016145138,0.31603044,0.026135424,0.59824157,0.0369742
SAI,Monaco,2023,46.0,77.22,SAI,0.0020855768,0.028455948,0.027822148,0.001671614,0.9384595,0.0015051737,SAI,0.0045321668,0.1156905,0.026615921,0.008057939,0.8387765,0.0063269623
SAI,Monaco,2023,47.0,76.732,SAI,0.007910946,0.019019749,0.16617842,0.0032488809,0.8017584,0.0018836363,SAI,0.0070603504,0.030357635,0.20169367,0.0048890347,0.74801695,0.007982337
SAI,Monaco,2023,48.0,76.561,SAI,0.0064227553,0.010898876,0.42459822,0.0044468283,0.5521612,0.0014720829,SAI,0.0048214705,0.008776293,0.09537617,0.0036239417,0.88532203,0.0020800447
SAI,Monaco,2023,49.0,77.014,SAI,0.001470846,0.024262989,0.047344737,0.0024805819,0.92359877,0.0008420227,SAI,0.0023227218,0.032550696,0.030687867,0.0053141224,0.9242945,0.0048301816
SAI,Monaco,2023,50.0,76.917,SAI,0.013108256,0.06318479,0.060834527,0.0061804918,0.85415494,0.0025369418,SAI,0.011263518,0.103112735,0.078568876,0.018010862,0.78069305,0.008350925
SAI,Monaco,2023,51.0,79.013,SAI,0.0033820872,0.055862498,0.11360211,0.0027186128,0.82318515,0.00124953,SAI,0.0051122666,0.08590425,0.049561795,0.0042436863,0.8511662,0.0040118415
VER,Monaco,2023,2.0,79.367,VER,0.0015880726,0.058081903,0.0022184511,0.07291415,0.0077631744,0.8574342,VER,0.0020573493,0.11748136,0.003779583,0.0782469,0.010189494,0.78824526
VER,Monaco,2023,3.0,79.074,VER,0.003332913,0.037107892,0.0043085073,0.021291615,0.0093388185,0.9246203,VER,0.0038863195,0.06457473,0.007807731,0.028837727,0.014952885,0.8799406
VER,Monaco,2023,4.0,78.129,VER,0.016693603,0.028652964,0.016358057,0.36732805,0.009732333,0.561235,VER,0.018597072,0.054180678,0.03316312,0.36705834,0.026872696,0.5001281
VER,Monaco,2023,5.0,78.019,VER,0.006248847,0.036674447,0.010019455,0.078650996,0.018201925,0.8502043,VER,0.006246556,0.12918435,0.010279945,0.030203281,0.017840197,0.8062457
VER,Monaco,2023,6.0,77.64,VER,0.008775139,0.037176944,0.010608288,0.09507703,0.008212929,0.8401497,VER,0.021765882,0.15733248,0.052562326,0.20684451,0.039222676,0.5222721
VER,Monaco,2023,7.0,77.633,VER,0.014996587,0.019947657,0.014232879,0.10166673,0.008186821,0.84096926,VER,0.041153386,0.096485175,0.062650345,0.3452782,0.02847815,0.4259547
VER,Monaco,2023,8.0,77.397,VER,0.0022179326,0.01682614,0.0026209694,0.03134644,0.0026859082,0.94430256,VER,0.019489618,0.16558987,0.04545982,0.24586551,0.05319424,0.47040093
VER,Monaco,2023,9.0,77.031,VER,0.0113380095,0.01227459,0.0057001254,0.03799876,0.002704804,0.9299837,VER,0.066288695,0.14758556,0.06187999,0.18403311,0.025091892,0.51512074
VER,Monaco,2023,10.0,77.084,VER,0.005296823,0.011490058,0.0036646186,0.026072647,0.0030507096,0.95042515,VER,0.040030975,0.1321006,0.057211734,0.3492554,0.032382824,0.38901845
VER,Monaco,2023,11.0,76.858,VER,0.009019265,0.08170214,0.030591298,0.20086423,0.016872138,0.6609509,HAM,0.013311241,0.5291103,0.07673063,0.21423723,0.031999417,0.13461119
VER,Monaco,2023,12.0,76.993,VER,0.0020531658,0.0070871017,0.001507254,0.025852265,0.0014487844,0.9620514,VER,0.019039229,0.089888714,0.030784095,0.3341953,0.027613336,0.49847937
VER,Monaco,2023,13.0,77.434,VER,0.0071721715,0.029935278,0.009559289,0.038776737,0.051964898,0.8625916,VER,0.0027430789,0.025555467,0.007833203,0.025007896,0.02896916,0.9098912
VER,Monaco,2023,14.0,77.065,VER,0.0041882475,0.014638791,0.0034794437,0.04668736,0.004306208,0.9266999,VER,0.013691745,0.2644646,0.016113678,0.110096924,0.02489577,0.5707373
VER,Monaco,2023,15.0,77.079,VER,0.004471122,0.008257638,0.0036087334,0.034646872,0.0022799752,0.9467356,VER,0.036957398,0.18106535,0.051549055,0.29343116,0.028487902,0.4085092
VER,Monaco,2023,16.0,76.824,VER,0.0080154,0.021301864,0.005180148,0.08834563,0.004302651,0.8728543,VER,0.024628375,0.14376213,0.028015148,0.2363816,0.024847092,0.5423657
VER,Monaco,2023,17.0,76.86,VER,0.011149298,0.00479677,0.0024148629,0.014655211,0.0010249169,0.96595895,NOR,0.14127585,0.13445216,0.13476051,0.29835075,0.026730206,0.26443052
VER,Monaco,2023,18.0,76.712,VER,0.0032897391,0.007141799,0.0020580408,0.03004003,0.0027070206,0.95476335,VER,0.020961853,0.10199103,0.028473856,0.23504767,0.033155084,0.5803705
VER,Monaco,2023,19.0,76.823,VER,0.0032829298,0.02121315,0.0059604677,0.050410606,0.009291811,0.90984106,VER,0.015887324,0.26258406,0.053009443,0.23711506,0.080121696,0.3512824
VER,Monaco,2023,20.0,77.214,VER,0.0052047763,0.007722474,0.0039474447,0.058032684,0.0024644732,0.92262816,VER,0.02644048,0.09605161,0.04464346,0.26156476,0.030767485,0.54053223
VER,Monaco,2023,21.0,76.803,VER,0.0022276712,0.017063387,0.003812801,0.029518254,0.0045105033,0.94286734,VER,0.017586531,0.2510037,0.038172863,0.23639424,0.041652195,0.41519043
VER,Monaco,2023,22.0,76.659,VER,0.01114999,0.007099007,0.0022560824,0.016918352,0.0011470872,0.9614295,VER,0.02412666,0.058148187,0.019942954,0.05857972,0.007892147,0.83131033
VER,Monaco,2023,23.0,76.604,VER,0.0022370564,0.01249517,0.0032888602,0.0107464185,0.0026544628,0.968578,VER,0.0026954722,0.0233579,0.0092801945,0.0150447,0.0047749556,0.9448468
VER,Monaco,2023,24.0,76.798,VER,0.01256616,0.015818914,0.008399416,0.057595044,0.0047420776,0.90087837,VER,0.048452377,0.083922505,0.062861316,0.20501438,0.029799838,0.5699496
VER,Monaco,2023,25.0,77.183,VER,0.06936274,0.009998896,0.0072660735,0.0382273,0.0033325506,0.8718124,VER,0.2438522,0.07261581,0.06487279,0.22259568,0.017920583,0.37814298
VER,Monaco,2023,26.0,77.212,VER,0.02165845,0.030036002,0.014364799,0.37028262,0.008275146,0.55538297,NOR,0.03357128,0.09906211,0.048928667,0.41038218,0.024734516,0.38332126
VER,Monaco,2023,27.0,77.259,VER,0.108771905,0.008265851,0.010950982,0.059967782,0.0018736001,0.8101699,ALO,0.28660268,0.05996052,0.17473806,0.2555746,0.019034242,0.20408988
VER,Monaco,2023,28.0,77.77,NOR,0.011545007,0.02179578,0.017457712,0.61677223,0.0035654563,0.3288638,NOR,0.03683967,0.06083076,0.11874097,0.6211792,0.021931779,0.1404776
VER,Monaco,2023,29.0,78.001,VER,0.0065779444,0.03570521,0.015605581,0.28788063,0.017116599,0.63711405,VER,0.016851792,0.27699155,0.09486938,0.19954492,0.117900364,0.293842
VER,Monaco,2023,30.0,78.16,ALO,0.5763911,0.022514267,0.031112118,0.13820544,0.0058574826,0.22591962,ALO,0.34947667,0.065143324,0.19404681,0.19878584,0.0673342,0.12521316
VER,Monaco,2023,31.0,78.741,VER,0.03416673,0.07253702,0.044783928,0.410364,0.020989895,0.41715842,NOR,0.036602616,0.18471453,0.210217,0.2923741,0.05615542,0.21993631
VER,Monaco,2023,32.0,78.816,ALO,0.58444977,0.027265448,0.043296214,0.22081499,0.005693442,0.118480146,ALO,0.42538458,0.06188316,0.13296133,0.30542374,0.014847898,0.05949926
VER,Monaco,2023,33.0,78.946,VER,0.017184995,0.067926794,0.03737231,0.13990381,0.012777297,0.7248348,VER,0.040283002,0.17285933,0.23570965,0.17898928,0.08250734,0.28965142
VER,Monaco,2023,34.0,78.044,VER,0.003953655,0.017802658,0.0076879896,0.05174014,0.0036067488,0.9152088,NOR,0.033322874,0.22245537,0.106328525,0.36313835,0.03883379,0.23592111
VER,Monaco,2023,35.0,78.024,NOR,0.013795114,0.025776887,0.036572155,0.661822,0.0060229152,0.2560109,NOR,0.02388533,0.080464736,0.22614528,0.53739023,0.033316076,0.09879834
VER,Monaco,2023,36.0,77.974,VER,0.018504716,0.020996623,0.009191008,0.029687788,0.002929029,0.9186908,NOR,0.1437331,0.17246424,0.1733268,0.29207408,0.034519155,0.18388261
VER,Monaco,2023,37.0,77.273,VER,0.15929371,0.003407773,0.002274858,0.0147440955,0.00090451277,0.8193751,VER,0.31481746,0.058051493,0.043149002,0.21488467,0.01451724,0.35458013
VER,Monaco,2023,38.0,77.122,VER,0.0065904707,0.037885524,0.0033443472,0.019286757,0.0037090427,0.9291839,VER,0.015380904,0.14822432,0.02008619,0.028614234,0.011587787,0.77610654
VER,Monaco,2023,39.0,76.966,VER,0.014478077,0.042160902,0.015159869,0.102624394,0.009582945,0.8159938,NOR,0.03413663,0.15010929,0.11559305,0.34100717,0.037819713,0.32133418
VER,Monaco,2023,40.0,77.161,ALO,0.60349077,0.0024506974,0.0011634368,0.020247336,0.00073531753,0.37191248,ALO,0.6863141,0.011435454,0.002231074,0.013629136,0.0012980199,0.28509218
VER,Monaco,2023,41.0,76.944,VER,0.021900846,0.002573385,0.0016996015,0.010696679,0.0015985613,0.96153086,VER,0.049213488,0.017706467,0.008501864,0.032766037,0.0047093234,0.8871029
VER,Monaco,2023,42.0,76.8,VER,0.014964088,0.0050752116,0.0036569987,0.14197491,0.0014291529,0.83289963,VER,0.029149443,0.023076376,0.013146786,0.14531036,0.0039825486,0.7853345
VER,Monaco,2023,43.0,76.963,VER,0.020730847,0.005575927,0.0018250698,0.029602695,0.0010427664,0.9412227,VER,0.049146514,0.015580322,0.008070987,0.06962914,0.004599841,0.85297316
VER,Monaco,2023,44.0,76.722,VER,0.0080029,0.015210461,0.0039897496,0.013935359,0.003017211,0.9558443,VER,0.014904153,0.06443157,0.011854251,0.016630273,0.0056406558,0.88653904
VER,Monaco,2023,45.0,76.701,VER,0.022880297,0.015264087,0.0064522317,0.028069936,0.004290082,0.9230434,VER,0.02292035,0.020471679,0.024982875,0.06802706,0.014762165,0.8488359
VER,Monaco,2023,46.0,77.075,VER,0.006755621,0.027496288,0.0066664815,0.18928479,0.0069832415,0.7628136,VER,0.012836304,0.079710364,0.027872708,0.30531672,0.028401501,0.54586244
VER,Monaco,2023,47.0,77.16,VER,0.0032351702,0.0090041105,0.0022532418,0.030238142,0.0020445883,0.9532247,VER,0.030131493,0.12418456,0.031412076,0.3307099,0.023477146,0.4600849
VER,Monaco,2023,48.0,77.065,VER,0.0064023794,0.024864187,0.008271913,0.10406568,0.006233371,0.85016245,VER,0.014363478,0.07991091,0.02414468,0.34312645,0.029836232,0.50861824
VER,Monaco,2023,49.0,77.428,NOR,0.0082239425,0.03657731,0.010111378,0.6659361,0.007063263,0.27208802,NOR,0.012031727,0.1141658,0.027885232,0.54024994,0.01734577,0.2883215
VER,Monaco,2023,50.0,77.314,VER,0.012204549,0.020706972,0.006107517,0.2809765,0.005709448,0.674295,NOR,0.019747023,0.10759619,0.05622822,0.65406567,0.018498627,0.14386426
VER,Monaco,2023,51.0,77.427,VER,0.0268267,0.011393008,0.006602397,0.2822999,0.007822522,0.66505545,VER,0.01457671,0.01447735,0.009940335,0.1593113,0.006361744,0.79533255
ALO,Silverstone,2023,2.0,94.419,ALO,0.8337763,0.024290875,0.04366942,0.07150101,0.00717965,0.019582767,ALO,0.8170823,0.008435234,0.026165893,0.1251958,0.0110073555,0.01211341
ALO,Silverstone,2023,3.0,93.424,ALO,0.9110815,0.0066407737,0.0161025,0.0386949,0.020245984,0.007234307,ALO,0.77741575,0.007135481,0.027696794,0.11171191,0.053878255,0.022161793
ALO,Silverstone,2023,4.0,93.156,ALO,0.7041357,0.01962579,0.06603627,0.08308508,0.10796137,0.019155813,ALO,0.57479066,0.03357178,0.09818618,0.10947718,0.15695699,0.02701722
ALO,Silverstone,2023,5.0,94.157,ALO,0.49854946,0.113486096,0.22971106,0.020175286,0.12737665,0.0107015,ALO,0.4308404,0.059970677,0.33913,0.01820291,0.14349298,0.008363011
ALO,Silverstone,2023,6.0,94.636,ALO,0.9062753,0.023330403,0.027155554,0.032143027,0.006253051,0.004842684,ALO,0.8745133,0.026781397,0.018995477,0.0489431,0.021289436,0.009477252
ALO,Silverstone,2023,7.0,94.645,ALO,0.71390116,0.024226213,0.03850905,0.07806139,0.07803744,0.067264706,ALO,0.62359107,0.033125333,0.032297414,0.060353454,0.14593017,0.10470259
ALO,Silverstone,2023,8.0,94.019,ALO,0.9036056,0.0118880905,0.01671418,0.05184942,0.008953672,0.006988998,ALO,0.86593,0.016142244,0.018154552,0.051983356,0.028002469,0.01978739
ALO,Silverstone,2023,9.0,93.657,ALO,0.9216441,0.017768458,0.014790802,0.03471458,0.008026588,0.0030555488,ALO,0.8623508,0.03715628,0.017942766,0.058056388,0.016054574,0.008439142
ALO,Silverstone,2023,10.0,93.711,ALO,0.9366395,0.00697624,0.00714025,0.0450041,0.0022898307,0.0019501053,ALO,0.96386915,0.004130311,0.004110731,0.02058257,0.004767886,0.0025393683
ALO,Silverstone,2023,11.0,93.737,ALO,0.82140183,0.0064008,0.011784044,0.14955322,0.0046681412,0.006191949,ALO,0.72657514,0.0038313493,0.008875176,0.24366018,0.00761694,0.0094412
ALO,Silverstone,2023,12.0,93.951,ALO,0.83857787,0.06801037,0.05230662,0.011299298,0.025972813,0.0038330492,ALO,0.66526866,0.20834683,0.03893552,0.011572069,0.067839734,0.008037163
ALO,Silverstone,2023,13.0,93.565,ALO,0.8846524,0.018868798,0.015078734,0.037699323,0.018078791,0.025621952,ALO,0.74601185,0.05003401,0.010266084,0.1113323,0.039363626,0.042992096
ALO,Silverstone,2023,14.0,93.88,ALO,0.54713565,0.21783051,0.089159355,0.012324683,0.13065353,0.0028962814,ALO,0.59050894,0.23738286,0.057257425,0.004255173,0.106927894,0.0036677178
ALO,Silverstone,2023,15.0,93.736,VER,0.29293302,0.09314435,0.058652718,0.21246508,0.031797506,0.31100732,VER,0.058519922,0.19225445,0.04289758,0.23479629,0.11366601,0.35786578
ALO,Silverstone,2023,16.0,93.437,ALO,0.59171176,0.03029997,0.015042656,0.32651,0.01521566,0.021219986,ALO,0.71095794,0.012933443,0.00945136,0.23236202,0.011825834,0.022469383
ALO,Silverstone,2023,17.0,93.188,ALO,0.5957389,0.0805317,0.057379395,0.089506015,0.13227612,0.044567823,ALO,0.26557204,0.23586912,0.03161761,0.08183555,0.22617938,0.15892626
ALO,Silverstone,2023,18.0,93.317,ALO,0.35682112,0.20810665,0.03572167,0.21312445,0.07166642,0.11455969,HAM,0.055573657,0.32351467,0.022116676,0.24185003,0.09415878,0.2627862
ALO,Silverstone,2023,19.0,93.185,ALO,0.64239216,0.15847881,0.09408819,0.04095279,0.052443933,0.011644139,HAM,0.24743299,0.39840198,0.13974987,0.144906,0.05221279,0.017296396
ALO,Silverstone,2023,20.0,93.016,ALO,0.7070621,0.047588732,0.015669428,0.20785981,0.011363003,0.010456828,NOR,0.43965638,0.058187287,0.01447822,0.4538132,0.018004892,0.015860016
ALO,Silverstone,2023,21.0,93.19,ALO,0.8413571,0.04721304,0.03776916,0.052225456,0.010956132,0.010479079,ALO,0.5763038,0.117696345,0.025859319,0.2174445,0.0411904,0.021505695
ALO,Silverstone,2023,22.0,93.092,ALO,0.51944596,0.019343667,0.013527841,0.2945859,0.017915562,0.13518108,NOR,0.222053,0.03447144,0.012731305,0.49667588,0.024558816,0.20950958
ALO,Silverstone,2023,23.0,93.026,ALO,0.49276218,0.20740826,0.11358641,0.011381534,0.16911031,0.0057513034,HAM,0.25910154,0.41754195,0.13011603,0.015984273,0.17108868,0.00616751
ALO,Silverstone,2023,24.0,93.017,ALO,0.59049225,0.09150314,0.13135934,0.020509353,0.16087736,0.0052585746,HAM,0.35893306,0.38922155,0.040533263,0.013720547,0.18774222,0.009849411
ALO,Silverstone,2023,25.0,93.078,ALO,0.4804883,0.30366,0.062144663,0.087142475,0.05136461,0.0151999835,HAM,0.24448721,0.4678495,0.031993717,0.13755724,0.096116394,0.02199597
ALO,Silverstone,2023,26.0,93.152,ALO,0.72890955,0.081789084,0.05966655,0.051421583,0.053572938,0.024640331,ALO,0.40293676,0.20240198,0.051889356,0.06323676,0.22695771,0.05257746
ALO,Silverstone,2023,27.0,92.914,ALO,0.83613515,0.042215787,0.039671045,0.019585814,0.054828495,0.007563738,ALO,0.46957973,0.2748927,0.038152903,0.055567335,0.14078927,0.021018054
ALO,Silverstone,2023,28.0,92.744,ALO,0.42097872,0.05064856,0.023940451,0.28675556,0.027929729,0.18974698,NOR,0.07697859,0.10050091,0.016979912,0.5610427,0.03339945,0.2110984
ALO,Silverstone,2023,29.0,92.727,ALO,0.7968352,0.049768914,0.017821513,0.104092166,0.017926559,0.013555714,ALO,0.67832756,0.09890621,0.034324832,0.14169101,0.03265273,0.014097594
ALO,Silverstone,2023,30.0,92.686,ALO,0.70280105,0.04163597,0.060292903,0.13273285,0.013335007,0.049202185,NOR,0.34330788,0.121742025,0.031309403,0.40399498,0.034035947,0.06560981
ALO,Silverstone,2023,31.0,92.916,ALO,0.8094889,0.084217064,0.03197545,0.014421165,0.056447886,0.0034494968,ALO,0.4316403,0.30881828,0.030416781,0.017171778,0.20398566,0.007967166
ALO,Silverstone,2023,39.0,92.32,LEC,0.19095024,0.050565924,0.4421294,0.028860586,0.27920648,0.0082873395,LEC,0.31118977,0.05602882,0.37857455,0.021979108,0.22325937,0.008968327
ALO,Silverstone,2023,40.0,91.691,ALO,0.8922138,0.022849746,0.033780955,0.00936409,0.03811833,0.0036730396,ALO,0.5484177,0.22812754,0.055168416,0.035586115,0.12053155,0.012168712
ALO,Silverstone,2023,41.0,91.652,ALO,0.71046275,0.1168651,0.038771853,0.073904164,0.02959831,0.030397817,ALO,0.35668144,0.28418022,0.04845346,0.21228546,0.045063633,0.053335767
ALO,Silverstone,2023,42.0,91.829,ALO,0.7311666,0.020328097,0.01112851,0.19359292,0.013553809,0.030230064,NOR,0.23421985,0.044634253,0.011753572,0.64452624,0.019399676,0.04546644
ALO,Silverstone,2023,43.0,91.747,ALO,0.4139819,0.21110411,0.22547515,0.009136528,0.13662487,0.0036774722,LEC,0.17760222,0.23853377,0.4842886,0.0077470695,0.08662862,0.0051997
ALO,Silverstone,2023,44.0,92.131,ALO,0.64739484,0.032656286,0.05396557,0.12511642,0.051452678,0.08941423,VER,0.22455744,0.066950455,0.07603325,0.14987956,0.20481993,0.27775934
ALO,Silverstone,2023,45.0,92.036,HAM,0.14228584,0.4239476,0.07156376,0.057034433,0.28717566,0.017992707,HAM,0.024185847,0.6621259,0.049782462,0.01897091,0.22106929,0.023865612
ALO,Silverstone,2023,46.0,92.891,ALO,0.37435576,0.28592736,0.05936653,0.09835007,0.15742177,0.02457855,HAM,0.059561312,0.75580716,0.058081124,0.033894315,0.049973533,0.042682525
ALO,Silverstone,2023,47.0,91.828,ALO,0.72811556,0.054357655,0.063729525,0.12664625,0.016887568,0.010263439,ALO,0.5834921,0.09263748,0.027495844,0.24028507,0.027616974,0.02847256
ALO,Silverstone,2023,48.0,91.338,ALO,0.7692437,0.04241814,0.020015918,0.13468339,0.012644544,0.020994313,NOR,0.14702575,0.20111877,0.032789607,0.47865954,0.039924372,0.10048201
ALO,Silverstone,2023,49.0,92.075,HAM,0.16890766,0.3872779,0.057452843,0.0680707,0.29352748,0.024763409,HAM,0.04886444,0.7504373,0.02860429,0.012417426,0.124011375,0.0356652
ALO,Silverstone,2023,50.0,91.999,HAM,0.23865171,0.3252424,0.04867236,0.042579662,0.305491,0.03936287,HAM,0.027004842,0.6832935,0.024319068,0.0110623995,0.21094403,0.043376107
ALO,Silverstone,2023,51.0,91.93,HAM,0.17134666,0.4658227,0.09592369,0.05723873,0.18865259,0.021015625,HAM,0.045067385,0.7476958,0.041798122,0.025398027,0.10266818,0.037372474
ALO,Silverstone,2023,52.0,91.711,HAM,0.13025407,0.28073713,0.073844016,0.16008417,0.26062483,0.09445578,HAM,0.096107855,0.52375615,0.028779034,0.023667319,0.20975225,0.11793743
HAM,Silverstone,2023,2.0,94.361,LEC,0.0082421545,0.13502981,0.7090825,0.0020622737,0.14464043,0.00094285904,LEC,0.006801806,0.02764245,0.82409817,0.0010130366,0.13878624,0.0016582867
HAM,Silverstone,2023,3.0,93.662,LEC,0.0480241,0.15691637,0.5779588,0.009041826,0.20523772,0.002821194,LEC,0.0146144405,0.13912952,0.72097117,0.0034117023,0.11959018,0.00228294
HAM,Silverstone,2023,4.0,93.086,LEC,0.028521791,0.15325089,0.7520632,0.0067982227,0.057220064,0.0021458413,LEC,0.008251175,0.1289984,0.80970067,0.0021395206,0.049396917,0.0015133511
HAM,Silverstone,2023,5.0,93.718,LEC,0.016281348,0.17284411,0.63723814,0.0055011944,0.16708559,0.0010496445,LEC,0.026804885,0.20831917,0.6470805,0.0021448333,0.1141336,0.0015170192
HAM,Silverstone,2023,6.0,94.556,SAI,0.0041364464,0.082985304,0.14612122,0.0017142273,0.761031,0.004011805,SAI,0.0063683763,0.017507104,0.3108969,0.0018639213,0.66028935,0.0030743692
HAM,Silverstone,2023,7.0,93.328,LEC,0.004288655,0.29535183,0.48058492,0.0064488393,0.21097255,0.0023532554,LEC,0.001636638,0.034127694,0.58417463,0.0023791003,0.37410942,0.0035724896
HAM,Silverstone,2023,8.0,93.483,HAM,0.041319232,0.411455,0.36836988,0.017407538,0.14894865,0.012499695,LEC,0.0064833337,0.2592667,0.6080912,0.012580085,0.10713271,0.006445988
HAM,Silverstone,2023,9.0,93.331,SAI,0.0032337084,0.32083267,0.20589088,0.010964211,0.4555468,0.003531738,SAI,0.002202771,0.15875213,0.05584871,0.0031445588,0.7768606,0.0031912941
HAM,Silverstone,2023,10.0,93.624,HAM,0.09795175,0.7229461,0.10577712,0.01201819,0.056701247,0.0046056174,HAM,0.013285705,0.8497947,0.09355251,0.014804112,0.024283627,0.0042793835
HAM,Silverstone,2023,11.0,93.519,HAM,0.0026731645,0.73721564,0.17098229,0.006028785,0.0809567,0.0021434603,HAM,0.0029918232,0.812185,0.033314507,0.0024092728,0.14651829,0.002581106
HAM,Silverstone,2023,12.0,93.908,HAM,0.0035668707,0.590684,0.1702892,0.0054689045,0.22812772,0.0018632989,SAI,0.0024316297,0.31238863,0.021311006,0.0014331888,0.66039544,0.0020401224
HAM,Silverstone,2023,13.0,93.28,HAM,0.0037893911,0.7649221,0.1412917,0.003429434,0.0847035,0.0018638897,HAM,0.003922322,0.79821396,0.08277336,0.002226318,0.11059671,0.002267294
HAM,Silverstone,2023,14.0,93.324,HAM,0.008761793,0.7988751,0.099963635,0.008489408,0.08099803,0.0029120662,HAM,0.009768914,0.5905039,0.3003152,0.004855509,0.0906978,0.0038586948
HAM,Silverstone,2023,15.0,93.156,HAM,0.031631425,0.7423921,0.08531445,0.014037391,0.11514212,0.011482472,HAM,0.028161025,0.6957243,0.06656105,0.010323469,0.16322294,0.03600726
HAM,Silverstone,2023,16.0,92.931,HAM,0.02416337,0.58685166,0.19405831,0.03498361,0.15328412,0.0066589876,HAM,0.016742058,0.6976926,0.08539436,0.009277264,0.18324582,0.0076479497
HAM,Silverstone,2023,17.0,93.12,ALO,0.48028007,0.14429753,0.09116537,0.19757909,0.06290706,0.02377091,ALO,0.70647603,0.12839417,0.04750683,0.03592477,0.04278452,0.038913697
HAM,Silverstone,2023,18.0,93.313,HAM,0.034165967,0.4001602,0.04138663,0.3329878,0.092191584,0.09910785,VER,0.016142972,0.2844015,0.010033317,0.021717522,0.13026336,0.5374413
HAM,Silverstone,2023,19.0,93.201,HAM,0.011982085,0.7439747,0.10411147,0.010186525,0.12706599,0.00267918,HAM,0.0068328506,0.669059,0.02897216,0.0028582907,0.28883013,0.0034475431
HAM,Silverstone,2023,20.0,92.956,HAM,0.04394541,0.44290563,0.26657984,0.04441082,0.16013345,0.04202488,SAI,0.013603304,0.31312597,0.032391112,0.044339072,0.5424977,0.05404288
HAM,Silverstone,2023,21.0,92.779,HAM,0.041215416,0.52397364,0.2131148,0.026366541,0.18521132,0.010118258,HAM,0.008655197,0.6520902,0.017180026,0.010282732,0.30552626,0.0062656496
HAM,Silverstone,2023,22.0,92.821,LEC,0.03141296,0.18499705,0.63793135,0.005271174,0.13831289,0.0020746288,LEC,0.028909426,0.26090974,0.5600942,0.0023843842,0.14535235,0.0023498836
HAM,Silverstone,2023,23.0,92.974,LEC,0.044296976,0.3125954,0.55015546,0.009748721,0.07969646,0.0035069834,LEC,0.0320077,0.41317737,0.495599,0.004057359,0.051312782,0.003845761
HAM,Silverstone,2023,24.0,92.703,LEC,0.00330822,0.2837409,0.562675,0.0075901314,0.14069897,0.001986714,LEC,0.002602451,0.12310841,0.8358843,0.0012468912,0.035445247,0.0017126639
HAM,Silverstone,2023,25.0,93.087,HAM,0.014361946,0.5960836,0.28041112,0.013127535,0.09303819,0.002977635,HAM,0.003953623,0.8182728,0.10044407,0.0037886358,0.07061467,0.0029261862
HAM,Silverstone,2023,26.0,92.769,LEC,0.006701963,0.24047609,0.59846365,0.016075104,0.13578358,0.0024996188,LEC,0.0038199753,0.17854899,0.62808543,0.0044114757,0.18201947,0.0031146482
HAM,Silverstone,2023,27.0,92.714,HAM,0.08244155,0.40922862,0.27827317,0.020828385,0.20111981,0.008108497,HAM,0.02043568,0.3916622,0.36037716,0.02574621,0.19319138,0.008587333
HAM,Silverstone,2023,28.0,92.32,HAM,0.0062630023,0.6533182,0.15457389,0.014668747,0.1687855,0.0023906264,HAM,0.003828451,0.7618327,0.046506587,0.0048536365,0.17885642,0.0041221613
HAM,Silverstone,2023,29.0,92.155,HAM,0.004585022,0.600463,0.12517998,0.006471155,0.25863335,0.0046674814,HAM,0.0044388603,0.7888727,0.023616308,0.0017586566,0.1788634,0.0024500487
HAM,Silverstone,2023,30.0,92.246,HAM,0.0060107107,0.76598096,0.10453573,0.0052715233,0.113941655,0.0042594243,HAM,0.003133732,0.82279086,0.024178665,0.0027814207,0.14404675,0.0030685938
HAM,Silverstone,2023,31.0,92.744,SAI,0.044273265,0.18950512,0.17519115,0.023438,0.5559639,0.011628623,LEC,0.031771038,0.20321256,0.3648386,0.013713485,0.35819554,0.028268786
HAM,Silverstone,2023,32.0,95.161,SAI,0.0051131914,0.24873027,0.15329526,0.003554395,0.5878816,0.0014252394,HAM,0.0023180086,0.48831493,0.17108095,0.0022352731,0.3338989,0.0021519559
HAM,Silverstone,2023,39.0,91.427,LEC,0.029112479,0.13416436,0.630767,0.0027969168,0.19764487,0.005514364,LEC,0.1011667,0.008828898,0.67050403,0.002281053,0.21280825,0.0044110743
HAM,Silverstone,2023,40.0,91.279,HAM,0.0021317312,0.48588037,0.40513158,0.008476381,0.09636905,0.0020108693,HAM,0.0045533176,0.58431536,0.24155085,0.009859625,0.15399669,0.0057241744
HAM,Silverstone,2023,41.0,90.673,LEC,0.018350815,0.14902091,0.72538364,0.0070972983,0.09738748,0.00275986,LEC,0.004855391,0.03032416,0.9428809,0.0017215686,0.019373616,0.00084434135
HAM,Silverstone,2023,42.0,91.042,LEC,0.0121380165,0.035934955,0.7952096,0.002921898,0.15270521,0.0010903376,LEC,0.006715804,0.011349592,0.873831,0.00095139956,0.106499024,0.00065317994
HAM,Silverstone,2023,43.0,90.545,LEC,0.010087527,0.10120169,0.65875685,0.009880636,0.21758266,0.0024906,LEC,0.0028518436,0.034225423,0.935733,0.0016698521,0.024299316,0.0012205859
HAM,Silverstone,2023,44.0,91.589,SAI,0.010742976,0.28756636,0.2626731,0.0067747207,0.42867827,0.0035646039,HAM,0.003315141,0.3846192,0.25111252,0.003150432,0.35386273,0.003939937
HAM,Silverstone,2023,45.0,91.359,HAM,0.01168383,0.50462556,0.32790163,0.012527503,0.13908394,0.0041775107,HAM,0.007741811,0.55757475,0.063008495,0.00800842,0.3575906,0.006075931
HAM,Silverstone,2023,46.0,91.559,HAM,0.005480908,0.61916876,0.23912191,0.017997859,0.11518268,0.0030478847,HAM,0.009634373,0.75739104,0.06180154,0.006931075,0.15777458,0.006467336
HAM,Silverstone,2023,47.0,91.248,HAM,0.035577096,0.4587215,0.455065,0.009168617,0.039417133,0.0020506803,LEC,0.014554796,0.24506967,0.7071238,0.0042497423,0.027026234,0.0019757596
HAM,Silverstone,2023,48.0,91.152,SAI,0.00822843,0.29339248,0.3185584,0.012427938,0.36119366,0.006199118,SAI,0.014701337,0.2169107,0.12512535,0.004191606,0.6316419,0.0074290372
HAM,Silverstone,2023,49.0,91.286,HAM,0.00743586,0.4450998,0.21764776,0.0151683865,0.31068355,0.003964665,LEC,0.011378537,0.27736583,0.40735608,0.004562398,0.29292795,0.0064092004
HAM,Silverstone,2023,50.0,91.526,HAM,0.00684722,0.74187815,0.16127229,0.0070526493,0.08020455,0.0027451508,HAM,0.0041273944,0.7966087,0.101835385,0.0040091905,0.08986671,0.0035525928
HAM,Silverstone,2023,51.0,91.703,LEC,0.007730262,0.25371572,0.5755432,0.0041990746,0.15572238,0.0030893635,LEC,0.015198263,0.2440299,0.55909634,0.004356834,0.17127769,0.0060409675
HAM,Silverstone,2023,52.0,91.823,LEC,0.0023484917,0.07124984,0.8564316,0.005151919,0.0635996,0.001218493,LEC,0.0025164336,0.03817013,0.918813,0.001182288,0.037973993,0.0013441743
LEC,Silverstone,2023,2.0,93.994,LEC,0.014239454,0.091411844,0.57087785,0.0040361453,0.31805435,0.0013803109,LEC,0.010330645,0.058345374,0.63014615,0.0015738823,0.29832232,0.0012816712
LEC,Silverstone,2023,3.0,92.934,LEC,0.0073358286,0.096120514,0.6181601,0.0047177803,0.27208838,0.0015773871,LEC,0.0053481674,0.032018993,0.83816856,0.0017758585,0.12146205,0.0012264133
LEC,Silverstone,2023,4.0,92.961,LEC,0.0054098307,0.07257191,0.57210195,0.00835439,0.3399772,0.0015847376,LEC,0.0022792537,0.029104836,0.80311495,0.0019816689,0.16200145,0.0015177892
LEC,Silverstone,2023,5.0,94.409,LEC,0.048545316,0.19658743,0.65286,0.005710683,0.09377679,0.0025197973,LEC,0.03972625,0.1765763,0.74620104,0.002057842,0.034024015,0.0014145526
LEC,Silverstone,2023,6.0,93.761,HAM,0.013328741,0.52304256,0.18992276,0.015536112,0.25272992,0.0054398607,SAI,0.011488817,0.40408665,0.11990049,0.00614667,0.45134145,0.00703593
LEC,Silverstone,2023,7.0,93.403,SAI,0.0030090408,0.081023045,0.086268246,0.0076989136,0.8195858,0.0024149471,SAI,0.0012055258,0.008993359,0.03145931,0.0014481646,0.9553964,0.0014971603
LEC,Silverstone,2023,8.0,93.244,HAM,0.004582919,0.8409106,0.07379326,0.018668696,0.05791166,0.004132847,HAM,0.004812644,0.87332964,0.022983763,0.009292387,0.08348615,0.0060954047
LEC,Silverstone,2023,9.0,93.087,SAI,0.013380074,0.2049623,0.3523969,0.026245188,0.39762527,0.0053903125,LEC,0.019840395,0.18197049,0.6134331,0.008747028,0.16973327,0.006275719
LEC,Silverstone,2023,10.0,93.167,LEC,0.04345091,0.16559313,0.6709162,0.005234634,0.112995684,0.0018094181,LEC,0.05238676,0.08242383,0.8374451,0.0022036305,0.023838101,0.0017025789
LEC,Silverstone,2023,11.0,93.048,LEC,0.0044025774,0.3642466,0.37226385,0.012861902,0.24327801,0.0029470646,LEC,0.0059262486,0.29584035,0.5424834,0.0062291324,0.14474005,0.004780802
LEC,Silverstone,2023,12.0,93.621,HAM,0.0042090407,0.4822193,0.27196747,0.009726787,0.22907944,0.0027979866,SAI,0.0040407814,0.3002606,0.0340315,0.00235135,0.65561914,0.00369665
LEC,Silverstone,2023,13.0,93.214,LEC,0.004831861,0.20526743,0.60017526,0.026281018,0.15989605,0.0035484117,SAI,0.010332434,0.20316054,0.06916508,0.010622739,0.6992236,0.007495674
LEC,Silverstone,2023,14.0,93.523,HAM,0.0046492843,0.36615413,0.3060139,0.011859078,0.30738074,0.003942806,SAI,0.0033702676,0.19677508,0.053634223,0.0051073693,0.7354865,0.005626546
LEC,Silverstone,2023,15.0,93.542,LEC,0.012933004,0.29844132,0.34879237,0.047804788,0.28501433,0.0070141284,SAI,0.010247314,0.2267249,0.069153905,0.010498408,0.6754948,0.007880662
LEC,Silverstone,2023,16.0,93.248,SAI,0.0033245003,0.24460429,0.1119813,0.014832215,0.62158555,0.0036722014,SAI,0.001815143,0.030584816,0.14672081,0.004044014,0.81423813,0.0025970638
LEC,Silverstone,2023,17.0,93.151,HAM,0.010686331,0.62804157,0.0734942,0.0215186,0.2596143,0.0066450145,HAM,0.00520594,0.51391107,0.014139018,0.0030616287,0.455982,0.00770037
LEC,Silverstone,2023,18.0,92.475,HAM,0.0070063234,0.49080005,0.1668743,0.009542363,0.31912124,0.006655705,HAM,0.007264132,0.6743284,0.013576286,0.0037274305,0.29238397,0.008719819
LEC,Silverstone,2023,20.0,92.87,HAM,0.004744547,0.51467794,0.21897282,0.012348486,0.24626978,0.0029864525,HAM,0.0068957396,0.73119074,0.06717644,0.007002441,0.18062603,0.0071086143
LEC,Silverstone,2023,21.0,92.848,LEC,0.041169677,0.2727934,0.3745232,0.101271816,0.20181718,0.008424707,LEC,0.027089417,0.2932462,0.37971413,0.08009697,0.20738055,0.012472739
LEC,Silverstone,2023,22.0,93.035,SAI,0.002498282,0.09150329,0.052789412,0.009200567,0.84193766,0.002070784,SAI,0.0018222368,0.045875866,0.022734167,0.002123667,0.9248908,0.0025532632
LEC,Silverstone,2023,23.0,92.554,SAI,0.0036360973,0.43229198,0.10377166,0.017230285,0.4405739,0.002496059,HAM,0.0029238034,0.5247653,0.030687183,0.004623342,0.43375877,0.0032415804
LEC,Silverstone,2023,24.0,92.731,SAI,0.0037582032,0.0741897,0.1050301,0.0059956345,0.808987,0.0020393662,SAI,0.0027471017,0.039334696,0.0317746,0.0021858695,0.9217681,0.0021896353
LEC,Silverstone,2023,25.0,92.798,LEC,0.06023474,0.19576143,0.40115646,0.004257296,0.33629128,0.0022987865,LEC,0.030662823,0.374724,0.42486337,0.0020790033,0.16615567,0.0015151202
LEC,Silverstone,2023,26.0,92.794,HAM,0.0108436,0.5129479,0.279934,0.011386261,0.1804979,0.004390345,HAM,0.005021413,0.64075977,0.016227799,0.0045386776,0.32922837,0.0042240242
LEC,Silverstone,2023,27.0,92.942,SAI,0.00378656,0.14313911,0.06801479,0.0042517264,0.7788368,0.0019710772,SAI,0.0029475058,0.18534069,0.030254057,0.0021060265,0.77701855,0.0023331828
LEC,Silverstone,2023,28.0,92.814,LEC,0.005684999,0.3199496,0.47333896,0.009516728,0.18758956,0.0039201844,SAI,0.0080065755,0.23190728,0.06612474,0.0057240534,0.68212557,0.006111765
LEC,Silverstone,2023,29.0,92.658,HAM,0.010568833,0.6173601,0.16536805,0.004659016,0.19936012,0.0026838991,HAM,0.0042129518,0.5929543,0.11218145,0.0029038042,0.28393006,0.0038174666
LEC,Silverstone,2023,30.0,92.464,HAM,0.0057590907,0.52044237,0.16733578,0.015396392,0.28708962,0.003976724,SAI,0.0073544965,0.36616975,0.11458503,0.0055192374,0.49988213,0.006489312
LEC,Silverstone,2023,31.0,93.233,LEC,0.043420855,0.06556021,0.85849214,0.0059196674,0.02543834,0.0011687862,LEC,0.03324336,0.037194166,0.8876844,0.0016409176,0.039206777,0.0010303699
LEC,Silverstone,2023,32.0,96.215,SAI,0.0014547381,0.040103015,0.29555586,0.004908943,0.65720946,0.0007680109,SAI,0.0048381416,0.08636861,0.26692033,0.0021731881,0.63676494,0.00293474
LEC,Silverstone,2023,39.0,92.5,SAI,0.023154926,0.05255627,0.4345576,0.0023283823,0.4862114,0.001191402,LEC,0.03559557,0.02566239,0.59375364,0.0010757032,0.34297633,0.0009363473
LEC,Silverstone,2023,40.0,92.234,LEC,0.010053303,0.122824095,0.7903792,0.0048587574,0.07033289,0.0015516614,LEC,0.008127306,0.11516539,0.8133897,0.001275293,0.060687665,0.0013546026
LEC,Silverstone,2023,41.0,91.286,LEC,0.005174633,0.053203266,0.6511592,0.002377739,0.28690666,0.0011785219,LEC,0.006909727,0.040816825,0.5815162,0.0015122392,0.36760336,0.0016416525
LEC,Silverstone,2023,42.0,91.926,LEC,0.008999276,0.08973914,0.5416619,0.0018111003,0.3564549,0.0013336571,LEC,0.016824687,0.15362309,0.46738806,0.0015033302,0.35894132,0.0017195754
LEC,Silverstone,2023,43.0,92.052,LEC,0.007734678,0.050254036,0.7444684,0.0014041152,0.1952241,0.00091469265,LEC,0.01599798,0.053749956,0.6327728,0.001523897,0.29454076,0.0014146416
LEC,Silverstone,2023,44.0,92.815,LEC,0.010829171,0.15426639,0.50383973,0.0046844487,0.3244908,0.0018894394,LEC,0.007567508,0.07795896,0.54916805,0.002025487,0.36135438,0.0019256269
LEC,Silverstone,2023,45.0,91.9,LEC,0.035732295,0.073967494,0.77164537,0.0025720494,0.11485187,0.0012309074,LEC,0.02465289,0.05197023,0.860731,0.0011401337,0.06023297,0.0012727629
LEC,Silverstone,2023,46.0,91.85,HAM,0.043061625,0.51461005,0.32260737,0.0057033617,0.111468635,0.0025489782,HAM,0.035760466,0.5008259,0.3789899,0.0021486888,0.07913868,0.0031363426
LEC,Silverstone,2023,47.0,91.36,LEC,0.037457343,0.12136825,0.7443296,0.006175966,0.089003384,0.0016654329,LEC,0.029497724,0.067824125,0.8222417,0.0013428424,0.07768317,0.0014104295
LEC,Silverstone,2023,48.0,91.255,LEC,0.0123625025,0.03745741,0.83441603,0.0027554538,0.112300724,0.0007079277,LEC,0.03622443,0.051416673,0.6459529,0.0019453708,0.26199925,0.0024613752
LEC,Silverstone,2023,49.0,91.781,LEC,0.021205237,0.05483994,0.5774846,0.0029912398,0.3422746,0.0012043401,SAI,0.026640413,0.22317168,0.2883174,0.0033928805,0.45608875,0.0023888065
LEC,Silverstone,2023,50.0,91.716,LEC,0.008536423,0.028833568,0.757552,0.0022555313,0.2020481,0.0007743399,SAI,0.020770406,0.058480345,0.41340122,0.0027020439,0.5024764,0.0021695956
LEC,Silverstone,2023,51.0,91.763,LEC,0.30417988,0.12069123,0.32533443,0.012916641,0.22999288,0.006884939,HAM,0.22625513,0.4405678,0.0656512,0.0073592355,0.24912663,0.011039988
LEC,Silverstone,2023,52.0,92.257,LEC,0.002715872,0.016483054,0.49724627,0.0010962043,0.48164228,0.0008163813,SAI,0.0030503436,0.0050610253,0.37373722,0.00079847354,0.616644,0.00070891913
NOR,Silverstone,2023,1.0,96.551,HAM,0.158358,0.42838034,0.09053928,0.214646,0.05805425,0.050022196,HAM,0.102805786,0.5383085,0.05083199,0.10005348,0.056918595,0.1510817
NOR,Silverstone,2023,2.0,93.046,VER,0.019354027,0.008406408,0.007976667,0.35200804,0.0041703032,0.6080845,VER,0.004002054,0.0014799928,0.0010963129,0.028447898,0.0019341062,0.96303964
NOR,Silverstone,2023,3.0,93.18,VER,0.014741268,0.017951995,0.006633302,0.088173136,0.0077636847,0.86473656,VER,0.02162335,0.015716538,0.002639017,0.036007278,0.0098661315,0.91414773
NOR,Silverstone,2023,4.0,92.772,VER,0.006861517,0.006987999,0.0023673407,0.41911417,0.0021340556,0.5625349,VER,0.0033651926,0.001920833,0.0009621313,0.06525477,0.0019814952,0.9265156
NOR,Silverstone,2023,5.0,93.914,NOR,0.008141935,0.008077926,0.0057274904,0.83891314,0.0019798104,0.13715973,VER,0.004179892,0.0016008547,0.0017466741,0.08634483,0.0015317819,0.904596
NOR,Silverstone,2023,6.0,93.112,NOR,0.01973491,0.05994099,0.016692663,0.55139375,0.015631622,0.33660603,VER,0.0028127846,0.0061288397,0.0016998005,0.03265792,0.007020848,0.9496798
NOR,Silverstone,2023,7.0,93.19,NOR,0.027570125,0.042938743,0.013834119,0.80513984,0.014900839,0.09561632,NOR,0.02080293,0.06620764,0.018029932,0.5885143,0.02819049,0.27825463
NOR,Silverstone,2023,8.0,93.101,NOR,0.047434285,0.020127293,0.026139539,0.47666624,0.017922575,0.41171002,VER,0.009956868,0.0044308766,0.0054971296,0.45986575,0.014851948,0.50539744
NOR,Silverstone,2023,9.0,92.612,NOR,0.053624183,0.0061402568,0.005618939,0.8543606,0.0038474982,0.0764085,NOR,0.025945315,0.004660824,0.0038313235,0.849853,0.0050179926,0.110691555
NOR,Silverstone,2023,10.0,92.977,NOR,0.051054243,0.010046933,0.011330439,0.6864769,0.008408905,0.23268265,NOR,0.032369357,0.006370559,0.010278772,0.738111,0.019275393,0.19359492
NOR,Silverstone,2023,11.0,92.978,NOR,0.19948906,0.079013854,0.036573756,0.5483536,0.030724198,0.10584552,NOR,0.05964775,0.04673544,0.024805758,0.46847212,0.067279495,0.33305943
NOR,Silverstone,2023,12.0,93.116,NOR,0.018587898,0.032512918,0.020933198,0.8220695,0.012060383,0.09383604,VER,0.013865255,0.018572584,0.012472127,0.2966358,0.042490937,0.6159633
NOR,Silverstone,2023,13.0,92.986,NOR,0.057789225,0.064388305,0.0513939,0.7618743,0.011361902,0.053192317,NOR,0.04030208,0.054693136,0.059891965,0.6554229,0.043127015,0.14656284
NOR,Silverstone,2023,14.0,93.67,NOR,0.021711465,0.025895493,0.00832553,0.88029397,0.010829153,0.05294446,VER,0.023465227,0.067239225,0.009874486,0.25824535,0.04326251,0.5979132
NOR,Silverstone,2023,15.0,93.221,NOR,0.008011519,0.0044223582,0.005209693,0.89755785,0.0075639957,0.077234596,NOR,0.009959718,0.0029797743,0.0040357583,0.5767262,0.020898638,0.3853999
NOR,Silverstone,2023,16.0,92.903,NOR,0.011489695,0.0034847637,0.0035638474,0.9478923,0.0012127571,0.032356635,NOR,0.006399551,0.0021887496,0.0026661896,0.8258412,0.002608937,0.16029543
NOR,Silverstone,2023,17.0,92.985,NOR,0.010537905,0.014294408,0.0066775996,0.88247234,0.0066981213,0.079319604,VER,0.0071371365,0.006604963,0.0026144283,0.055203915,0.02358805,0.90485156
NOR,Silverstone,2023,18.0,92.731,NOR,0.048721246,0.08865353,0.03265491,0.7343175,0.025200156,0.07045267,VER,0.022464447,0.038959432,0.009417747,0.0851977,0.038176324,0.80578434
NOR,Silverstone,2023,19.0,92.5,NOR,0.07839216,0.05088196,0.018292828,0.70227873,0.027439818,0.122714505,NOR,0.023172641,0.03350923,0.01060182,0.5373536,0.032789633,0.36257312
NOR,Silverstone,2023,20.0,92.77,NOR,0.030617429,0.045978393,0.014418044,0.5355845,0.014550498,0.3588512,VER,0.01285815,0.015508396,0.0033978715,0.045142896,0.027916735,0.89517593
NOR,Silverstone,2023,21.0,92.604,NOR,0.09484855,0.058493607,0.04094914,0.7539414,0.015375238,0.036392048,NOR,0.044222347,0.099516675,0.06811335,0.6583451,0.031394534,0.09840794
NOR,Silverstone,2023,22.0,92.637,NOR,0.041458987,0.019834248,0.015911745,0.7786654,0.03597324,0.108156316,VER,0.065295465,0.0366061,0.019718872,0.25037855,0.051742513,0.57625854
NOR,Silverstone,2023,23.0,92.619,NOR,0.02396997,0.015888197,0.015269051,0.7250415,0.016208718,0.20362255,VER,0.0046032197,0.0021043743,0.0019674052,0.04496404,0.017755805,0.9286052
NOR,Silverstone,2023,24.0,92.721,NOR,0.043964814,0.047125567,0.011768585,0.70735496,0.027227305,0.16255876,VER,0.016781537,0.020080628,0.004403291,0.043125495,0.04987822,0.8657308
NOR,Silverstone,2023,25.0,92.949,NOR,0.04239418,0.17059855,0.09394108,0.39031988,0.26989302,0.03285332,SAI,0.05349103,0.27167794,0.03612961,0.025390081,0.38215375,0.23115759
NOR,Silverstone,2023,26.0,92.758,NOR,0.034226462,0.105816476,0.05743135,0.64179945,0.08271158,0.07801468,VER,0.043842427,0.1108201,0.01824153,0.0680879,0.1495467,0.6094613
NOR,Silverstone,2023,27.0,92.734,NOR,0.021007592,0.06776577,0.021201089,0.7624786,0.015644843,0.111902095,VER,0.012309944,0.033465065,0.007983248,0.12415558,0.027060939,0.79502517
NOR,Silverstone,2023,28.0,92.714,SAI,0.03748194,0.09218139,0.051835854,0.21882342,0.47607645,0.123600975,VER,0.023485614,0.08239143,0.012850588,0.01235327,0.39077735,0.4781417
NOR,Silverstone,2023,29.0,92.806,NOR,0.043644864,0.05914215,0.046039145,0.66464895,0.054436482,0.13208844,VER,0.03222782,0.02128448,0.011208194,0.045105495,0.15578449,0.73438954
NOR,Silverstone,2023,30.0,92.609,NOR,0.013084679,0.36087748,0.062411066,0.48975763,0.044895552,0.028973607,VER,0.019305302,0.33494824,0.011097691,0.026155107,0.1437853,0.4647084
NOR,Silverstone,2023,31.0,92.808,NOR,0.031247228,0.23281349,0.037541427,0.44766536,0.12292252,0.12780994,VER,0.0121269515,0.15985408,0.0076157106,0.048906934,0.102306925,0.66918945
NOR,Silverstone,2023,32.0,92.571,HAM,0.023631832,0.4878028,0.036891945,0.25951782,0.12328082,0.068874836,HAM,0.009158518,0.6043037,0.010229359,0.025886199,0.16043453,0.18998763
NOR,Silverstone,2023,39.0,91.243,ALO,0.63709456,0.005774649,0.01637699,0.3269321,0.0054628793,0.008358803,ALO,0.6827528,0.010777347,0.013628301,0.27480122,0.0037315057,0.0143088745
NOR,Silverstone,2023,40.0,90.997,NOR,0.027439682,0.050210867,0.041097548,0.43033466,0.05436737,0.39654988,VER,0.017648637,0.01956638,0.004254856,0.03600285,0.01056999,0.91195726
NOR,Silverstone,2023,41.0,90.76,VER,0.036669243,0.04496585,0.020799767,0.39823627,0.06774183,0.43158704,VER,0.051090848,0.057040833,0.011319055,0.069395386,0.06753115,0.7436227
NOR,Silverstone,2023,42.0,90.922,NOR,0.018899487,0.01582503,0.003682607,0.677782,0.006301394,0.27750948,VER,0.008163075,0.004086443,0.0013157133,0.08827875,0.005084758,0.8930713
NOR,Silverstone,2023,43.0,90.543,NOR,0.014632098,0.16467406,0.009191402,0.70886666,0.009698432,0.09293733,VER,0.020313367,0.1449109,0.013569147,0.097144894,0.018319575,0.7057421
NOR,Silverstone,2023,44.0,90.786,NOR,0.026718251,0.25435984,0.02016088,0.62664294,0.03527646,0.03684161,VER,0.015227633,0.3116722,0.010265217,0.109266415,0.041378975,0.51218957
NOR,Silverstone,2023,45.0,91.301,NOR,0.005613261,0.030977821,0.012828318,0.907948,0.008257237,0.03437529,VER,0.019198311,0.18379016,0.007902842,0.07299748,0.045427736,0.67068344
NOR,Silverstone,2023,46.0,91.094,NOR,0.011328745,0.0023766754,0.0037860349,0.92590874,0.003204929,0.05339495,NOR,0.014475944,0.003451468,0.0030997293,0.81616855,0.005819522,0.15698482
NOR,Silverstone,2023,47.0,91.593,NOR,0.025325453,0.007327142,0.009015866,0.58412844,0.0058012377,0.36840189,VER,0.029645992,0.0055434546,0.0038093554,0.16249055,0.0077965576,0.7907141
NOR,Silverstone,2023,48.0,91.36,NOR,0.011924468,0.014271862,0.0049410486,0.81142193,0.0032549263,0.15418579,VER,0.009449438,0.011952286,0.003590697,0.18993327,0.010970826,0.77410346
NOR,Silverstone,2023,49.0,91.02,NOR,0.014597583,0.26872823,0.021611683,0.63842744,0.013951918,0.042683218,HAM,0.027715785,0.5671534,0.026419174,0.16626015,0.05483581,0.15761568
NOR,Silverstone,2023,50.0,91.56,NOR,0.27899215,0.10071717,0.06028879,0.41996863,0.09697687,0.043056346,NOR,0.08498085,0.25395605,0.1265927,0.27939394,0.17091897,0.08415751
NOR,Silverstone,2023,51.0,91.077,NOR,0.014553432,0.0036706482,0.0069638826,0.92409813,0.0029299895,0.047783952,NOR,0.023975909,0.0063393796,0.0063994974,0.5832368,0.01253272,0.36751565
NOR,Silverstone,2023,52.0,91.251,NOR,0.019066192,0.0039003864,0.002539927,0.94040203,0.002095355,0.031996146,NOR,0.010196334,0.0048325085,0.003148037,0.9048562,0.0038403755,0.07312654
SAI,Silverstone,2023,2.0,94.177,HAM,0.023861684,0.49947882,0.31638175,0.007322553,0.14719047,0.0057647224,HAM,0.032030523,0.4315236,0.32515496,0.012079644,0.1936725,0.0055387854
SAI,Silverstone,2023,3.0,93.456,SAI,0.0015600243,0.047065716,0.08990712,0.0012368567,0.85928434,0.0009459449,SAI,0.0011149806,0.028778236,0.22866677,0.00078017334,0.7394776,0.0011822064
SAI,Silverstone,2023,4.0,92.975,SAI,0.0006001173,0.0040920484,0.017730191,0.0020148156,0.97510207,0.00046080217,SAI,0.00051810674,0.0018400494,0.009846595,0.0008805408,0.986254,0.0006607672
SAI,Silverstone,2023,5.0,93.666,HAM,0.015385318,0.43914035,0.10664811,0.006211642,0.4292668,0.0033478297,HAM,0.009498999,0.43692395,0.1258729,0.003133927,0.42129382,0.0032763968
SAI,Silverstone,2023,6.0,94.215,SAI,0.0015668117,0.045399733,0.028391454,0.0019319969,0.922212,0.00049804384,SAI,0.0013493259,0.048689898,0.04442281,0.0010471271,0.90368,0.000810809
SAI,Silverstone,2023,7.0,93.427,SAI,0.0022778956,0.04002324,0.035527587,0.0020120626,0.9192031,0.0009561249,SAI,0.001264201,0.030563766,0.045192264,0.00073347037,0.92127705,0.0009691976
SAI,Silverstone,2023,8.0,93.442,SAI,0.008700595,0.02008287,0.14668024,0.0008860724,0.82308674,0.0005635053,SAI,0.016106429,0.034820333,0.12026678,0.00085301686,0.82714105,0.0008123878
SAI,Silverstone,2023,9.0,93.417,HAM,0.067383565,0.4000663,0.31680986,0.008403375,0.20539258,0.0019443702,HAM,0.026375653,0.4706591,0.26886407,0.0048705433,0.22607732,0.0031533006
SAI,Silverstone,2023,10.0,93.405,SAI,0.0028698936,0.035847817,0.22396539,0.0014748805,0.7351722,0.00066982437,SAI,0.003480663,0.010822812,0.4732949,0.00071467116,0.5109254,0.0007615511
SAI,Silverstone,2023,11.0,93.279,SAI,0.008040767,0.1918348,0.22252308,0.008494132,0.5664313,0.0026759165,LEC,0.005695533,0.17188716,0.6255695,0.0025535503,0.19150744,0.0027867646
SAI,Silverstone,2023,12.0,93.323,SAI,0.0048574256,0.08812305,0.116114706,0.006743302,0.7825561,0.0016053462,SAI,0.002032277,0.067716666,0.062348954,0.0020775425,0.8642537,0.0015708443
SAI,Silverstone,2023,13.0,93.105,SAI,0.0036265973,0.19197835,0.18626092,0.0071666487,0.60808,0.0028875067,SAI,0.0043914234,0.12822132,0.07267772,0.0030643744,0.7884521,0.0031930679
SAI,Silverstone,2023,14.0,93.941,SAI,0.0050176824,0.20837188,0.14238179,0.003924443,0.63899904,0.0013051823,SAI,0.0020723704,0.25955993,0.23954299,0.0018905937,0.49492455,0.0020096009
SAI,Silverstone,2023,15.0,93.623,HAM,0.030903382,0.4311445,0.26652384,0.0082781995,0.25912425,0.004025792,HAM,0.008952174,0.38885555,0.25888872,0.003725919,0.33499756,0.0045800577
SAI,Silverstone,2023,16.0,93.498,SAI,0.0014583002,0.0121571915,0.081877515,0.001941617,0.9015686,0.0009967725,SAI,0.00047889948,0.002630167,0.011953869,0.00058383116,0.9837496,0.0006036751
SAI,Silverstone,2023,17.0,93.076,HAM,0.014807966,0.54466164,0.24001674,0.008798994,0.18880482,0.002909833,HAM,0.0059728026,0.5217743,0.3737992,0.0048998767,0.08870454,0.0048492663
SAI,Silverstone,2023,18.0,93.302,SAI,0.0015354877,0.08595797,0.0636496,0.0028984507,0.8444088,0.0015496862,SAI,0.0012800928,0.01958598,0.061290856,0.0014444888,0.9149917,0.0014069102
SAI,Silverstone,2023,19.0,93.242,SAI,0.026465459,0.3057928,0.22163694,0.020577876,0.42129254,0.004234362,HAM,0.026161643,0.37029445,0.35075337,0.011897716,0.23071101,0.010181861
SAI,Silverstone,2023,20.0,93.007,HAM,0.020073984,0.6253466,0.21214819,0.011274556,0.12703614,0.004120521,HAM,0.005765731,0.70510423,0.2288664,0.005434562,0.050172336,0.004656749
SAI,Silverstone,2023,21.0,93.261,HAM,0.022816181,0.47953492,0.22460878,0.019812364,0.24812692,0.0051007853,SAI,0.010740133,0.28884032,0.33576214,0.009468831,0.34749368,0.007694835
SAI,Silverstone,2023,22.0,92.871,SAI,0.012143464,0.2047848,0.34614983,0.005965983,0.42900428,0.00195166,LEC,0.0038830815,0.19131576,0.5411177,0.0029388247,0.25808126,0.002663335
SAI,Silverstone,2023,23.0,92.755,HAM,0.14600721,0.5577331,0.11689308,0.024786802,0.14899069,0.005589058,HAM,0.06591183,0.8151057,0.054015025,0.0065968577,0.04783673,0.010533835
SAI,Silverstone,2023,24.0,92.77,SAI,0.0027693724,0.101770744,0.13433005,0.0036119442,0.7553072,0.0022107144,SAI,0.0023111224,0.11554391,0.27415767,0.0015582152,0.6038176,0.0026114602
SAI,Silverstone,2023,25.0,93.133,SAI,0.0026821455,0.3952991,0.08151638,0.0031355156,0.51202416,0.0053426693,SAI,0.0024169998,0.31026483,0.10537511,0.0023529045,0.57200813,0.0075820438
SAI,Silverstone,2023,26.0,93.181,SAI,0.001688799,0.031789668,0.10275954,0.0034851716,0.8585595,0.001717317,SAI,0.0029224842,0.09409975,0.22869582,0.0026879893,0.66728663,0.0043073115
SAI,Silverstone,2023,28.0,92.22,ALO,0.36582723,0.26676235,0.17363958,0.047467545,0.12968242,0.01662088,HAM,0.12523584,0.33553648,0.21188454,0.031509608,0.26295218,0.032881383
SAI,Silverstone,2023,29.0,91.945,LEC,0.013259789,0.14763948,0.44524372,0.015312528,0.37571377,0.002830712,LEC,0.003796959,0.103488,0.6379982,0.004219706,0.2477917,0.002705399
SAI,Silverstone,2023,30.0,92.129,SAI,0.01160211,0.08517406,0.39125597,0.002713548,0.508363,0.00089125405,SAI,0.013822795,0.11689308,0.21321894,0.0013829723,0.6536389,0.0010433306
SAI,Silverstone,2023,31.0,92.494,LEC,0.018991169,0.08796578,0.68755126,0.0036912195,0.20070948,0.0010911041,LEC,0.041275177,0.23827925,0.45097256,0.0021692766,0.26419285,0.0031108616
SAI,Silverstone,2023,39.0,92.459,SAI,0.0016587002,0.013693358,0.05661181,0.0015255974,0.9259458,0.0005647605,SAI,0.0009960188,0.003912486,0.0519676,0.0006387695,0.941894,0.00059107965
SAI,Silverstone,2023,40.0,91.783,SAI,0.0026325947,0.02209208,0.16099697,0.0022784937,0.8105658,0.0014340893,SAI,0.0007897109,0.011159096,0.4712818,0.00076303666,0.5153291,0.00067729165
SAI,Silverstone,2023,41.0,91.427,LEC,0.0051436326,0.030580357,0.50859314,0.0016774556,0.4532005,0.0008049571,LEC,0.0023123052,0.02201737,0.55101043,0.00086051587,0.42304477,0.0007546082
SAI,Silverstone,2023,42.0,91.643,SAI,0.0041956482,0.08019595,0.077036634,0.0018817969,0.8346423,0.0020477413,SAI,0.004387162,0.10917912,0.2797311,0.0016575475,0.60180205,0.0032429756
SAI,Silverstone,2023,43.0,92.89,SAI,0.0006633107,0.00804889,0.023279645,0.0007867062,0.9667581,0.00046335527,SAI,0.0007302771,0.0038846415,0.012721158,0.00090515707,0.98105615,0.0007026553
SAI,Silverstone,2023,44.0,94.622,SAI,0.002038476,0.064360105,0.031390425,0.00208294,0.89960575,0.00052227656,SAI,0.0062836576,0.07260218,0.024660662,0.0017885654,0.8924034,0.002261583
SAI,Silverstone,2023,45.0,92.606,LEC,0.008892099,0.06817674,0.6520525,0.002844735,0.2669763,0.0010576021,SAI,0.005790624,0.030074038,0.41232938,0.0010265618,0.5498527,0.0009266667
SAI,Silverstone,2023,46.0,91.906,SAI,0.003049652,0.092890576,0.03798472,0.012733432,0.85094255,0.0023990779,SAI,0.0030871413,0.021136012,0.09393584,0.0034978443,0.8757476,0.0025955525
SAI,Silverstone,2023,47.0,91.592,SAI,0.009678313,0.042265233,0.16783498,0.0066047614,0.7704048,0.0032118803,SAI,0.0021553398,0.011327317,0.07467746,0.0015245137,0.9088099,0.0015054828
SAI,Silverstone,2023,48.0,91.438,LEC,0.038800023,0.2636408,0.3849138,0.010200915,0.29719213,0.005252337,LEC,0.017469633,0.3299054,0.4460222,0.008577583,0.19010247,0.007922684
SAI,Silverstone,2023,49.0,91.723,HAM,0.035073094,0.42194787,0.21625657,0.017547814,0.30279708,0.0063775843,SAI,0.012295169,0.37547955,0.035861347,0.0053685745,0.5639731,0.0070222
SAI,Silverstone,2023,50.0,91.408,HAM,0.010230751,0.34088865,0.3314985,0.0067873364,0.30803835,0.002556472,SAI,0.0054560145,0.33562532,0.2848174,0.0024711827,0.3678075,0.0038225944
SAI,Silverstone,2023,51.0,91.366,SAI,0.0050270967,0.01605386,0.2452158,0.0021801598,0.729574,0.001949058,SAI,0.0019494381,0.008743652,0.07807207,0.0010969801,0.90837747,0.0017603437
SAI,Silverstone,2023,52.0,91.88,SAI,0.011680492,0.06478287,0.3795101,0.0038815981,0.5381511,0.001993877,LEC,0.0027290508,0.054994524,0.7158885,0.0015766528,0.22325139,0.0015598818
VER,Silverstone,2023,2.0,93.433,VER,0.0035982672,0.0016909543,0.0022100343,0.01622796,0.0017971402,0.9744757,VER,0.0064607053,0.0019796707,0.00096966926,0.010383343,0.0021483612,0.9780582
VER,Silverstone,2023,3.0,92.73,VER,0.012080285,0.012998881,0.009732282,0.16796194,0.011535612,0.78569096,VER,0.011148586,0.007863419,0.002197531,0.049838644,0.0057762912,0.9231755
VER,Silverstone,2023,4.0,92.78,VER,0.010135564,0.030058192,0.009151215,0.27058518,0.009345685,0.67072415,VER,0.00328596,0.013786829,0.0025055488,0.066111274,0.006384922,0.9079254
VER,Silverstone,2023,5.0,92.582,VER,0.0061677303,0.003427213,0.0018944936,0.053855076,0.0017327504,0.9329227,VER,0.01318251,0.008186237,0.0025376847,0.102326944,0.004092968,0.86967367
VER,Silverstone,2023,6.0,93.027,VER,0.0048441207,0.0032920814,0.0015086196,0.04210752,0.0014793895,0.9467682,VER,0.003812541,0.0059409547,0.0011370134,0.04317635,0.0013504012,0.94458276
VER,Silverstone,2023,7.0,93.1,VER,0.013272878,0.0025745325,0.002917048,0.061133616,0.006262499,0.9138394,VER,0.014069474,0.003551883,0.002248955,0.07762418,0.0105197225,0.8919858
VER,Silverstone,2023,8.0,92.884,VER,0.016851217,0.0020925258,0.0038207618,0.41045588,0.0036515323,0.56312805,VER,0.004209152,0.0007698869,0.0008263742,0.06533961,0.002014444,0.9268405
VER,Silverstone,2023,9.0,92.822,VER,0.038631424,0.049371306,0.011552964,0.084732644,0.023376392,0.7923353,VER,0.042784967,0.0898617,0.00872158,0.041782644,0.02259364,0.7942555
VER,Silverstone,2023,10.0,92.594,VER,0.0033286994,0.00088233256,0.0010811302,0.029004449,0.0015114212,0.964192,VER,0.0034117461,0.0007000912,0.0006617511,0.038121827,0.0011077332,0.95599693
VER,Silverstone,2023,11.0,92.597,VER,0.0067694196,0.0026003658,0.0012749772,0.11217966,0.0010255361,0.87615,VER,0.003940886,0.002502828,0.0007713368,0.033454377,0.0009985205,0.958332
VER,Silverstone,2023,12.0,92.687,VER,0.0071287123,0.0011976336,0.0020865847,0.11474209,0.0016996274,0.8731454,VER,0.0039148475,0.0008494237,0.00097579946,0.06018899,0.0017191671,0.9323518
VER,Silverstone,2023,13.0,92.678,VER,0.009056401,0.0033823878,0.0019873301,0.04959303,0.002940657,0.9330402,VER,0.016316654,0.007914372,0.0026928117,0.071401976,0.0042919735,0.89738226
VER,Silverstone,2023,14.0,93.046,VER,0.0065071955,0.0036022733,0.002397072,0.056448042,0.0012644645,0.9297809,VER,0.00799541,0.009529233,0.0024316418,0.101657696,0.0041257995,0.8742602
VER,Silverstone,2023,15.0,92.99,VER,0.013291731,0.0049398993,0.0036283827,0.18450573,0.0029200953,0.79071414,VER,0.0069095916,0.0025299485,0.001407129,0.09568929,0.0032520317,0.89021206
VER,Silverstone,2023,16.0,92.808,VER,0.005224058,0.0027811108,0.0021408128,0.10383774,0.0016764568,0.8843398,VER,0.0040868004,0.0014726729,0.0009790289,0.059185628,0.001394467,0.9328814
VER,Silverstone,2023,17.0,92.603,VER,0.010699486,0.006711051,0.0023371822,0.13291356,0.0027763885,0.84456235,VER,0.0070005734,0.005470565,0.0012196263,0.085858755,0.0035673976,0.896883
VER,Silverstone,2023,18.0,92.507,VER,0.004519297,0.005741985,0.0021014637,0.036327798,0.0023681622,0.9489413,VER,0.0054507973,0.008411768,0.0025363252,0.05258366,0.00469156,0.92632586
VER,Silverstone,2023,19.0,92.338,VER,0.0044791354,0.028214801,0.0022695798,0.0064321104,0.003692187,0.9549121,VER,0.014615944,0.15690376,0.0059114974,0.030617405,0.016499422,0.77545196
VER,Silverstone,2023,20.0,92.295,VER,0.0030492335,0.0032493856,0.0018955515,0.02142386,0.0010417771,0.9693402,VER,0.011929382,0.019327166,0.0031068379,0.02974205,0.005306851,0.9305877
VER,Silverstone,2023,21.0,92.494,VER,0.010869733,0.0023946275,0.0033043353,0.45982516,0.00292791,0.5206782,VER,0.00356621,0.0012784438,0.0010251611,0.0905462,0.0034492349,0.9001348
VER,Silverstone,2023,22.0,92.184,VER,0.004436139,0.0009981513,0.00072132103,0.0131557975,0.0015542313,0.9791343,VER,0.008519046,0.0029883708,0.0008672488,0.021681635,0.002880501,0.9630632
VER,Silverstone,2023,23.0,92.272,VER,0.019753631,0.0070779794,0.0046443627,0.21390916,0.0069883806,0.7476264,VER,0.016117286,0.007955537,0.002352967,0.037988227,0.009941278,0.9256447
VER,Silverstone,2023,24.0,92.35,VER,0.017325662,0.011459441,0.0039312453,0.15762095,0.0070283692,0.80263436,VER,0.005795132,0.0051596556,0.0012434153,0.0633551,0.0060287747,0.91841793
VER,Silverstone,2023,25.0,92.295,VER,0.01381104,0.09252739,0.037078515,0.019646376,0.027513344,0.80942327,HAM,0.026335392,0.39781597,0.081564076,0.1267567,0.08519947,0.2823284
VER,Silverstone,2023,26.0,92.276,VER,0.006897187,0.013728367,0.0024483663,0.012671304,0.0040684477,0.9601863,VER,0.030733187,0.09729096,0.010446805,0.06472622,0.022432474,0.7743704
VER,Silverstone,2023,27.0,92.138,VER,0.0034588699,0.00393835,0.0017402335,0.052035846,0.0017972373,0.9370294,VER,0.005855836,0.003243114,0.0009564582,0.04721191,0.002549833,0.9401829
VER,Silverstone,2023,28.0,92.215,VER,0.010028642,0.00291731,0.002269513,0.068912014,0.003601995,0.9122705,VER,0.00553219,0.0028449723,0.0009976949,0.072018266,0.004137269,0.9144696
VER,Silverstone,2023,29.0,92.251,VER,0.0066866376,0.004991886,0.002969796,0.06037688,0.0019903295,0.9229845,VER,0.0121481195,0.014560701,0.0029974966,0.12829076,0.007909283,0.83409363
VER,Silverstone,2023,30.0,92.363,VER,0.0030180714,0.0067965696,0.002693907,0.06283542,0.0015400605,0.92311597,VER,0.004363811,0.010987755,0.0018585618,0.094154105,0.0023242906,0.8863114
VER,Silverstone,2023,31.0,92.388,VER,0.0025712631,0.0437738,0.002818986,0.020033654,0.0037078662,0.9270944,VER,0.006637225,0.11909128,0.0034661759,0.028272223,0.023678804,0.81885433
VER,Silverstone,2023,32.0,92.21,VER,0.003961854,0.025905645,0.0029253934,0.044731125,0.004691402,0.9177846,VER,0.011797684,0.22568542,0.007568246,0.10726052,0.020778196,0.62691
VER,Silverstone,2023,39.0,90.348,VER,0.051565915,0.06321652,0.056369625,0.040539768,0.13288677,0.6554214,VER,0.036687404,0.043953847,0.008219258,0.011331952,0.048265353,0.85154223
VER,Silverstone,2023,40.0,90.547,VER,0.01604112,0.005587667,0.005924332,0.074466646,0.0034592592,0.89452106,VER,0.006692293,0.0045101843,0.0021074829,0.026326636,0.005286311,0.95507705
VER,Silverstone,2023,41.0,90.688,SAI,0.005281493,0.25202525,0.032539852,0.0072137355,0.49282154,0.2101181,SAI,0.009276578,0.39413136,0.020657608,0.007850785,0.4980305,0.07005318
VER,Silverstone,2023,42.0,90.275,VER,0.004826025,0.0014723367,0.0013390573,0.019249968,0.001325756,0.97178686,VER,0.013274809,0.004886527,0.0017189818,0.0149139725,0.0063787634,0.9588269
VER,Silverstone,2023,43.0,90.535,VER,0.0054798946,0.010505485,0.0025302493,0.009020786,0.0024309582,0.9700326,VER,0.025794465,0.093314044,0.00883003,0.025900645,0.023858301,0.8223025
VER,Silverstone,2023,44.0,90.648,VER,0.0022924996,0.013545686,0.0017095866,0.028848588,0.0013368507,0.9522668,VER,0.005491392,0.020313084,0.0029163065,0.06629581,0.0032515975,0.9017318
VER,Silverstone,2023,45.0,91.342,VER,0.004378287,0.0050520813,0.0029445775,0.021306712,0.003937557,0.9623808,VER,0.014155223,0.02798633,0.0049105315,0.051795617,0.030527266,0.870625
VER,Silverstone,2023,46.0,91.114,VER,0.015785232,0.009627521,0.0037980569,0.07642136,0.005677419,0.88869035,VER,0.009259509,0.012583867,0.0018920163,0.04086955,0.0059025,0.92949253
VER,Silverstone,2023,47.0,91.148,VER,0.022623964,0.14320815,0.025420124,0.09746972,0.14566946,0.5656086,VER,0.037245106,0.2829988,0.016326478,0.019976139,0.13359852,0.509855
VER,Silverstone,2023,48.0,91.4,VER,0.010320364,0.014409027,0.0037675044,0.029711666,0.00474662,0.9370448,VER,0.018784443,0.02438833,0.003988403,0.08976427,0.020166157,0.8429084
VER,Silverstone,2023,49.0,91.218,VER,0.0033165494,0.0045564435,0.0016557432,0.0018565544,0.004447777,0.9841669,VER,0.03417091,0.15840544,0.018053737,0.040041555,0.08603796,0.6632904
VER,Silverstone,2023,50.0,91.292,VER,0.0026434038,0.036115944,0.0032642866,0.0031126705,0.005890387,0.9489733,HAM,0.010374752,0.6932149,0.024096334,0.048592053,0.055110443,0.16861151
VER,Silverstone,2023,51.0,91.397,VER,0.004632144,0.1694166,0.0124654975,0.0107594,0.014324191,0.7884022,HAM,0.011532723,0.7205516,0.020050494,0.05001624,0.071579136,0.1262698
VER,Silverstone,2023,52.0,90.975,VER,0.004972306,0.013564637,0.0021254935,0.0067589185,0.004423416,0.9681552,VER,0.029399334,0.06717107,0.005807678,0.03236014,0.021546794,0.843715
ALO,Monza,2023,2.0,88.012,ALO,0.7229532,0.022911398,0.02023777,0.13418406,0.022866065,0.07684753,ALO,0.49899697,0.014972956,0.01033269,0.39943245,0.03962017,0.036644742
ALO,Monza,2023,3.0,87.546,NOR,0.43793574,0.017253164,0.015345756,0.46868357,0.005423404,0.055358417,NOR,0.36152357,0.021112956,0.008305526,0.547157,0.012097127,0.04980383
ALO,Monza,2023,4.0,87.221,ALO,0.5236208,0.0053358483,0.012046097,0.43677348,0.0037782886,0.018445501,ALO,0.74193203,0.012045502,0.0062409174,0.20752017,0.0057854783,0.026475905
ALO,Monza,2023,5.0,87.033,ALO,0.78795534,0.023281066,0.09022678,0.0806941,0.008888331,0.008954345,ALO,0.87143487,0.028528035,0.014926111,0.066972815,0.011244096,0.0068941293
ALO,Monza,2023,6.0,87.175,ALO,0.48769945,0.0046762982,0.012417739,0.44643864,0.00397142,0.04479647,NOR,0.15978494,0.0026066804,0.0028896073,0.7938025,0.003383355,0.03753287
ALO,Monza,2023,7.0,86.929,ALO,0.88666314,0.007802702,0.037527427,0.04588557,0.004367437,0.017753778,ALO,0.86982256,0.017455684,0.015787205,0.056888744,0.020698413,0.019347353
ALO,Monza,2023,8.0,86.943,LEC,0.33195513,0.043723002,0.5940837,0.0096567245,0.014885355,0.005696096,ALO,0.8079876,0.10046066,0.027585225,0.013338434,0.045436203,0.0051918323
ALO,Monza,2023,9.0,87.383,HAM,0.19495817,0.55448824,0.0956275,0.0599724,0.015020622,0.07993306,HAM,0.08014366,0.68178624,0.022556363,0.17545494,0.0111344885,0.028924298
ALO,Monza,2023,10.0,87.368,ALO,0.8844751,0.016367355,0.025918586,0.029095022,0.006537574,0.03760631,NOR,0.30220202,0.026969604,0.0056416513,0.59276944,0.017238272,0.05517899
ALO,Monza,2023,11.0,87.343,ALO,0.80097693,0.057928387,0.017478991,0.073299766,0.010620098,0.03969582,NOR,0.3795938,0.056057237,0.0073099486,0.49388576,0.02161328,0.041540015
ALO,Monza,2023,12.0,87.339,NOR,0.24978852,0.0011993815,0.0045409915,0.7176422,0.0011944607,0.025634458,NOR,0.08217405,0.0010135679,0.0016428995,0.8935195,0.001278031,0.020371893
ALO,Monza,2023,13.0,87.158,ALO,0.7309478,0.035108034,0.040619817,0.13082077,0.012533517,0.04997009,NOR,0.35932997,0.08368709,0.007780235,0.4473968,0.02927304,0.072532795
ALO,Monza,2023,14.0,87.607,ALO,0.70932925,0.09078121,0.16958785,0.008819082,0.006678638,0.014803914,ALO,0.6595088,0.25114852,0.015302688,0.021897685,0.035892915,0.016249387
ALO,Monza,2023,15.0,86.929,ALO,0.5133756,0.15632048,0.07277341,0.07620023,0.039526243,0.1418041,ALO,0.3635785,0.21110651,0.022509284,0.105265334,0.04718312,0.25035727
ALO,Monza,2023,16.0,87.164,ALO,0.7849575,0.0060601477,0.012238952,0.17976992,0.0051346384,0.011838818,ALO,0.82056165,0.012438069,0.0068650246,0.13580641,0.006108885,0.018219978
ALO,Monza,2023,17.0,87.156,ALO,0.806069,0.035696644,0.10271892,0.012081088,0.02470539,0.018728899,ALO,0.75655675,0.12565678,0.018309293,0.05724067,0.027001092,0.015235404
ALO,Monza,2023,18.0,87.275,ALO,0.63459724,0.10327632,0.14261635,0.100514285,0.011388182,0.0076076025,ALO,0.40743592,0.24587803,0.025952812,0.2933054,0.015609158,0.0118186185
ALO,Monza,2023,19.0,87.318,ALO,0.7811588,0.027012452,0.16626236,0.008675321,0.0146176815,0.0022734196,ALO,0.85818934,0.07901439,0.03311106,0.008938927,0.017010443,0.0037358028
ALO,Monza,2023,20.0,88.284,ALO,0.67479235,0.014996339,0.015909536,0.24345653,0.009936272,0.040908985,ALO,0.5572876,0.021094948,0.010240672,0.35106015,0.021412784,0.038903903
ALO,Monza,2023,23.0,86.849,ALO,0.6682139,0.05798254,0.044538233,0.08744615,0.009575141,0.13224405,NOR,0.25427887,0.034935582,0.0059655444,0.6255526,0.010015825,0.0692516
ALO,Monza,2023,24.0,86.949,ALO,0.71600497,0.07103816,0.036306635,0.075776584,0.0082239015,0.09264977,NOR,0.1710527,0.035795547,0.002970213,0.7698264,0.0058790874,0.01447607
ALO,Monza,2023,25.0,86.899,ALO,0.4128154,0.21757846,0.02098133,0.14654505,0.009218097,0.19286168,NOR,0.037500445,0.08161002,0.0053860703,0.8204808,0.009284315,0.04573831
ALO,Monza,2023,26.0,86.792,ALO,0.5718373,0.09477657,0.0655174,0.041559063,0.011255833,0.21505386,ALO,0.65150493,0.13493209,0.010384607,0.1214005,0.0243753,0.05740257
ALO,Monza,2023,27.0,86.666,ALO,0.8588178,0.020360393,0.01926454,0.04701376,0.007035605,0.047507893,NOR,0.16328984,0.017820148,0.0031262615,0.78019255,0.0085133305,0.027057862
ALO,Monza,2023,28.0,86.723,ALO,0.6908432,0.15429308,0.10913546,0.026878234,0.0064163054,0.012433754,ALO,0.56284803,0.3339024,0.009359381,0.07383739,0.010552193,0.009500607
ALO,Monza,2023,29.0,86.997,ALO,0.6331218,0.024089951,0.2031882,0.086559586,0.02292417,0.030116268,ALO,0.8458493,0.018253904,0.015806274,0.033734147,0.065053254,0.021303132
ALO,Monza,2023,30.0,86.915,ALO,0.8983702,0.011742292,0.03936046,0.034543116,0.0045632725,0.011420705,ALO,0.90324366,0.02840578,0.012454922,0.03166169,0.007891465,0.016342454
ALO,Monza,2023,31.0,86.848,ALO,0.8151669,0.071194075,0.031280503,0.023579877,0.00788317,0.05089545,ALO,0.69910336,0.111096494,0.006235816,0.14304517,0.012197707,0.028321516
ALO,Monza,2023,32.0,86.747,ALO,0.89161026,0.019143034,0.039153963,0.017421443,0.011065495,0.021605812,ALO,0.81479794,0.027876738,0.0062834695,0.08742112,0.0150057655,0.048614938
ALO,Monza,2023,33.0,86.769,ALO,0.4961144,0.065492816,0.37179008,0.0042041447,0.054183956,0.008214635,ALO,0.43199506,0.42290956,0.034476876,0.009687795,0.087233074,0.013697583
ALO,Monza,2023,34.0,86.563,ALO,0.9324857,0.014537416,0.022910833,0.019538702,0.0048236875,0.0057036234,ALO,0.77008283,0.028469313,0.0073654405,0.18226992,0.006955632,0.0048568835
ALO,Monza,2023,35.0,86.517,ALO,0.8319487,0.06061434,0.07882973,0.0089075975,0.0054864357,0.014213134,ALO,0.88069236,0.071140304,0.005582869,0.022667667,0.013762367,0.006154377
ALO,Monza,2023,36.0,86.457,ALO,0.92228895,0.016711496,0.030012578,0.015558306,0.00657967,0.008849034,ALO,0.86359763,0.032387983,0.0042009987,0.07290506,0.010711055,0.016197257
ALO,Monza,2023,37.0,86.38,ALO,0.7344071,0.053952444,0.17335932,0.01736109,0.009626702,0.01129337,ALO,0.77718574,0.13803487,0.012139648,0.050273553,0.012618247,0.009747893
ALO,Monza,2023,38.0,86.574,ALO,0.89361167,0.0126081705,0.043260716,0.021152178,0.022109667,0.0072575733,ALO,0.8445974,0.045020025,0.006877279,0.04642929,0.035624538,0.021451516
ALO,Monza,2023,39.0,86.707,ALO,0.40513602,0.05125457,0.1054534,0.24449496,0.009313213,0.18434784,NOR,0.18765076,0.02887426,0.007186405,0.64246154,0.012181741,0.12164528
ALO,Monza,2023,40.0,86.61,ALO,0.4091486,0.08875054,0.36486587,0.026833279,0.022971313,0.08743037,ALO,0.69456017,0.15137427,0.014791656,0.031610005,0.04558994,0.062073983
ALO,Monza,2023,41.0,86.815,ALO,0.7974336,0.03265807,0.106624484,0.049110178,0.00864637,0.0055272654,ALO,0.7883441,0.038981635,0.016840957,0.13183276,0.017982045,0.006018453
ALO,Monza,2023,42.0,86.403,ALO,0.85596555,0.04122562,0.054093283,0.0174239,0.027581725,0.00370995,ALO,0.8614679,0.07400344,0.030748997,0.012048315,0.015226642,0.0065047345
ALO,Monza,2023,43.0,86.105,ALO,0.82385355,0.021962445,0.085833125,0.059387613,0.0058109853,0.003152287,ALO,0.8196828,0.048927918,0.016576167,0.10485736,0.0070296973,0.00292612
ALO,Monza,2023,44.0,86.155,ALO,0.44276714,0.012160118,0.08737799,0.012543077,0.41895065,0.026200974,ALO,0.55932707,0.01989882,0.009838449,0.013505426,0.37820736,0.019222898
ALO,Monza,2023,45.0,86.277,LEC,0.3286083,0.04773709,0.5027792,0.032889508,0.030213278,0.057772644,ALO,0.7150634,0.14192782,0.013159988,0.028894443,0.026162889,0.074791454
ALO,Monza,2023,46.0,86.453,ALO,0.7833864,0.04695848,0.13421234,0.017260324,0.0076471395,0.0105353445,ALO,0.77291507,0.11526535,0.008148066,0.06769526,0.02128483,0.014691415
ALO,Monza,2023,47.0,86.912,NOR,0.48916972,0.002668783,0.009518011,0.49117386,0.0028190278,0.004650551,ALO,0.8009949,0.006375031,0.008550551,0.1726534,0.0054562967,0.005969796
ALO,Monza,2023,48.0,87.183,ALO,0.7282366,0.07936663,0.11319385,0.06402986,0.0106502585,0.0045228065,ALO,0.8500232,0.07318459,0.025406945,0.030000763,0.018409194,0.002975255
ALO,Monza,2023,49.0,87.245,ALO,0.8451705,0.043106835,0.031092448,0.071181975,0.0061801123,0.00326814,ALO,0.8540136,0.08842428,0.030476278,0.013664133,0.010849968,0.0025716417
ALO,Monza,2023,50.0,87.36,ALO,0.52350694,0.009320619,0.104536906,0.3342831,0.014579591,0.013772834,ALO,0.8542965,0.011356187,0.011211874,0.04612891,0.0443592,0.032647308
ALO,Monza,2023,51.0,87.395,ALO,0.6025077,0.008796415,0.026330197,0.35359076,0.004396128,0.0043788096,ALO,0.8517436,0.030162336,0.0119526945,0.084952,0.01047576,0.010713621
HAM,Monza,2023,2.0,87.837,HAM,0.00319441,0.9173141,0.015280644,0.006539325,0.02427822,0.033393286,HAM,0.011308243,0.5677961,0.0083747525,0.0497026,0.07527579,0.28754255
HAM,Monza,2023,3.0,87.289,HAM,0.0030067333,0.92129403,0.0071882494,0.008767246,0.0034456754,0.05629804,HAM,0.011563581,0.7600851,0.006918133,0.0530184,0.036419842,0.13199492
HAM,Monza,2023,4.0,87.233,HAM,0.0026393041,0.9071632,0.0054413127,0.010372555,0.0058813663,0.068502285,HAM,0.010349496,0.4852146,0.0051979152,0.075068556,0.0531192,0.3710502
HAM,Monza,2023,5.0,87.015,HAM,0.009147166,0.609548,0.047623865,0.027857669,0.028174799,0.2776485,HAM,0.010397972,0.40540805,0.013836034,0.07700149,0.089652866,0.4037036
HAM,Monza,2023,6.0,86.711,HAM,0.0065178177,0.70408916,0.012573718,0.024452612,0.022239383,0.23012727,VER,0.013856624,0.27279392,0.007690415,0.12063548,0.11594099,0.46908256
HAM,Monza,2023,7.0,86.7,HAM,0.0012967188,0.9459998,0.013295081,0.0053909076,0.014629117,0.019388366,HAM,0.0069665527,0.80198914,0.0066702557,0.03270299,0.072311096,0.079359986
HAM,Monza,2023,8.0,86.643,HAM,0.0119779045,0.7970259,0.032248165,0.021138014,0.019677164,0.117932834,HAM,0.01762249,0.527146,0.0072106095,0.07913082,0.106564194,0.2623259
HAM,Monza,2023,9.0,86.756,HAM,0.00042176674,0.98880404,0.0033887762,0.0009338218,0.004633752,0.001817905,HAM,0.008119127,0.8519417,0.0019708397,0.009048682,0.10133376,0.027585862
HAM,Monza,2023,10.0,86.995,HAM,0.00544603,0.8786342,0.017420484,0.021733508,0.003879854,0.072885945,VER,0.022517469,0.35184228,0.007147586,0.18516415,0.06714715,0.3661814
HAM,Monza,2023,11.0,87.119,VER,0.015875997,0.4423943,0.035758145,0.019716648,0.00744646,0.47880843,VER,0.038142037,0.21766971,0.019512195,0.21054399,0.05577488,0.45835716
HAM,Monza,2023,12.0,87.194,HAM,0.0032462566,0.90212685,0.034183905,0.006971355,0.041934155,0.011537486,HAM,0.0074818633,0.8502073,0.003263977,0.015635416,0.10468665,0.018724728
HAM,Monza,2023,13.0,87.292,HAM,0.010083197,0.45654574,0.19474646,0.0517155,0.17233191,0.11457715,SAI,0.013122734,0.33020994,0.007062934,0.020867303,0.3912299,0.23750725
HAM,Monza,2023,14.0,87.526,HAM,0.0010510118,0.9658752,0.003835243,0.0046542045,0.006156808,0.018427495,HAM,0.0029429132,0.8016852,0.0045476896,0.018115243,0.04487134,0.12783764
HAM,Monza,2023,15.0,88.085,HAM,0.0027464214,0.673029,0.02031624,0.045490608,0.020713035,0.23770468,HAM,0.008475817,0.4524775,0.006656985,0.053604536,0.12128893,0.3574962
HAM,Monza,2023,16.0,87.24,HAM,0.00796711,0.7529611,0.018960353,0.024936417,0.011636793,0.18353826,HAM,0.018896786,0.4220062,0.010943069,0.14848149,0.046539377,0.35313305
HAM,Monza,2023,17.0,87.585,HAM,0.007103878,0.8523715,0.077924035,0.0074181063,0.03951957,0.015662882,HAM,0.01220508,0.77801305,0.0060569583,0.017402815,0.11946389,0.06685827
HAM,Monza,2023,18.0,87.279,HAM,0.003628472,0.8853213,0.0141112,0.01403525,0.0050170664,0.07788667,HAM,0.011820322,0.49175876,0.0057448656,0.2239085,0.031049425,0.23571806
HAM,Monza,2023,19.0,87.449,HAM,0.0048125656,0.8244337,0.016421426,0.036142506,0.005431663,0.112758085,NOR,0.014981463,0.18673341,0.0053159427,0.56388915,0.024283879,0.20479617
HAM,Monza,2023,20.0,87.83,VER,0.0071682683,0.28027704,0.014471503,0.119179495,0.00950565,0.56939805,VER,0.010352136,0.18316156,0.008694068,0.21930234,0.050976615,0.52751327
HAM,Monza,2023,21.0,87.399,HAM,0.0012899201,0.9619946,0.010757129,0.0059681092,0.0038202598,0.016170006,HAM,0.0050842464,0.7678536,0.003714716,0.02187283,0.03649067,0.16498394
HAM,Monza,2023,22.0,87.154,HAM,0.00093882426,0.9627001,0.0027735876,0.00423223,0.001323866,0.02803135,HAM,0.013477778,0.5018605,0.0052549103,0.08220567,0.052288853,0.34491226
HAM,Monza,2023,23.0,87.267,HAM,0.026809677,0.69717103,0.10685185,0.056915104,0.0203535,0.091898836,HAM,0.03683167,0.6433863,0.01705747,0.08421443,0.075477615,0.14303252
HAM,Monza,2023,24.0,87.311,VER,0.028386926,0.21672527,0.03353469,0.055108756,0.0507482,0.61549616,VER,0.008329253,0.086374,0.0029534283,0.007656264,0.024920795,0.8697663
HAM,Monza,2023,25.0,87.791,HAM,0.029720824,0.29847622,0.2237921,0.07029498,0.09778082,0.27993506,VER,0.038710207,0.18400644,0.008771273,0.043121617,0.12373997,0.60165054
HAM,Monza,2023,26.0,87.407,HAM,0.021549664,0.8111407,0.05583838,0.048050337,0.014674965,0.048745897,HAM,0.044779908,0.57289726,0.007534313,0.06965768,0.069961585,0.23516926
HAM,Monza,2023,29.0,85.582,HAM,0.0065808077,0.8698169,0.011476689,0.049681935,0.0053754724,0.057068225,VER,0.00898955,0.32756254,0.004282607,0.14891802,0.025977643,0.4842696
HAM,Monza,2023,30.0,86.34,HAM,0.004128345,0.7224248,0.0038815918,0.10033567,0.0037439193,0.16548572,VER,0.012836739,0.09704749,0.0024599705,0.18224406,0.015371876,0.6900398
HAM,Monza,2023,31.0,86.404,HAM,0.0044203433,0.49682796,0.0027466817,0.06863834,0.0018838461,0.4254829,VER,0.008227501,0.19979103,0.004084521,0.19428353,0.012807886,0.58080554
HAM,Monza,2023,32.0,86.62,HAM,0.0059114657,0.81308675,0.0047365455,0.07375051,0.0049790214,0.097535685,VER,0.012346592,0.16586637,0.0057857633,0.20518754,0.02536037,0.58545333
HAM,Monza,2023,33.0,86.584,HAM,0.0027321682,0.89421445,0.0028754908,0.05507858,0.0014234385,0.043675832,VER,0.005468644,0.40435725,0.0036472094,0.11421514,0.014357247,0.4579545
HAM,Monza,2023,34.0,86.236,HAM,0.009070844,0.7436461,0.014007238,0.1415522,0.0051448923,0.086578734,NOR,0.0088626575,0.33060429,0.0069637178,0.52982885,0.0095869,0.114153594
HAM,Monza,2023,35.0,86.016,HAM,0.0029537752,0.8179291,0.0066157863,0.041880123,0.004141305,0.12647988,VER,0.0060504726,0.33260155,0.004534969,0.17217073,0.025631135,0.4590111
HAM,Monza,2023,36.0,86.205,HAM,0.0046872417,0.89621747,0.012787099,0.019852307,0.015589563,0.050866306,HAM,0.0095500555,0.56322557,0.005571332,0.10345286,0.06387485,0.25432533
HAM,Monza,2023,37.0,85.999,HAM,0.00029673675,0.99158055,0.0006854673,0.0034254056,0.00052487134,0.003486998,HAM,0.0011904038,0.86744046,0.0018412464,0.018451527,0.006946687,0.10412966
HAM,Monza,2023,38.0,86.274,HAM,0.007415637,0.8793338,0.0062852916,0.0274132,0.004677541,0.0748745,VER,0.005291857,0.22257264,0.0022892859,0.106832534,0.016909556,0.6461041
HAM,Monza,2023,39.0,86.249,HAM,0.006620654,0.9399353,0.013804564,0.008973648,0.00797391,0.022691932,HAM,0.006078161,0.52871674,0.002663351,0.010243772,0.0385029,0.41379502
HAM,Monza,2023,40.0,86.658,HAM,0.0014834466,0.7846145,0.18476354,0.0010298028,0.027215332,0.0008934105,HAM,0.011061946,0.5672709,0.3565201,0.0012292076,0.06273657,0.0011813426
HAM,Monza,2023,41.0,87.501,HAM,0.0011755495,0.9696657,0.01739679,0.0021922817,0.008949725,0.0006199758,HAM,0.0026430292,0.95450205,0.010578364,0.0014916903,0.029894857,0.00088998344
HAM,Monza,2023,42.0,86.216,HAM,0.002413713,0.9505018,0.0088975495,0.0143498285,0.006421598,0.01741549,HAM,0.007089026,0.7252744,0.0071597816,0.1734571,0.02473744,0.062282268
HAM,Monza,2023,43.0,86.093,HAM,0.001609098,0.95372516,0.004054027,0.006751582,0.0018087332,0.032051407,HAM,0.0042045196,0.79494977,0.0028601654,0.05274752,0.013377899,0.13186014
HAM,Monza,2023,44.0,87.152,HAM,0.0073219026,0.77896625,0.06751044,0.023887454,0.046182863,0.07613105,HAM,0.009232928,0.5935727,0.0066688466,0.035946023,0.13614482,0.21843465
HAM,Monza,2023,45.0,86.333,HAM,0.0064810026,0.70869464,0.059064336,0.005699598,0.20972487,0.0103355665,HAM,0.0044250377,0.87510866,0.0043995674,0.0037525594,0.097198784,0.015115396
HAM,Monza,2023,46.0,87.193,SAI,0.0034512621,0.3008165,0.17047758,0.01072016,0.5108828,0.0036516648,HAM,0.0029700382,0.60581154,0.042776994,0.0032531337,0.3424277,0.0027606408
HAM,Monza,2023,47.0,86.12,HAM,0.004571573,0.40467998,0.27100316,0.005306128,0.30938134,0.0050578457,HAM,0.002787035,0.88206637,0.04750011,0.0028907224,0.06262179,0.0021339776
HAM,Monza,2023,48.0,85.815,HAM,0.01033611,0.8343763,0.048142917,0.048144434,0.022885097,0.036115184,HAM,0.00749253,0.920345,0.0041154446,0.013934205,0.028408168,0.025704585
HAM,Monza,2023,49.0,85.888,HAM,0.005634944,0.9177199,0.023610892,0.022138456,0.0086757885,0.022219976,HAM,0.010242364,0.90800923,0.004684969,0.016269643,0.021096826,0.03969696
HAM,Monza,2023,50.0,85.927,HAM,0.0067389994,0.58012116,0.07081278,0.011839949,0.31283548,0.017651645,HAM,0.009562366,0.7593662,0.011236161,0.0062423684,0.17149548,0.042097367
HAM,Monza,2023,51.0,86.093,HAM,0.003364875,0.7484017,0.05803645,0.0051412666,0.18208086,0.0029748615,HAM,0.0041472632,0.92215085,0.008844318,0.0038147217,0.056156397,0.004886449
LEC,Monza,2023,1.0,88.755,LEC,0.04163927,0.06021222,0.5732486,0.0037852977,0.3197852,0.00132935,SAI,0.15796651,0.2627167,0.20054407,0.007320777,0.36537188,0.006080078
LEC,Monza,2023,2.0,86.312,ALO,0.5335873,0.08344339,0.084251575,0.026209377,0.040609363,0.231899,ALO,0.6496528,0.10490529,0.0084193265,0.014098247,0.02267894,0.20024543
LEC,Monza,2023,3.0,85.719,HAM,0.114871606,0.47781014,0.13382447,0.01040443,0.23298489,0.030104464,HAM,0.023625895,0.86407536,0.039184965,0.004204658,0.053888977,0.01502014
LEC,Monza,2023,4.0,86.025,SAI,0.122083336,0.14427488,0.16619106,0.02316656,0.3928591,0.15142502,HAM,0.2583751,0.36823046,0.0199448,0.029033907,0.10122644,0.22318928
LEC,Monza,2023,5.0,86.266,HAM,0.13379925,0.48783365,0.14681213,0.053025424,0.015504806,0.16302475,HAM,0.12915215,0.49379027,0.015566844,0.29201588,0.011952006,0.057522856
LEC,Monza,2023,6.0,86.483,HAM,0.09028905,0.5160288,0.05630911,0.01852975,0.10894847,0.2098948,HAM,0.07722382,0.6517218,0.017524146,0.029988535,0.029610666,0.1939311
LEC,Monza,2023,7.0,86.473,ALO,0.27873373,0.1828146,0.14146061,0.060305443,0.06966281,0.26702276,HAM,0.22557431,0.39295343,0.02458124,0.10409165,0.026819868,0.22597946
LEC,Monza,2023,8.0,85.972,HAM,0.047389753,0.77937907,0.03438062,0.024743678,0.03365081,0.08045606,HAM,0.050368007,0.56784654,0.020771358,0.14064652,0.062790625,0.157577
LEC,Monza,2023,9.0,86.678,ALO,0.48044553,0.17337118,0.15513934,0.09788949,0.018781075,0.074373394,ALO,0.33077955,0.3184016,0.019463703,0.219231,0.027839001,0.08428513
LEC,Monza,2023,10.0,86.787,LEC,0.08713268,0.13855177,0.7339409,0.009378182,0.010987631,0.020008858,HAM,0.18164098,0.6340788,0.030439207,0.022902632,0.07943227,0.05150604
LEC,Monza,2023,11.0,86.838,ALO,0.58092755,0.14330606,0.14740361,0.010157426,0.105017856,0.013187471,HAM,0.40489268,0.47076306,0.05255424,0.0065494906,0.052620914,0.012619603
LEC,Monza,2023,12.0,86.694,LEC,0.2126931,0.0642864,0.39263263,0.011027031,0.2999058,0.019454991,HAM,0.3090714,0.42650062,0.06472386,0.020183228,0.12939332,0.050127618
LEC,Monza,2023,13.0,86.557,LEC,0.27134165,0.27779198,0.29026297,0.025456088,0.1018321,0.03331524,HAM,0.30487224,0.4289163,0.027667735,0.056419946,0.03484784,0.14727595
LEC,Monza,2023,14.0,86.94,LEC,0.07986263,0.08959234,0.5886966,0.0033758865,0.23475643,0.0037161286,HAM,0.16351022,0.3154627,0.26878428,0.004292848,0.24433416,0.0036157924
LEC,Monza,2023,15.0,87.314,LEC,0.17255078,0.019298565,0.7555271,0.00374347,0.04317289,0.0057072504,ALO,0.66180754,0.1308143,0.03452959,0.0072823134,0.15302987,0.012536329
LEC,Monza,2023,16.0,87.155,LEC,0.0772094,0.06473069,0.7836232,0.005873434,0.06650593,0.0020573046,HAM,0.3789932,0.4496732,0.029397715,0.0063501983,0.12841292,0.007172765
LEC,Monza,2023,17.0,87.67,ALO,0.607355,0.028598752,0.3226721,0.009338639,0.017380454,0.014655028,ALO,0.7534704,0.12799677,0.011764692,0.029071106,0.052247375,0.02544963
LEC,Monza,2023,18.0,87.498,HAM,0.045551874,0.43633652,0.37192556,0.019663252,0.081232764,0.045290068,HAM,0.05752457,0.5788768,0.02459452,0.009886754,0.23871419,0.09040319
LEC,Monza,2023,19.0,87.702,ALO,0.7565586,0.023963854,0.06810351,0.0902447,0.043891147,0.017238177,ALO,0.7951006,0.048873484,0.016222447,0.039058954,0.068202645,0.032541826
LEC,Monza,2023,20.0,91.155,LEC,0.028484715,0.07250655,0.55224645,0.0053881453,0.34008777,0.001286405,SAI,0.05892219,0.23330207,0.13034706,0.007321197,0.564474,0.00563351
LEC,Monza,2023,22.0,85.742,LEC,0.12207791,0.02100877,0.79905325,0.003850127,0.049518846,0.004491135,SAI,0.33306026,0.17263664,0.038932946,0.014013331,0.42574134,0.015615525
LEC,Monza,2023,23.0,85.807,ALO,0.92876303,0.017391225,0.017802877,0.012519117,0.0092128655,0.014310854,ALO,0.7636143,0.104796626,0.008799009,0.06836213,0.024092633,0.030335298
LEC,Monza,2023,24.0,85.933,ALO,0.5400885,0.041955177,0.27756917,0.011274241,0.054860394,0.0742525,ALO,0.60953116,0.088289134,0.017279463,0.028675059,0.11492883,0.14129633
LEC,Monza,2023,25.0,86.061,LEC,0.36107534,0.042304948,0.5694594,0.004762401,0.018979654,0.0034182456,HAM,0.39706683,0.45512715,0.027342932,0.009461406,0.10030633,0.010695366
LEC,Monza,2023,26.0,85.763,LEC,0.021376403,0.008351735,0.8521292,0.00060720625,0.11647708,0.00105841,SAI,0.07496906,0.083948955,0.15324895,0.0030665793,0.68187237,0.0028940453
LEC,Monza,2023,27.0,86.234,LEC,0.07026383,0.022611855,0.85054195,0.0017073654,0.053607967,0.0012670166,ALO,0.4442965,0.25647807,0.065378726,0.0055679507,0.22404192,0.004236819
LEC,Monza,2023,28.0,85.663,LEC,0.043761265,0.03259733,0.6832042,0.0016164826,0.23609957,0.0027211125,SAI,0.14774051,0.11062379,0.1935261,0.0044539063,0.5373956,0.006260046
LEC,Monza,2023,29.0,85.814,LEC,0.07161028,0.050169118,0.8376401,0.003919229,0.029939584,0.0067217015,HAM,0.26425174,0.44328853,0.05090323,0.0091814995,0.19581738,0.0365576
LEC,Monza,2023,30.0,85.782,LEC,0.04252483,0.018397644,0.4872184,0.0031524377,0.43904087,0.009665822,SAI,0.03937733,0.017234674,0.040223964,0.0027336176,0.8937674,0.00666301
LEC,Monza,2023,31.0,86.496,LEC,0.044076387,0.35244104,0.42692116,0.006380624,0.1529955,0.017185252,HAM,0.049741246,0.82677615,0.061190113,0.0050252783,0.046265036,0.011002177
LEC,Monza,2023,32.0,86.869,LEC,0.019654032,0.039092,0.49652165,0.009502163,0.39371276,0.04151741,SAI,0.04086891,0.09150296,0.029104423,0.012977118,0.7802137,0.045332946
LEC,Monza,2023,33.0,85.962,LEC,0.009001848,0.02119124,0.95518297,0.0007577634,0.013355219,0.00051090773,HAM,0.14813147,0.4376307,0.22125651,0.004586383,0.18089508,0.0074998774
LEC,Monza,2023,34.0,85.851,LEC,0.02329592,0.040548,0.9000383,0.004566473,0.024474677,0.007076598,HAM,0.19365191,0.3775356,0.04179246,0.030882722,0.3213605,0.034776777
LEC,Monza,2023,35.0,85.85,LEC,0.07766938,0.01654893,0.8785698,0.0026898657,0.02245397,0.002068056,SAI,0.28951117,0.16168886,0.040441845,0.014169411,0.485025,0.009163736
LEC,Monza,2023,36.0,85.631,LEC,0.0107763065,0.0057621174,0.7449975,0.00069663307,0.2362575,0.0015099708,SAI,0.04080627,0.010746428,0.09515446,0.001501975,0.8493556,0.002435283
LEC,Monza,2023,37.0,85.671,SAI,0.008581143,0.15643525,0.107210174,0.004846044,0.71785444,0.005072947,HAM,0.008718286,0.5416519,0.12698078,0.0056007686,0.31154174,0.0055065593
LEC,Monza,2023,38.0,85.58,LEC,0.03717871,0.077808335,0.8629551,0.0072485404,0.008699705,0.006109553,HAM,0.16417818,0.7634815,0.03062708,0.013914524,0.01879661,0.009002146
LEC,Monza,2023,39.0,85.629,LEC,0.023396865,0.10205705,0.85081697,0.002871258,0.017180452,0.0036774136,HAM,0.09967442,0.7412748,0.03580669,0.009792346,0.09793755,0.015514228
LEC,Monza,2023,40.0,85.728,LEC,0.0064721885,0.027036432,0.9152937,0.0008096854,0.049701188,0.00068683,SAI,0.051831085,0.1286182,0.1017971,0.0022333355,0.7132151,0.002305149
LEC,Monza,2023,41.0,86.511,LEC,0.122641906,0.09371971,0.75999445,0.0098928735,0.008563687,0.005187379,HAM,0.37123126,0.50313115,0.036090232,0.04016632,0.044612523,0.0047685266
LEC,Monza,2023,42.0,86.448,LEC,0.17723502,0.03762697,0.757099,0.0036367425,0.022846147,0.0015561209,ALO,0.53710824,0.06837216,0.26127243,0.005946916,0.12274326,0.0045570047
LEC,Monza,2023,43.0,86.597,LEC,0.019318564,0.03687818,0.91380936,0.0029969926,0.026366254,0.00063068443,HAM,0.20858577,0.3152877,0.2069686,0.004834206,0.26130846,0.0030152765
LEC,Monza,2023,44.0,86.586,LEC,0.14730132,0.0315675,0.771904,0.010805525,0.03710435,0.0013172852,ALO,0.6227559,0.19579309,0.043242246,0.011081695,0.122853555,0.004273527
LEC,Monza,2023,45.0,86.321,LEC,0.06411661,0.033613827,0.88362616,0.0022336699,0.0131107345,0.0032989392,HAM,0.27763987,0.5191538,0.0774666,0.013718854,0.08718215,0.024838727
LEC,Monza,2023,46.0,86.58,LEC,0.01089069,0.0041318084,0.81973124,0.0011856727,0.16343819,0.0006224614,SAI,0.025201024,0.005605769,0.26896134,0.0012789064,0.6979154,0.0010375415
LEC,Monza,2023,47.0,87.371,LEC,0.004063124,0.06178194,0.8523706,0.0020569458,0.07765074,0.0020765888,HAM,0.012057759,0.44529858,0.21618338,0.0072426577,0.3095602,0.009657384
LEC,Monza,2023,48.0,86.828,LEC,0.0020213225,0.018699942,0.7322009,0.0030989295,0.24056323,0.0034156386,SAI,0.007706983,0.046578232,0.21671316,0.0042062853,0.7182397,0.0065556816
LEC,Monza,2023,49.0,86.633,LEC,0.015123625,0.15534832,0.51179206,0.03491626,0.2566518,0.026167952,HAM,0.019287152,0.6486118,0.074336015,0.018680936,0.20216691,0.036917157
LEC,Monza,2023,50.0,86.961,LEC,0.040837444,0.0180102,0.8211881,0.0028380784,0.11478824,0.002337943,SAI,0.21114802,0.07640237,0.11874362,0.011935904,0.571555,0.0102151
LEC,Monza,2023,51.0,86.783,LEC,0.102496564,0.013452591,0.79546666,0.008517557,0.076334976,0.0037316242,ALO,0.46672937,0.21896666,0.044825207,0.00898293,0.22803403,0.03246186
NOR,Monza,2023,1.0,91.513,NOR,0.12991741,0.0021461558,0.006263869,0.8514167,0.001550769,0.008705022,NOR,0.1528072,0.00150035,0.0036279932,0.8357195,0.0020938066,0.004251129
NOR,Monza,2023,2.0,87.575,NOR,0.009119835,0.00053652533,0.0008684399,0.98793566,0.00024883592,0.0012906995,NOR,0.122012116,0.0026076438,0.0022894302,0.8678132,0.001263843,0.0040137013
NOR,Monza,2023,3.0,87.105,NOR,0.024388565,0.00065332954,0.0014614969,0.9711147,0.0005575964,0.0018243102,NOR,0.062011797,0.003924526,0.0028910288,0.9251346,0.002092783,0.003945321
NOR,Monza,2023,4.0,87.069,NOR,0.025116438,0.0012364914,0.001054851,0.9685532,0.0006686669,0.0033704357,NOR,0.1270358,0.0030699663,0.0034604326,0.85692537,0.0022305956,0.007277855
NOR,Monza,2023,5.0,87.142,NOR,0.025603013,0.0015987327,0.0022906642,0.9679966,0.0005787747,0.0019322007,NOR,0.18585172,0.005698307,0.004000227,0.7964603,0.0023955342,0.0055938982
NOR,Monza,2023,6.0,86.796,NOR,0.010850357,0.0004272702,0.00031736918,0.98717296,0.00026154696,0.0009705183,NOR,0.02292465,0.0013562101,0.00035979334,0.9738191,0.00040055826,0.0011396998
NOR,Monza,2023,7.0,86.864,NOR,0.03055164,0.00787134,0.004571662,0.93579787,0.0021199817,0.019087479,NOR,0.14533497,0.02226764,0.010763245,0.7900345,0.005941535,0.02565812
NOR,Monza,2023,8.0,86.628,NOR,0.016066937,0.0021238108,0.0020530748,0.97109634,0.0006058902,0.008053881,NOR,0.14394073,0.009815577,0.007002882,0.81602985,0.003915111,0.019295825
NOR,Monza,2023,9.0,86.893,NOR,0.013436404,0.0010970343,0.0006853082,0.9825293,0.00048087997,0.001771151,NOR,0.029123863,0.0011830007,0.0009634826,0.9658991,0.0006612535,0.0021692135
NOR,Monza,2023,10.0,86.965,NOR,0.011839327,0.00071313616,0.0007109777,0.9821951,0.00042201058,0.0041194214,NOR,0.039796185,0.001103335,0.0011651462,0.95046467,0.00075473863,0.0067159287
NOR,Monza,2023,11.0,87.066,NOR,0.0125083,0.0011607185,0.00070662965,0.9836134,0.0003118535,0.0016991561,NOR,0.027707342,0.0019478567,0.0011175268,0.9661797,0.00068225083,0.0023653507
NOR,Monza,2023,12.0,87.438,NOR,0.032004673,0.00050812686,0.0015371608,0.96318287,0.0003791383,0.0023880368,NOR,0.19019872,0.0014448478,0.0031024092,0.79838365,0.0022555077,0.0046148854
NOR,Monza,2023,13.0,87.359,NOR,0.018761856,0.0005743191,0.0011267959,0.9755779,0.000656608,0.0033025725,NOR,0.10022599,0.0023335258,0.00284545,0.8864156,0.0024445616,0.0057348427
NOR,Monza,2023,14.0,87.478,NOR,0.03695491,0.0022527478,0.0053166267,0.9512296,0.0010724309,0.003173763,ALO,0.6297075,0.012279742,0.009227386,0.3313554,0.007011521,0.010418491
NOR,Monza,2023,15.0,87.796,NOR,0.015544407,0.0025827468,0.0032432165,0.9679387,0.0009680831,0.009722786,NOR,0.11232984,0.008406258,0.004171087,0.8446439,0.00623342,0.024215525
NOR,Monza,2023,16.0,87.199,NOR,0.018802736,0.00048100558,0.00082404655,0.9784802,0.00023868548,0.0011733255,NOR,0.051795505,0.0011899348,0.0011566569,0.9427723,0.00077878986,0.002306851
NOR,Monza,2023,17.0,87.597,NOR,0.015419873,0.0012426742,0.0013242788,0.9744829,0.00069257047,0.0068376744,NOR,0.11053217,0.003951096,0.003437742,0.85990244,0.0034414174,0.018735098
NOR,Monza,2023,18.0,87.272,NOR,0.013652137,0.00052195246,0.0008684349,0.9832895,0.0003434286,0.0013245796,NOR,0.04708225,0.0020497213,0.0017433076,0.9441261,0.0015013682,0.003497175
NOR,Monza,2023,19.0,87.28,NOR,0.014929456,0.0026820202,0.00082450366,0.9788629,0.0002681088,0.0024330688,NOR,0.02479445,0.0035485767,0.0011757168,0.96408916,0.0006971115,0.005695011
NOR,Monza,2023,20.0,87.716,NOR,0.009393952,0.00021669449,0.00063059735,0.9889353,0.00021744781,0.0006060025,NOR,0.030546108,0.0008124425,0.0009811645,0.9658798,0.00050233986,0.0012781917
NOR,Monza,2023,21.0,87.718,NOR,0.016779903,0.0012212717,0.0018380525,0.97179216,0.0005020877,0.007866499,NOR,0.09535959,0.0038943072,0.0032340947,0.8768194,0.0042681484,0.016424457
NOR,Monza,2023,22.0,91.647,ALO,0.58265764,0.023147518,0.061732672,0.18249552,0.06944987,0.080516785,ALO,0.6295431,0.012723737,0.051829293,0.20112577,0.07655254,0.02822552
NOR,Monza,2023,24.0,86.144,NOR,0.121040076,0.0017738262,0.004180236,0.8656609,0.0010079467,0.006337056,NOR,0.33607662,0.0021681497,0.0027541139,0.6359967,0.0019928932,0.021011543
NOR,Monza,2023,25.0,86.424,NOR,0.037238467,0.001217508,0.0015125962,0.9540931,0.00056804804,0.0053702956,NOR,0.033998754,0.0009778937,0.0013410636,0.96047014,0.0006316696,0.0025805207
NOR,Monza,2023,26.0,86.402,NOR,0.02640111,0.0013526639,0.0015300562,0.9679443,0.0005844096,0.0021874204,NOR,0.055069573,0.0009942213,0.0010471318,0.9411245,0.00044759034,0.0013169665
NOR,Monza,2023,27.0,86.485,NOR,0.2286089,0.003178976,0.0036352235,0.74273145,0.001501589,0.02034385,NOR,0.07909766,0.0013916206,0.0012390859,0.9080848,0.0007785838,0.009408196
NOR,Monza,2023,28.0,86.396,NOR,0.37238848,0.00911385,0.014383603,0.5890928,0.00513956,0.009881746,ALO,0.80449605,0.016089175,0.011084725,0.14910814,0.0058997106,0.013322225
NOR,Monza,2023,29.0,86.472,NOR,0.06367597,0.004185831,0.0022669255,0.92410773,0.00065584684,0.005107741,NOR,0.06505471,0.006291932,0.001974604,0.91401434,0.0011228836,0.011541537
NOR,Monza,2023,30.0,86.968,ALO,0.5933791,0.03571462,0.19517848,0.111548945,0.04512168,0.019057203,ALO,0.8037683,0.07510254,0.034888554,0.0077340216,0.065367356,0.013139232
NOR,Monza,2023,31.0,86.909,NOR,0.015746018,0.0006946067,0.0010606529,0.9802521,0.00039701152,0.0018496288,NOR,0.10386355,0.0010427587,0.0018356607,0.8888416,0.0015113656,0.0029050491
NOR,Monza,2023,32.0,86.586,NOR,0.1492094,0.002562173,0.006325934,0.83516824,0.001123959,0.0056102313,NOR,0.3453784,0.0055048955,0.0077171777,0.6255089,0.0041236407,0.011766985
NOR,Monza,2023,33.0,86.455,NOR,0.016982583,0.0004027878,0.00095338,0.97880805,0.00039991975,0.0024532739,NOR,0.0808331,0.0006649454,0.0013722309,0.91210145,0.0009896905,0.0040385877
NOR,Monza,2023,34.0,86.366,NOR,0.07689758,0.006918264,0.005406902,0.9072223,0.000939052,0.0026159028,NOR,0.13546707,0.015728962,0.0046485164,0.8358729,0.0029909373,0.00529167
NOR,Monza,2023,35.0,86.464,NOR,0.15713616,0.0015545954,0.0027754472,0.8014925,0.0019850214,0.03505631,ALO,0.5626553,0.0043373336,0.008313857,0.3421433,0.01009419,0.07245597
NOR,Monza,2023,36.0,87.06,NOR,0.085819386,0.00071927503,0.0027924841,0.90833634,0.0006361346,0.0016963216,NOR,0.33075407,0.0024194443,0.0027316983,0.6570012,0.0020358458,0.005057779
NOR,Monza,2023,37.0,86.595,NOR,0.017666075,0.0011249235,0.0011020856,0.97597253,0.00029895274,0.0038354623,NOR,0.040208686,0.0024395064,0.0013272066,0.9480013,0.001100425,0.006922856
NOR,Monza,2023,38.0,87.567,NOR,0.20726052,0.0022651062,0.0154202115,0.76748234,0.0033376387,0.0042341654,ALO,0.83446205,0.008041955,0.01084508,0.12302659,0.012963544,0.01066079
NOR,Monza,2023,39.0,86.792,NOR,0.16300078,0.051288906,0.07029622,0.6811653,0.013741072,0.020507738,ALO,0.7332102,0.098218046,0.05420483,0.062486675,0.031848095,0.020032162
NOR,Monza,2023,40.0,86.761,NOR,0.13209143,0.0012999115,0.003394474,0.85788685,0.0008857933,0.0044415696,NOR,0.21952783,0.0017996416,0.003898014,0.7622173,0.0031782321,0.009378982
NOR,Monza,2023,41.0,86.562,NOR,0.07172809,0.001999602,0.0055007385,0.903313,0.0021900467,0.015268489,ALO,0.7267098,0.014553551,0.012075251,0.15879557,0.021085797,0.06678006
NOR,Monza,2023,42.0,86.623,ALO,0.69439983,0.017527666,0.040916037,0.22328365,0.0037419514,0.02013092,ALO,0.677283,0.01835159,0.015245164,0.2607516,0.008956383,0.019412301
NOR,Monza,2023,43.0,86.81,NOR,0.078267604,0.0026754744,0.0049063344,0.88260776,0.005043178,0.026499636,ALO,0.6641246,0.009903688,0.008923955,0.20423263,0.02556894,0.087246135
NOR,Monza,2023,44.0,87.991,NOR,0.15087934,0.014907535,0.056772694,0.7615175,0.0069220373,0.009000894,ALO,0.8295034,0.055940125,0.04484328,0.04429063,0.01612404,0.009298537
NOR,Monza,2023,45.0,87.466,NOR,0.10388372,0.005946537,0.012335432,0.873327,0.0015081126,0.0029992443,ALO,0.7272218,0.02187262,0.015189276,0.20576078,0.017212372,0.012743163
NOR,Monza,2023,46.0,87.017,NOR,0.13130984,0.012296621,0.027348518,0.7612519,0.014232559,0.053560555,ALO,0.73207116,0.026834238,0.024248933,0.1141887,0.035992827,0.06666413
NOR,Monza,2023,47.0,87.886,ALO,0.5791498,0.05148226,0.21790716,0.055899244,0.016955074,0.078606494,ALO,0.6437606,0.09161798,0.1084283,0.03261991,0.049267214,0.07430596
NOR,Monza,2023,48.0,86.733,ALO,0.74708414,0.011034334,0.020434245,0.16772443,0.0034842943,0.050238594,ALO,0.5821923,0.031542398,0.011079545,0.30008093,0.019699825,0.055405032
NOR,Monza,2023,49.0,87.661,NOR,0.12579219,0.0075685717,0.045770675,0.7927266,0.018289344,0.009852684,ALO,0.80588055,0.016637709,0.03451838,0.057951614,0.047688264,0.03732351
NOR,Monza,2023,50.0,87.174,NOR,0.09329933,0.008525975,0.021728013,0.868712,0.003386672,0.004348015,ALO,0.6528572,0.03798498,0.013074722,0.2690698,0.013866366,0.013146958
NOR,Monza,2023,51.0,87.425,LEC,0.151246,0.018089198,0.40513247,0.044005197,0.36563167,0.015895493,SAI,0.25592348,0.050828267,0.05725827,0.010553582,0.5681012,0.057335194
SAI,Monza,2023,1.0,87.117,SAI,0.12669507,0.029383078,0.22380275,0.003552601,0.6108894,0.0056770677,HAM,0.34404388,0.38339895,0.10048119,0.010751999,0.14283733,0.018486628
SAI,Monza,2023,2.0,86.006,VER,0.0050812983,0.027874157,0.0079624625,0.012620356,0.008006846,0.93845487,VER,0.004500999,0.021332147,0.0027763045,0.006604992,0.004318238,0.9604673
SAI,Monza,2023,3.0,85.976,SAI,0.005438665,0.15378399,0.02308932,0.008283039,0.68607205,0.12333287,VER,0.009987875,0.3707543,0.019430848,0.0053946273,0.21559377,0.37883857
SAI,Monza,2023,4.0,86.067,SAI,0.0031461958,0.062381763,0.039800093,0.001653908,0.8853142,0.007703797,HAM,0.010282679,0.4436104,0.12963432,0.0055819787,0.39835954,0.012531073
SAI,Monza,2023,5.0,86.423,SAI,0.0039457427,0.060484927,0.09383955,0.0024107848,0.8280999,0.0112191485,SAI,0.011383589,0.16200995,0.19299784,0.0037016098,0.6109908,0.018916186
SAI,Monza,2023,6.0,86.615,SAI,0.008623219,0.21208124,0.19023292,0.0071025165,0.5587148,0.023245264,SAI,0.0049784407,0.06736868,0.13446486,0.0036934973,0.77642804,0.013066423
SAI,Monza,2023,7.0,86.358,LEC,0.009749081,0.07900289,0.586172,0.0040603294,0.31299907,0.008016641,LEC,0.0043941094,0.030510329,0.76264876,0.0029105258,0.19431953,0.0052167107
SAI,Monza,2023,8.0,86.224,VER,0.012074813,0.11658191,0.050453313,0.015533508,0.35516623,0.4501902,VER,0.017826742,0.3835588,0.038616378,0.010509315,0.054018736,0.49547
SAI,Monza,2023,9.0,86.476,SAI,0.0014058454,0.034972858,0.019184405,0.0015219641,0.94091606,0.0019989114,SAI,0.0031525225,0.020588534,0.012815843,0.0024949783,0.95194364,0.009004538
SAI,Monza,2023,10.0,86.511,SAI,0.0013612759,0.007052992,0.013915921,0.0009057119,0.97518694,0.0015771609,SAI,0.0016380541,0.011275777,0.0326413,0.0010304314,0.94880146,0.0046129804
SAI,Monza,2023,11.0,86.691,SAI,0.0011366628,0.020345025,0.016045308,0.0016865758,0.9567714,0.004015018,SAI,0.0026391733,0.018628638,0.026281115,0.0016192603,0.9393738,0.011458062
SAI,Monza,2023,12.0,86.408,SAI,0.0038465527,0.039736867,0.035426516,0.0015789692,0.9152371,0.0041739047,SAI,0.00405101,0.08792698,0.025469199,0.003103706,0.8727859,0.006663215
SAI,Monza,2023,13.0,86.887,SAI,0.0047883033,0.17064956,0.17726487,0.0029329772,0.6314138,0.012950504,HAM,0.008272844,0.71071136,0.19278736,0.0062127355,0.055226926,0.026788743
SAI,Monza,2023,14.0,86.972,SAI,0.01479285,0.11481838,0.061885774,0.005490086,0.7795898,0.023423126,HAM,0.022665381,0.7406415,0.041254103,0.015175316,0.10845804,0.07180573
SAI,Monza,2023,15.0,88.219,SAI,0.005952103,0.011993653,0.43079206,0.002617165,0.54652786,0.002117154,SAI,0.007842154,0.011555639,0.28753245,0.001347889,0.6897773,0.0019445571
SAI,Monza,2023,16.0,87.323,LEC,0.033734195,0.051207606,0.6299409,0.012184792,0.24166569,0.031266786,HAM,0.18984479,0.47737885,0.045743294,0.030344544,0.17503457,0.08165391
SAI,Monza,2023,17.0,87.721,SAI,0.0022180951,0.007696088,0.013512274,0.003948185,0.92833346,0.044291914,SAI,0.010042673,0.031005092,0.0150584,0.005701783,0.8045502,0.13364184
SAI,Monza,2023,18.0,87.512,SAI,0.0028026295,0.05711826,0.11047528,0.0022650545,0.8239964,0.0033423451,HAM,0.007818245,0.4729004,0.040787738,0.004746573,0.46586803,0.007878994
SAI,Monza,2023,21.0,86.146,SAI,0.0031938592,0.022602433,0.020567585,0.001645544,0.9493012,0.0026893658,SAI,0.0035324655,0.2294093,0.07485008,0.0023524011,0.6819072,0.007948586
SAI,Monza,2023,22.0,85.558,SAI,0.010470993,0.03934713,0.017053999,0.009244225,0.8123595,0.11152413,VER,0.015347053,0.11728544,0.024676353,0.008046225,0.32048497,0.51416
SAI,Monza,2023,23.0,85.793,SAI,0.0046209944,0.0092884265,0.0117027005,0.0041182134,0.9198363,0.05043334,SAI,0.009998371,0.040140577,0.034665246,0.00800026,0.75851935,0.14867623
SAI,Monza,2023,24.0,85.902,SAI,0.0042375294,0.02562248,0.059436183,0.0017617166,0.9047756,0.0041665207,SAI,0.0047887485,0.01733505,0.049420126,0.0020174608,0.92032886,0.0061097224
SAI,Monza,2023,25.0,86.005,SAI,0.0022653805,0.031991683,0.1175525,0.0015067506,0.8433615,0.003322197,SAI,0.00226209,0.023015568,0.08243684,0.0014820055,0.88632303,0.004480436
SAI,Monza,2023,26.0,85.836,SAI,0.0032757518,0.13595736,0.042070754,0.003381539,0.7987685,0.016546085,HAM,0.011704958,0.7127097,0.060566258,0.009420571,0.14463922,0.060959242
SAI,Monza,2023,27.0,86.165,SAI,0.00112651,0.015134041,0.23341738,0.0007904949,0.74749726,0.0020342967,SAI,0.0011531728,0.0083164945,0.038210325,0.00068684603,0.950184,0.0014491869
SAI,Monza,2023,28.0,85.77,SAI,0.0014625115,0.037843954,0.015697926,0.0010388953,0.94202477,0.0019319886,SAI,0.0033538856,0.06970114,0.027289236,0.0025283496,0.890813,0.0063144066
SAI,Monza,2023,29.0,85.72,SAI,0.016522655,0.24108931,0.06275859,0.0039358377,0.65788543,0.017808197,HAM,0.025659075,0.8135728,0.048627723,0.007726888,0.06616369,0.03824976
SAI,Monza,2023,30.0,85.501,SAI,0.0037619513,0.053119376,0.07399856,0.0025582865,0.85854447,0.0080173835,HAM,0.007362866,0.7504599,0.15575269,0.0048460956,0.060453415,0.02112502
SAI,Monza,2023,31.0,85.718,SAI,0.0021763507,0.026523648,0.027572248,0.00195844,0.93699384,0.0047754836,HAM,0.0034609942,0.8417073,0.07045242,0.0030202444,0.07293899,0.008420046
SAI,Monza,2023,32.0,85.896,SAI,0.013229152,0.008056063,0.06848174,0.00548445,0.8913551,0.013393489,SAI,0.018084932,0.071182966,0.01782346,0.0047629075,0.8540535,0.034092277
SAI,Monza,2023,33.0,85.926,SAI,0.003373872,0.025805507,0.01824315,0.004119406,0.9325898,0.015868245,SAI,0.0024119269,0.03375269,0.004436877,0.0028928483,0.93749166,0.019014016
SAI,Monza,2023,34.0,86.126,SAI,0.021139443,0.012434902,0.024134682,0.008992737,0.90243053,0.030867735,SAI,0.026961634,0.061208572,0.01696698,0.007303663,0.8243802,0.06317895
SAI,Monza,2023,35.0,85.789,SAI,0.0025978237,0.042987213,0.05055031,0.0018353229,0.89880806,0.0032212716,HAM,0.005068829,0.69100195,0.053411055,0.0024272888,0.24223916,0.0058517
SAI,Monza,2023,36.0,86.011,SAI,0.005945012,0.040646337,0.027892983,0.005144486,0.9033342,0.01703694,HAM,0.009006251,0.856589,0.014140272,0.007083137,0.09027495,0.02290641
SAI,Monza,2023,37.0,85.886,SAI,0.008020235,0.07008303,0.1563372,0.003042533,0.756858,0.0056590512,HAM,0.02489482,0.7328891,0.12278787,0.010436137,0.07227033,0.03672168
SAI,Monza,2023,38.0,85.705,SAI,0.0046339533,0.083777934,0.33498457,0.0024237866,0.55398655,0.020193186,HAM,0.012530015,0.43505713,0.25804412,0.003992615,0.25890458,0.03147152
SAI,Monza,2023,39.0,85.924,SAI,0.0051002875,0.031823874,0.045288127,0.0058899494,0.88638127,0.025516486,SAI,0.012367577,0.24269032,0.021031158,0.009157067,0.6404688,0.07428507
SAI,Monza,2023,40.0,86.122,SAI,0.0069200606,0.041948598,0.044562776,0.0071678106,0.8489619,0.050438788,SAI,0.018037869,0.34663865,0.019539023,0.017074335,0.38070992,0.2180002
SAI,Monza,2023,41.0,86.738,SAI,0.0011872594,0.017588878,0.011516952,0.0008706353,0.96783775,0.0009985091,SAI,0.0013024771,0.028291581,0.0152832,0.0010081944,0.95267594,0.0014385971
SAI,Monza,2023,42.0,86.479,SAI,0.004669814,0.0056929304,0.018574223,0.0029293864,0.9607952,0.007338386,SAI,0.011186504,0.04839528,0.026247991,0.013472558,0.82180125,0.078896396
SAI,Monza,2023,43.0,86.589,SAI,0.0036148406,0.025944652,0.28602985,0.0018196377,0.67911625,0.0034747839,HAM,0.0049730553,0.7468609,0.1294654,0.0037315472,0.10966982,0.005299275
SAI,Monza,2023,44.0,86.43,SAI,0.011825788,0.12824482,0.1163012,0.009840844,0.69903696,0.034750376,HAM,0.020324389,0.70239156,0.024518283,0.016108118,0.18968286,0.04697478
SAI,Monza,2023,45.0,86.632,SAI,0.0022599148,0.081799224,0.058080807,0.0046329065,0.846559,0.0066681863,HAM,0.0031845763,0.8098111,0.010728325,0.0025584337,0.16739427,0.0063232924
SAI,Monza,2023,46.0,87.303,SAI,0.00106991,0.0061589475,0.012598388,0.00089905126,0.97630614,0.0029675695,SAI,0.0011401679,0.025475629,0.0075475974,0.001085527,0.9627598,0.0019912207
SAI,Monza,2023,47.0,87.096,SAI,0.003588058,0.035581313,0.35937148,0.0024549887,0.59732944,0.0016747325,SAI,0.00633391,0.07630621,0.059361406,0.001975432,0.8530852,0.0029377933
SAI,Monza,2023,48.0,86.8,SAI,0.0016858053,0.009244549,0.021688828,0.0011525592,0.96361524,0.0026130339,SAI,0.001069315,0.014679859,0.0081946105,0.00095607917,0.97318757,0.0019126398
SAI,Monza,2023,49.0,86.77,SAI,0.0043874816,0.051969543,0.05880362,0.0044132546,0.87332547,0.0071006473,HAM,0.011339535,0.7637409,0.05841044,0.007335192,0.12447332,0.03470055
SAI,Monza,2023,50.0,86.776,SAI,0.0019012016,0.031177457,0.031861946,0.0023374667,0.9303073,0.002414563,SAI,0.001132753,0.044578604,0.007916678,0.0009993878,0.9439163,0.0014561991
SAI,Monza,2023,51.0,87.044,SAI,0.0053127776,0.042877074,0.25397986,0.002258527,0.68863946,0.006932262,HAM,0.0028505896,0.67707735,0.18109587,0.0023632455,0.13056792,0.006045043
VER,Monza,2023,1.0,87.905,LEC,0.26596236,0.11183656,0.46780077,0.022834316,0.11755004,0.014015946,ALO,0.39464068,0.3024302,0.04503057,0.07547982,0.16072239,0.021696277
VER,Monza,2023,2.0,86.163,VER,0.12522751,0.17828843,0.025209673,0.07124065,0.027055893,0.57297784,NOR,0.039032225,0.19394489,0.019003756,0.36916664,0.06154057,0.31731188
VER,Monza,2023,3.0,85.702,VER,0.012590294,0.013718777,0.0044210907,0.01310139,0.007210119,0.9489584,VER,0.0076110247,0.011535481,0.0019766544,0.009642792,0.006275851,0.96295816
VER,Monza,2023,4.0,86.05,VER,0.03306379,0.03989408,0.015198382,0.023294447,0.020303281,0.8682461,VER,0.034209162,0.10426007,0.007942695,0.06244977,0.024832062,0.7663062
VER,Monza,2023,5.0,86.176,VER,0.2207077,0.0227041,0.021171743,0.031335864,0.023908207,0.68017244,VER,0.28422803,0.065249026,0.010288596,0.13662103,0.05321061,0.4504027
VER,Monza,2023,6.0,86.837,HAM,0.017865539,0.60716975,0.117949344,0.015378764,0.018055867,0.22358076,HAM,0.019065466,0.8671509,0.009013649,0.020426903,0.023479931,0.060863174
VER,Monza,2023,7.0,86.368,VER,0.01296303,0.027858883,0.007490048,0.024806317,0.011292509,0.9155892,VER,0.005099085,0.013184278,0.0014571346,0.019092944,0.010405773,0.9507608
VER,Monza,2023,8.0,85.99,VER,0.014023787,0.040877044,0.01951832,0.016780835,0.025355453,0.88344455,VER,0.022566797,0.16344522,0.0112942755,0.09178601,0.11276011,0.5981476
VER,Monza,2023,9.0,86.605,VER,0.0076799253,0.116007306,0.014455118,0.044928983,0.029088588,0.7878401,VER,0.006657663,0.12899104,0.004313822,0.05014184,0.039142385,0.77075326
VER,Monza,2023,10.0,86.603,VER,0.036752444,0.020320788,0.020872783,0.015954161,0.01223402,0.8938658,VER,0.07478791,0.07652207,0.011026363,0.17452718,0.05857131,0.6045652
VER,Monza,2023,11.0,86.643,VER,0.042823292,0.04074856,0.023649458,0.059355605,0.07799634,0.7554267,VER,0.011632064,0.036587853,0.0048712604,0.07116799,0.040724803,0.8350161
VER,Monza,2023,12.0,86.442,VER,0.07281983,0.033361457,0.04433944,0.02502917,0.029243903,0.7952062,VER,0.08759473,0.09104744,0.013903379,0.16461666,0.07499953,0.56783825
VER,Monza,2023,13.0,86.666,VER,0.017528823,0.057137247,0.038597867,0.052079577,0.02350514,0.8111513,VER,0.0071461145,0.10334148,0.005473601,0.08038495,0.040496387,0.7631575
VER,Monza,2023,14.0,87.028,VER,0.008919134,0.014248563,0.009838594,0.009345648,0.011869382,0.9457787,VER,0.009188648,0.034348458,0.005176083,0.053363983,0.04578008,0.85214275
VER,Monza,2023,15.0,86.782,LEC,0.03245931,0.31047928,0.32770357,0.03944331,0.12979092,0.16012359,HAM,0.033564143,0.76493233,0.038895935,0.032316316,0.04970957,0.0805817
VER,Monza,2023,16.0,86.718,VER,0.08556428,0.023436448,0.008576134,0.12259807,0.015248873,0.74457616,VER,0.040141854,0.03216875,0.0058621564,0.14498147,0.018017141,0.7588286
VER,Monza,2023,17.0,86.733,VER,0.008099241,0.008888387,0.005276163,0.027292982,0.009633091,0.9408102,VER,0.015374671,0.02435917,0.004008814,0.2155954,0.012134809,0.7285272
VER,Monza,2023,18.0,86.273,VER,0.22916631,0.06104682,0.047582738,0.08380649,0.02717922,0.5512184,VER,0.17076556,0.23622711,0.022133162,0.13126518,0.024459733,0.4151493
VER,Monza,2023,19.0,86.438,VER,0.008249573,0.017311491,0.004733154,0.010679056,0.01208972,0.94693696,VER,0.010306015,0.019068347,0.0024313787,0.026347918,0.019227315,0.922619
VER,Monza,2023,20.0,90.849,HAM,0.05573849,0.40655094,0.052160982,0.17145889,0.036288694,0.27780205,NOR,0.028118012,0.14178771,0.0057631875,0.47355178,0.026631674,0.32414764
VER,Monza,2023,22.0,85.885,VER,0.022510419,0.052185867,0.010928737,0.02055042,0.008911702,0.8849129,VER,0.015976414,0.06833885,0.00626967,0.036418203,0.032511115,0.8404858
VER,Monza,2023,23.0,86.159,VER,0.01228706,0.08423152,0.012322834,0.104873344,0.03595834,0.7503269,VER,0.0071180766,0.028550847,0.003721414,0.18754815,0.012625746,0.76043576
VER,Monza,2023,24.0,86.327,VER,0.008702676,0.049702518,0.0041632634,0.017439352,0.03401528,0.88597685,VER,0.003429333,0.015161347,0.0011789756,0.012707352,0.044997737,0.9225253
VER,Monza,2023,25.0,85.914,VER,0.1272785,0.20115192,0.034236323,0.06419403,0.046744727,0.5263945,VER,0.045440767,0.14767163,0.011013154,0.12089561,0.03251244,0.6424664
VER,Monza,2023,26.0,85.786,VER,0.020101352,0.019123852,0.00883773,0.049058255,0.017894704,0.88498414,VER,0.010311103,0.031928815,0.0052244905,0.3153555,0.009562803,0.6276173
VER,Monza,2023,27.0,85.501,VER,0.03098436,0.029709464,0.009571364,0.047519322,0.007668952,0.87454647,NOR,0.036511,0.046730757,0.009985489,0.58769894,0.015465522,0.30360836
VER,Monza,2023,28.0,85.434,VER,0.07106669,0.057351638,0.04511563,0.07042729,0.013739153,0.7422996,VER,0.09734506,0.11733971,0.01154652,0.31313434,0.022946939,0.4376874
VER,Monza,2023,29.0,85.471,VER,0.010801044,0.009344627,0.007582941,0.03140319,0.0077928137,0.93307537,VER,0.009810539,0.035740018,0.006313643,0.2768735,0.01194827,0.65931404
VER,Monza,2023,30.0,85.398,VER,0.004155999,0.0136727,0.003858744,0.017545274,0.014292803,0.9464745,VER,0.006724257,0.033265933,0.003943216,0.13241115,0.009926347,0.8137291
VER,Monza,2023,31.0,85.502,VER,0.065404125,0.026070194,0.020891387,0.05357487,0.013717604,0.8203418,VER,0.03283102,0.08710403,0.009514065,0.27447298,0.016446816,0.5796311
VER,Monza,2023,32.0,85.41,VER,0.28667146,0.111250654,0.06903263,0.032665547,0.06294755,0.43743217,VER,0.22554435,0.24499992,0.017802205,0.019918391,0.05056813,0.441167
VER,Monza,2023,33.0,85.24,VER,0.020523164,0.030732173,0.022508135,0.014950194,0.012324669,0.8989617,VER,0.021948397,0.08081057,0.010182328,0.03865699,0.02965575,0.81874603
VER,Monza,2023,34.0,85.683,VER,0.022063468,0.02821211,0.01204974,0.039062645,0.007004762,0.8916073,VER,0.015952302,0.061887465,0.009018682,0.37514636,0.017100012,0.5208952
VER,Monza,2023,35.0,85.815,VER,0.07580733,0.031540073,0.021251418,0.06873728,0.014302082,0.7883618,NOR,0.113407,0.047287524,0.0099984715,0.46373385,0.015619199,0.3499539
VER,Monza,2023,36.0,85.598,VER,0.12712406,0.017555276,0.007869762,0.048707396,0.007221823,0.7915217,VER,0.072008,0.041684426,0.0070220553,0.39810494,0.015015083,0.46616545
VER,Monza,2023,37.0,85.683,VER,0.00649558,0.020957462,0.0063222656,0.06828396,0.025204998,0.8727357,VER,0.0056506186,0.028235007,0.004590377,0.26365066,0.008545938,0.68932736
VER,Monza,2023,38.0,85.585,VER,0.008437555,0.028752686,0.0052969474,0.06536913,0.006132919,0.88601077,VER,0.0041025085,0.015297988,0.0023300073,0.20140891,0.0068857055,0.7699749
VER,Monza,2023,39.0,85.486,VER,0.046571437,0.116256,0.048277583,0.02262851,0.07860935,0.6876571,VER,0.015664173,0.22465378,0.009786143,0.014723344,0.06991914,0.6652534
VER,Monza,2023,40.0,85.901,VER,0.03669495,0.022151457,0.009510723,0.017401442,0.0077424278,0.90649897,VER,0.024311462,0.058222782,0.005841546,0.08917955,0.011427386,0.8110173
VER,Monza,2023,41.0,85.779,VER,0.08062874,0.08540748,0.016786154,0.06032349,0.009109266,0.74774486,NOR,0.0553091,0.07479002,0.009397602,0.6354511,0.013335936,0.2117163
VER,Monza,2023,42.0,85.912,VER,0.03661834,0.20406392,0.017111395,0.047843076,0.0142388465,0.6801244,VER,0.029464934,0.24353461,0.0131135965,0.17041884,0.03689861,0.5065694
VER,Monza,2023,43.0,85.994,VER,0.0062565743,0.040641546,0.00805571,0.042390637,0.010978933,0.8916766,VER,0.0046255104,0.033736087,0.0020080109,0.16160876,0.011667556,0.78635406
VER,Monza,2023,44.0,85.751,VER,0.011482232,0.026546435,0.0071025654,0.022296589,0.009551068,0.92302114,VER,0.010885109,0.03998326,0.003990727,0.08676264,0.015539845,0.8428384
VER,Monza,2023,45.0,85.916,VER,0.017516682,0.08097299,0.010813519,0.047492355,0.013776505,0.82942796,VER,0.012885495,0.07756064,0.006324836,0.33930758,0.0127048865,0.5512166
VER,Monza,2023,46.0,86.185,VER,0.015602159,0.05467607,0.020737432,0.024535356,0.021025918,0.86342305,VER,0.024033537,0.20117505,0.016570272,0.101623744,0.0565859,0.60001147
VER,Monza,2023,47.0,86.137,VER,0.039120514,0.06658756,0.013561722,0.040470082,0.011584228,0.82867587,VER,0.035143036,0.05460747,0.011058777,0.10373934,0.060638435,0.734813
VER,Monza,2023,48.0,87.235,VER,0.014801403,0.15654068,0.0069388594,0.09097822,0.019080332,0.7116605,VER,0.012839749,0.074669786,0.0077207233,0.41543677,0.014416025,0.47491688
VER,Monza,2023,49.0,87.907,HAM,0.0155734485,0.47397828,0.004739489,0.03930501,0.014805932,0.4515978,VER,0.0115849655,0.24205858,0.0071144076,0.19532868,0.05374692,0.49016646
VER,Monza,2023,50.0,88.393,HAM,0.0029632929,0.71972156,0.003678885,0.03483709,0.0037617697,0.23503743,HAM,0.0054254043,0.5328841,0.0045480514,0.14176379,0.016035797,0.2993428
VER,Monza,2023,51.0,87.525,HAM,0.051539727,0.67498684,0.00426583,0.16325401,0.0031714472,0.102782115,NOR,0.044555347,0.18339756,0.0030387542,0.6959527,0.0046140254,0.068441615
ALO,Singapore,2023,2.0,102.255,ALO,0.97467744,0.01133566,0.003219234,0.0061257994,0.00084769307,0.0037941795,ALO,0.9865176,0.0013951927,0.0003579582,0.005445278,0.00043247358,0.0058514155
ALO,Singapore,2023,3.0,101.349,ALO,0.973583,0.0035537085,0.01801598,0.002428233,0.00086561,0.0015534475,ALO,0.98766404,0.002557703,0.0017360586,0.0035909298,0.0005404548,0.003910754
ALO,Singapore,2023,4.0,101.356,ALO,0.8410522,0.014057207,0.121052675,0.011956908,0.0054681823,0.006412871,ALO,0.97730434,0.007096576,0.0017087301,0.007025031,0.0007915916,0.006073715
ALO,Singapore,2023,5.0,101.194,ALO,0.97147906,0.011795807,0.012921351,0.001586268,0.00071243115,0.0015050385,ALO,0.9738955,0.014057141,0.007153205,0.0016169482,0.0007086419,0.002568588
ALO,Singapore,2023,6.0,100.686,ALO,0.9802238,0.00187417,0.0044560423,0.010068918,0.0005582177,0.0028188608,ALO,0.9865327,0.0011748965,0.0009988543,0.006507484,0.00038377885,0.0044022915
ALO,Singapore,2023,7.0,100.774,ALO,0.97467446,0.005406604,0.015388188,0.0018453317,0.0010753265,0.0016100643,ALO,0.9788381,0.011774066,0.0015801599,0.0028375282,0.00071404123,0.0042561605
ALO,Singapore,2023,8.0,100.21,NOR,0.15896398,0.12105,0.2203382,0.41403338,0.017352832,0.06826158,NOR,0.29003522,0.24731761,0.04807563,0.30196115,0.01366656,0.09894382
ALO,Singapore,2023,9.0,100.422,ALO,0.7996492,0.034364223,0.0652746,0.059186798,0.008449732,0.033075448,ALO,0.93634856,0.008040437,0.002599893,0.024373904,0.0019671577,0.026670119
ALO,Singapore,2023,10.0,100.555,ALO,0.9772224,0.0095492145,0.0056625046,0.004072158,0.00069450814,0.0027992174,ALO,0.9744587,0.0031243623,0.0010583167,0.009636727,0.00084364094,0.010878328
ALO,Singapore,2023,11.0,100.147,ALO,0.9766551,0.0047178525,0.0024329305,0.0121095395,0.00039563433,0.003688975,ALO,0.94081587,0.0063613146,0.0012799219,0.044439152,0.00043010083,0.0066735977
ALO,Singapore,2023,12.0,100.383,ALO,0.9599017,0.0054523745,0.028544638,0.0023812745,0.0014830718,0.0022369055,ALO,0.9781506,0.01231186,0.001324831,0.0033506372,0.0006062997,0.004255719
ALO,Singapore,2023,13.0,100.554,ALO,0.98365533,0.0058921888,0.004379442,0.0029115337,0.00062110374,0.0025403604,ALO,0.984481,0.0058330237,0.0010022427,0.004011311,0.00060170155,0.004070767
ALO,Singapore,2023,14.0,100.18,ALO,0.89976835,0.012309839,0.06547051,0.016028889,0.0015292887,0.0048931497,ALO,0.92588615,0.042310912,0.0065099164,0.014262702,0.0012463824,0.009783952
ALO,Singapore,2023,15.0,100.095,ALO,0.98221797,0.0027046797,0.0074822926,0.0042198943,0.0011700623,0.0022050797,ALO,0.98821753,0.0021813307,0.0012576728,0.0038162996,0.0005498462,0.003977358
ALO,Singapore,2023,16.0,100.238,ALO,0.971492,0.0051063057,0.016118929,0.002961832,0.0010963123,0.0032246464,ALO,0.9879637,0.0025203093,0.0023120942,0.0031737224,0.0005422414,0.0034879432
ALO,Singapore,2023,17.0,100.499,LEC,0.052437507,0.29263842,0.51877934,0.04707804,0.06075529,0.028311392,HAM,0.08619506,0.626204,0.13542111,0.048302248,0.027576717,0.07630085
ALO,Singapore,2023,18.0,100.316,ALO,0.9877664,0.0022754304,0.0054138293,0.0022700713,0.0010818564,0.0011924682,ALO,0.97655815,0.007932043,0.0015345864,0.008957209,0.00092001236,0.0040980107
ALO,Singapore,2023,19.0,100.346,ALO,0.9618611,0.012163151,0.020183958,0.0025771032,0.0015159793,0.0016987509,ALO,0.9532172,0.029720036,0.008987855,0.0036428648,0.0014451832,0.0029868428
ALO,Singapore,2023,24.0,103.137,ALO,0.8926097,0.01265011,0.08607628,0.0038490377,0.003040751,0.0017741127,ALO,0.962828,0.026103212,0.0025651706,0.003422273,0.0011011114,0.0039802613
ALO,Singapore,2023,25.0,100.689,ALO,0.9729584,0.0034412472,0.005703944,0.015685711,0.0009888954,0.0012218509,ALO,0.98096573,0.0047154007,0.0018562849,0.009842573,0.0007451748,0.0018747626
ALO,Singapore,2023,26.0,100.896,ALO,0.9252735,0.008188073,0.015561899,0.04786353,0.0016691446,0.0014438651,ALO,0.95021915,0.006558113,0.0023094465,0.03789575,0.0010485642,0.0019689787
ALO,Singapore,2023,27.0,100.185,ALO,0.84329545,0.020708308,0.108400926,0.022860654,0.0023247455,0.0024099764,ALO,0.95250213,0.016857004,0.008763662,0.017358605,0.0015679561,0.0029507165
ALO,Singapore,2023,28.0,101.931,ALO,0.9290352,0.021756073,0.027380133,0.018095339,0.0015227444,0.00221054,ALO,0.9595409,0.022276318,0.005727973,0.009486029,0.0008964155,0.0020723343
ALO,Singapore,2023,29.0,101.292,ALO,0.94971174,0.0053118984,0.03799171,0.004995554,0.0009141003,0.0010749857,ALO,0.96929234,0.016458534,0.0057159183,0.0054061674,0.0007321111,0.0023948646
ALO,Singapore,2023,30.0,100.128,ALO,0.9360654,0.013731217,0.012964853,0.0280073,0.0017237199,0.0075074714,ALO,0.90266174,0.009534076,0.004676244,0.057805024,0.0018805021,0.023442397
ALO,Singapore,2023,31.0,100.049,ALO,0.9344426,0.020006126,0.009013293,0.0230012,0.0016336374,0.011903098,ALO,0.950405,0.004974018,0.00299674,0.021546023,0.0016320581,0.01844613
ALO,Singapore,2023,32.0,100.39,ALO,0.8741715,0.028738275,0.034440674,0.03904016,0.005539178,0.018070213,ALO,0.88770866,0.014907906,0.010847263,0.043632045,0.0041927304,0.03871141
ALO,Singapore,2023,33.0,99.636,ALO,0.48540893,0.040709123,0.18766896,0.22437797,0.01757672,0.044258323,ALO,0.64905924,0.038024243,0.028901206,0.18466389,0.010806172,0.0885452
ALO,Singapore,2023,34.0,100.578,ALO,0.87114525,0.008495133,0.08915287,0.025492456,0.0028549004,0.0028593184,ALO,0.9508982,0.020133523,0.0115252845,0.013781146,0.0014837118,0.0021781942
ALO,Singapore,2023,35.0,100.626,ALO,0.9409844,0.0054238597,0.01733698,0.02938759,0.0021139958,0.004753158,ALO,0.94108176,0.015018706,0.008647921,0.031222539,0.0013571914,0.0026718606
ALO,Singapore,2023,36.0,101.265,ALO,0.9323431,0.026374938,0.014610004,0.022953887,0.0011947838,0.0025232292,ALO,0.9679741,0.013521103,0.0040667076,0.01055726,0.0006852593,0.0031955591
ALO,Singapore,2023,38.0,101.208,ALO,0.805182,0.032298677,0.0030383235,0.15415956,0.0012159165,0.004105541,ALO,0.9168975,0.0032879997,0.0013890305,0.07240836,0.0009094208,0.005107673
ALO,Singapore,2023,39.0,102.062,ALO,0.9018207,0.0055910125,0.05623287,0.03225201,0.002266845,0.0018366093,ALO,0.9564284,0.015257905,0.0059621716,0.019872516,0.0011997528,0.0012792208
ALO,Singapore,2023,40.0,100.154,ALO,0.9859248,0.0022447389,0.00278063,0.0040257885,0.00081458414,0.004209441,ALO,0.9905832,0.00096631155,0.0008657105,0.00356934,0.00037198464,0.0036434913
ALO,Singapore,2023,41.0,100.18,ALO,0.96331936,0.012971219,0.0119119,0.0072121248,0.0008885162,0.003696933,ALO,0.9795289,0.007597243,0.0031828952,0.0050128037,0.0005349344,0.004143192
ALO,Singapore,2023,42.0,100.146,ALO,0.951918,0.0153798675,0.020243531,0.00860435,0.0018127381,0.0020414563,ALO,0.9750167,0.011250153,0.004211184,0.005698077,0.00073094,0.0030928748
ALO,Singapore,2023,47.0,96.456,ALO,0.83359194,0.014213018,0.052808564,0.035060547,0.0029669446,0.061359,ALO,0.89445704,0.024090962,0.028951423,0.036841452,0.0041599963,0.011499182
ALO,Singapore,2023,48.0,99.79,ALO,0.6197331,0.20518322,0.02519369,0.078332655,0.007275291,0.06428206,ALO,0.5157673,0.021111837,0.006406626,0.114081,0.004303569,0.33832967
ALO,Singapore,2023,49.0,98.787,ALO,0.9045558,0.06487695,0.011521366,0.009734935,0.0014483812,0.007862548,ALO,0.8632788,0.09230096,0.0025760776,0.017652756,0.0010618707,0.023129538
ALO,Singapore,2023,50.0,98.088,ALO,0.9732073,0.001997217,0.00057753373,0.0149415005,0.0003040053,0.008972478,ALO,0.9430702,0.0012994381,0.0005304888,0.032318063,0.0003289846,0.022452839
ALO,Singapore,2023,51.0,98.463,ALO,0.98258495,0.0059392275,0.0013601724,0.004789449,0.0004999271,0.004826233,ALO,0.964481,0.0014141512,0.0003526458,0.0071453424,0.00038623373,0.026220687
ALO,Singapore,2023,52.0,97.943,ALO,0.97834444,0.0059264367,0.00089138455,0.006427316,0.00039996774,0.00801044,ALO,0.9541093,0.0012099602,0.00038004015,0.01040244,0.00038190436,0.03351639
ALO,Singapore,2023,53.0,98.559,ALO,0.98619103,0.0060146824,0.0017702858,0.0032414303,0.00043546638,0.0023470644,ALO,0.983502,0.0034815087,0.0009780605,0.0074043046,0.0003600538,0.004274051
ALO,Singapore,2023,54.0,98.179,ALO,0.79432887,0.038802657,0.022069152,0.074438125,0.004339389,0.06602183,ALO,0.91720957,0.005406399,0.002002958,0.044760827,0.0015686487,0.029051548
ALO,Singapore,2023,55.0,98.012,ALO,0.98581845,0.0035370523,0.0023871553,0.0034451766,0.0005809468,0.0042312327,ALO,0.9853188,0.004126993,0.001010893,0.0040875743,0.0004419534,0.0050138636
ALO,Singapore,2023,56.0,98.436,ALO,0.98019665,0.002100727,0.002517838,0.0087165525,0.0008458469,0.0056224433,ALO,0.98486245,0.0014228857,0.0009115756,0.0076328134,0.00042388565,0.004746475
ALO,Singapore,2023,57.0,98.303,ALO,0.984728,0.0012250807,0.0033989446,0.005817016,0.00056087616,0.0042700856,ALO,0.9884489,0.0010571554,0.00096193707,0.0047121057,0.00041346444,0.0044064843
ALO,Singapore,2023,58.0,98.941,ALO,0.9701043,0.009802855,0.0069345166,0.010227217,0.0011869494,0.0017442127,ALO,0.96757287,0.014446996,0.0031228373,0.011995682,0.0009057523,0.001955842
ALO,Singapore,2023,59.0,98.518,ALO,0.91546696,0.029962715,0.039647244,0.0066780006,0.0036770042,0.0045680567,ALO,0.9280067,0.039613843,0.018187145,0.0092209065,0.002807986,0.002163471
ALO,Singapore,2023,60.0,98.728,ALO,0.9664042,0.0043936446,0.018867133,0.004096843,0.0013722561,0.004865924,ALO,0.96496725,0.012727489,0.0075351875,0.008170088,0.001743336,0.004856697
ALO,Singapore,2023,61.0,101.542,ALO,0.9089915,0.0038271903,0.015262237,0.06751265,0.0016536899,0.002752693,ALO,0.9660989,0.002550293,0.0016460929,0.02679522,0.0007296117,0.0021798278
HAM,Singapore,2023,3.0,101.088,HAM,0.08649118,0.54312897,0.03933662,0.1753885,0.018775623,0.13687915,VER,0.08986885,0.043465946,0.011478378,0.3860528,0.009019263,0.4601148
HAM,Singapore,2023,5.0,100.978,ALO,0.80137074,0.11039337,0.0419846,0.024658756,0.0055205557,0.016071986,ALO,0.88505995,0.05459993,0.0039633056,0.02949533,0.0026272282,0.024254203
HAM,Singapore,2023,6.0,100.126,HAM,0.038176384,0.8433764,0.026701,0.04100286,0.008105405,0.04263799,VER,0.08441418,0.07333486,0.012177797,0.18637015,0.009608112,0.63409495
HAM,Singapore,2023,7.0,99.918,ALO,0.4749908,0.2924622,0.037762083,0.10317961,0.010078918,0.08152637,ALO,0.67241216,0.011827965,0.0030519024,0.06410258,0.0033933693,0.24521202
HAM,Singapore,2023,8.0,100.166,HAM,0.010312108,0.93784267,0.0067589516,0.016230093,0.005640219,0.023215968,VER,0.04812176,0.068122074,0.00949075,0.18741259,0.013182943,0.6736699
HAM,Singapore,2023,9.0,100.312,HAM,0.006468135,0.9376894,0.007480718,0.017996477,0.008338845,0.022026416,VER,0.030909104,0.2554425,0.011688202,0.14401513,0.01335849,0.54458654
HAM,Singapore,2023,10.0,100.144,HAM,0.028096532,0.92638797,0.010415411,0.014711959,0.00597955,0.014408593,VER,0.11920525,0.33099344,0.014301557,0.14069104,0.013025014,0.3817837
HAM,Singapore,2023,11.0,100.241,HAM,0.01361015,0.9600608,0.0030219778,0.009167715,0.003656679,0.010482722,VER,0.1864268,0.074731946,0.007714384,0.13769585,0.013920316,0.5795107
HAM,Singapore,2023,12.0,100.218,HAM,0.0057353536,0.9528951,0.005644473,0.0124212755,0.008038465,0.015265373,VER,0.07314541,0.13930883,0.010799949,0.16822524,0.019849166,0.5886714
HAM,Singapore,2023,13.0,100.081,HAM,0.028459659,0.86920255,0.034605652,0.035909094,0.013120705,0.018702297,HAM,0.0715839,0.40547854,0.02630009,0.27006885,0.023032939,0.20353565
HAM,Singapore,2023,14.0,100.273,HAM,0.0066953967,0.90006715,0.017646967,0.034871925,0.014232569,0.026485993,HAM,0.012451898,0.6165189,0.020216253,0.17958254,0.025835864,0.14539455
HAM,Singapore,2023,15.0,100.394,HAM,0.008949708,0.90962565,0.014156201,0.040820163,0.009288584,0.017159645,VER,0.029981593,0.33874798,0.02513866,0.24361946,0.021667749,0.34084457
HAM,Singapore,2023,16.0,100.785,HAM,0.09298067,0.8610354,0.0037067826,0.02008355,0.0033854216,0.018808177,ALO,0.5773679,0.023880005,0.0053846044,0.10894184,0.0063022356,0.27812344
HAM,Singapore,2023,17.0,100.38,HAM,0.027620941,0.8662236,0.0023622294,0.009955426,0.0091406405,0.084697135,VER,0.09254031,0.021928325,0.0037338082,0.039566144,0.012763566,0.82946783
HAM,Singapore,2023,18.0,100.364,HAM,0.034409285,0.9297341,0.0023632268,0.010103917,0.003717452,0.019672008,ALO,0.46189597,0.045203675,0.005344805,0.09001791,0.0134024685,0.3841352
HAM,Singapore,2023,19.0,99.394,HAM,0.119827785,0.5529847,0.047161907,0.13862805,0.015945625,0.12545194,VER,0.12074054,0.05004729,0.010054239,0.21458946,0.01129477,0.5932737
HAM,Singapore,2023,24.0,100.957,LEC,0.17917958,0.18634173,0.60190374,0.01242517,0.011434959,0.008714769,ALO,0.5697827,0.30854368,0.08511898,0.011284592,0.006887339,0.018382736
HAM,Singapore,2023,25.0,100.442,HAM,0.012089943,0.8930622,0.010386693,0.049703885,0.004950746,0.029806597,VER,0.043435454,0.044826083,0.008067263,0.3146674,0.009619429,0.5793844
HAM,Singapore,2023,26.0,99.954,HAM,0.017378394,0.8215915,0.019999538,0.09579443,0.015748229,0.02948787,VER,0.05067541,0.22734843,0.023583261,0.3303378,0.024476707,0.3435784
HAM,Singapore,2023,27.0,99.226,HAM,0.024902936,0.6543613,0.018894602,0.27847597,0.008892482,0.014472701,NOR,0.050112527,0.08254334,0.015659355,0.7589542,0.017348884,0.07538166
HAM,Singapore,2023,28.0,99.679,HAM,0.08540435,0.8643986,0.0019580014,0.009559227,0.005012392,0.033667438,VER,0.35185724,0.018011233,0.0039462475,0.034756716,0.011573143,0.5798554
HAM,Singapore,2023,29.0,99.52,HAM,0.016938593,0.8317275,0.0036817368,0.008830953,0.010359098,0.12846215,VER,0.04188334,0.015481903,0.002860122,0.027739977,0.010963561,0.90107113
HAM,Singapore,2023,30.0,99.142,HAM,0.01713331,0.9296787,0.004554381,0.022682954,0.005156259,0.020794414,VER,0.116333514,0.0877117,0.008076786,0.27495584,0.022409393,0.49051276
HAM,Singapore,2023,31.0,99.32,NOR,0.010184999,0.34463644,0.005759238,0.60161424,0.008693553,0.029111521,NOR,0.014139915,0.02428102,0.004493334,0.82597435,0.007262549,0.12384886
HAM,Singapore,2023,32.0,99.186,HAM,0.013674014,0.84381706,0.0030307788,0.057624254,0.010454397,0.07139949,VER,0.047677778,0.03685523,0.006646204,0.28601253,0.014752562,0.60805565
HAM,Singapore,2023,33.0,100.62,HAM,0.011425688,0.7298297,0.0033880242,0.10369625,0.012733342,0.13892698,VER,0.02056395,0.03935179,0.006395528,0.31718725,0.012201988,0.60429955
HAM,Singapore,2023,34.0,99.545,HAM,0.009704056,0.7351495,0.0017116823,0.009756598,0.008633111,0.23504505,VER,0.017398205,0.018278627,0.0021231845,0.035447292,0.007456556,0.9192961
HAM,Singapore,2023,35.0,99.51,HAM,0.01662289,0.65589136,0.0018647818,0.010211707,0.007449992,0.30795926,VER,0.04029541,0.012514378,0.0022101726,0.03195247,0.0065352367,0.9064923
HAM,Singapore,2023,36.0,99.362,HAM,0.02568873,0.84204286,0.0064747194,0.09418214,0.0048978077,0.026713723,NOR,0.14932261,0.040099,0.013063622,0.4061147,0.0110974815,0.38030258
HAM,Singapore,2023,37.0,99.959,ALO,0.44894552,0.08158936,0.0059294384,0.43746278,0.0018183958,0.024254562,ALO,0.8378024,0.0037209783,0.002841559,0.12211054,0.0010495116,0.032474965
HAM,Singapore,2023,38.0,99.86,HAM,0.012412784,0.7549823,0.008751785,0.14922486,0.009665883,0.0649624,VER,0.026253805,0.05849265,0.011902172,0.42297187,0.014566636,0.46581283
HAM,Singapore,2023,39.0,99.264,VER,0.18340024,0.22816552,0.032078993,0.23285113,0.016172146,0.30733195,NOR,0.11505236,0.029289609,0.015155045,0.44677585,0.011692621,0.38203448
HAM,Singapore,2023,40.0,99.472,HAM,0.015169552,0.507109,0.021574598,0.39191434,0.019101879,0.045130633,NOR,0.025774792,0.2535772,0.023491856,0.5487149,0.017360104,0.1310812
HAM,Singapore,2023,41.0,99.698,HAM,0.011237949,0.79599977,0.01528877,0.03355856,0.023207026,0.12070791,VER,0.01405008,0.19342488,0.01861654,0.21558522,0.028107857,0.5302154
HAM,Singapore,2023,42.0,99.686,HAM,0.00895561,0.80112684,0.003357057,0.044829316,0.007927764,0.1338034,VER,0.025868619,0.04212515,0.0062538064,0.23096499,0.014083248,0.68070424
HAM,Singapore,2023,43.0,99.291,HAM,0.009158591,0.6478615,0.006875599,0.062236555,0.039700028,0.23416774,VER,0.02629894,0.0663249,0.010043959,0.28662598,0.034033284,0.5766729
HAM,Singapore,2023,46.0,96.953,HAM,0.012718482,0.94845045,0.005462475,0.0070571764,0.009578119,0.016733283,HAM,0.06602838,0.4991133,0.010134948,0.117746346,0.030437099,0.27653992
HAM,Singapore,2023,47.0,95.867,VER,0.01628383,0.2909674,0.008574027,0.045663852,0.07195576,0.56655514,VER,0.027225597,0.07001407,0.010339748,0.11981291,0.057406794,0.7152009
HAM,Singapore,2023,48.0,96.122,HAM,0.008846821,0.85069,0.028908068,0.041937806,0.024057537,0.04555975,HAM,0.017312115,0.75798947,0.025621882,0.09825422,0.027221106,0.07360119
HAM,Singapore,2023,49.0,96.22,HAM,0.018873634,0.57486683,0.050088253,0.013349623,0.2448146,0.098007075,HAM,0.025942758,0.69571376,0.05828799,0.011554495,0.11634845,0.09215257
HAM,Singapore,2023,50.0,96.462,ALO,0.3945366,0.21647206,0.01365265,0.18815093,0.020123715,0.16706401,ALO,0.46116453,0.029087245,0.0062378272,0.23009641,0.01291325,0.26050073
HAM,Singapore,2023,51.0,96.479,HAM,0.27760002,0.50488657,0.018826721,0.036218975,0.035775375,0.12669234,VER,0.3977728,0.0804306,0.010361672,0.048294757,0.022301426,0.44083875
HAM,Singapore,2023,52.0,96.555,HAM,0.13320535,0.5741103,0.0061489013,0.03617637,0.029006643,0.22135241,ALO,0.49260518,0.046374477,0.01054867,0.09245112,0.028321616,0.32969895
HAM,Singapore,2023,53.0,97.698,SAI,0.0021712936,0.44614595,0.041928582,0.0027695757,0.50155896,0.005425664,HAM,0.0059119333,0.7858466,0.062816,0.0022675078,0.12543294,0.017725056
HAM,Singapore,2023,54.0,97.924,HAM,0.014479683,0.78076994,0.025301216,0.06381422,0.10128341,0.01435152,HAM,0.03476208,0.5609517,0.11195756,0.07745038,0.16568612,0.049192112
HAM,Singapore,2023,55.0,97.221,VER,0.09531621,0.31719285,0.008433107,0.04939041,0.056594707,0.47307274,VER,0.091467,0.028385239,0.006760328,0.08039765,0.027502084,0.7654877
HAM,Singapore,2023,56.0,96.411,VER,0.012698179,0.06300113,0.03199074,0.04287595,0.02465293,0.82478106,VER,0.060593583,0.20476584,0.090759434,0.08880386,0.11183785,0.4432394
HAM,Singapore,2023,57.0,97.111,VER,0.040816102,0.26111093,0.052979447,0.19034055,0.1568633,0.29788965,VER,0.042282782,0.2419989,0.044432115,0.14187698,0.07076448,0.45864472
HAM,Singapore,2023,58.0,97.982,NOR,0.012467998,0.20257623,0.058846116,0.6511686,0.053296216,0.021644894,NOR,0.021435024,0.34772012,0.034603614,0.5279361,0.03128998,0.037015174
HAM,Singapore,2023,59.0,100.167,HAM,0.03046184,0.5543843,0.27771702,0.10427319,0.026134232,0.0070294165,HAM,0.058901925,0.55598605,0.31807303,0.022879602,0.030659389,0.013499996
HAM,Singapore,2023,60.0,99.772,LEC,0.028228818,0.24306221,0.6598175,0.023315229,0.04070502,0.004871164,HAM,0.045585174,0.5228701,0.38267267,0.017021714,0.028753156,0.003097188
HAM,Singapore,2023,61.0,99.096,LEC,0.032939132,0.3810329,0.38762772,0.07844242,0.104988724,0.014969087,HAM,0.021893961,0.5521508,0.3431342,0.017190926,0.057962194,0.007667931
HAM,Singapore,2023,62.0,99.347,NOR,0.03615152,0.20882304,0.23013593,0.2588856,0.246544,0.019459875,HAM,0.061078798,0.3784219,0.28748098,0.0707119,0.18238734,0.019919047
LEC,Singapore,2023,1.0,104.544,ALO,0.4737698,0.10417892,0.4002442,0.0069505023,0.0058652866,0.008991321,ALO,0.813973,0.1428456,0.012042917,0.009292388,0.0034864175,0.01835962
LEC,Singapore,2023,2.0,101.338,HAM,0.06881776,0.37865368,0.33960143,0.12058864,0.055783875,0.036554623,HAM,0.10987925,0.30663693,0.052446824,0.21735933,0.040922526,0.27275515
LEC,Singapore,2023,3.0,100.752,HAM,0.014746285,0.6917609,0.19585137,0.019362401,0.06004196,0.018237125,HAM,0.033212874,0.796066,0.021126373,0.05237526,0.033113614,0.064105876
LEC,Singapore,2023,4.0,100.661,LEC,0.078734264,0.029133707,0.83541745,0.03141742,0.013260343,0.012036781,ALO,0.45922616,0.15541974,0.056968316,0.18248047,0.023193233,0.122712135
LEC,Singapore,2023,5.0,100.328,LEC,0.05501496,0.08730103,0.826167,0.008839672,0.014550332,0.008127036,HAM,0.1536156,0.7220728,0.055483826,0.024956342,0.01452567,0.02934585
LEC,Singapore,2023,6.0,100.165,LEC,0.26611745,0.081097834,0.53604007,0.06729058,0.021470908,0.0279832,ALO,0.46784547,0.14276192,0.09893791,0.13392323,0.023418846,0.13311262
LEC,Singapore,2023,7.0,100.279,LEC,0.2935283,0.0463878,0.63288856,0.009435129,0.0084066205,0.009353638,ALO,0.8241011,0.115351014,0.018526876,0.01240908,0.0047135097,0.024898408
LEC,Singapore,2023,8.0,100.396,LEC,0.08339029,0.15362875,0.7004611,0.023905456,0.021333529,0.017280908,HAM,0.2506869,0.5616722,0.038620904,0.05234824,0.015411909,0.08125983
LEC,Singapore,2023,9.0,99.646,LEC,0.036911238,0.08600862,0.8631949,0.003995198,0.0073252106,0.0025648368,HAM,0.23264316,0.5667427,0.16231605,0.009954159,0.013355747,0.014988199
LEC,Singapore,2023,10.0,100.79,LEC,0.017484672,0.124718904,0.8229546,0.011554382,0.018179595,0.0051079015,HAM,0.06156617,0.7241674,0.1337398,0.012797334,0.021481,0.04624829
LEC,Singapore,2023,11.0,100.403,LEC,0.22766791,0.1951213,0.37177858,0.123931944,0.035346236,0.04615406,HAM,0.30780575,0.3464181,0.034935392,0.1891138,0.017770763,0.10395617
LEC,Singapore,2023,12.0,100.392,LEC,0.06526435,0.13051778,0.7642367,0.01804081,0.015495279,0.0064450926,HAM,0.30916047,0.44094893,0.10898256,0.10005246,0.020089744,0.020765895
LEC,Singapore,2023,13.0,100.154,LEC,0.054351855,0.098818205,0.8120136,0.01375112,0.014502471,0.0065627857,HAM,0.13178624,0.7579512,0.046750814,0.025137816,0.010704835,0.02766912
LEC,Singapore,2023,14.0,101.622,LEC,0.06192921,0.4089542,0.45469642,0.02865859,0.025844049,0.019917462,HAM,0.12656227,0.6110448,0.038818493,0.09314702,0.017032353,0.11339502
LEC,Singapore,2023,15.0,99.613,HAM,0.22352801,0.39372718,0.33875617,0.009775408,0.017332122,0.016881071,HAM,0.16065024,0.8001887,0.0162895,0.006040936,0.00419828,0.012632342
LEC,Singapore,2023,16.0,99.625,LEC,0.17164503,0.18337066,0.44474152,0.091845654,0.06876773,0.03962945,HAM,0.1994438,0.31629822,0.04954101,0.19951534,0.030733721,0.20446788
LEC,Singapore,2023,17.0,99.8,LEC,0.015078681,0.13991001,0.82384294,0.0028928765,0.015584036,0.0026913744,HAM,0.032996424,0.8212853,0.11650742,0.00645589,0.01863459,0.004120356
LEC,Singapore,2023,18.0,99.613,LEC,0.032177977,0.12812483,0.79446155,0.01880597,0.021651639,0.0047780857,HAM,0.107790165,0.6776337,0.0900471,0.08730588,0.025209997,0.012013171
LEC,Singapore,2023,19.0,100.236,LEC,0.04911466,0.2678419,0.6462894,0.0073509132,0.025001079,0.0044020554,HAM,0.10835571,0.71323425,0.14174007,0.010248817,0.020098794,0.0063223913
LEC,Singapore,2023,23.0,103.955,LEC,0.36077142,0.14080133,0.46919164,0.016679687,0.009790891,0.002765071,ALO,0.7213366,0.10616201,0.14979395,0.013681038,0.007706539,0.0013198172
LEC,Singapore,2023,24.0,102.668,ALO,0.92638457,0.018455172,0.051623035,0.0014565785,0.0010002052,0.001080421,ALO,0.9617753,0.027268535,0.0054108114,0.0015423642,0.00075921154,0.0032437325
LEC,Singapore,2023,25.0,99.748,LEC,0.04450761,0.11472379,0.7712147,0.02965565,0.02206663,0.017831577,HAM,0.13676122,0.49368903,0.18885204,0.062443864,0.026289895,0.091963924
LEC,Singapore,2023,26.0,99.892,LEC,0.042614486,0.024576288,0.9110227,0.012059517,0.0058561116,0.0038709156,ALO,0.4196814,0.20263937,0.18544653,0.10213646,0.019298626,0.070797645
LEC,Singapore,2023,27.0,99.899,LEC,0.18520515,0.06128171,0.72829795,0.010907069,0.010466882,0.0038412253,ALO,0.5797954,0.271144,0.10667353,0.018907698,0.009478431,0.01400096
LEC,Singapore,2023,28.0,99.562,ALO,0.74134904,0.012057354,0.21697223,0.023247639,0.004089408,0.0022843857,ALO,0.96003133,0.012670686,0.009430225,0.011163828,0.001931497,0.004772379
LEC,Singapore,2023,29.0,99.683,LEC,0.0435329,0.07328357,0.8132231,0.041840862,0.019690517,0.008428976,HAM,0.16154762,0.6150999,0.0488749,0.10760652,0.015677696,0.051193375
LEC,Singapore,2023,30.0,99.208,HAM,0.018038258,0.51216376,0.27136222,0.012478583,0.17813241,0.007824802,HAM,0.020455422,0.7991791,0.071985096,0.016391909,0.08428046,0.0077080177
LEC,Singapore,2023,31.0,99.433,LEC,0.08854631,0.18267007,0.6911234,0.011673194,0.021326931,0.004660105,ALO,0.45301068,0.37235832,0.13971293,0.014152372,0.015501779,0.0052639437
LEC,Singapore,2023,32.0,99.391,LEC,0.019431232,0.43820614,0.51141363,0.0058245016,0.018705916,0.006418578,HAM,0.040142503,0.7910919,0.11590126,0.0096528465,0.015301939,0.027909575
LEC,Singapore,2023,33.0,99.485,LEC,0.030703913,0.032263942,0.9101747,0.013346428,0.010626564,0.0028844026,HAM,0.28163907,0.287036,0.21927126,0.14163388,0.034776315,0.035643462
LEC,Singapore,2023,34.0,99.518,LEC,0.05812541,0.05749032,0.8139081,0.04669117,0.015483723,0.008301304,HAM,0.20895739,0.43803382,0.118933685,0.15042669,0.021552958,0.062095456
LEC,Singapore,2023,35.0,99.747,LEC,0.018658953,0.15305561,0.76754665,0.021588316,0.033348568,0.0058018626,HAM,0.13575223,0.39355734,0.17011248,0.18956375,0.07374816,0.037266076
LEC,Singapore,2023,36.0,99.443,LEC,0.07614137,0.14340627,0.5607083,0.13984025,0.044329215,0.035574645,NOR,0.18011682,0.2650941,0.08883483,0.31058827,0.038809005,0.11655693
LEC,Singapore,2023,37.0,99.639,LEC,0.025993511,0.12750767,0.7803544,0.04053022,0.02010379,0.0055104587,HAM,0.10616367,0.5100668,0.19780707,0.11653772,0.042272553,0.027152164
LEC,Singapore,2023,38.0,99.946,LEC,0.011024312,0.093683556,0.858066,0.02342777,0.009549704,0.0042486684,HAM,0.075000286,0.47310257,0.21007048,0.16420886,0.028773231,0.048844572
LEC,Singapore,2023,39.0,99.448,LEC,0.046036806,0.21603324,0.59907687,0.08009542,0.025920987,0.032836705,HAM,0.07057743,0.5850193,0.09923326,0.18123783,0.019053861,0.04487831
LEC,Singapore,2023,40.0,99.557,HAM,0.032576725,0.6534471,0.14989418,0.11868265,0.03372324,0.011676108,HAM,0.05036683,0.63470423,0.119252734,0.15137102,0.024391506,0.019913636
LEC,Singapore,2023,41.0,99.368,LEC,0.06337473,0.09585479,0.79823345,0.02850872,0.009712874,0.004315472,ALO,0.4250021,0.29229125,0.21377629,0.040275916,0.017482322,0.011172092
LEC,Singapore,2023,42.0,99.888,LEC,0.033264812,0.12301428,0.7958507,0.022808975,0.015796913,0.009264314,HAM,0.109759875,0.62623614,0.114735715,0.0851029,0.024186414,0.03997892
LEC,Singapore,2023,43.0,99.996,LEC,0.033788815,0.32663947,0.60371405,0.014400676,0.017028358,0.0044286447,HAM,0.03378852,0.8901394,0.04883895,0.007915135,0.009520062,0.009797922
LEC,Singapore,2023,46.0,98.275,LEC,0.18526311,0.10618851,0.61816394,0.031435136,0.052601513,0.006347795,LEC,0.28826633,0.31735095,0.31875458,0.037034754,0.03003311,0.008560251
LEC,Singapore,2023,47.0,98.403,LEC,0.020404018,0.08772776,0.8317261,0.0060211723,0.05076785,0.003353093,LEC,0.01985338,0.20515773,0.74232614,0.004203613,0.026114063,0.0023451045
LEC,Singapore,2023,48.0,98.496,LEC,0.0212062,0.1348437,0.78195226,0.0060853534,0.052396663,0.0035158182,LEC,0.021067468,0.28709385,0.65260124,0.0042049675,0.032630518,0.0024019284
LEC,Singapore,2023,49.0,98.453,LEC,0.221886,0.16597582,0.4643119,0.11015487,0.029537618,0.008133818,HAM,0.18492907,0.39744702,0.24853538,0.1332101,0.02480273,0.011075746
LEC,Singapore,2023,50.0,98.439,HAM,0.028696878,0.39686581,0.37550902,0.13845262,0.043199115,0.017276552,HAM,0.023362758,0.7320358,0.15280558,0.07174918,0.013769465,0.006277209
LEC,Singapore,2023,51.0,98.803,LEC,0.01381813,0.24798667,0.7043907,0.00791805,0.024079468,0.0018069395,LEC,0.011735815,0.32818404,0.6411609,0.004734958,0.0127362395,0.001448069
LEC,Singapore,2023,52.0,98.848,LEC,0.0036461966,0.027592437,0.9516205,0.0014966545,0.014922739,0.00072152464,LEC,0.003998441,0.0901059,0.8916676,0.0016683956,0.01161035,0.0009493141
LEC,Singapore,2023,53.0,100.213,LEC,0.0132213095,0.07038053,0.88912284,0.0053731306,0.020549253,0.0013530024,LEC,0.031724863,0.20144556,0.73813444,0.0062202807,0.02054475,0.0019300723
LEC,Singapore,2023,54.0,101.831,LEC,0.046646934,0.095976695,0.8021947,0.04343456,0.00965585,0.0020912124,ALO,0.34665406,0.2213149,0.2397713,0.15877166,0.025161378,0.008326676
LEC,Singapore,2023,55.0,100.617,LEC,0.020325845,0.23682216,0.66422373,0.043176226,0.03197379,0.0034782575,HAM,0.07633138,0.5403862,0.21439591,0.10929443,0.04654622,0.0130458595
LEC,Singapore,2023,56.0,100.298,LEC,0.050517086,0.0444754,0.8378735,0.045577727,0.018170157,0.0033860833,LEC,0.17640987,0.26019436,0.3572867,0.14600994,0.043508284,0.01659084
LEC,Singapore,2023,57.0,100.043,HAM,0.008523574,0.3649634,0.32346934,0.009747981,0.2871482,0.006147458,HAM,0.017159045,0.6045877,0.20859547,0.014662591,0.14774996,0.00724525
LEC,Singapore,2023,58.0,100.222,LEC,0.03336006,0.17078738,0.77354527,0.0049072816,0.0145161925,0.0028838268,HAM,0.084585905,0.6771645,0.19703597,0.013027776,0.021849273,0.0063366103
LEC,Singapore,2023,59.0,100.545,LEC,0.011887527,0.2993189,0.6594034,0.0059394315,0.021106249,0.0023445426,HAM,0.014939056,0.8173894,0.14498256,0.0061889463,0.013792441,0.002707555
LEC,Singapore,2023,60.0,100.105,LEC,0.012590795,0.32943922,0.5884214,0.0050090374,0.060794927,0.003744622,HAM,0.0064926483,0.7064119,0.26657355,0.002479791,0.016635684,0.0014064669
LEC,Singapore,2023,61.0,100.615,LEC,0.019504,0.15542705,0.794112,0.004735844,0.024232876,0.001988229,HAM,0.020607224,0.6010987,0.34857124,0.0042509297,0.02268751,0.002784356
LEC,Singapore,2023,62.0,100.946,LEC,0.013458301,0.05922421,0.90989643,0.0028847407,0.013274408,0.0012619096,LEC,0.0159901,0.28408068,0.6754502,0.0030687614,0.019624475,0.0017857268
NOR,Singapore,2023,2.0,101.826,NOR,0.21164383,0.061188404,0.040247664,0.5937768,0.005626778,0.08751653,NOR,0.1583338,0.03140299,0.011036333,0.70155317,0.005355186,0.09231853
NOR,Singapore,2023,3.0,101.124,NOR,0.25669026,0.012528088,0.0078627365,0.7088483,0.0013949614,0.012675651,ALO,0.5719962,0.008771766,0.0213433,0.34814388,0.0021378808,0.04760701
NOR,Singapore,2023,4.0,101.678,NOR,0.054303188,0.037866607,0.015096515,0.8602745,0.008257611,0.024201542,NOR,0.07787352,0.01357177,0.00719497,0.8668079,0.004109354,0.030442448
NOR,Singapore,2023,5.0,100.285,NOR,0.008022086,0.002913944,0.0018278453,0.9780221,0.00056201173,0.008651988,NOR,0.0071231895,0.0018943939,0.0007932844,0.95364916,0.00045025695,0.03608975
NOR,Singapore,2023,6.0,99.992,NOR,0.004957565,0.00315506,0.0017381293,0.9826423,0.0006478453,0.0068590487,NOR,0.0051517966,0.0018917593,0.0009025712,0.9556742,0.0006066052,0.03577305
NOR,Singapore,2023,7.0,99.972,NOR,0.0026835185,0.009847786,0.0019685181,0.9704024,0.0013724449,0.013725306,NOR,0.0035093296,0.0033557646,0.00089939515,0.9550335,0.0010545756,0.036147516
NOR,Singapore,2023,8.0,100.301,NOR,0.0027236002,0.0057677813,0.0012314665,0.9810635,0.0007366499,0.008476962,NOR,0.0036571245,0.0025275473,0.00090728287,0.93134284,0.00074731046,0.060817886
NOR,Singapore,2023,9.0,100.13,NOR,0.0061260886,0.017792165,0.003807635,0.948308,0.002300188,0.021666015,NOR,0.005961538,0.006478833,0.0018665472,0.9404369,0.0015389941,0.043717146
NOR,Singapore,2023,10.0,99.974,NOR,0.0040259277,0.011085628,0.0016831434,0.95043665,0.001793402,0.030975273,NOR,0.00624468,0.008194133,0.0017830703,0.917219,0.001965105,0.06459399
NOR,Singapore,2023,11.0,100.355,NOR,0.0060577826,0.016383905,0.011656238,0.94996595,0.0030880345,0.012848038,NOR,0.008596129,0.012068621,0.0050625587,0.9496672,0.0024451523,0.02216037
NOR,Singapore,2023,12.0,100.466,NOR,0.0030258659,0.0059737223,0.0022399696,0.9794844,0.0009664334,0.0083095655,NOR,0.0050827516,0.0041638114,0.0014369384,0.96855766,0.001226486,0.019532317
NOR,Singapore,2023,13.0,100.372,NOR,0.0018131979,0.0037417081,0.0014804846,0.9873481,0.0006023519,0.005014205,NOR,0.004777919,0.0029616314,0.0014197357,0.91541207,0.0010671497,0.07436148
NOR,Singapore,2023,14.0,100.421,NOR,0.004707946,0.019072222,0.017630761,0.9480366,0.002200829,0.008351694,NOR,0.00691562,0.0167911,0.02222118,0.94123137,0.002100916,0.010739773
NOR,Singapore,2023,15.0,100.247,NOR,0.02268845,0.0033003262,0.008312158,0.95839334,0.0007535741,0.006552181,NOR,0.04085151,0.006797497,0.013725208,0.9192612,0.0016265213,0.017738087
NOR,Singapore,2023,16.0,100.342,NOR,0.017699745,0.00530209,0.015426954,0.95332384,0.0007213201,0.0075261155,NOR,0.02392827,0.00951469,0.0130567625,0.9330038,0.0016601251,0.018836366
NOR,Singapore,2023,17.0,100.024,NOR,0.06274721,0.015591144,0.015940249,0.8883448,0.0016198755,0.015756696,NOR,0.20075436,0.024665857,0.019830635,0.677066,0.004975662,0.07270744
NOR,Singapore,2023,18.0,99.693,NOR,0.048930958,0.035822634,0.016634362,0.8623279,0.0027173138,0.033566855,NOR,0.046277016,0.06284821,0.011369797,0.83116454,0.003923334,0.044417087
NOR,Singapore,2023,19.0,99.88,NOR,0.013755846,0.022666257,0.015589994,0.8988178,0.0041000666,0.04507001,NOR,0.03326195,0.032827396,0.015321379,0.83733344,0.0057545565,0.075501256
NOR,Singapore,2023,23.0,102.789,ALO,0.8869306,0.018432409,0.087985195,0.0036140545,0.002029907,0.0010078462,ALO,0.8456044,0.031159198,0.116660446,0.0027621326,0.0028101203,0.0010037232
NOR,Singapore,2023,24.0,100.32,NOR,0.06594683,0.006727805,0.016317572,0.8867146,0.0019473183,0.022345925,NOR,0.25279665,0.024366817,0.02461846,0.6125005,0.0065756063,0.07914192
NOR,Singapore,2023,25.0,100.24,NOR,0.004975434,0.0027473432,0.001912312,0.984395,0.00062021246,0.0053496133,NOR,0.0042130128,0.0016477708,0.000667746,0.97366714,0.0005271622,0.019277142
NOR,Singapore,2023,26.0,99.484,NOR,0.0025208727,0.0068835607,0.00164857,0.97519344,0.0010433925,0.012710183,NOR,0.0037358243,0.003364601,0.0010376498,0.9506495,0.00083794363,0.04037451
NOR,Singapore,2023,27.0,99.406,NOR,0.0013287845,0.00725517,0.0010756993,0.9856009,0.0005945864,0.0041448004,NOR,0.0019558214,0.0033465235,0.00083532697,0.9819241,0.0006651743,0.011273039
NOR,Singapore,2023,28.0,100.267,NOR,0.016752252,0.14925355,0.010567421,0.7457884,0.0051011215,0.07253724,NOR,0.025431862,0.023372613,0.006399572,0.66848457,0.0050508464,0.27126053
NOR,Singapore,2023,29.0,100.097,NOR,0.0019102008,0.00669593,0.0016976356,0.9821045,0.0007748445,0.006816863,NOR,0.014415987,0.01087551,0.0051863748,0.71508384,0.0033674212,0.25107086
NOR,Singapore,2023,30.0,99.736,NOR,0.0048424164,0.011613162,0.0045205313,0.95926857,0.0017054174,0.018049924,NOR,0.008462648,0.017857429,0.0033777163,0.8679419,0.0026375717,0.099722706
NOR,Singapore,2023,31.0,99.367,NOR,0.017610244,0.008365556,0.0025797638,0.965854,0.0006210166,0.0049693864,NOR,0.023996355,0.004788373,0.0024871277,0.95762396,0.0010126734,0.01009144
NOR,Singapore,2023,32.0,99.291,NOR,0.0037233091,0.0023249977,0.006672891,0.9802413,0.0010272217,0.0060102916,NOR,0.0121421,0.00802278,0.010527471,0.94799805,0.0022871788,0.019022467
NOR,Singapore,2023,33.0,99.663,NOR,0.006075795,0.015414488,0.0052194796,0.965982,0.0009258015,0.0063824225,NOR,0.015384894,0.013876286,0.007162481,0.94013876,0.0014850844,0.021952532
NOR,Singapore,2023,34.0,100.06,NOR,0.002874746,0.008914721,0.0020338069,0.97598016,0.0009585393,0.00923798,NOR,0.0057832417,0.006932885,0.0036363965,0.89969766,0.0018056162,0.082144216
NOR,Singapore,2023,35.0,99.701,NOR,0.010426784,0.04808372,0.016521769,0.90138775,0.0027312888,0.020848729,NOR,0.024238732,0.03011478,0.03184751,0.8448372,0.0047848155,0.06417701
NOR,Singapore,2023,36.0,99.462,NOR,0.051434305,0.031023173,0.026669461,0.8586699,0.006170377,0.026032815,NOR,0.12485224,0.014503514,0.016734015,0.8051517,0.004312793,0.034445778
NOR,Singapore,2023,37.0,99.838,ALO,0.6904436,0.0038623223,0.00193287,0.29860368,0.0006915203,0.004466034,ALO,0.76865,0.0013813035,0.001506243,0.22235729,0.0005383759,0.005566778
NOR,Singapore,2023,38.0,99.72,NOR,0.20707172,0.031547293,0.05956952,0.6583858,0.0045222538,0.038903393,NOR,0.24108587,0.015996514,0.07145906,0.5794779,0.005823587,0.086157076
NOR,Singapore,2023,39.0,99.271,NOR,0.070402905,0.003183149,0.009679199,0.9026998,0.00093647087,0.013098498,NOR,0.18309937,0.0055366904,0.010977702,0.7704155,0.0023416795,0.027629066
NOR,Singapore,2023,40.0,99.346,NOR,0.009093488,0.018899193,0.030755809,0.91687953,0.0038817236,0.0204902,NOR,0.04859143,0.081327274,0.08152461,0.68303007,0.012299021,0.09322757
NOR,Singapore,2023,41.0,99.662,NOR,0.08518808,0.05713157,0.1719097,0.60273445,0.015994823,0.067041375,NOR,0.1465414,0.04117677,0.08566245,0.604363,0.015231684,0.10702474
NOR,Singapore,2023,42.0,99.606,NOR,0.09622338,0.04970929,0.1873616,0.64387095,0.0033198472,0.01951496,NOR,0.08954219,0.03649003,0.2138845,0.6368753,0.0045893234,0.018618675
NOR,Singapore,2023,43.0,99.56,NOR,0.0034276503,0.0070836674,0.03239741,0.9503643,0.0017518882,0.004975088,NOR,0.010865105,0.0100303115,0.12861173,0.8329382,0.0032343352,0.014320358
NOR,Singapore,2023,46.0,98.046,NOR,0.01293777,0.019681187,0.03237453,0.8211201,0.0070329765,0.1068534,NOR,0.021151338,0.033827886,0.029710103,0.8641636,0.0068143755,0.04433275
NOR,Singapore,2023,47.0,98.157,NOR,0.013833307,0.012145965,0.053300805,0.8903658,0.0036474525,0.026706636,NOR,0.029316658,0.03076286,0.029224953,0.8663125,0.0036929403,0.04069011
NOR,Singapore,2023,48.0,98.049,NOR,0.06202262,0.028800339,0.044819973,0.7805667,0.009402142,0.07438824,NOR,0.15067264,0.07303445,0.040166203,0.5762086,0.013967039,0.1459511
NOR,Singapore,2023,49.0,98.173,NOR,0.02042568,0.05616682,0.02394534,0.45806932,0.0259524,0.41544044,VER,0.052638654,0.087516665,0.021034017,0.1302464,0.036705315,0.67185897
NOR,Singapore,2023,50.0,98.148,VER,0.00963857,0.023916157,0.010553365,0.103180245,0.015826257,0.8368854,VER,0.042730574,0.05546226,0.01616379,0.11897415,0.033533826,0.7331354
NOR,Singapore,2023,51.0,98.124,NOR,0.041057244,0.293294,0.06836432,0.42242813,0.03422336,0.14063297,HAM,0.06832153,0.53278655,0.05793209,0.19615988,0.026719067,0.11808087
NOR,Singapore,2023,52.0,98.25,NOR,0.03807611,0.23586394,0.19745857,0.34029424,0.032573897,0.15573326,HAM,0.054106265,0.51622695,0.12829737,0.17641456,0.026286019,0.09866886
NOR,Singapore,2023,53.0,98.392,NOR,0.0059733554,0.015932957,0.021718811,0.9269527,0.0026170772,0.026805036,NOR,0.017969001,0.025545908,0.025265506,0.8903771,0.0038960732,0.03694638
NOR,Singapore,2023,54.0,98.423,VER,0.009297164,0.0538954,0.023895556,0.17418407,0.025537277,0.71319056,VER,0.02334819,0.13971566,0.03237531,0.07349728,0.02938934,0.7016742
NOR,Singapore,2023,55.0,98.492,VER,0.007859911,0.018701164,0.00724495,0.144425,0.04304722,0.77872175,VER,0.024365978,0.041885875,0.013472234,0.120427154,0.029027684,0.77082103
NOR,Singapore,2023,56.0,98.473,VER,0.034885917,0.04031999,0.03356926,0.14955561,0.21730703,0.5243622,VER,0.04774175,0.08453243,0.02586436,0.14342546,0.10339016,0.5950458
NOR,Singapore,2023,57.0,98.617,VER,0.038881645,0.11633014,0.03169814,0.23392896,0.14378832,0.4353728,VER,0.055229913,0.10929734,0.023763862,0.15588415,0.067746654,0.5880781
NOR,Singapore,2023,58.0,99.16,HAM,0.025803281,0.43820974,0.24720068,0.19085476,0.06875537,0.029176122,HAM,0.06601592,0.5077264,0.21286571,0.10037393,0.07094208,0.042075988
NOR,Singapore,2023,59.0,100.416,SAI,0.011507776,0.21561801,0.04808437,0.051931668,0.6532093,0.019648891,SAI,0.032912113,0.31930485,0.04692791,0.036631484,0.53853863,0.02568501
NOR,Singapore,2023,60.0,99.396,HAM,0.010305151,0.38324767,0.112328835,0.24770641,0.2030364,0.043375507,HAM,0.021024106,0.44516906,0.09065641,0.17893349,0.20282698,0.06138998
NOR,Singapore,2023,61.0,99.51,NOR,0.03676461,0.01823015,0.16608839,0.7158412,0.018508362,0.044567306,NOR,0.082950145,0.029369356,0.035675824,0.7880368,0.015922338,0.04804553
NOR,Singapore,2023,62.0,99.677,NOR,0.026617292,0.15912467,0.14358439,0.5725273,0.06804544,0.030100921,NOR,0.05804449,0.182526,0.03150134,0.61789626,0.06983202,0.040199865
SAI,Singapore,2023,1.0,103.309,SAI,0.005243058,0.4139571,0.13018171,0.0060566175,0.42504692,0.019514555,HAM,0.0073166117,0.76556945,0.020710237,0.009531919,0.1310794,0.06579239
SAI,Singapore,2023,2.0,101.383,SAI,0.0048959386,0.14158395,0.03330594,0.013093102,0.6523655,0.15475558,VER,0.0057061017,0.2592621,0.008370933,0.008016431,0.06664148,0.65200293
SAI,Singapore,2023,3.0,100.962,SAI,0.0065476215,0.17722252,0.052221,0.008891466,0.71895677,0.036160648,VER,0.006689274,0.42210522,0.007975124,0.0029579243,0.06745026,0.49282217
SAI,Singapore,2023,4.0,100.58,SAI,0.0032058847,0.18771724,0.057443824,0.002955383,0.738911,0.009766675,HAM,0.0051509105,0.8016604,0.04648652,0.0019117158,0.09162577,0.05316471
SAI,Singapore,2023,5.0,100.551,VER,0.0031509188,0.028152332,0.0059033544,0.010130486,0.023500718,0.92916214,VER,0.0016487484,0.019171536,0.0014166338,0.0040586083,0.009350555,0.9643539
SAI,Singapore,2023,6.0,100.113,SAI,0.0053476887,0.076842494,0.025390003,0.0072388384,0.7914391,0.09374186,VER,0.005696157,0.27367702,0.006007592,0.00574522,0.069449015,0.639425
SAI,Singapore,2023,7.0,100.178,SAI,0.0033169873,0.37462258,0.015286163,0.0028804857,0.5928212,0.011072613,HAM,0.0033178201,0.873785,0.006941492,0.0020023896,0.061444324,0.052508973
SAI,Singapore,2023,8.0,100.503,SAI,0.003793376,0.0672267,0.015573137,0.0049708327,0.8854347,0.02300132,HAM,0.006869625,0.46858707,0.0070335967,0.0073143584,0.18830219,0.3218932
SAI,Singapore,2023,9.0,99.626,SAI,0.007481088,0.1315979,0.0607278,0.0049728183,0.7373777,0.057842646,HAM,0.009711503,0.72126347,0.02847046,0.0036481228,0.16256627,0.074340194
SAI,Singapore,2023,10.0,100.369,SAI,0.008007191,0.11392369,0.043946583,0.015210405,0.7628222,0.05608987,HAM,0.009785768,0.5034919,0.012845416,0.005410848,0.10725145,0.36121467
SAI,Singapore,2023,11.0,100.297,VER,0.012779104,0.044838812,0.025415564,0.012979664,0.17054069,0.7334462,VER,0.0046668327,0.029800761,0.0021352507,0.0068640825,0.01101663,0.94551647
SAI,Singapore,2023,12.0,100.53,SAI,0.0016812155,0.05615379,0.017371591,0.0021084142,0.8991076,0.023577452,HAM,0.0044912854,0.50601906,0.01181728,0.002980852,0.17922764,0.2954639
SAI,Singapore,2023,13.0,100.356,SAI,0.003945426,0.05795042,0.01232837,0.005620586,0.73646116,0.18369402,VER,0.003966456,0.19975626,0.0040438,0.0065053217,0.05838749,0.7273407
SAI,Singapore,2023,14.0,100.398,VER,0.005679974,0.122331575,0.03358601,0.022078242,0.10556257,0.71076167,VER,0.0058236783,0.15694335,0.005178822,0.015311651,0.018791204,0.7979513
SAI,Singapore,2023,15.0,99.937,SAI,0.0008174977,0.21865436,0.01808395,0.00057992263,0.76088756,0.0009766602,HAM,0.0008643941,0.6544586,0.0124010015,0.0005950148,0.33073378,0.00094726396
SAI,Singapore,2023,16.0,99.398,VER,0.011280434,0.107580476,0.014196945,0.023520906,0.13243407,0.7109872,VER,0.013323811,0.24430399,0.011540974,0.020861564,0.054722898,0.6552468
SAI,Singapore,2023,17.0,99.448,SAI,0.0009198846,0.1440367,0.01892875,0.000632304,0.8347015,0.00078088953,HAM,0.0015646958,0.78328264,0.02050129,0.001015879,0.19241807,0.0012174287
SAI,Singapore,2023,18.0,98.992,SAI,0.0015018979,0.13836215,0.008716919,0.0011168419,0.84548384,0.0048183287,HAM,0.0036708412,0.61949825,0.009317262,0.0030512451,0.3574932,0.006969189
SAI,Singapore,2023,19.0,99.029,SAI,0.0021903466,0.09853267,0.010829868,0.0027260035,0.8759416,0.009779469,HAM,0.005023682,0.65085596,0.008377288,0.0067892605,0.31364235,0.015311418
SAI,Singapore,2023,23.0,102.423,SAI,0.0024172969,0.23142523,0.08300224,0.0026926473,0.67514044,0.00532213,SAI,0.003023336,0.26956165,0.007497,0.005263394,0.7100563,0.004598309
SAI,Singapore,2023,24.0,99.792,HAM,0.027992515,0.6137304,0.02378345,0.01988299,0.16216245,0.15244822,HAM,0.03889036,0.51181555,0.019197984,0.04216772,0.10551155,0.28241685
SAI,Singapore,2023,25.0,99.726,SAI,0.0028409122,0.18815444,0.013444018,0.0017377605,0.77927756,0.014545306,HAM,0.008611455,0.68877053,0.018092716,0.0033725384,0.2140921,0.06706067
SAI,Singapore,2023,26.0,99.185,SAI,0.0014161618,0.049935125,0.019447327,0.0006151632,0.9278953,0.00069094443,SAI,0.0051821824,0.30718377,0.07063246,0.0024133471,0.6126992,0.0018889777
SAI,Singapore,2023,27.0,99.835,SAI,0.0026575688,0.13327906,0.023550572,0.0015372601,0.83721673,0.0017587735,SAI,0.0046629314,0.3572619,0.051157333,0.001959607,0.5830583,0.0018999004
SAI,Singapore,2023,28.0,101.23,SAI,0.004534921,0.35023528,0.057654317,0.0026533087,0.5633396,0.021582596,HAM,0.01037668,0.73667765,0.014636946,0.0043462925,0.11663441,0.11732802
SAI,Singapore,2023,29.0,100.225,SAI,0.006715109,0.19354793,0.08488901,0.011143879,0.6222437,0.08146034,VER,0.005881074,0.29019776,0.0077657653,0.011603539,0.07410536,0.6104465
SAI,Singapore,2023,30.0,100.217,SAI,0.0021030006,0.32507843,0.018287182,0.005191599,0.63564867,0.0136911385,HAM,0.0038501038,0.8243901,0.015142782,0.006929341,0.09652513,0.053162515
SAI,Singapore,2023,31.0,99.633,SAI,0.0015895205,0.054029677,0.009002997,0.0011223805,0.93244445,0.0018109897,SAI,0.0060649593,0.4567993,0.010920493,0.003033317,0.5152524,0.007929503
SAI,Singapore,2023,32.0,99.184,SAI,0.009752809,0.27339298,0.024133744,0.008235777,0.528675,0.15580973,HAM,0.009429953,0.693844,0.011288732,0.0047524823,0.10861435,0.17207052
SAI,Singapore,2023,33.0,99.235,SAI,0.0020666872,0.13628878,0.030685507,0.002262768,0.82496744,0.0037288098,HAM,0.0052764006,0.645518,0.03899313,0.0028453367,0.30022743,0.0071397224
SAI,Singapore,2023,34.0,100.025,SAI,0.0011311711,0.08158746,0.04114187,0.0007036554,0.8747856,0.0006502593,SAI,0.0024590848,0.45425627,0.031168828,0.0012311753,0.50990003,0.0009846265
SAI,Singapore,2023,35.0,99.97,SAI,0.0065862853,0.17463344,0.038553152,0.007750592,0.7095969,0.06287969,HAM,0.008865371,0.4583372,0.012698193,0.012304946,0.17663503,0.3311593
SAI,Singapore,2023,36.0,99.544,SAI,0.005396334,0.19099882,0.039397836,0.0056023914,0.7452931,0.013311568,HAM,0.013560815,0.7159068,0.013657207,0.009092906,0.17670849,0.0710738
SAI,Singapore,2023,37.0,99.884,SAI,0.007980282,0.27439567,0.04149993,0.014551777,0.62007535,0.041496973,HAM,0.013884457,0.518597,0.012000707,0.015543464,0.14105308,0.29892132
SAI,Singapore,2023,38.0,99.519,SAI,0.009194644,0.29989713,0.1494397,0.009675367,0.52189815,0.00989504,HAM,0.018833827,0.6190633,0.06720054,0.014078075,0.2657581,0.015066166
SAI,Singapore,2023,39.0,99.253,SAI,0.0057395585,0.13471362,0.030183207,0.0048433966,0.8008142,0.023706011,SAI,0.019983176,0.3665561,0.07716933,0.008166794,0.47439575,0.053728912
SAI,Singapore,2023,40.0,99.393,SAI,0.0031109746,0.07656857,0.011509751,0.0019182588,0.90332115,0.0035713073,SAI,0.0052634375,0.35671481,0.032743268,0.003781808,0.5974344,0.004062296
SAI,Singapore,2023,41.0,99.798,HAM,0.0020168098,0.6184934,0.094641626,0.002619981,0.28040558,0.0018225842,HAM,0.0030225907,0.8871236,0.036757205,0.0027615742,0.06895385,0.0013811204
SAI,Singapore,2023,42.0,99.939,SAI,0.0036283538,0.41330516,0.105095945,0.0052333768,0.4565088,0.016228396,HAM,0.0035439157,0.86121804,0.020688301,0.003009787,0.0894726,0.02206733
SAI,Singapore,2023,43.0,99.248,SAI,0.00039882716,0.10383382,0.00943973,0.00038262949,0.88560206,0.00034294598,SAI,0.0008354765,0.43064332,0.032859806,0.00063911173,0.5345439,0.00047842067
SAI,Singapore,2023,46.0,97.913,SAI,0.002299196,0.0716558,0.02178222,0.0015430251,0.8996637,0.0030560365,SAI,0.0034950606,0.16296563,0.0436872,0.0019004806,0.78536266,0.0025889252
SAI,Singapore,2023,47.0,97.666,SAI,0.004804646,0.2824275,0.036290172,0.002864395,0.6711871,0.002426213,SAI,0.004825566,0.35390392,0.08803931,0.002383575,0.5491796,0.0016679605
SAI,Singapore,2023,48.0,98.2,SAI,0.0019103583,0.06242616,0.012084469,0.0017881877,0.9204451,0.0013457685,SAI,0.0060567902,0.21512127,0.06135074,0.0032261196,0.71189284,0.0023522077
SAI,Singapore,2023,49.0,98.221,SAI,0.0009830766,0.03268683,0.028056039,0.00065662875,0.93690366,0.0007137909,SAI,0.0017006302,0.10516065,0.076469876,0.0009789233,0.8149779,0.000712066
SAI,Singapore,2023,50.0,98.637,SAI,0.00951972,0.11467734,0.06281428,0.012403027,0.7917931,0.008792521,SAI,0.012480202,0.27368125,0.077958174,0.01773849,0.6110563,0.0070855785
SAI,Singapore,2023,51.0,98.04,SAI,0.0030574987,0.09597922,0.01873588,0.0020537032,0.87763876,0.0025349765,SAI,0.006323212,0.25336722,0.063956924,0.002877459,0.6698628,0.003612417
SAI,Singapore,2023,52.0,98.218,SAI,0.0025721698,0.095621295,0.013775681,0.0027754728,0.88325477,0.0020005933,SAI,0.005946506,0.2605053,0.063918345,0.00450416,0.661794,0.0033316722
SAI,Singapore,2023,53.0,98.327,SAI,0.0011040691,0.02522236,0.010066358,0.00063843915,0.9620738,0.0008950301,SAI,0.0033383684,0.091915086,0.03957115,0.0018230411,0.8614226,0.0019297276
SAI,Singapore,2023,54.0,98.707,SAI,0.0076303896,0.40244463,0.16004266,0.00890765,0.4177396,0.0032350416,HAM,0.006947513,0.6027625,0.2296937,0.0048651276,0.1536311,0.002100001
SAI,Singapore,2023,55.0,98.541,HAM,0.0036247217,0.38988966,0.31065848,0.00459943,0.28807798,0.0031496964,LEC,0.005958721,0.34625718,0.5240118,0.0045702984,0.117224604,0.0019773867
SAI,Singapore,2023,56.0,98.52,SAI,0.0035547928,0.027258668,0.091445446,0.0018975899,0.870049,0.005794493,SAI,0.0040254374,0.025817204,0.12463633,0.0017048091,0.84275264,0.001063623
SAI,Singapore,2023,57.0,98.909,SAI,0.001155107,0.033490602,0.0219263,0.001816767,0.94082505,0.00078610855,SAI,0.0019497443,0.12370169,0.02801583,0.0026511399,0.8425639,0.001117649
SAI,Singapore,2023,58.0,99.337,HAM,0.0048244814,0.4259251,0.30461952,0.0068642627,0.25420508,0.0035615112,HAM,0.0051036496,0.5134087,0.40569365,0.0057317885,0.06820739,0.0018547834
SAI,Singapore,2023,59.0,99.575,SAI,0.0008821567,0.041140884,0.07339475,0.0023541842,0.881139,0.0010890802,SAI,0.0012007433,0.057301223,0.12409771,0.0018139727,0.81489515,0.0006911873
SAI,Singapore,2023,60.0,100.042,SAI,0.00073014665,0.04196414,0.018942405,0.00073608133,0.9371251,0.00050209,SAI,0.001383617,0.14785162,0.0741548,0.0012466211,0.7747209,0.00064249156
SAI,Singapore,2023,61.0,99.292,LEC,0.009999683,0.33961976,0.43845385,0.010755928,0.19635668,0.0048141256,LEC,0.0071307034,0.4347628,0.47000995,0.0055854945,0.07994691,0.0025641283
SAI,Singapore,2023,62.0,99.958,SAI,0.0023966015,0.08903542,0.046964537,0.0033277993,0.857317,0.0009587233,SAI,0.0033718364,0.13069564,0.057806414,0.0029991067,0.804212,0.0009150527
VER,Singapore,2023,2.0,101.596,ALO,0.38506448,0.09253946,0.060688727,0.2753298,0.011525408,0.1748521,NOR,0.2960664,0.061736923,0.028278964,0.43170395,0.0127826575,0.16943106
VER,Singapore,2023,3.0,101.51,NOR,0.023340596,0.08946232,0.034962688,0.7205193,0.013241444,0.11847362,NOR,0.07691862,0.16478388,0.0357787,0.5355007,0.022432933,0.1645852
VER,Singapore,2023,4.0,101.143,VER,0.0072091217,0.026143909,0.0028575226,0.1764735,0.008426589,0.77888936,VER,0.009974255,0.013344336,0.0032213442,0.2323611,0.009917889,0.7311811
VER,Singapore,2023,5.0,101.308,NOR,0.022091933,0.10072414,0.015021019,0.57667625,0.026403842,0.25908282,NOR,0.040303595,0.09797948,0.019020408,0.4887055,0.01970233,0.3342887
VER,Singapore,2023,6.0,101.313,VER,0.029053003,0.3281625,0.032576818,0.18040986,0.026030727,0.40376708,VER,0.04528257,0.32346657,0.040853906,0.06811672,0.056895662,0.46538457
VER,Singapore,2023,7.0,100.423,VER,0.0072456356,0.03282194,0.0019856847,0.11727561,0.009767435,0.83090365,VER,0.008311541,0.016599337,0.0017050555,0.14616483,0.0076974966,0.8195217
VER,Singapore,2023,8.0,100.177,VER,0.003959121,0.004618476,0.0034775387,0.030332806,0.015637856,0.9419742,VER,0.003794878,0.01099263,0.0012434835,0.011199104,0.0054828427,0.967287
VER,Singapore,2023,9.0,100.264,VER,0.008067173,0.08267335,0.012705857,0.093625575,0.04557349,0.7573546,VER,0.00863344,0.14573443,0.008851136,0.055396948,0.03511996,0.74626404
VER,Singapore,2023,10.0,100.408,VER,0.0040782546,0.012481589,0.0029117202,0.023554219,0.011125101,0.9458491,VER,0.00433784,0.008075654,0.0018220271,0.019202277,0.0058382573,0.96072394
VER,Singapore,2023,11.0,100.423,HAM,0.077745706,0.29818916,0.16485532,0.2935476,0.065708295,0.09995394,VER,0.13015611,0.25198764,0.053101715,0.20440456,0.08748358,0.27286634
VER,Singapore,2023,12.0,100.602,VER,0.012190778,0.03279744,0.0094711585,0.039101668,0.04452984,0.8619091,VER,0.0069987653,0.010217142,0.0028079902,0.026119813,0.011586037,0.9422702
VER,Singapore,2023,13.0,100.693,VER,0.004915985,0.045113552,0.004637911,0.027921055,0.01102792,0.9063836,VER,0.00309714,0.010274028,0.0014990881,0.028249174,0.005345625,0.9515349
VER,Singapore,2023,14.0,100.633,VER,0.015036258,0.05183211,0.01905253,0.049396593,0.034743164,0.82993937,VER,0.007843317,0.0124937855,0.003186582,0.03822918,0.010191468,0.9280557
VER,Singapore,2023,15.0,100.206,VER,0.002531941,0.0036719039,0.0020648877,0.040349808,0.011904551,0.9394769,VER,0.002539701,0.0030731717,0.00091373187,0.018070323,0.0030961202,0.9723069
VER,Singapore,2023,16.0,100.39,VER,0.0211809,0.04424351,0.017596949,0.18269119,0.055482764,0.6788047,VER,0.026948364,0.05650933,0.008815047,0.06267574,0.0295794,0.81547207
VER,Singapore,2023,17.0,100.481,NOR,0.031378042,0.06524633,0.02074872,0.75465,0.013511097,0.1144658,NOR,0.042658962,0.050266355,0.016162438,0.6982843,0.015812077,0.17681587
VER,Singapore,2023,18.0,100.464,VER,0.003410489,0.010671391,0.0028321457,0.014089925,0.011077587,0.95791847,VER,0.004151056,0.01701386,0.0016482475,0.01242118,0.0050176797,0.95974797
VER,Singapore,2023,19.0,100.746,VER,0.017798763,0.025496384,0.009877995,0.24621837,0.02005539,0.68055314,VER,0.062209103,0.055875074,0.014794315,0.2165849,0.030850032,0.6196866
VER,Singapore,2023,24.0,101.971,VER,0.006581103,0.015361653,0.0040306486,0.05266896,0.0051270835,0.9162305,VER,0.012388091,0.016410677,0.0039585484,0.04446909,0.012733614,0.91003996
VER,Singapore,2023,25.0,100.7,VER,0.0070196823,0.012656413,0.0046573197,0.023843765,0.047108665,0.9047141,VER,0.018163852,0.023341808,0.005460424,0.039525803,0.029171154,0.88433695
VER,Singapore,2023,26.0,100.244,VER,0.0018524035,0.012891638,0.0049648443,0.020638319,0.010492033,0.94916075,VER,0.002900506,0.020048134,0.002954836,0.01523039,0.0057989373,0.95306724
VER,Singapore,2023,27.0,101.18,VER,0.0062535526,0.020649118,0.0031447732,0.019823276,0.028653756,0.9214755,VER,0.012214908,0.012842377,0.0032050232,0.015713671,0.013500269,0.9425237
VER,Singapore,2023,28.0,101.431,VER,0.0088683395,0.06588562,0.020006942,0.025448838,0.085917406,0.7938729,VER,0.008898478,0.025820857,0.0061059967,0.01811311,0.016224986,0.9248366
VER,Singapore,2023,29.0,100.437,HAM,0.008864063,0.47588047,0.018178696,0.01445833,0.17771117,0.30490726,VER,0.008896178,0.2407936,0.022541806,0.019730039,0.08992471,0.6181137
VER,Singapore,2023,30.0,100.326,SAI,0.008378975,0.12571113,0.017663933,0.006536608,0.5872928,0.2544166,VER,0.015937712,0.37363148,0.020751696,0.007899055,0.13935073,0.44242933
VER,Singapore,2023,31.0,100.247,VER,0.0010718217,0.0021167637,0.00047632793,0.014728971,0.0027964765,0.97880965,VER,0.002874878,0.0027391522,0.0015702747,0.025240721,0.0037251685,0.9638497
VER,Singapore,2023,32.0,100.033,VER,0.001179543,0.0025161349,0.0006129598,0.006274383,0.0040499046,0.98536706,VER,0.0030670834,0.004383862,0.0016770719,0.013382329,0.004489235,0.9730004
VER,Singapore,2023,33.0,100.087,VER,0.002979918,0.008912731,0.0015296704,0.011901855,0.0028248308,0.97185105,VER,0.0051393663,0.0037271914,0.0018682962,0.020215327,0.004008712,0.9650411
VER,Singapore,2023,34.0,100.378,VER,0.005875421,0.011485894,0.0031886478,0.04056452,0.0041983295,0.9346872,VER,0.0066809566,0.016838986,0.004686064,0.057339147,0.008843093,0.9056117
VER,Singapore,2023,35.0,100.266,VER,0.0034630762,0.01435336,0.002265149,0.012606792,0.014412307,0.95289934,VER,0.008117986,0.012790345,0.0035912313,0.021155434,0.010557038,0.94378793
VER,Singapore,2023,36.0,100.372,VER,0.0011919739,0.0051627904,0.0009649406,0.008245082,0.010991975,0.9734432,VER,0.0032159875,0.008219626,0.0012201774,0.012212944,0.004828211,0.9703031
VER,Singapore,2023,37.0,100.224,VER,0.007546735,0.034808677,0.015460437,0.03989573,0.07789726,0.8243912,VER,0.017034668,0.039721284,0.0127417585,0.03046068,0.0804884,0.8195532
VER,Singapore,2023,38.0,100.61,VER,0.011675341,0.05140625,0.0057865214,0.07652069,0.007519545,0.8470917,VER,0.023158588,0.020610392,0.0072640083,0.09096366,0.011316228,0.84668714
VER,Singapore,2023,39.0,101.173,VER,0.008380732,0.037420396,0.0086907055,0.065039985,0.044044565,0.83642364,VER,0.016447239,0.06310478,0.02326472,0.14766738,0.06583733,0.68367857
VER,Singapore,2023,42.0,97.713,VER,0.0010303153,0.0010729601,0.00084999227,0.010199931,0.0035644914,0.9832824,VER,0.0029754683,0.00438425,0.00093352346,0.008111371,0.004636473,0.9789589
VER,Singapore,2023,46.0,97.57,VER,0.01829926,0.042612318,0.013943528,0.08786166,0.03935536,0.7979279,VER,0.047825407,0.07093954,0.01943645,0.2250432,0.040651508,0.59610385
VER,Singapore,2023,47.0,98.09,VER,0.014401731,0.018698443,0.016334131,0.17247388,0.019969147,0.7581226,NOR,0.048669536,0.085600644,0.06428774,0.48170093,0.04063656,0.2791046
VER,Singapore,2023,48.0,98.333,VER,0.012818806,0.020225465,0.014451411,0.22880246,0.029149609,0.6945523,VER,0.055243533,0.056209538,0.04515511,0.30945092,0.039289188,0.49465173
VER,Singapore,2023,49.0,97.085,VER,0.007005696,0.008350081,0.005661336,0.06752834,0.013507697,0.8979469,VER,0.025373226,0.01819353,0.009124736,0.111530304,0.02834062,0.8074376
VER,Singapore,2023,50.0,99.006,VER,0.024698664,0.033721983,0.030762358,0.27563936,0.07840619,0.55677146,VER,0.07485604,0.12637952,0.06966313,0.2383475,0.0623922,0.42836165
VER,Singapore,2023,51.0,97.144,VER,0.020079987,0.0054609794,0.0035288169,0.024723487,0.013529093,0.9326776,VER,0.024321929,0.013288022,0.0051690345,0.05674354,0.016337402,0.8841401
VER,Singapore,2023,52.0,96.835,VER,0.024548396,0.022717698,0.010849444,0.05037162,0.033470437,0.8580424,VER,0.079916134,0.09122587,0.019397266,0.17517988,0.03235285,0.601928
VER,Singapore,2023,53.0,97.132,VER,0.028822038,0.02566601,0.018424075,0.06261141,0.03552328,0.82895315,VER,0.07359872,0.073880844,0.059514206,0.10886506,0.13854648,0.5455947
VER,Singapore,2023,54.0,98.196,NOR,0.011638742,0.0057704044,0.0074583585,0.7811025,0.0064107166,0.18761933,NOR,0.03373347,0.039284237,0.016981952,0.81787974,0.009596487,0.08252408
VER,Singapore,2023,55.0,96.899,VER,0.2695893,0.040566448,0.02512211,0.12526119,0.017054385,0.5224066,ALO,0.47962436,0.051192727,0.039653726,0.3156741,0.016042508,0.09781257
VER,Singapore,2023,56.0,97.519,VER,0.01630687,0.036140166,0.026063522,0.08650501,0.049489297,0.7854951,VER,0.051131096,0.10262372,0.07438555,0.2736344,0.08675622,0.41146898
VER,Singapore,2023,57.0,99.299,HAM,0.041666206,0.35460445,0.26517662,0.11079286,0.19571248,0.03204733,LEC,0.032105852,0.24486034,0.5339581,0.064065404,0.113747984,0.011262349
VER,Singapore,2023,58.0,96.912,VER,0.09205009,0.026980026,0.013868724,0.274186,0.018382708,0.57453245,NOR,0.07213495,0.028365763,0.010749911,0.77803695,0.011804902,0.09890753
VER,Singapore,2023,59.0,96.748,VER,0.04512793,0.18252455,0.042199258,0.048016023,0.25642377,0.42570844,SAI,0.051912438,0.23694983,0.043019414,0.08243912,0.4230897,0.16258946
VER,Singapore,2023,60.0,96.758,VER,0.039401207,0.0071128807,0.006765164,0.049215388,0.0068450826,0.8906603,NOR,0.30476043,0.037024394,0.028740954,0.45745966,0.021624222,0.15039037
VER,Singapore,2023,61.0,96.575,VER,0.019740552,0.0310969,0.04008011,0.05209415,0.027712276,0.829276,VER,0.06370933,0.110730335,0.12393618,0.30344933,0.088408746,0.3097661
VER,Singapore,2023,62.0,98.197,VER,0.022190476,0.025834093,0.02134657,0.24542397,0.010629266,0.6745756,NOR,0.064080186,0.09723151,0.042096544,0.5841257,0.023134576,0.18933152
ALO,Suzuka,2023,5.0,99.508,ALO,0.8418674,0.015737372,0.082770735,0.008700842,0.0064309738,0.044492688,ALO,0.8063327,0.024065048,0.042144835,0.05549766,0.009427002,0.06253273
ALO,Suzuka,2023,6.0,99.488,ALO,0.70552325,0.013706139,0.04016921,0.09589059,0.009355787,0.13535498,ALO,0.7758287,0.011307635,0.010223165,0.07198109,0.012008961,0.11865042
ALO,Suzuka,2023,7.0,99.138,ALO,0.8920531,0.019461324,0.014724254,0.03737552,0.0044899583,0.031895798,ALO,0.91463363,0.020984804,0.0042360565,0.02966161,0.004221953,0.02626197
ALO,Suzuka,2023,8.0,99.15,ALO,0.8431776,0.0011634812,0.008596434,0.083766535,0.008304977,0.05499099,ALO,0.48026615,0.0027870496,0.0060784267,0.25956306,0.020054592,0.2312507
ALO,Suzuka,2023,9.0,99.884,ALO,0.4897848,0.0050102277,0.03821311,0.29644036,0.02286837,0.14768307,NOR,0.16171448,0.0052482854,0.01025267,0.603207,0.02691065,0.19266692
ALO,Suzuka,2023,10.0,99.697,ALO,0.91847456,0.0034044478,0.040182907,0.010890348,0.0073075853,0.019740207,ALO,0.41219378,0.013512226,0.061232325,0.057587273,0.050441697,0.4050327
ALO,Suzuka,2023,11.0,102.32,SAI,0.1316232,0.12883468,0.12504949,0.0132549135,0.59760076,0.0036369793,SAI,0.080196604,0.26031584,0.08369138,0.010682581,0.55915344,0.0059601464
ALO,Suzuka,2023,15.0,98.126,ALO,0.94136107,0.0047356053,0.0134878345,0.016233446,0.0031836282,0.020998375,ALO,0.9023414,0.011219169,0.019308435,0.023053875,0.0076129395,0.03646413
ALO,Suzuka,2023,16.0,98.651,ALO,0.87345815,0.0042188717,0.010734741,0.0890452,0.0020585135,0.020484526,ALO,0.6173154,0.010388615,0.013716163,0.27551472,0.006068294,0.07699679
ALO,Suzuka,2023,17.0,98.412,ALO,0.79499096,0.0022387083,0.0073280577,0.13742532,0.0026791862,0.055337723,ALO,0.7558192,0.001779853,0.004928118,0.14909329,0.0024721182,0.08590746
ALO,Suzuka,2023,18.0,99.263,ALO,0.6252023,0.0059396843,0.020006023,0.1375764,0.01412621,0.19714937,VER,0.30118054,0.008992931,0.021047695,0.2669199,0.031374265,0.37048468
ALO,Suzuka,2023,19.0,100.092,ALO,0.49951732,0.009962925,0.0580364,0.16546305,0.03339321,0.23362707,NOR,0.13410419,0.0212104,0.021698346,0.4669871,0.05458371,0.30141622
ALO,Suzuka,2023,20.0,101.133,ALO,0.51908386,0.03939126,0.17595758,0.25156456,0.006666503,0.007336281,NOR,0.2820244,0.05240203,0.15070269,0.49483243,0.008665505,0.0113729965
ALO,Suzuka,2023,21.0,101.105,ALO,0.36138505,0.10930246,0.04722856,0.12129663,0.29648215,0.06430517,SAI,0.08509042,0.20538147,0.09409637,0.2022666,0.31807458,0.095090576
ALO,Suzuka,2023,22.0,100.041,ALO,0.72063464,0.06331757,0.0744273,0.11095845,0.01905594,0.011606082,ALO,0.39466402,0.09113703,0.14968142,0.3136491,0.024161775,0.02670674
ALO,Suzuka,2023,23.0,101.023,LEC,0.3485036,0.06565061,0.48395357,0.03429056,0.059947766,0.007653935,LEC,0.19416009,0.111779206,0.6117308,0.027782936,0.04574198,0.008805005
ALO,Suzuka,2023,24.0,99.754,ALO,0.36154726,0.05938263,0.047870684,0.35704222,0.03634889,0.1378083,NOR,0.11921722,0.09029249,0.04303513,0.5707845,0.05454678,0.12212387
ALO,Suzuka,2023,25.0,103.68,SAI,0.004406488,0.06470515,0.05360704,0.015148951,0.8546324,0.0074999756,SAI,0.0072013387,0.11224661,0.020039888,0.022037253,0.8287683,0.009706577
ALO,Suzuka,2023,27.0,97.308,ALO,0.9019865,0.008331372,0.012575986,0.05117152,0.007057688,0.018876906,ALO,0.7284149,0.010703258,0.017372353,0.19459383,0.0068825376,0.042033147
ALO,Suzuka,2023,28.0,97.203,ALO,0.9498212,0.0018341441,0.0037470565,0.023552304,0.0024067077,0.0186386,ALO,0.8860574,0.0032436247,0.0063114725,0.05782906,0.0051269964,0.041431542
ALO,Suzuka,2023,29.0,98.749,ALO,0.8305106,0.04199032,0.09358935,0.00554235,0.013623847,0.014743582,ALO,0.8266219,0.065223634,0.058433674,0.0046270555,0.028262917,0.016830841
ALO,Suzuka,2023,30.0,97.273,ALO,0.94143873,0.0019469388,0.01194032,0.03022356,0.0015891535,0.01286128,ALO,0.87950104,0.0025509929,0.007076336,0.07618629,0.0025626395,0.032122687
ALO,Suzuka,2023,31.0,97.582,ALO,0.7348963,0.0024872709,0.012321413,0.22726038,0.0023463608,0.020688333,ALO,0.7305742,0.0037472162,0.008191239,0.20183872,0.004539172,0.051109478
ALO,Suzuka,2023,32.0,97.628,ALO,0.97757226,0.0018648468,0.0066531952,0.008967016,0.0013307817,0.0036119174,ALO,0.94847286,0.0024904294,0.015107407,0.019227192,0.0023658976,0.012336223
ALO,Suzuka,2023,33.0,97.335,ALO,0.90619045,0.003955856,0.018893557,0.017287115,0.0063859234,0.04728702,ALO,0.72957265,0.007984868,0.027899606,0.06311475,0.026237039,0.1451911
ALO,Suzuka,2023,34.0,97.461,ALO,0.892658,0.0036571356,0.02436773,0.054372273,0.003975034,0.020969877,ALO,0.74169314,0.0064656646,0.032077387,0.15978092,0.013424609,0.04655826
ALO,Suzuka,2023,35.0,98.27,ALO,0.8672052,0.0023237832,0.032592896,0.07910502,0.00289872,0.015874317,ALO,0.8098512,0.0035513474,0.006747614,0.13523011,0.0065630735,0.03805662
ALO,Suzuka,2023,36.0,98.009,ALO,0.9504814,0.00077721506,0.004721523,0.038163047,0.0012360684,0.0046207276,ALO,0.88066304,0.0015861597,0.00668088,0.09357441,0.0037770935,0.013718385
ALO,Suzuka,2023,37.0,98.139,ALO,0.8021089,0.0015983422,0.0067263045,0.025604326,0.008478318,0.15548383,ALO,0.6178858,0.0030095247,0.011351557,0.06496624,0.02240015,0.28038675
ALO,Suzuka,2023,38.0,98.0,ALO,0.8728275,0.0056865476,0.031502265,0.06895937,0.004546408,0.016477916,ALO,0.7800279,0.0065667015,0.017142506,0.14818048,0.008930641,0.039151743
ALO,Suzuka,2023,39.0,98.036,ALO,0.6978624,0.017106738,0.039705086,0.05007757,0.13147642,0.06377178,VER,0.21613172,0.023641609,0.063298896,0.15607797,0.22653912,0.3143107
ALO,Suzuka,2023,40.0,98.059,ALO,0.907283,0.0032892376,0.027833827,0.052985836,0.002923365,0.0056846966,ALO,0.75674117,0.0072750375,0.023657849,0.16818567,0.008627238,0.03551311
ALO,Suzuka,2023,41.0,98.182,ALO,0.7980995,0.003929168,0.04681474,0.09823858,0.004857317,0.048060693,ALO,0.5973032,0.0091920085,0.024314381,0.2482872,0.017412407,0.10349083
ALO,Suzuka,2023,42.0,98.357,ALO,0.8480946,0.0031582755,0.028503712,0.10483677,0.0018135482,0.01359306,ALO,0.6806278,0.0055223466,0.01152986,0.27575266,0.0028746633,0.023692634
ALO,Suzuka,2023,43.0,98.413,ALO,0.85425806,0.0026568596,0.008390296,0.07768508,0.0038238536,0.053185917,ALO,0.83820516,0.0019647728,0.0057349983,0.09873848,0.003432885,0.051923692
ALO,Suzuka,2023,44.0,98.699,ALO,0.7782916,0.0026813492,0.0066925976,0.18110086,0.002624469,0.028609114,ALO,0.7605568,0.0018172561,0.004012731,0.18893926,0.0027180717,0.041955866
ALO,Suzuka,2023,45.0,98.432,ALO,0.62098414,0.0013041173,0.0046474845,0.3579142,0.0010673618,0.014082681,NOR,0.317837,0.0017693441,0.0024881237,0.6566317,0.001569109,0.019704724
ALO,Suzuka,2023,46.0,98.413,ALO,0.9520761,0.0013321716,0.0058179814,0.029893009,0.0017228775,0.009157912,ALO,0.82182246,0.003072212,0.008957174,0.12734614,0.00533609,0.03346591
ALO,Suzuka,2023,47.0,98.637,LEC,0.23819873,0.049884826,0.622598,0.012029952,0.051404115,0.025884373,LEC,0.30610406,0.08418783,0.33082032,0.029298058,0.19083965,0.058750115
ALO,Suzuka,2023,48.0,98.406,ALO,0.9777344,0.0010941357,0.0033608624,0.013141335,0.000943306,0.0037259888,ALO,0.94614655,0.0014714905,0.005809081,0.037440702,0.0020024183,0.0071297647
ALO,Suzuka,2023,49.0,98.809,ALO,0.9236643,0.002100176,0.004120499,0.05637094,0.0023056793,0.011438485,ALO,0.8922128,0.0025644097,0.005447853,0.07782738,0.0034950986,0.018452398
ALO,Suzuka,2023,50.0,99.155,ALO,0.90450263,0.0076962635,0.02119501,0.048234075,0.0037895618,0.014582404,ALO,0.7529196,0.01885095,0.038002115,0.15207383,0.008995846,0.029157592
ALO,Suzuka,2023,51.0,99.221,ALO,0.81698877,0.0061054486,0.039932486,0.12783888,0.0025863007,0.0065480946,ALO,0.8577701,0.0056904447,0.007111421,0.12147495,0.0026042047,0.005348916
ALO,Suzuka,2023,52.0,99.232,ALO,0.87561023,0.0018530472,0.00889084,0.089577414,0.0036624265,0.020406064,ALO,0.77992857,0.0025870057,0.005435575,0.17276384,0.0066530127,0.032632068
ALO,Suzuka,2023,53.0,99.65,ALO,0.6107445,0.045356102,0.063976906,0.2647625,0.0075430823,0.007616964,ALO,0.5132034,0.09628178,0.049994882,0.31652424,0.011056221,0.012939507
HAM,Suzuka,2023,5.0,100.176,LEC,0.010464462,0.4055723,0.4168059,0.0023652797,0.16365594,0.0011360751,HAM,0.0123635605,0.63920975,0.1827202,0.0021531389,0.16203418,0.0015191223
HAM,Suzuka,2023,6.0,98.786,SAI,0.0027716544,0.14939433,0.26044083,0.0015855203,0.58459103,0.0012166819,SAI,0.001894038,0.16051924,0.20871587,0.0012697781,0.6263941,0.0012069899
HAM,Suzuka,2023,7.0,99.274,HAM,0.009275164,0.83167976,0.10561478,0.0022273855,0.04787155,0.0033313476,HAM,0.010299161,0.92556906,0.038402587,0.00090118364,0.022550933,0.0022770993
HAM,Suzuka,2023,8.0,99.077,HAM,0.023265881,0.49899292,0.09096865,0.08616641,0.06882867,0.23177749,HAM,0.03025278,0.69071525,0.04661644,0.10535361,0.052706566,0.074355364
HAM,Suzuka,2023,9.0,99.706,HAM,0.0031408062,0.74178684,0.017891467,0.008298911,0.14057308,0.08830886,HAM,0.0024306704,0.8543991,0.0069437507,0.006580867,0.09361986,0.036025804
HAM,Suzuka,2023,10.0,99.952,HAM,0.0015078974,0.8510851,0.022788173,0.0027456009,0.105914146,0.015959116,HAM,0.0017740582,0.8745944,0.01393195,0.002113662,0.09909356,0.008492435
HAM,Suzuka,2023,11.0,99.65,HAM,0.0018187842,0.92603576,0.02099427,0.0020259973,0.047998182,0.0011269551,HAM,0.0023949267,0.8967424,0.048370812,0.001435359,0.04935538,0.0017011005
HAM,Suzuka,2023,12.0,99.129,HAM,0.060671378,0.610919,0.05882042,0.07642897,0.046767313,0.14639293,HAM,0.093368456,0.736994,0.026157863,0.0803299,0.02509296,0.038056836
HAM,Suzuka,2023,13.0,99.532,HAM,0.0062886905,0.77501965,0.15782915,0.0059220674,0.049541075,0.0053993957,HAM,0.0051796706,0.87474537,0.094573595,0.002816518,0.019311508,0.0033733346
HAM,Suzuka,2023,15.0,99.055,HAM,0.008503615,0.5361496,0.3960807,0.00387589,0.05008251,0.0053077065,HAM,0.011613612,0.8587859,0.0957817,0.0024719825,0.028107038,0.0032397863
HAM,Suzuka,2023,18.0,97.489,HAM,0.0048054946,0.65605855,0.25971267,0.0030501422,0.073424704,0.0029484113,HAM,0.0035130421,0.7933512,0.15851502,0.0019186935,0.040924925,0.0017772008
HAM,Suzuka,2023,19.0,97.878,HAM,0.00096572674,0.9539784,0.023992827,0.0010925557,0.014018523,0.00595196,HAM,0.0013070708,0.9659697,0.020059206,0.0006454347,0.0075355843,0.0044830646
HAM,Suzuka,2023,20.0,98.519,HAM,0.001019835,0.9464546,0.029349156,0.0006605544,0.021741783,0.0007740492,HAM,0.0010896145,0.9342076,0.03849019,0.00059397955,0.025032666,0.0005859738
HAM,Suzuka,2023,21.0,99.752,HAM,0.006505526,0.61452246,0.17224967,0.0032498655,0.20030813,0.0031643328,HAM,0.005529211,0.5963361,0.106192715,0.002689128,0.28554752,0.0037052783
HAM,Suzuka,2023,22.0,98.12,HAM,0.0017060756,0.9507263,0.020010626,0.0023013083,0.012939855,0.012315802,HAM,0.0027552345,0.9448106,0.01957912,0.0031898962,0.012921359,0.01674371
HAM,Suzuka,2023,23.0,98.568,HAM,0.0015168898,0.8198947,0.007945774,0.0034705235,0.01260722,0.15456489,HAM,0.001392948,0.8834275,0.004624357,0.0060913116,0.009528095,0.09493581
HAM,Suzuka,2023,24.0,98.225,HAM,0.005300185,0.74181604,0.16858043,0.0019854011,0.079846874,0.002471025,HAM,0.0061934115,0.8169622,0.11667059,0.0012268353,0.057315428,0.0016314953
HAM,Suzuka,2023,25.0,97.905,HAM,0.0017688611,0.93335193,0.039436698,0.0014761717,0.021881394,0.0020849304,HAM,0.0009625925,0.96509415,0.025360202,0.000988301,0.006310678,0.0012841
HAM,Suzuka,2023,26.0,98.296,HAM,0.004181385,0.93330073,0.03226695,0.0048826504,0.017942445,0.007425787,HAM,0.0038989685,0.9471717,0.02246681,0.0033081663,0.013336748,0.009817621
HAM,Suzuka,2023,27.0,98.337,HAM,0.0065319096,0.90063024,0.07237506,0.0022603166,0.012038899,0.0061635156,HAM,0.009866783,0.93431133,0.037953895,0.0037008396,0.008382508,0.005784661
HAM,Suzuka,2023,28.0,98.665,HAM,0.0014933109,0.94122106,0.022762068,0.0015828427,0.019068893,0.0138719,HAM,0.0014693764,0.93589306,0.025467847,0.0014916655,0.020206539,0.015471548
HAM,Suzuka,2023,29.0,98.542,HAM,0.0051518898,0.82810926,0.078007124,0.0037462676,0.07588367,0.00910176,HAM,0.005941766,0.85844386,0.07635576,0.0021860474,0.04214213,0.014930405
HAM,Suzuka,2023,30.0,98.333,HAM,0.003456289,0.9482682,0.0343305,0.0015416421,0.009414608,0.0029888065,HAM,0.0033180343,0.9641658,0.024188131,0.0011832599,0.005199256,0.0019455036
HAM,Suzuka,2023,31.0,98.866,HAM,0.0012423213,0.95415694,0.02260519,0.0012418984,0.019045167,0.0017084787,HAM,0.00073257345,0.95322025,0.032103788,0.0007712256,0.0112549355,0.0019172523
HAM,Suzuka,2023,32.0,98.605,HAM,0.001678586,0.9174306,0.043574415,0.0014779583,0.031466212,0.00437225,HAM,0.0014571889,0.9451292,0.028836071,0.0011694457,0.019083524,0.0043245507
HAM,Suzuka,2023,33.0,98.377,HAM,0.003218806,0.8451602,0.037259005,0.0025456212,0.11019495,0.0016214227,HAM,0.003608744,0.8348124,0.08439203,0.0021720799,0.07299817,0.0020166347
HAM,Suzuka,2023,34.0,100.853,HAM,0.0009010132,0.65626734,0.014559645,0.0022367267,0.32499492,0.0010403303,HAM,0.00058631063,0.855558,0.014665408,0.0011324754,0.12700999,0.0010478671
HAM,Suzuka,2023,36.0,95.611,HAM,0.0011911911,0.9452071,0.02866749,0.0021796247,0.02050607,0.0022485796,HAM,0.001025606,0.94435644,0.037952725,0.0011126659,0.014026709,0.0015258606
HAM,Suzuka,2023,37.0,96.182,HAM,0.004443684,0.52477247,0.021220727,0.005875962,0.030291416,0.41339576,HAM,0.0039255843,0.7971693,0.01269717,0.0043404815,0.025881791,0.15598565
HAM,Suzuka,2023,38.0,96.736,HAM,0.0015111972,0.95565003,0.007576977,0.0019193935,0.006837813,0.026504612,HAM,0.002418077,0.9641935,0.0063555227,0.0021537065,0.009199064,0.01568006
HAM,Suzuka,2023,39.0,96.509,HAM,0.002097618,0.9258471,0.042087205,0.0032880583,0.01703769,0.009642337,HAM,0.0009900245,0.9549131,0.027680032,0.0016474095,0.009513784,0.0052556717
HAM,Suzuka,2023,40.0,97.118,HAM,0.003669101,0.91562384,0.013298815,0.006013269,0.015515933,0.045878965,HAM,0.004700574,0.8782592,0.009800922,0.008227926,0.027416376,0.071595095
HAM,Suzuka,2023,41.0,97.243,HAM,0.0006262748,0.9660031,0.021336682,0.0011936562,0.007548598,0.0032916788,HAM,0.00087733846,0.9359969,0.043297064,0.0018069817,0.013649209,0.0043725604
HAM,Suzuka,2023,42.0,97.47,HAM,0.002034719,0.9112528,0.018337812,0.0013727047,0.064921275,0.0020806899,HAM,0.0022403148,0.8717824,0.05358263,0.0011478948,0.06730448,0.0039421893
HAM,Suzuka,2023,43.0,97.293,HAM,0.0014899616,0.9414684,0.014576263,0.0012781885,0.03942599,0.0017611746,HAM,0.001814654,0.90610266,0.02846639,0.0011794325,0.060121693,0.0023151129
HAM,Suzuka,2023,44.0,97.265,HAM,0.0033509017,0.9000743,0.052935626,0.002863663,0.037184246,0.0035912455,HAM,0.003262824,0.88239956,0.06115446,0.002371214,0.04646328,0.004348729
HAM,Suzuka,2023,45.0,97.217,HAM,0.002312175,0.78785115,0.044610355,0.0033886507,0.1587717,0.0030659852,HAM,0.0027525302,0.8260025,0.055071507,0.002458476,0.11052423,0.0031907884
HAM,Suzuka,2023,46.0,97.999,HAM,0.0044005043,0.56569755,0.29149547,0.0013714643,0.13631247,0.00072251796,HAM,0.0032788147,0.6137743,0.23831488,0.0009992499,0.14304307,0.00058965414
HAM,Suzuka,2023,47.0,98.451,HAM,0.0016667512,0.8673235,0.052609276,0.0023905889,0.07474404,0.0012658915,HAM,0.0010816971,0.8348697,0.082738854,0.0016637864,0.07768768,0.0019582848
HAM,Suzuka,2023,48.0,98.416,HAM,0.005836756,0.4180033,0.34430137,0.0035464433,0.22677785,0.001534324,HAM,0.0058737528,0.5516665,0.2668402,0.002075467,0.17228714,0.001256978
HAM,Suzuka,2023,49.0,98.74,LEC,0.0061076586,0.39209768,0.5439971,0.0020144493,0.0549667,0.00081642874,HAM,0.00522203,0.58791614,0.37163132,0.0017468979,0.032950867,0.000532729
HAM,Suzuka,2023,50.0,97.417,HAM,0.0016897726,0.8356148,0.048812322,0.0011850944,0.11036428,0.0023337181,HAM,0.0018077042,0.8721515,0.057529237,0.0008032724,0.06536412,0.0023441245
HAM,Suzuka,2023,51.0,97.531,HAM,0.0013057382,0.7838608,0.020167664,0.0030199694,0.18945041,0.0021954407,HAM,0.0010755792,0.8604163,0.047979947,0.0016684225,0.08725389,0.0016059024
HAM,Suzuka,2023,52.0,97.352,HAM,0.0017261711,0.80553573,0.045363214,0.0027708556,0.14192334,0.0026806707,HAM,0.0016778808,0.8772632,0.062340688,0.0014917462,0.054483794,0.0027427445
HAM,Suzuka,2023,53.0,97.353,LEC,0.0074914806,0.19311383,0.60688865,0.012734568,0.17554379,0.004227698,LEC,0.008902149,0.38834584,0.5042786,0.0077458327,0.086764984,0.0039626206
LEC,Suzuka,2023,5.0,98.805,LEC,0.060317952,0.082155116,0.5432167,0.02645363,0.18954824,0.09830834,SAI,0.06933234,0.101608984,0.15713383,0.032619525,0.45515335,0.18415199
LEC,Suzuka,2023,6.0,98.924,LEC,0.031434685,0.22139081,0.6485968,0.02907272,0.02748771,0.042017248,HAM,0.0707805,0.4535792,0.28548172,0.08172083,0.05315171,0.05528605
LEC,Suzuka,2023,7.0,99.093,VER,0.23421268,0.22792532,0.09486037,0.15989095,0.013644905,0.26946574,ALO,0.46695894,0.15223129,0.02564522,0.121147774,0.011431011,0.22258577
LEC,Suzuka,2023,8.0,99.086,LEC,0.030632472,0.0760314,0.7851349,0.009022096,0.0724295,0.026749616,SAI,0.081845485,0.25832388,0.25168467,0.016553437,0.29742366,0.09416881
LEC,Suzuka,2023,9.0,99.083,LEC,0.032582115,0.23830748,0.57685894,0.04763,0.038547833,0.06607365,HAM,0.10249408,0.43838713,0.09231754,0.12848032,0.07996809,0.15835284
LEC,Suzuka,2023,10.0,99.31,HAM,0.057142463,0.4878558,0.34275165,0.02679476,0.03871274,0.046742614,HAM,0.087246746,0.5966256,0.17431945,0.037344992,0.07319292,0.03127022
LEC,Suzuka,2023,11.0,99.562,LEC,0.014522944,0.101195455,0.6515001,0.0072977496,0.2170664,0.008417327,LEC,0.0125905955,0.11287189,0.43225884,0.012360267,0.42321077,0.00670759
LEC,Suzuka,2023,12.0,99.641,LEC,0.024710605,0.033917658,0.7689458,0.0056498414,0.16284622,0.0039298898,SAI,0.031456523,0.073155396,0.41127318,0.012453844,0.4654607,0.0062004006
LEC,Suzuka,2023,13.0,99.375,LEC,0.018842818,0.15176567,0.58655,0.018740237,0.16522978,0.058871526,SAI,0.0145245185,0.25568596,0.26224327,0.028703855,0.32871777,0.11012466
LEC,Suzuka,2023,15.0,99.479,LEC,0.036323197,0.027482094,0.9058223,0.007992709,0.017526336,0.0048534023,LEC,0.092356004,0.09802686,0.64107615,0.053917624,0.09186515,0.022758175
LEC,Suzuka,2023,16.0,99.648,HAM,0.043091018,0.5457456,0.20303972,0.022751369,0.17708795,0.008284319,HAM,0.06486398,0.68043447,0.08119003,0.016478132,0.15116985,0.0058635133
LEC,Suzuka,2023,17.0,101.825,SAI,0.0047828383,0.09082141,0.18360828,0.004409146,0.7155113,0.0008670622,SAI,0.0024774184,0.12823178,0.14635839,0.0029511708,0.71890265,0.0010786053
LEC,Suzuka,2023,19.0,98.574,LEC,0.029511694,0.11645751,0.75414705,0.0071208896,0.089809105,0.0029537103,LEC,0.046356194,0.25951806,0.34709302,0.010817799,0.32641166,0.009803252
LEC,Suzuka,2023,20.0,98.169,LEC,0.0086018825,0.041740894,0.89625174,0.0029568353,0.033653557,0.016795056,LEC,0.021272238,0.12217418,0.6321419,0.0069238916,0.17468122,0.042806588
LEC,Suzuka,2023,21.0,98.166,LEC,0.03229881,0.04092498,0.8961461,0.0036498064,0.015880644,0.011099654,LEC,0.1140254,0.11831089,0.6592027,0.007454217,0.07768439,0.02332242
LEC,Suzuka,2023,22.0,97.945,LEC,0.022379493,0.14465512,0.8070948,0.005611505,0.015091024,0.005167986,LEC,0.04979415,0.3929743,0.49019805,0.011802823,0.04181876,0.013411893
LEC,Suzuka,2023,23.0,98.005,LEC,0.07231225,0.064835705,0.7942208,0.015835483,0.03875366,0.014042051,LEC,0.11571562,0.12506971,0.5849843,0.030394632,0.1172434,0.026592331
LEC,Suzuka,2023,24.0,97.88,LEC,0.1503671,0.055221695,0.71196175,0.016043141,0.056176696,0.010229589,ALO,0.38828245,0.113660455,0.30934525,0.038493663,0.12379566,0.026422461
LEC,Suzuka,2023,25.0,98.12,LEC,0.26010442,0.12184053,0.36967632,0.18134911,0.010142215,0.05688743,NOR,0.25042117,0.23848921,0.12292553,0.2682918,0.015111263,0.104761034
LEC,Suzuka,2023,26.0,98.385,LEC,0.033840384,0.0897819,0.78023994,0.017341882,0.07261346,0.0061823647,LEC,0.066551,0.16893548,0.5119903,0.034594916,0.20467839,0.013249965
LEC,Suzuka,2023,27.0,99.317,LEC,0.0064086756,0.17719708,0.4808412,0.0026439154,0.3320245,0.00088469486,SAI,0.0069985725,0.19053273,0.25286266,0.0018806695,0.54696095,0.00076446345
LEC,Suzuka,2023,28.0,98.586,LEC,0.0060346313,0.038732424,0.93476456,0.0028681136,0.016825262,0.0007749873,LEC,0.01434941,0.19708903,0.72441953,0.00903629,0.053059444,0.002046287
LEC,Suzuka,2023,29.0,98.523,LEC,0.0037074578,0.022428129,0.9245027,0.0051504625,0.042708635,0.0015026816,LEC,0.0057127373,0.059574775,0.8181258,0.008534717,0.105269104,0.0027828452
LEC,Suzuka,2023,30.0,98.476,LEC,0.006880887,0.10302063,0.8411349,0.0043149698,0.03738287,0.0072657107,LEC,0.012192444,0.27809614,0.5501587,0.06555655,0.0754649,0.018531311
LEC,Suzuka,2023,31.0,98.889,LEC,0.0038868985,0.023140036,0.92676073,0.005594052,0.03867409,0.0019441629,LEC,0.009465943,0.097539686,0.6306878,0.028794954,0.21786432,0.015647328
LEC,Suzuka,2023,32.0,98.661,LEC,0.007123821,0.02978129,0.9484005,0.0034087156,0.009557595,0.0017280963,LEC,0.014209394,0.120234676,0.84578097,0.005536477,0.011330651,0.0029078047
LEC,Suzuka,2023,33.0,98.703,LEC,0.0034322063,0.07300458,0.7063814,0.003343848,0.21205142,0.0017865244,SAI,0.002655203,0.21819273,0.36410606,0.0055182003,0.40666744,0.0028603838
LEC,Suzuka,2023,34.0,101.129,LEC,0.00338109,0.046926524,0.7381107,0.0039407257,0.20690064,0.00074026146,LEC,0.0032296684,0.065260746,0.7212522,0.0030258573,0.20625407,0.000977505
LEC,Suzuka,2023,36.0,96.781,LEC,0.019718748,0.03576871,0.8941856,0.00572585,0.039224297,0.0053768507,LEC,0.046095498,0.088048935,0.74003905,0.01618459,0.09579285,0.013839104
LEC,Suzuka,2023,37.0,96.891,LEC,0.020724585,0.20990105,0.7336203,0.013843137,0.011525143,0.010385853,LEC,0.062712766,0.30289876,0.5272581,0.03404044,0.044112917,0.028977036
LEC,Suzuka,2023,38.0,96.493,LEC,0.025383126,0.054478325,0.79004735,0.10041535,0.008467389,0.02120844,NOR,0.074641414,0.13101938,0.3183728,0.366413,0.037069947,0.07248351
LEC,Suzuka,2023,39.0,96.672,LEC,0.0195877,0.23612651,0.6154507,0.025163969,0.05191313,0.051757988,LEC,0.020761024,0.37898198,0.42562878,0.05714227,0.06377922,0.053706747
LEC,Suzuka,2023,40.0,96.362,HAM,0.008643962,0.84961087,0.06845904,0.0062075974,0.060498144,0.006580453,HAM,0.0058811284,0.888767,0.072448604,0.0055435216,0.023868645,0.0034910443
LEC,Suzuka,2023,41.0,96.921,HAM,0.005409242,0.77393466,0.17119157,0.0031626227,0.041824307,0.0044776225,HAM,0.006155306,0.82083076,0.12800755,0.0037537797,0.038009662,0.0032429595
LEC,Suzuka,2023,42.0,97.355,LEC,0.014708555,0.15782677,0.47059658,0.003107441,0.35095286,0.0028077953,LEC,0.018327583,0.21770991,0.4456908,0.0047579766,0.30969778,0.0038159161
LEC,Suzuka,2023,43.0,98.056,ALO,0.5104368,0.08777909,0.15397537,0.18999028,0.025671646,0.032146845,ALO,0.7538996,0.05367317,0.031556033,0.11851442,0.018858222,0.023498608
LEC,Suzuka,2023,44.0,98.401,LEC,0.13487683,0.07432974,0.7337976,0.0065538064,0.046115108,0.0043268716,LEC,0.11786062,0.17789021,0.49568024,0.015204143,0.17900111,0.014363624
LEC,Suzuka,2023,45.0,97.234,LEC,0.09930664,0.039906714,0.8120056,0.004607215,0.04247962,0.0016941805,LEC,0.04670153,0.044338226,0.8570299,0.0041614743,0.04595395,0.0018148522
LEC,Suzuka,2023,46.0,97.196,LEC,0.027608925,0.06264795,0.85586435,0.03670869,0.008648961,0.008521175,LEC,0.06933232,0.25977686,0.5443485,0.08951365,0.021781715,0.015246972
LEC,Suzuka,2023,47.0,97.34,LEC,0.018359214,0.14966647,0.7987618,0.0063080024,0.024164297,0.0027402006,LEC,0.016603118,0.24989061,0.7079461,0.005650607,0.016881643,0.0030278696
LEC,Suzuka,2023,48.0,97.518,LEC,0.020697087,0.18702278,0.737645,0.0022887674,0.051318143,0.0010282288,LEC,0.022001827,0.19529526,0.7470786,0.0037040533,0.030567043,0.001353249
LEC,Suzuka,2023,49.0,97.608,LEC,0.030506838,0.027674973,0.8902277,0.006961078,0.041877445,0.0027519718,LEC,0.050169256,0.08121463,0.68805265,0.0482418,0.12100987,0.011311801
LEC,Suzuka,2023,50.0,97.604,LEC,0.0077201617,0.4409955,0.49284464,0.0025034419,0.05433628,0.0015999672,HAM,0.0085437,0.68461126,0.2707707,0.0027261549,0.03204125,0.0013069293
LEC,Suzuka,2023,51.0,97.563,LEC,0.046431754,0.02012957,0.9177394,0.004758357,0.0070822644,0.003858651,LEC,0.12590954,0.04750621,0.7212756,0.07652196,0.016336748,0.01244992
LEC,Suzuka,2023,52.0,97.773,LEC,0.028536178,0.057443563,0.7789719,0.004934236,0.12165572,0.00845847,LEC,0.029754378,0.1030011,0.44219235,0.0117929,0.39876625,0.014492984
LEC,Suzuka,2023,53.0,98.049,LEC,0.008477283,0.030296966,0.9482267,0.0047167554,0.006598165,0.0016840787,LEC,0.0205503,0.063000396,0.87158215,0.0084498795,0.031886894,0.0045303283
NOR,Suzuka,2023,5.0,97.66,NOR,0.12310181,0.0035373874,0.0026101796,0.79416835,0.00208248,0.07449977,NOR,0.3303584,0.0066211536,0.003673099,0.4737477,0.0050855065,0.18051411
NOR,Suzuka,2023,6.0,98.158,NOR,0.008687682,0.0022231983,0.001014811,0.978505,0.00036621274,0.009203059,NOR,0.04380272,0.005145838,0.0012824032,0.913329,0.00073828077,0.03570175
NOR,Suzuka,2023,7.0,98.394,NOR,0.0025750604,0.0022118506,0.0014288451,0.8994421,0.00095589046,0.09338625,NOR,0.012467757,0.008197186,0.0022168905,0.7961479,0.0019007132,0.17906961
NOR,Suzuka,2023,8.0,98.506,NOR,0.0039307917,0.0010768119,0.00046946318,0.9863179,0.0001933206,0.008011774,NOR,0.012557631,0.0034052706,0.0009624662,0.95568734,0.0005223818,0.026864836
NOR,Suzuka,2023,9.0,98.578,NOR,0.010066713,0.0008605012,0.0008309222,0.97881967,0.00042441537,0.008997732,NOR,0.074598394,0.0024532033,0.0012812994,0.8841725,0.0012519261,0.036242634
NOR,Suzuka,2023,10.0,99.012,NOR,0.023687888,0.00094402285,0.0008509541,0.96516734,0.0002887396,0.009061029,NOR,0.06631329,0.0031449078,0.0011332049,0.90215975,0.00065548474,0.026593333
NOR,Suzuka,2023,11.0,99.069,NOR,0.0022195284,0.0019733664,0.0017046976,0.9550913,0.00054064364,0.038470425,NOR,0.013943144,0.00558264,0.0019043264,0.8859464,0.0012351556,0.09138832
NOR,Suzuka,2023,12.0,99.213,NOR,0.05466564,0.002488882,0.0014654648,0.9216337,0.0008500805,0.018896174,NOR,0.22521266,0.011670664,0.0022121107,0.71898407,0.0022629036,0.039657604
NOR,Suzuka,2023,13.0,99.156,NOR,0.07651234,0.0017150432,0.0034822356,0.8921221,0.00088016794,0.025288075,NOR,0.11810707,0.0034295819,0.0016054028,0.8390494,0.00093980494,0.03686868
NOR,Suzuka,2023,15.0,99.107,NOR,0.10942019,0.0018565507,0.002474196,0.8597619,0.0012042713,0.025282966,NOR,0.2982616,0.0053359745,0.002965696,0.63490766,0.0023232915,0.05620581
NOR,Suzuka,2023,16.0,99.226,NOR,0.12234461,0.009470288,0.012856151,0.7549155,0.0027014858,0.09771198,NOR,0.1988235,0.017923027,0.004640271,0.6725428,0.0034230533,0.10264734
NOR,Suzuka,2023,17.0,101.24,NOR,0.0118074,0.023351178,0.005125837,0.75569737,0.006578065,0.19744013,NOR,0.010797877,0.02767572,0.0042337487,0.7600132,0.0062170113,0.1910624
NOR,Suzuka,2023,19.0,96.689,NOR,0.0045052767,0.0010935743,0.00096742774,0.96812093,0.0005915998,0.024721153,NOR,0.026510853,0.0035657694,0.0012841312,0.8943901,0.0023389214,0.07191024
NOR,Suzuka,2023,20.0,97.776,NOR,0.008436228,0.0027719212,0.0009482936,0.9755563,0.0004806731,0.011806511,NOR,0.04029961,0.013740672,0.002105502,0.90195084,0.0016301757,0.04027318
NOR,Suzuka,2023,21.0,97.553,NOR,0.1087872,0.0018170718,0.0024051534,0.8726034,0.00069438823,0.013692733,NOR,0.26533312,0.0044676987,0.0016511958,0.69765043,0.0011227467,0.029774833
NOR,Suzuka,2023,22.0,97.646,NOR,0.008611921,0.00095122453,0.000626617,0.9807662,0.00034167717,0.008702383,NOR,0.046442356,0.0046163476,0.0012520477,0.91070396,0.0012986555,0.03568666
NOR,Suzuka,2023,23.0,98.064,NOR,0.011429927,0.0026795254,0.00087023276,0.97659034,0.00028459547,0.008145426,NOR,0.05282387,0.010599545,0.001182471,0.9036561,0.0012539736,0.030484026
NOR,Suzuka,2023,24.0,98.137,NOR,0.034382585,0.002450529,0.0014780435,0.92726946,0.0011533749,0.033265978,NOR,0.1383769,0.008997925,0.0021150084,0.7868777,0.0043483865,0.059284095
NOR,Suzuka,2023,25.0,98.372,NOR,0.02975424,0.0016830484,0.0022497762,0.8196139,0.001897969,0.1448011,NOR,0.090695955,0.0040544225,0.0023321745,0.6662668,0.011912929,0.22473775
NOR,Suzuka,2023,26.0,98.793,NOR,0.042424217,0.0022898496,0.0017978781,0.9091153,0.002381398,0.041991387,NOR,0.057456292,0.0043260856,0.001186243,0.8644143,0.003936141,0.06868094
NOR,Suzuka,2023,27.0,97.402,NOR,0.0019876224,0.0015515134,0.0015238889,0.9744573,0.00051981135,0.019959891,NOR,0.006915292,0.0029943828,0.000955499,0.96110046,0.0007068711,0.027327526
NOR,Suzuka,2023,28.0,98.019,NOR,0.058660794,0.0018496577,0.0036157842,0.9283796,0.0004164134,0.0070776776,NOR,0.105571136,0.0020548862,0.0012600002,0.88160646,0.00041530014,0.00909223
NOR,Suzuka,2023,29.0,97.757,NOR,0.12856239,0.0018185513,0.0058675515,0.8326567,0.0013899597,0.029704856,NOR,0.2339477,0.0034965728,0.0023400828,0.70413667,0.0020588702,0.054020166
NOR,Suzuka,2023,30.0,98.037,NOR,0.074134916,0.023396583,0.0149805825,0.8291444,0.005345196,0.052998353,NOR,0.17164351,0.03523568,0.011761133,0.63568807,0.005743012,0.13992862
NOR,Suzuka,2023,31.0,97.7,NOR,0.013372902,0.008173557,0.0059078275,0.89442873,0.0025271238,0.07558991,NOR,0.01733912,0.00786801,0.0033827736,0.88945997,0.0030518873,0.07889824
NOR,Suzuka,2023,32.0,98.445,NOR,0.007965258,0.0010215174,0.0013439982,0.9569862,0.00072616717,0.03195685,NOR,0.007608337,0.0014553942,0.00065410096,0.9645902,0.00066437526,0.025027607
NOR,Suzuka,2023,33.0,97.952,NOR,0.010035772,0.00077966927,0.0010803958,0.9758632,0.00046292198,0.011777995,NOR,0.0216998,0.0011761,0.00066831964,0.95963037,0.0013640183,0.01546143
NOR,Suzuka,2023,34.0,98.003,NOR,0.023552932,0.0015793543,0.0033098483,0.9197198,0.0009367998,0.050901268,NOR,0.031813126,0.0033595636,0.0019816833,0.8838122,0.0013055389,0.07772794
NOR,Suzuka,2023,35.0,97.86,NOR,0.0055689295,0.002726549,0.0029873871,0.94680566,0.0017750785,0.040136468,NOR,0.0072279396,0.003958411,0.001258413,0.94403756,0.002204913,0.041312784
NOR,Suzuka,2023,36.0,100.106,NOR,0.0021845638,0.009762108,0.0018126618,0.9510576,0.0008594162,0.034323655,NOR,0.0025063157,0.00948705,0.0017597711,0.9546588,0.00081579,0.030772261
NOR,Suzuka,2023,38.0,96.003,NOR,0.0065295347,0.0006918889,0.00053718477,0.98093766,0.00032215705,0.010981554,NOR,0.024413668,0.0022909204,0.00073629926,0.93497366,0.000823702,0.03676171
NOR,Suzuka,2023,39.0,95.972,NOR,0.014476709,0.0008883672,0.00083464285,0.97936994,0.00033160672,0.0040987134,NOR,0.03490302,0.0016901518,0.00071228825,0.95344484,0.00061970786,0.0086299395
NOR,Suzuka,2023,40.0,95.247,NOR,0.012264873,0.00062068336,0.00051784096,0.97643346,0.00020051817,0.009962659,NOR,0.03876482,0.0012965566,0.0009403163,0.8933129,0.0007648823,0.064920545
NOR,Suzuka,2023,41.0,95.823,NOR,0.0034807397,0.0002505743,0.0002580559,0.99179465,0.00014867655,0.004067364,NOR,0.0091772005,0.00085555634,0.00038324148,0.9837478,0.0002760036,0.005560295
NOR,Suzuka,2023,42.0,95.844,NOR,0.0070191133,0.0019570182,0.0013943374,0.9837367,0.00021243705,0.005680412,NOR,0.016087621,0.0056182276,0.0016058453,0.96121097,0.00042500006,0.015052396
NOR,Suzuka,2023,43.0,96.052,NOR,0.00988781,0.0012553484,0.00085134053,0.9771244,0.00029877512,0.010582381,NOR,0.029342914,0.003996604,0.0012804331,0.9333024,0.00055123476,0.031526387
NOR,Suzuka,2023,44.0,96.059,NOR,0.0035770591,0.0018650187,0.0014559042,0.96532816,0.00037752982,0.027396314,NOR,0.016217427,0.0052776258,0.0017056013,0.90158623,0.0009377597,0.07427539
NOR,Suzuka,2023,45.0,96.078,NOR,0.064558804,0.0021585138,0.004474296,0.88587636,0.0010074719,0.041924547,NOR,0.1375422,0.004973788,0.002851782,0.61443806,0.0021704638,0.2380237
NOR,Suzuka,2023,46.0,96.378,NOR,0.0007384807,0.0007296371,0.00063678506,0.9752099,0.00035864743,0.022326617,NOR,0.0021719842,0.001082728,0.0005973883,0.9509561,0.00035628132,0.04483555
NOR,Suzuka,2023,47.0,96.411,NOR,0.0055124145,0.00135528,0.003585117,0.8672349,0.0007421695,0.121570066,NOR,0.01122778,0.0025731325,0.0019471428,0.81280506,0.0013438714,0.17010307
NOR,Suzuka,2023,48.0,96.587,NOR,0.16600983,0.004180758,0.009204679,0.78812176,0.0018387302,0.030644262,NOR,0.2041062,0.004964432,0.0026498719,0.74124616,0.0037240433,0.04330929
NOR,Suzuka,2023,49.0,97.728,NOR,0.006651963,0.0012985594,0.001004144,0.98794055,0.00024912777,0.002855722,NOR,0.027219826,0.006202237,0.0017108022,0.9459926,0.0006955009,0.018179033
NOR,Suzuka,2023,50.0,96.942,NOR,0.0049879584,0.0005213865,0.00063407305,0.9907828,0.00015163839,0.0029222043,NOR,0.016766531,0.0011554633,0.0004643209,0.97508734,0.0002646447,0.0062617725
NOR,Suzuka,2023,51.0,96.741,NOR,0.048895724,0.0008043711,0.0013350468,0.93712986,0.00062310847,0.011211879,NOR,0.09959577,0.0019519905,0.0012687541,0.8713619,0.0008304548,0.024991145
NOR,Suzuka,2023,52.0,96.71,NOR,0.014849966,0.00039454267,0.00096954807,0.98025584,0.00046758985,0.0030624901,NOR,0.06231105,0.0007141127,0.0006195255,0.9235399,0.0010212748,0.011794154
NOR,Suzuka,2023,53.0,96.755,NOR,0.003546982,0.0003401748,0.0008547513,0.97794205,0.0004017278,0.016914364,NOR,0.0069340495,0.000659789,0.0005181413,0.9510091,0.00067450816,0.040204395
SAI,Suzuka,2023,5.0,98.962,SAI,0.004309363,0.046872925,0.32336748,0.0023301262,0.61598027,0.0071398825,SAI,0.0016873206,0.02781164,0.15849401,0.008303655,0.7982308,0.005472506
SAI,Suzuka,2023,6.0,99.17,SAI,0.023089783,0.10440695,0.050630994,0.040726196,0.6619092,0.119236864,SAI,0.019263403,0.21389128,0.08944867,0.032300044,0.5497709,0.09532573
SAI,Suzuka,2023,7.0,99.189,SAI,0.007885229,0.117198594,0.01612377,0.0019222604,0.85503733,0.001832826,SAI,0.008873801,0.25112575,0.029411225,0.0020141385,0.7054538,0.0031212387
SAI,Suzuka,2023,8.0,99.108,SAI,0.0018788499,0.039455526,0.0250407,0.0015838321,0.9312579,0.0007832212,SAI,0.0012779098,0.11487211,0.053127177,0.0021183025,0.82749873,0.0011057142
SAI,Suzuka,2023,9.0,99.168,HAM,0.00082410936,0.5458026,0.0094094295,0.0015332635,0.44148842,0.0009422019,HAM,0.0003630782,0.8653927,0.006637344,0.0009531187,0.12630925,0.00034453862
SAI,Suzuka,2023,10.0,99.441,HAM,0.0017082054,0.48605153,0.036407605,0.0026244966,0.4717483,0.001459811,HAM,0.0011366257,0.7964734,0.044968933,0.0012932385,0.15525424,0.00087361265
SAI,Suzuka,2023,11.0,99.677,SAI,0.0037759286,0.40337202,0.033263367,0.0056902403,0.52677166,0.02712677,HAM,0.0063864607,0.60272473,0.06001482,0.0074532256,0.30938676,0.014034017
SAI,Suzuka,2023,12.0,99.614,SAI,0.0014393493,0.028015075,0.02173859,0.00145893,0.94638574,0.0009622833,SAI,0.0011111128,0.06486056,0.036848415,0.0019554598,0.8936268,0.0015976689
SAI,Suzuka,2023,13.0,99.579,HAM,0.0038381917,0.5721123,0.107396044,0.009255543,0.300169,0.007228901,HAM,0.005150357,0.7687,0.11440889,0.0050190897,0.101946466,0.004775159
SAI,Suzuka,2023,15.0,99.398,SAI,0.0012071752,0.062534966,0.004553968,0.0013024878,0.92967105,0.0007303232,SAI,0.0010791837,0.3479307,0.02237479,0.0020807663,0.6255729,0.0009616352
SAI,Suzuka,2023,16.0,99.513,SAI,0.0011812501,0.06873947,0.005305499,0.0018686821,0.9219756,0.0009295346,SAI,0.0020991145,0.3209207,0.02401518,0.003595898,0.64771026,0.0016588181
SAI,Suzuka,2023,17.0,99.548,SAI,0.00078544294,0.15616909,0.023713643,0.0013942837,0.81701666,0.000920891,HAM,0.00094119145,0.62973875,0.044837337,0.0015321876,0.3218852,0.0010653468
SAI,Suzuka,2023,18.0,101.804,SAI,0.0017625014,0.19324648,0.016607234,0.0028868727,0.7841682,0.0013287367,HAM,0.0013907035,0.6267251,0.0272711,0.002640485,0.33891886,0.003053805
SAI,Suzuka,2023,20.0,99.188,SAI,0.00123168,0.07691818,0.005804212,0.0012896201,0.91427135,0.0004849001,SAI,0.0016228164,0.2619089,0.018239276,0.0019761894,0.7154319,0.0008209486
SAI,Suzuka,2023,21.0,97.987,SAI,0.012191506,0.25529596,0.037243422,0.06536595,0.49494314,0.13496004,HAM,0.00787749,0.40912578,0.057536185,0.10480094,0.38942826,0.031231333
SAI,Suzuka,2023,22.0,97.879,HAM,0.004486048,0.44158664,0.1648853,0.0058232266,0.37721026,0.0060084793,HAM,0.0036156843,0.6053452,0.22325963,0.0042821914,0.16011,0.003387292
SAI,Suzuka,2023,23.0,97.859,SAI,0.0046930327,0.23984542,0.03865272,0.0049492517,0.7081127,0.00374685,SAI,0.003555669,0.32204336,0.16780242,0.004950652,0.4949276,0.006720261
SAI,Suzuka,2023,24.0,97.889,HAM,0.03639215,0.7056882,0.15838356,0.012035729,0.079027735,0.008472604,HAM,0.02925443,0.6754609,0.1766767,0.008717595,0.10177143,0.008118933
SAI,Suzuka,2023,25.0,97.753,SAI,0.0010520031,0.324006,0.03429097,0.0018083461,0.6375859,0.0012568143,SAI,0.0008957429,0.40548685,0.12420283,0.002133464,0.46617144,0.0011096946
SAI,Suzuka,2023,26.0,98.177,SAI,0.0012221566,0.06041677,0.041324377,0.0020518866,0.8934512,0.0015336244,SAI,0.0009822225,0.085139275,0.07025984,0.0016886572,0.84068567,0.0012443536
SAI,Suzuka,2023,27.0,98.819,HAM,0.00365645,0.90313077,0.034059368,0.0062007657,0.04594884,0.007003826,HAM,0.0012688854,0.95372343,0.019080086,0.0020029973,0.021468347,0.0024562038
SAI,Suzuka,2023,28.0,98.681,SAI,0.003918455,0.13123338,0.18493159,0.009199913,0.6677529,0.0029637262,LEC,0.003204335,0.19008039,0.4225163,0.005550594,0.37535176,0.00329663
SAI,Suzuka,2023,29.0,98.537,SAI,0.002931133,0.27658883,0.02852838,0.004007817,0.68566644,0.0022773433,HAM,0.0028595477,0.53599936,0.05758285,0.0034304936,0.39815834,0.0019694238
SAI,Suzuka,2023,30.0,98.715,SAI,0.00093425834,0.036262564,0.03885129,0.002173804,0.9204739,0.0013042475,SAI,0.0012316817,0.11790999,0.060746096,0.002529114,0.8164848,0.0010983194
SAI,Suzuka,2023,31.0,98.716,SAI,0.00094862585,0.037474647,0.016236192,0.0015621192,0.9429854,0.00079295406,SAI,0.0010825875,0.1251621,0.04718777,0.0015203287,0.8241035,0.0009437068
SAI,Suzuka,2023,32.0,98.726,HAM,0.001862571,0.55800533,0.022342179,0.0016889411,0.41459623,0.0015047906,HAM,0.0013064195,0.7767266,0.021085035,0.0011930439,0.19885814,0.00083070144
SAI,Suzuka,2023,33.0,98.634,SAI,0.0021523854,0.41875064,0.049113326,0.0048497054,0.5235565,0.001577477,HAM,0.0024983485,0.4892238,0.08153947,0.0035005284,0.42168096,0.0015568709
SAI,Suzuka,2023,34.0,98.588,SAI,0.0013392294,0.09530489,0.034683526,0.005772577,0.85745883,0.0054409397,HAM,0.0014074465,0.46651563,0.097299784,0.006283404,0.42351356,0.004980223
SAI,Suzuka,2023,35.0,98.702,SAI,0.0012112142,0.10458651,0.027904704,0.0042434195,0.86108375,0.00097046077,SAI,0.0015947495,0.29549736,0.045376733,0.0027016173,0.6536696,0.0011599417
SAI,Suzuka,2023,36.0,98.452,SAI,0.00068640726,0.115688734,0.032194927,0.0018945572,0.84616506,0.003370299,HAM,0.001107065,0.45942575,0.09768617,0.0038218407,0.43347105,0.0044880477
SAI,Suzuka,2023,37.0,99.098,SAI,0.0025531114,0.35691726,0.08805447,0.00823231,0.5387456,0.005497272,HAM,0.0018545084,0.60343915,0.13229656,0.008056711,0.25105986,0.0032931862
SAI,Suzuka,2023,38.0,101.42,SAI,0.001634319,0.120062165,0.024262864,0.0040776874,0.84655213,0.0034107997,HAM,0.0015665226,0.49092388,0.038823314,0.005317224,0.46110934,0.0022597404
SAI,Suzuka,2023,40.0,96.187,HAM,0.0050690253,0.7692668,0.115323536,0.0062498045,0.10016846,0.0039223735,HAM,0.0035133741,0.743836,0.20254281,0.0035615158,0.04323243,0.003313908
SAI,Suzuka,2023,41.0,96.364,SAI,0.010673342,0.19522227,0.3252166,0.0108231325,0.44923767,0.008826943,LEC,0.01136361,0.21715666,0.38201836,0.0085710175,0.36795992,0.012930463
SAI,Suzuka,2023,42.0,96.378,SAI,0.002702816,0.23146349,0.08749976,0.006352939,0.66880226,0.0031787786,SAI,0.003838607,0.30771706,0.2741188,0.005998642,0.40513936,0.0031875642
SAI,Suzuka,2023,43.0,96.677,SAI,0.0014803857,0.37151632,0.030421268,0.0025765267,0.59268993,0.0013155785,HAM,0.001048857,0.74400645,0.03367105,0.0014200802,0.2191763,0.00067721785
SAI,Suzuka,2023,44.0,96.724,SAI,0.0022008696,0.05536157,0.084882915,0.0034687086,0.85186476,0.0022211645,SAI,0.0027336332,0.085662186,0.28886792,0.0032919128,0.61697274,0.0024716088
SAI,Suzuka,2023,45.0,96.798,HAM,0.007320608,0.43443483,0.23346937,0.011589646,0.30838773,0.0047978344,LEC,0.008322841,0.28604048,0.45134267,0.007105534,0.24370196,0.00348647
SAI,Suzuka,2023,46.0,96.783,SAI,0.0011917785,0.100567676,0.1268413,0.0025732657,0.7676289,0.0011971048,SAI,0.00114634,0.22719193,0.20559347,0.0019530097,0.56302524,0.0010899737
SAI,Suzuka,2023,47.0,97.516,SAI,0.0029873871,0.046482146,0.14269166,0.001979818,0.8050971,0.0007618541,SAI,0.0029073777,0.12459014,0.34940124,0.0022614787,0.51932675,0.0015130012
SAI,Suzuka,2023,48.0,98.346,SAI,0.0013573734,0.31529537,0.03102452,0.0011388947,0.6505393,0.0006445282,SAI,0.0011800291,0.44946265,0.038275216,0.001625258,0.5088276,0.0006291622
SAI,Suzuka,2023,49.0,99.668,SAI,0.005573407,0.13208793,0.0796647,0.0029561475,0.77754956,0.0021682335,SAI,0.0048028976,0.1346103,0.13662976,0.003237635,0.7165817,0.0041376804
SAI,Suzuka,2023,50.0,97.349,SAI,0.0047957427,0.028612742,0.3681507,0.0075842594,0.586871,0.0039855344,SAI,0.003912088,0.15274444,0.32034957,0.013382064,0.49421158,0.015400236
SAI,Suzuka,2023,51.0,97.118,SAI,0.0009058106,0.033151295,0.030910257,0.00152699,0.9327638,0.0007418726,SAI,0.0011863684,0.30568087,0.06621642,0.002782501,0.6207773,0.0033565157
SAI,Suzuka,2023,52.0,97.389,SAI,0.0008577345,0.056048732,0.046744823,0.0016422524,0.8921721,0.0025343983,SAI,0.0010754067,0.2937303,0.09603875,0.005056022,0.60048395,0.0036155889
SAI,Suzuka,2023,53.0,97.259,SAI,0.003423039,0.09107957,0.20268664,0.002028157,0.697651,0.0031315947,SAI,0.0032391634,0.22667311,0.3529473,0.0035435816,0.41025317,0.0033436546
VER,Suzuka,2023,5.0,96.748,VER,0.0037929097,0.0022506819,0.002969344,0.047663912,0.003184265,0.9401389,VER,0.00842012,0.0053113494,0.0040228344,0.059231225,0.0038385019,0.919176
VER,Suzuka,2023,6.0,97.837,VER,0.0035287465,0.019090828,0.004361002,0.004056451,0.00595185,0.96301115,VER,0.024558946,0.08089413,0.01788998,0.016926691,0.030090345,0.8296399
VER,Suzuka,2023,7.0,98.033,VER,0.001615501,0.010005297,0.0015374799,0.0018797722,0.007184775,0.97777724,VER,0.013426694,0.06037714,0.0062816353,0.014592481,0.051832344,0.8534897
VER,Suzuka,2023,8.0,98.148,VER,0.008291353,0.03555881,0.0050006523,0.0416919,0.008432012,0.90102524,VER,0.020872427,0.0987797,0.008806665,0.04143478,0.009889809,0.8202166
VER,Suzuka,2023,9.0,98.241,VER,0.00078421395,0.0022089763,0.0005796447,0.0021766839,0.0017337808,0.9925167,VER,0.00254496,0.0073038135,0.0011582875,0.0057658693,0.0049576657,0.9782694
VER,Suzuka,2023,10.0,98.301,VER,0.0027450447,0.008175475,0.0013430198,0.06403271,0.00200951,0.9216943,VER,0.0035481835,0.008886042,0.0013834737,0.05645598,0.0011427857,0.9285835
VER,Suzuka,2023,11.0,98.519,VER,0.0013227443,0.009620977,0.0023524628,0.0020730775,0.0071150674,0.97751564,VER,0.014699571,0.05248466,0.009819664,0.009866133,0.022481374,0.89064866
VER,Suzuka,2023,12.0,98.651,VER,0.0012139264,0.004382449,0.00064096414,0.0072294315,0.0018380436,0.98469514,VER,0.0032886018,0.009958249,0.0011839034,0.008864833,0.0020320164,0.97467244
VER,Suzuka,2023,13.0,98.689,VER,0.0027412765,0.18919367,0.00581039,0.0040194653,0.058269072,0.73996615,HAM,0.007214607,0.58516985,0.0077014472,0.008802599,0.053791784,0.33731967
VER,Suzuka,2023,15.0,98.373,VER,0.0018031538,0.010202637,0.0032088305,0.0020095329,0.035442837,0.947333,VER,0.007156208,0.021587364,0.012047185,0.0075830105,0.18913296,0.7624933
VER,Suzuka,2023,18.0,97.399,VER,0.0053758738,0.01915001,0.0036558222,0.0052124113,0.0039594793,0.9626464,VER,0.039335288,0.06723667,0.010304266,0.019006202,0.030756913,0.8333606
VER,Suzuka,2023,19.0,97.769,VER,0.0029477465,0.039156165,0.0031898299,0.0091375215,0.0028792163,0.9426895,VER,0.0154177,0.16186918,0.00827601,0.03046449,0.0078064837,0.77616614
VER,Suzuka,2023,20.0,97.344,VER,0.007210346,0.16261926,0.011030035,0.006577011,0.032330196,0.78023314,HAM,0.02849732,0.5089568,0.014860243,0.014554334,0.02839881,0.4047325
VER,Suzuka,2023,21.0,97.565,VER,0.0037866838,0.015282378,0.0068104686,0.004046684,0.09555804,0.8745158,VER,0.008649142,0.043527655,0.020587675,0.009258897,0.33154458,0.58643204
VER,Suzuka,2023,22.0,97.592,VER,0.0024595829,0.0056842994,0.0025138566,0.0051467754,0.007696844,0.97649866,VER,0.013236032,0.020713542,0.0075911204,0.020662965,0.024784405,0.9130119
VER,Suzuka,2023,23.0,97.722,VER,0.0040580477,0.022397742,0.005530264,0.005667685,0.027146019,0.9352003,VER,0.014364786,0.07833461,0.020405957,0.01379518,0.20052128,0.67257816
VER,Suzuka,2023,24.0,97.714,VER,0.0015032082,0.0033672238,0.0011374567,0.0020545174,0.017297925,0.9746397,VER,0.0025114508,0.0063720145,0.0022288428,0.0048227995,0.0262799,0.95778507
VER,Suzuka,2023,25.0,97.946,VER,0.0016643408,0.02333821,0.0047981427,0.0018002383,0.018659696,0.94973934,VER,0.0053621707,0.06913965,0.009745096,0.0045290026,0.042628165,0.8685959
VER,Suzuka,2023,26.0,97.903,VER,0.006147868,0.14206798,0.004395391,0.009463093,0.0066825296,0.8312431,VER,0.029581854,0.46003553,0.009957164,0.014198785,0.015192726,0.47103396
VER,Suzuka,2023,27.0,97.865,VER,0.0008600755,0.0010398957,0.0008185684,0.0017368842,0.0041793576,0.9913652,VER,0.0016156684,0.0033716706,0.0017347625,0.0032223419,0.02055644,0.9694992
VER,Suzuka,2023,28.0,97.558,VER,0.0076953955,0.06027806,0.018816592,0.005738904,0.08061881,0.82685226,VER,0.03336663,0.25090164,0.057382915,0.018580016,0.062895976,0.5768728
VER,Suzuka,2023,29.0,97.424,VER,0.0019800824,0.03740502,0.002423171,0.0035125373,0.012491844,0.94218737,VER,0.01213392,0.2936761,0.007454107,0.011431615,0.04280995,0.6324943
VER,Suzuka,2023,30.0,97.599,VER,0.0028074177,0.006059143,0.0047467323,0.012508907,0.0014392276,0.9724386,VER,0.011864152,0.03274796,0.005073976,0.02996245,0.0028585107,0.917493
VER,Suzuka,2023,31.0,97.599,VER,0.004890588,0.027695505,0.0074362354,0.012234525,0.063711844,0.88403124,VER,0.009024958,0.079305194,0.016865436,0.024678804,0.10413986,0.7659858
VER,Suzuka,2023,32.0,97.92,VER,0.0034170812,0.0049619456,0.00201723,0.04089476,0.0025216255,0.9461874,VER,0.010854951,0.013248507,0.002925747,0.0916998,0.0045945705,0.87667644
VER,Suzuka,2023,33.0,97.655,VER,0.0037904342,0.12806363,0.0067337183,0.003171607,0.10450542,0.75373524,HAM,0.011930841,0.44717324,0.011705078,0.008409908,0.2001113,0.3206696
VER,Suzuka,2023,34.0,97.733,VER,0.0025984466,0.05873631,0.0019410234,0.00817591,0.0102766985,0.91827166,VER,0.021223396,0.3663784,0.003754995,0.022457015,0.01946157,0.5667246
VER,Suzuka,2023,35.0,97.788,VER,0.0018704183,0.04218953,0.0014180773,0.00915404,0.008684047,0.93668383,VER,0.010995959,0.18179692,0.0036144266,0.011964468,0.023990998,0.76763725
VER,Suzuka,2023,36.0,97.82,VER,0.0038965472,0.122429915,0.006969877,0.0078191385,0.060546663,0.7983379,HAM,0.01136664,0.5857361,0.00816368,0.019389147,0.16658042,0.20876402
VER,Suzuka,2023,37.0,100.264,HAM,0.003061288,0.47697365,0.009031723,0.014247769,0.07988512,0.4168005,HAM,0.0023500281,0.61413664,0.0024271987,0.005126955,0.02670242,0.34925675
VER,Suzuka,2023,39.0,94.183,VER,0.004064781,0.002957899,0.0022829913,0.00468887,0.002914062,0.9830914,VER,0.013286102,0.019493889,0.009175934,0.02227945,0.010006435,0.9257582
VER,Suzuka,2023,40.0,95.914,VER,0.003555489,0.008478937,0.0028520213,0.0074015954,0.008711185,0.9690008,VER,0.03179863,0.043120097,0.008546956,0.028816173,0.032829326,0.85488886
VER,Suzuka,2023,41.0,95.433,VER,0.004709718,0.1352519,0.013024277,0.010932182,0.009085104,0.8269968,VER,0.020933961,0.3288418,0.016941532,0.022390224,0.025923314,0.58496916
VER,Suzuka,2023,42.0,95.248,VER,0.04671301,0.050891176,0.051921353,0.30295053,0.1474061,0.40011778,VER,0.077163965,0.06699658,0.02743049,0.31943125,0.079499766,0.429478
VER,Suzuka,2023,43.0,95.969,VER,0.008292032,0.015111711,0.005484045,0.013898333,0.0116508,0.9455631,VER,0.09138033,0.0806097,0.012646304,0.047920905,0.033310186,0.7341326
VER,Suzuka,2023,44.0,95.462,VER,0.0064865146,0.0054245107,0.0032312,0.011186677,0.0030497308,0.9706214,VER,0.03630408,0.022778383,0.0063084755,0.033059157,0.011024296,0.89052564
VER,Suzuka,2023,45.0,95.915,VER,0.029044047,0.14541885,0.02429325,0.022719115,0.10466213,0.67386264,HAM,0.04830538,0.48201588,0.03490004,0.04490753,0.18813834,0.20173281
VER,Suzuka,2023,46.0,95.983,VER,0.00462298,0.008803962,0.003429314,0.0061209793,0.015128534,0.96189415,VER,0.028024623,0.028270483,0.013704208,0.04303687,0.08670668,0.80025715
VER,Suzuka,2023,47.0,96.22,VER,0.105745226,0.06682308,0.03023236,0.2671576,0.018839685,0.51120204,VER,0.16108997,0.14412835,0.0160328,0.16429296,0.016176421,0.49827954
VER,Suzuka,2023,48.0,96.198,VER,0.003528964,0.022069894,0.0037723484,0.007936222,0.004675858,0.9580167,VER,0.04485483,0.18600029,0.0066549606,0.03872255,0.0100798225,0.71368754
VER,Suzuka,2023,49.0,96.689,VER,0.069621265,0.06651341,0.06390415,0.113693126,0.078325815,0.6079423,VER,0.18126571,0.06926944,0.042074107,0.16259436,0.12153355,0.42326283
VER,Suzuka,2023,50.0,96.877,VER,0.013288458,0.17806908,0.031280696,0.08608848,0.14623497,0.5450383,HAM,0.023857294,0.3627661,0.038514398,0.1532541,0.16954897,0.2520592
VER,Suzuka,2023,51.0,96.64,VER,0.008145321,0.005446343,0.008886097,0.12313457,0.03488716,0.8195005,VER,0.025249938,0.015447634,0.015079543,0.26773098,0.100687146,0.57580477
VER,Suzuka,2023,52.0,97.05,HAM,0.017110253,0.38659433,0.026475068,0.062208567,0.16634692,0.34126484,HAM,0.057984367,0.5893752,0.037754543,0.08295077,0.115295604,0.1166395
VER,Suzuka,2023,53.0,96.3,SAI,0.11303605,0.27930534,0.10894965,0.056608886,0.30006534,0.14203477,HAM,0.114093244,0.28697017,0.18140736,0.03661744,0.16473655,0.2161752
ALO,Bahrain,2024,2.0,98.02,ALO,0.7321445,0.052837975,0.026351769,0.10177231,0.01923901,0.06765452,NOR,0.20729254,0.080227986,0.05803759,0.56476897,0.00883008,0.08084289
ALO,Bahrain,2024,3.0,99.046,ALO,0.9243513,0.019380888,0.009727564,0.033737306,0.003850448,0.0089525385,ALO,0.5872978,0.18964517,0.06812923,0.1362862,0.003638021,0.015003603
ALO,Bahrain,2024,4.0,97.776,ALO,0.7603821,0.02286071,0.11766451,0.075576045,0.01509479,0.008421789,ALO,0.73988354,0.03836016,0.15362445,0.05420961,0.0052362974,0.0086859
ALO,Bahrain,2024,5.0,99.292,ALO,0.6778922,0.10787894,0.09861616,0.09813372,0.010792995,0.006686007,LEC,0.35946196,0.13651365,0.43938443,0.051054545,0.008920394,0.004665012
ALO,Bahrain,2024,6.0,98.053,ALO,0.8209325,0.01574376,0.021124404,0.1337913,0.0068090768,0.0015989578,ALO,0.61525524,0.07585992,0.26034638,0.03729253,0.006137309,0.0051086405
ALO,Bahrain,2024,7.0,98.008,ALO,0.43013623,0.13844328,0.24912462,0.13925682,0.037825756,0.00521325,ALO,0.4897108,0.05189621,0.42585954,0.011783993,0.01838453,0.0023648841
ALO,Bahrain,2024,8.0,98.103,ALO,0.3363861,0.25479412,0.15095389,0.19108942,0.060454506,0.0063219727,LEC,0.19345619,0.1771771,0.6066362,0.010792767,0.009318087,0.002619629
ALO,Bahrain,2024,9.0,98.896,ALO,0.6187668,0.089606054,0.10705643,0.11447811,0.044634067,0.025458565,ALO,0.70970494,0.05173334,0.09735284,0.12652229,0.005553129,0.009133441
ALO,Bahrain,2024,10.0,99.325,ALO,0.97528696,0.004304894,0.0064682835,0.009743275,0.001211765,0.0029848202,ALO,0.59819824,0.20415406,0.06322191,0.11596387,0.0027452544,0.015716689
ALO,Bahrain,2024,11.0,98.554,ALO,0.83871794,0.011172821,0.029904082,0.09009097,0.014075383,0.016038788,ALO,0.8673486,0.021416545,0.040407605,0.06482899,0.001558673,0.0044395286
ALO,Bahrain,2024,12.0,98.543,ALO,0.57547534,0.073069625,0.03476425,0.10374184,0.1668824,0.0460666,ALO,0.893182,0.045444604,0.009542009,0.038750574,0.0037633083,0.00931752
ALO,Bahrain,2024,13.0,98.587,ALO,0.87428427,0.008765475,0.02644956,0.056407753,0.008231505,0.025861476,ALO,0.8486923,0.014035491,0.026865453,0.09607678,0.0023285968,0.012001345
ALO,Bahrain,2024,14.0,98.612,ALO,0.72898215,0.02117472,0.1386198,0.061977245,0.013511518,0.03573457,ALO,0.83944196,0.03206542,0.08451262,0.03623129,0.0024773942,0.00527135
ALO,Bahrain,2024,17.0,96.97,NOR,0.23383045,0.017414657,0.039187305,0.65646136,0.019207563,0.03389863,NOR,0.13585083,0.038353357,0.03429963,0.77212644,0.0038800172,0.015489704
ALO,Bahrain,2024,18.0,97.361,ALO,0.6940366,0.029628271,0.019517405,0.19443141,0.0034186118,0.05896772,NOR,0.16273217,0.22834313,0.09577353,0.45411897,0.007010418,0.05202184
ALO,Bahrain,2024,19.0,97.072,ALO,0.60437703,0.021363119,0.039230045,0.100490585,0.019137047,0.21540217,NOR,0.21831284,0.074215144,0.080667086,0.53396034,0.009130586,0.08371395
ALO,Bahrain,2024,20.0,97.357,ALO,0.82129157,0.021529373,0.027109943,0.06278714,0.018697258,0.048584748,NOR,0.18601765,0.0675406,0.066115156,0.6135689,0.007847295,0.058910377
ALO,Bahrain,2024,21.0,97.342,ALO,0.549451,0.01890752,0.01673375,0.08158722,0.013445159,0.3198754,NOR,0.1679792,0.09856682,0.047190607,0.56190306,0.008859542,0.115500756
ALO,Bahrain,2024,22.0,97.122,VER,0.26075095,0.032505777,0.03299619,0.29529142,0.014516311,0.36393934,ALO,0.59451133,0.01948787,0.04325588,0.29809204,0.0064501967,0.03820265
ALO,Bahrain,2024,23.0,97.265,ALO,0.72281855,0.012777123,0.029106872,0.16892064,0.0045521017,0.061824724,NOR,0.15573722,0.052549217,0.077474274,0.67006373,0.004581459,0.03959416
ALO,Bahrain,2024,24.0,97.046,ALO,0.54470104,0.17194791,0.16906905,0.047821056,0.030772518,0.035688467,LEC,0.19490832,0.24356864,0.41733003,0.10925207,0.011891063,0.023049904
ALO,Bahrain,2024,25.0,97.179,HAM,0.11521836,0.678065,0.14217149,0.034958795,0.021290986,0.008295384,ALO,0.5800165,0.16576944,0.18442443,0.043106943,0.01674874,0.009933986
ALO,Bahrain,2024,26.0,97.638,ALO,0.45463043,0.4506625,0.009487052,0.049653452,0.010599884,0.024966717,HAM,0.0691537,0.6418536,0.009959983,0.23122483,0.0037620305,0.04404587
ALO,Bahrain,2024,27.0,96.945,ALO,0.8391261,0.05168503,0.022258645,0.051474545,0.013902224,0.021553406,NOR,0.17450681,0.1822068,0.05636422,0.48914632,0.010558122,0.08721778
ALO,Bahrain,2024,28.0,97.256,ALO,0.45951518,0.043479934,0.11380614,0.30404747,0.031099914,0.04805132,NOR,0.27879345,0.11370547,0.19184123,0.36331806,0.013155262,0.0391865
ALO,Bahrain,2024,29.0,97.104,ALO,0.8678276,0.03852689,0.0332825,0.025244296,0.01068489,0.024433846,ALO,0.60420936,0.06878345,0.06443291,0.2127653,0.0053808982,0.044428073
ALO,Bahrain,2024,30.0,96.982,HAM,0.21182847,0.44988954,0.029495401,0.040175,0.16450946,0.10410212,HAM,0.14435507,0.5392481,0.058259513,0.1816389,0.012709475,0.06378888
ALO,Bahrain,2024,31.0,96.957,ALO,0.6061482,0.028219666,0.12303087,0.17928553,0.034343414,0.028972337,ALO,0.84157896,0.015529373,0.07136313,0.064253815,0.0024673461,0.004807402
ALO,Bahrain,2024,32.0,97.056,NOR,0.2958667,0.041810397,0.1879335,0.40877858,0.044918455,0.020692406,ALO,0.88540334,0.014807938,0.08345804,0.012210032,0.0024263521,0.0016942432
ALO,Bahrain,2024,33.0,97.202,ALO,0.56109655,0.027202519,0.08694754,0.2821694,0.017500892,0.025083117,ALO,0.49150592,0.07426188,0.15002719,0.26341715,0.006094111,0.014693757
ALO,Bahrain,2024,34.0,97.601,ALO,0.63383585,0.06403,0.18781438,0.08445343,0.023723094,0.006143262,ALO,0.4957036,0.07643205,0.39823812,0.013073579,0.013547593,0.0030050606
ALO,Bahrain,2024,35.0,97.273,ALO,0.6000475,0.041856766,0.28806627,0.03898437,0.024435775,0.0066093095,ALO,0.79469806,0.029539209,0.16401376,0.006451976,0.0039662323,0.0013307754
ALO,Bahrain,2024,36.0,98.343,ALO,0.79466677,0.015960244,0.012018997,0.16207989,0.009518315,0.005755808,ALO,0.7195536,0.07314101,0.094406545,0.102975264,0.0032376884,0.0066859685
ALO,Bahrain,2024,37.0,96.799,ALO,0.75495046,0.021071177,0.076716244,0.12029667,0.022996148,0.0039693164,ALO,0.63354313,0.059020624,0.2706284,0.024281189,0.0071490114,0.005377659
ALO,Bahrain,2024,38.0,97.297,ALO,0.68628037,0.026882572,0.12887895,0.14207047,0.011464833,0.0044227727,ALO,0.7998138,0.013782012,0.1692386,0.01099528,0.004136862,0.0020334586
ALO,Bahrain,2024,39.0,97.946,ALO,0.8581366,0.023125637,0.05186732,0.04914453,0.0104947295,0.007231153,ALO,0.8380047,0.05051244,0.0830356,0.023542464,0.0025355215,0.0023692288
ALO,Bahrain,2024,40.0,98.061,ALO,0.96306366,0.0042193276,0.009733641,0.014646288,0.003560567,0.004776503,ALO,0.87534547,0.039079744,0.028449258,0.045737516,0.001752397,0.009635574
ALO,Bahrain,2024,41.0,100.261,NOR,0.35380045,0.08117146,0.07908142,0.43245682,0.03309545,0.020394439,ALO,0.3839811,0.1661069,0.29616684,0.12480315,0.0071332986,0.021808725
ALO,Bahrain,2024,43.0,95.107,ALO,0.850549,0.0058711693,0.04949339,0.07136528,0.008022297,0.014698943,ALO,0.5746479,0.048771825,0.113626935,0.23368005,0.005365863,0.023907406
ALO,Bahrain,2024,44.0,94.981,ALO,0.8775166,0.034084965,0.023498174,0.043379944,0.008049692,0.013470584,ALO,0.5142722,0.24690785,0.051332895,0.16841324,0.004281892,0.014791891
ALO,Bahrain,2024,45.0,94.872,ALO,0.97910196,0.00350315,0.003194842,0.0061930944,0.0012441874,0.0067627486,ALO,0.87565047,0.082364015,0.0050724717,0.023821618,0.0013949877,0.011696463
ALO,Bahrain,2024,46.0,95.126,ALO,0.76295733,0.008548543,0.016757207,0.09336043,0.008310769,0.11006576,ALO,0.84067917,0.013232791,0.010792362,0.117611155,0.0014476491,0.016236892
ALO,Bahrain,2024,47.0,95.225,ALO,0.97029895,0.0024202522,0.0069269678,0.014221716,0.0018285904,0.0043035755,ALO,0.9000148,0.021776697,0.022276742,0.047119338,0.0014245341,0.0073879017
ALO,Bahrain,2024,48.0,94.199,ALO,0.8694981,0.006070694,0.034486465,0.08200871,0.0054393015,0.0024967394,ALO,0.7215929,0.026323406,0.1946023,0.050783996,0.003741697,0.0029556863
ALO,Bahrain,2024,49.0,94.571,ALO,0.97977626,0.001629443,0.008368658,0.005562513,0.0019059731,0.0027572135,ALO,0.79899305,0.03146936,0.114755616,0.042852934,0.003940908,0.007988182
ALO,Bahrain,2024,50.0,94.677,ALO,0.9817147,0.0012648775,0.010057596,0.005281156,0.0008198955,0.00086177065,ALO,0.83052415,0.01437599,0.12571415,0.022600448,0.0025804674,0.004204729
ALO,Bahrain,2024,51.0,94.916,ALO,0.97317386,0.0022129149,0.005158405,0.011570593,0.0018765305,0.006007707,ALO,0.8588857,0.025287649,0.023007946,0.07830568,0.0017721691,0.012740795
ALO,Bahrain,2024,52.0,94.862,ALO,0.98837614,0.00063477876,0.0038538326,0.005135151,0.000701017,0.0012991636,ALO,0.8787518,0.013603711,0.0233395,0.07161562,0.0017949509,0.010894349
ALO,Bahrain,2024,53.0,95.249,ALO,0.93924487,0.0042406684,0.007404566,0.03357438,0.0030944457,0.012441121,ALO,0.864878,0.028189715,0.0073956186,0.09008896,0.0012585788,0.008189132
ALO,Bahrain,2024,54.0,95.745,ALO,0.934821,0.016270615,0.014138272,0.024447225,0.002659287,0.007663616,ALO,0.76259905,0.1579076,0.017555643,0.052558284,0.001277205,0.008102197
ALO,Bahrain,2024,55.0,95.066,ALO,0.9356847,0.005956423,0.014801004,0.030912599,0.005820496,0.006824795,ALO,0.9061021,0.02269481,0.033596057,0.032624822,0.0016312668,0.0033509028
ALO,Bahrain,2024,56.0,95.014,ALO,0.91946375,0.0044359188,0.022081623,0.03593961,0.0058965217,0.012182588,ALO,0.87648773,0.02056843,0.020708697,0.069763586,0.0021232446,0.010348346
ALO,Bahrain,2024,57.0,95.276,ALO,0.9695351,0.0016083246,0.0049936906,0.01654887,0.0018194835,0.005494443,ALO,0.8850461,0.011120324,0.021384338,0.071849406,0.0018791317,0.008720621
HAM,Bahrain,2024,2.0,98.273,HAM,0.034799803,0.7070599,0.14985737,0.07439699,0.02896526,0.0049206573,HAM,0.033207033,0.55037004,0.32092658,0.05029248,0.032349933,0.012853954
HAM,Bahrain,2024,3.0,98.303,HAM,0.055921186,0.56843895,0.1027828,0.21329796,0.03254876,0.027010363,LEC,0.03798287,0.24988674,0.49061835,0.19347942,0.015376077,0.01265652
HAM,Bahrain,2024,4.0,98.287,HAM,0.023374282,0.745401,0.034715727,0.16140643,0.022615518,0.012487053,HAM,0.058070973,0.47151715,0.09081206,0.31569353,0.018568078,0.045338225
HAM,Bahrain,2024,5.0,98.35,HAM,0.05821094,0.6037849,0.13784455,0.13271378,0.058312315,0.009133457,LEC,0.05142027,0.2731687,0.3728993,0.21604647,0.047260735,0.03920458
HAM,Bahrain,2024,6.0,98.183,HAM,0.007128411,0.4595935,0.032100223,0.2165507,0.24456428,0.040062923,HAM,0.040515706,0.4751117,0.13316704,0.2706273,0.04164876,0.03892946
HAM,Bahrain,2024,7.0,97.839,HAM,0.123665564,0.46184057,0.096172825,0.25934362,0.026098019,0.032879364,LEC,0.14592801,0.13679619,0.37437868,0.29976678,0.016290363,0.026839947
HAM,Bahrain,2024,8.0,98.221,HAM,0.023831112,0.33050525,0.035563394,0.1794746,0.2560866,0.17453901,NOR,0.123491354,0.13202651,0.06952807,0.5413029,0.03706333,0.09658777
HAM,Bahrain,2024,9.0,98.645,HAM,0.0045375675,0.8906713,0.06896081,0.0122660985,0.022091147,0.0014730939,LEC,0.022048976,0.4294562,0.4994664,0.008936933,0.03703353,0.0030579788
HAM,Bahrain,2024,10.0,98.037,SAI,0.003590571,0.2906115,0.03414118,0.031236907,0.6371852,0.003234608,LEC,0.022798903,0.14463855,0.4056972,0.019990893,0.4012521,0.0056223343
HAM,Bahrain,2024,11.0,98.236,HAM,0.020471139,0.5662469,0.07894501,0.08733709,0.23368213,0.013317692,LEC,0.11855006,0.3300095,0.34723696,0.074111134,0.11132111,0.01877124
HAM,Bahrain,2024,12.0,100.889,HAM,0.0050889417,0.5777823,0.022125727,0.032132875,0.35320944,0.009660698,HAM,0.03291719,0.50693864,0.1499034,0.014992855,0.28538883,0.009859098
HAM,Bahrain,2024,14.0,97.178,HAM,0.054332092,0.48391342,0.14678183,0.03130284,0.26552755,0.018142236,HAM,0.042964093,0.4405093,0.27503875,0.04225559,0.119082056,0.080150194
HAM,Bahrain,2024,15.0,97.264,HAM,0.053691413,0.7240866,0.1389455,0.036026478,0.032938853,0.014311178,LEC,0.08288267,0.3395436,0.47849217,0.028896969,0.051205914,0.0189786
HAM,Bahrain,2024,16.0,97.091,HAM,0.056662634,0.7416715,0.10643385,0.037613407,0.041603662,0.016014917,HAM,0.09976738,0.4842232,0.2832895,0.057930913,0.033512924,0.041276086
HAM,Bahrain,2024,17.0,97.111,HAM,0.0035035438,0.7676872,0.028670585,0.03554126,0.13809112,0.0265063,HAM,0.015858823,0.46819073,0.25298262,0.094215706,0.14245826,0.026293825
HAM,Bahrain,2024,18.0,96.85,SAI,0.0142813325,0.19891524,0.040615503,0.048653327,0.67715234,0.02038226,SAI,0.18283144,0.13630366,0.18133105,0.051205717,0.4365107,0.011817418
HAM,Bahrain,2024,19.0,96.694,HAM,0.15181449,0.32163036,0.16496243,0.27444157,0.06583657,0.021314543,ALO,0.7011823,0.068417594,0.1310993,0.07669833,0.009725997,0.012876469
HAM,Bahrain,2024,20.0,96.264,HAM,0.02128378,0.65041405,0.12895352,0.030599462,0.16452934,0.0042198547,ALO,0.3387731,0.25759992,0.30001783,0.013412799,0.08638289,0.0038134132
HAM,Bahrain,2024,21.0,96.51,HAM,0.025673816,0.5575793,0.1465067,0.11984923,0.14593828,0.0044527305,ALO,0.38513768,0.17808186,0.34006742,0.021539584,0.06998285,0.005190619
HAM,Bahrain,2024,22.0,96.633,HAM,0.06390364,0.3728508,0.054816637,0.3481337,0.09043232,0.06986284,NOR,0.2433266,0.17278107,0.1328726,0.39565995,0.022853434,0.032506384
HAM,Bahrain,2024,23.0,96.717,HAM,0.030622808,0.6710344,0.043182466,0.16505101,0.079823166,0.010286171,ALO,0.4320425,0.33626223,0.14803293,0.04856981,0.023110664,0.011981873
HAM,Bahrain,2024,24.0,96.666,NOR,0.04847685,0.09321185,0.10473893,0.56118983,0.1768146,0.015567892,ALO,0.8438171,0.031016063,0.07361957,0.028042177,0.020418156,0.0030868829
HAM,Bahrain,2024,25.0,96.919,HAM,0.047242943,0.7426212,0.13075054,0.05225067,0.02336477,0.0037698958,LEC,0.19573887,0.3114963,0.34505975,0.0648796,0.07137004,0.011455433
HAM,Bahrain,2024,26.0,96.714,HAM,0.047511656,0.45953605,0.09755939,0.20736799,0.183419,0.004605914,ALO,0.7633574,0.07160227,0.09062306,0.029076125,0.041689128,0.003651994
HAM,Bahrain,2024,27.0,97.201,HAM,0.009554639,0.4085853,0.3959572,0.07620944,0.10369735,0.005996023,LEC,0.009111975,0.08202597,0.8312562,0.014785421,0.059374418,0.0034460179
HAM,Bahrain,2024,28.0,96.692,NOR,0.07720877,0.06608115,0.06831798,0.736105,0.042326763,0.009960288,ALO,0.75082123,0.06335641,0.09802261,0.07026387,0.010714543,0.0068213516
HAM,Bahrain,2024,29.0,96.786,NOR,0.075417146,0.15367264,0.2688921,0.42940047,0.06508522,0.0075324117,LEC,0.43224123,0.06452019,0.47488436,0.014007766,0.0124631915,0.0018832214
HAM,Bahrain,2024,30.0,97.244,HAM,0.036888883,0.8066001,0.05859826,0.023225462,0.07217537,0.0025119623,HAM,0.37370434,0.48468018,0.087164566,0.022718875,0.026740644,0.0049913693
HAM,Bahrain,2024,31.0,96.975,HAM,0.017390132,0.8350391,0.08672104,0.018735318,0.039938405,0.0021760538,HAM,0.16471608,0.65129125,0.15612558,0.004947,0.021448983,0.0014710776
HAM,Bahrain,2024,32.0,97.325,HAM,0.028315978,0.67987067,0.05020527,0.13214155,0.1049348,0.004531714,ALO,0.6139788,0.28897157,0.05812667,0.017340824,0.018594755,0.0029873776
HAM,Bahrain,2024,33.0,99.696,LEC,0.0047263913,0.198113,0.7487911,0.010443712,0.036159817,0.0017659635,LEC,0.0027400192,0.104485035,0.8612835,0.0017648159,0.028726058,0.00100065
HAM,Bahrain,2024,35.0,95.489,HAM,0.001871914,0.9506047,0.028368851,0.0018665553,0.0167959,0.0004921157,HAM,0.01906318,0.7905745,0.16476943,0.0019324913,0.022812285,0.00084811036
HAM,Bahrain,2024,36.0,95.279,HAM,0.03933461,0.6075209,0.12194355,0.20743702,0.019965885,0.003798079,HAM,0.030324798,0.5012833,0.4504007,0.008589087,0.0065191635,0.0028829493
HAM,Bahrain,2024,37.0,95.597,HAM,0.042833943,0.6064165,0.18319413,0.045268983,0.119038284,0.0032481726,LEC,0.13762803,0.36109978,0.41961285,0.016373465,0.061150543,0.004135287
HAM,Bahrain,2024,38.0,94.966,HAM,0.03302382,0.5413399,0.11358614,0.096222185,0.20979969,0.0060282247,ALO,0.6721785,0.11664663,0.14254889,0.014351826,0.051015586,0.00325861
HAM,Bahrain,2024,39.0,94.722,HAM,0.033301603,0.34326965,0.112701185,0.2095435,0.2938172,0.007366877,ALO,0.5488501,0.18885274,0.17637442,0.026280263,0.05338262,0.006259815
HAM,Bahrain,2024,40.0,95.041,HAM,0.0576735,0.49564597,0.2382129,0.03893599,0.14993359,0.019598065,ALO,0.74633676,0.055314973,0.15291062,0.007345224,0.036145065,0.0019473636
HAM,Bahrain,2024,41.0,94.94,LEC,0.22495508,0.07978838,0.34852377,0.24834862,0.03496482,0.06341931,ALO,0.9124686,0.013022687,0.054893862,0.014513103,0.0029280167,0.0021736887
HAM,Bahrain,2024,42.0,94.996,SAI,0.011248586,0.29860708,0.068376675,0.006497191,0.612837,0.0024334744,ALO,0.39236966,0.25936815,0.15339923,0.003710181,0.18952693,0.0016258477
HAM,Bahrain,2024,43.0,94.935,SAI,0.0050784093,0.42704126,0.01039025,0.009434955,0.5398404,0.008214691,SAI,0.021598727,0.41873303,0.040751215,0.010758594,0.4951549,0.013003553
HAM,Bahrain,2024,44.0,95.169,SAI,0.009063686,0.21157044,0.12141105,0.006644631,0.6485251,0.002785093,ALO,0.35397002,0.25843933,0.23380154,0.0084134545,0.14264566,0.0027299908
HAM,Bahrain,2024,45.0,95.184,HAM,0.096241914,0.45724738,0.20927854,0.1068148,0.121617064,0.008800302,ALO,0.7649633,0.06526163,0.12155291,0.01620573,0.028781014,0.0032353536
HAM,Bahrain,2024,46.0,95.285,SAI,0.017955491,0.23970245,0.0418587,0.07220388,0.622365,0.005914469,ALO,0.7148902,0.14571859,0.089917555,0.020594247,0.024860019,0.00401938
HAM,Bahrain,2024,47.0,95.226,HAM,0.032929946,0.60702115,0.22589707,0.012435029,0.10724517,0.014471596,ALO,0.3904167,0.15980613,0.36145037,0.0073012286,0.07680525,0.0042202896
HAM,Bahrain,2024,48.0,96.165,HAM,0.10369021,0.32385752,0.15822877,0.25507808,0.14789417,0.0112512605,ALO,0.7425689,0.14442062,0.08964797,0.013101545,0.008348958,0.0019119496
HAM,Bahrain,2024,49.0,95.914,LEC,0.041274484,0.10036375,0.47061315,0.30210045,0.08108726,0.0045608864,LEC,0.20037228,0.041445017,0.7197139,0.008601855,0.028613966,0.0012529028
HAM,Bahrain,2024,50.0,95.612,SAI,0.021318316,0.36705232,0.028263943,0.022289274,0.55665374,0.0044223997,ALO,0.6805396,0.16655892,0.052000307,0.006485417,0.092663884,0.0017518628
HAM,Bahrain,2024,51.0,95.532,SAI,0.0507307,0.1462335,0.0692605,0.0074026263,0.71959573,0.0067769135,ALO,0.82326746,0.10850773,0.036329728,0.0028662013,0.027682178,0.0013467005
HAM,Bahrain,2024,52.0,95.479,SAI,0.007948291,0.260303,0.028705537,0.026449004,0.67330295,0.0032912528,ALO,0.51125556,0.15066704,0.10821843,0.013129136,0.2138619,0.0028679178
HAM,Bahrain,2024,53.0,95.55,HAM,0.07211577,0.347232,0.15761356,0.23966031,0.17566238,0.0077159316,ALO,0.82544386,0.044019356,0.09760479,0.018450059,0.011534757,0.0029471722
HAM,Bahrain,2024,54.0,95.974,HAM,0.0069632796,0.7131585,0.21707904,0.017304655,0.043592684,0.0019018138,HAM,0.04349806,0.59551924,0.33164167,0.0033725495,0.024761781,0.0012067214
HAM,Bahrain,2024,55.0,95.633,HAM,0.10675269,0.45535535,0.18043005,0.042408004,0.20807824,0.006975725,ALO,0.8567203,0.054338086,0.05017788,0.0061677415,0.03104275,0.0015532585
HAM,Bahrain,2024,56.0,95.706,SAI,0.038592506,0.18687533,0.07725539,0.015153409,0.6779086,0.0042147194,ALO,0.8033667,0.03190274,0.061758973,0.0039852033,0.097943954,0.0010424149
HAM,Bahrain,2024,57.0,96.138,HAM,0.19611982,0.5379333,0.08478632,0.05602837,0.12086768,0.004264539,ALO,0.6891985,0.18970107,0.0913098,0.01601873,0.010507548,0.0032643722
LEC,Bahrain,2024,1.0,98.271,LEC,0.046333335,0.12127664,0.7918368,0.012406318,0.026302526,0.0018444031,LEC,0.014716394,0.1601526,0.81444985,0.0012855303,0.008601173,0.00079442497
LEC,Bahrain,2024,2.0,96.862,LEC,0.007225922,0.06280237,0.8596582,0.001582726,0.06770531,0.0010255018,LEC,0.12603115,0.13783279,0.64828956,0.0034804752,0.08211682,0.0022492467
LEC,Bahrain,2024,3.0,98.062,LEC,0.16654317,0.024297385,0.72205716,0.052127942,0.028247008,0.006727299,LEC,0.29014727,0.011375241,0.6701722,0.0042662118,0.021910945,0.002128086
LEC,Bahrain,2024,4.0,97.752,LEC,0.0024301612,0.059325203,0.8468703,0.0028122119,0.08793487,0.00062718417,LEC,0.030954374,0.13623047,0.60378945,0.0029606754,0.22412443,0.0019405958
LEC,Bahrain,2024,5.0,98.131,LEC,0.002239547,0.17688917,0.78204703,0.002238792,0.03577739,0.00080802455,LEC,0.054893732,0.18822058,0.6474918,0.0032965818,0.10417706,0.0019202624
LEC,Bahrain,2024,6.0,97.782,LEC,0.12796077,0.15916075,0.5658216,0.014541987,0.12988302,0.0026318943,LEC,0.16480546,0.122446604,0.6653837,0.0034750416,0.042801302,0.0010879046
LEC,Bahrain,2024,7.0,98.957,HAM,0.20384331,0.48182783,0.2538376,0.009481038,0.04734357,0.0036667255,LEC,0.15304574,0.35044065,0.47434214,0.0029186397,0.01770876,0.001544109
LEC,Bahrain,2024,8.0,98.136,LEC,0.067887686,0.08738146,0.80313754,0.005653737,0.03461749,0.001322025,LEC,0.074029975,0.07727912,0.8229488,0.00201808,0.022436578,0.0012874281
LEC,Bahrain,2024,9.0,97.844,LEC,0.008561765,0.11164846,0.8347639,0.004963628,0.038910996,0.0011512673,LEC,0.010570844,0.07818047,0.88911414,0.0014647532,0.019960826,0.0007089241
LEC,Bahrain,2024,10.0,97.884,LEC,0.048411522,0.1849381,0.6776554,0.0081848875,0.07815208,0.002658032,LEC,0.32175988,0.15914235,0.4289973,0.0069143577,0.07914863,0.0040374734
LEC,Bahrain,2024,13.0,96.432,LEC,0.0055778143,0.10316033,0.8474777,0.0026118928,0.04045751,0.0007147774,LEC,0.082674146,0.16810167,0.6429637,0.0041290796,0.0999361,0.0021953315
LEC,Bahrain,2024,14.0,96.756,LEC,0.009813576,0.08934888,0.8805017,0.0051422846,0.0130150495,0.0021785528,LEC,0.13736205,0.21680486,0.579093,0.0061564925,0.0568168,0.003766866
LEC,Bahrain,2024,15.0,96.813,LEC,0.0059861797,0.035041742,0.927572,0.005454589,0.024939073,0.0010063442,LEC,0.1521277,0.087249696,0.71679544,0.003943646,0.038352367,0.001531142
LEC,Bahrain,2024,16.0,96.673,LEC,0.001356644,0.0073684826,0.98260164,0.0012922381,0.006891417,0.0004895957,LEC,0.010328661,0.036256414,0.911303,0.0030367235,0.037749898,0.0013253078
LEC,Bahrain,2024,17.0,97.302,LEC,0.0020078057,0.009159449,0.9765063,0.00095792895,0.010938302,0.00043022897,LEC,0.020858284,0.03363944,0.9026026,0.0019416882,0.039804246,0.0011537996
LEC,Bahrain,2024,18.0,97.438,LEC,0.021088123,0.049891375,0.890249,0.0097909365,0.026642663,0.002337953,LEC,0.041724116,0.03701673,0.8676472,0.0027471494,0.049487304,0.0013775462
LEC,Bahrain,2024,19.0,96.821,LEC,0.0040167854,0.022880428,0.95642644,0.0019612948,0.014116698,0.00059831917,LEC,0.033591032,0.07528277,0.8475368,0.0022678436,0.03970828,0.0016132524
LEC,Bahrain,2024,20.0,96.794,LEC,0.0052528367,0.014851341,0.951038,0.0013416862,0.026092123,0.0014239452,LEC,0.10420555,0.03292445,0.7727485,0.003654371,0.08403586,0.002431337
LEC,Bahrain,2024,21.0,96.977,LEC,0.0024068833,0.041099723,0.8589537,0.0008979014,0.09592042,0.00072132924,LEC,0.06252391,0.11766014,0.68219626,0.0033629476,0.1319834,0.0022733337
LEC,Bahrain,2024,22.0,96.796,LEC,0.005900974,0.0097856475,0.95106333,0.0019362152,0.030638894,0.0006749495,LEC,0.10313252,0.048229355,0.7081745,0.003960232,0.1344164,0.0020869453
LEC,Bahrain,2024,23.0,96.987,LEC,0.009734931,0.085037336,0.4991434,0.0033960186,0.4012287,0.0014595949,LEC,0.05872874,0.09872512,0.51869285,0.0027738323,0.31934923,0.0017302658
LEC,Bahrain,2024,24.0,96.924,LEC,0.01228908,0.009274329,0.97287154,0.0011424663,0.0039685885,0.00045396932,LEC,0.056457326,0.09055425,0.82199347,0.0017030766,0.028291382,0.001000448
LEC,Bahrain,2024,25.0,96.76,LEC,0.0026384592,0.018801756,0.9629341,0.0010971025,0.0140844975,0.0004441035,LEC,0.05371303,0.0867778,0.7591436,0.0036034563,0.09459841,0.002163722
LEC,Bahrain,2024,26.0,96.81,LEC,0.0030796346,0.043811478,0.9003879,0.0010685698,0.050831143,0.0008213232,LEC,0.039002918,0.32429397,0.49429086,0.00280213,0.13775559,0.0018545383
LEC,Bahrain,2024,27.0,96.831,LEC,0.013893245,0.015317867,0.92440116,0.0025193584,0.04312023,0.0007480701,LEC,0.13766429,0.059937365,0.6892388,0.0040159198,0.10692289,0.002220774
LEC,Bahrain,2024,28.0,96.907,LEC,0.007439426,0.020061214,0.95808595,0.0011863597,0.012799142,0.00042793018,LEC,0.029742159,0.14004546,0.8013266,0.0017991534,0.025971705,0.0011149826
LEC,Bahrain,2024,29.0,96.963,LEC,0.0026642529,0.026414154,0.91851056,0.002309439,0.049198,0.0009036599,LEC,0.03341547,0.049133517,0.80370075,0.0027559176,0.109045535,0.00194884
LEC,Bahrain,2024,30.0,97.158,LEC,0.012596834,0.11526217,0.8199298,0.0011438994,0.05020594,0.0008613715,LEC,0.18269438,0.19202015,0.51126754,0.0038719776,0.10748175,0.002664217
LEC,Bahrain,2024,31.0,97.031,LEC,0.0036480546,0.04216407,0.8726677,0.0021543228,0.07867805,0.00068777375,LEC,0.015698096,0.03087214,0.7862256,0.0036243922,0.16135542,0.0022243368
LEC,Bahrain,2024,32.0,96.941,LEC,0.013944906,0.01534111,0.94824547,0.0020126237,0.019908503,0.00054740306,LEC,0.0694448,0.05165479,0.84406817,0.0023283386,0.031459697,0.0010441515
LEC,Bahrain,2024,33.0,96.741,LEC,0.021733588,0.061825372,0.8629917,0.0019927386,0.050040405,0.0014161783,LEC,0.11615997,0.16560046,0.6380337,0.003190322,0.07540102,0.0016145068
LEC,Bahrain,2024,34.0,99.614,LEC,0.037765708,0.09657235,0.7709466,0.02544648,0.06765585,0.0016129755,LEC,0.021023529,0.09454794,0.8697929,0.0012271088,0.012758611,0.00064995326
LEC,Bahrain,2024,36.0,94.09,LEC,0.033632994,0.041489694,0.8638388,0.013157926,0.045969196,0.0019113992,LEC,0.03670431,0.035947084,0.8706414,0.0032747309,0.05220149,0.001230956
LEC,Bahrain,2024,37.0,94.897,LEC,0.004467262,0.024662048,0.95508534,0.0011378666,0.014199596,0.0004479294,LEC,0.086831845,0.14507078,0.6761871,0.0041061933,0.085727155,0.0020769245
LEC,Bahrain,2024,38.0,94.783,LEC,0.0022374126,0.013277058,0.9743852,0.0011083181,0.008327422,0.00066460314,LEC,0.03782452,0.024750525,0.8805202,0.0026989088,0.05256659,0.0016392643
LEC,Bahrain,2024,39.0,95.087,LEC,0.008252716,0.014357718,0.9615024,0.001729098,0.013752324,0.00040576918,LEC,0.034204934,0.0375296,0.89534366,0.00222173,0.02978387,0.00091617875
LEC,Bahrain,2024,40.0,94.859,LEC,0.073067136,0.010778132,0.90185994,0.004410142,0.009378431,0.0005061656,LEC,0.014768306,0.017213805,0.94883335,0.0013879692,0.017086867,0.0007096636
LEC,Bahrain,2024,41.0,95.028,LEC,0.0042636935,0.0084591145,0.97353655,0.00077977637,0.012584592,0.00037632868,LEC,0.031976722,0.036629535,0.90003395,0.0025522052,0.027713459,0.0010941237
LEC,Bahrain,2024,42.0,94.982,LEC,0.0150192985,0.010782033,0.9620261,0.0013519825,0.010362545,0.00045801597,LEC,0.027331877,0.03137232,0.92184085,0.0017538223,0.01668918,0.0010119155
LEC,Bahrain,2024,43.0,95.192,LEC,0.009147704,0.01685812,0.95348454,0.0016728748,0.018405028,0.00043179427,LEC,0.016845845,0.04740023,0.9064144,0.0015011859,0.026734235,0.0011041176
LEC,Bahrain,2024,44.0,95.051,LEC,0.003506023,0.07081179,0.76787233,0.0010513697,0.15599933,0.0007591561,LEC,0.036930908,0.27094835,0.5643821,0.0025718203,0.12260872,0.0025581522
LEC,Bahrain,2024,45.0,95.22,LEC,0.026497625,0.025489803,0.8970839,0.004672724,0.04566662,0.00058939593,LEC,0.02992529,0.07256741,0.8651795,0.0018897913,0.029378546,0.001059527
LEC,Bahrain,2024,46.0,95.058,LEC,0.0068912227,0.0077100974,0.9275516,0.0028318537,0.054341745,0.00067348976,LEC,0.06399455,0.016136857,0.84848124,0.0030292806,0.066810526,0.001547535
LEC,Bahrain,2024,47.0,95.057,LEC,0.0044422084,0.016564999,0.90088195,0.0010522758,0.07618561,0.0008729736,LEC,0.071934596,0.042970948,0.76669174,0.0033040727,0.11318321,0.0019154181
LEC,Bahrain,2024,48.0,95.308,LEC,0.0057385196,0.01757904,0.96548903,0.00079868635,0.009997391,0.00039737302,LEC,0.04821574,0.08988168,0.8078328,0.0032329785,0.049420316,0.0014165032
LEC,Bahrain,2024,49.0,95.302,LEC,0.013377331,0.009920467,0.93632376,0.0019039322,0.03748023,0.0009943065,LEC,0.06815353,0.030396726,0.851696,0.0024715308,0.04607961,0.001202533
LEC,Bahrain,2024,50.0,95.383,LEC,0.009651205,0.020383114,0.88619983,0.0010507952,0.08202463,0.00069045846,LEC,0.13413092,0.08394815,0.67945695,0.0047483705,0.095315106,0.0024005247
LEC,Bahrain,2024,51.0,95.418,LEC,0.013984214,0.033446874,0.718034,0.0028810792,0.23061618,0.001037563,LEC,0.1309264,0.04934331,0.6431949,0.0052213334,0.16882035,0.0024936984
LEC,Bahrain,2024,52.0,95.394,SAI,0.03162149,0.02862591,0.3614545,0.0032013126,0.5715312,0.0035656015,SAI,0.35955945,0.0423687,0.22388063,0.007880835,0.36371848,0.0025919375
LEC,Bahrain,2024,53.0,95.48,LEC,0.0055911755,0.00905719,0.9637317,0.0020747522,0.018753203,0.00079200574,LEC,0.085853174,0.026524661,0.8148947,0.0029818765,0.068259954,0.0014856845
LEC,Bahrain,2024,54.0,95.265,LEC,0.0033261848,0.008593754,0.9165206,0.00062432373,0.07045281,0.00048232244,LEC,0.054883756,0.065596156,0.70803624,0.0033346894,0.16615091,0.0019982243
LEC,Bahrain,2024,55.0,95.785,LEC,0.009763083,0.0068309833,0.9806064,0.0008045715,0.0018066848,0.00018828132,LEC,0.045415,0.1006518,0.83376473,0.0020898955,0.017011216,0.0010673683
LEC,Bahrain,2024,56.0,95.924,LEC,0.007593958,0.033140834,0.9281828,0.00087338884,0.029772414,0.0004365851,LEC,0.05958786,0.17889963,0.6874312,0.0027981119,0.06950119,0.0017820466
LEC,Bahrain,2024,57.0,96.324,LEC,0.031755462,0.13353553,0.78502977,0.004782122,0.043410283,0.0014869056,LEC,0.009213432,0.1571421,0.8056749,0.0021753542,0.02491561,0.00087860745
NOR,Bahrain,2024,2.0,98.01,NOR,0.060348008,0.0014386239,0.00512574,0.92253214,0.0011524413,0.009403018,NOR,0.09809837,0.00408124,0.072824776,0.8079584,0.0027247786,0.014312434
NOR,Bahrain,2024,3.0,97.787,NOR,0.08753458,0.0019072288,0.010635613,0.8780912,0.0022908647,0.019540474,NOR,0.18001512,0.0053439224,0.038213298,0.76459223,0.0017271363,0.010108313
NOR,Bahrain,2024,4.0,97.45,NOR,0.41853464,0.0012844352,0.009159558,0.54348356,0.0015080654,0.026029771,NOR,0.43975627,0.005533599,0.05789086,0.47177124,0.002081593,0.022966463
NOR,Bahrain,2024,5.0,97.794,NOR,0.16376896,0.005756046,0.028117279,0.7885295,0.00219494,0.011633223,ALO,0.6132932,0.013490349,0.22549006,0.13571629,0.0023350199,0.009675102
NOR,Bahrain,2024,6.0,97.896,NOR,0.44515026,0.011413249,0.03449404,0.4542638,0.0073025706,0.04737604,NOR,0.36007944,0.058794774,0.1398525,0.42176402,0.0040231957,0.015486039
NOR,Bahrain,2024,7.0,97.86,VER,0.15790159,0.010879445,0.027028948,0.19900103,0.016761834,0.5884271,NOR,0.22523487,0.035592437,0.061474558,0.6196977,0.0060806205,0.0519198
NOR,Bahrain,2024,8.0,98.134,NOR,0.07898584,0.0154835135,0.03662692,0.8385769,0.0062089884,0.024117807,ALO,0.44633606,0.05412993,0.17694317,0.29370382,0.009896061,0.018990943
NOR,Bahrain,2024,9.0,98.064,NOR,0.065026686,0.010242468,0.017440803,0.8750268,0.0043946938,0.02786853,NOR,0.31111476,0.034311328,0.1199749,0.50716954,0.0067045,0.020724975
NOR,Bahrain,2024,10.0,97.936,ALO,0.5379319,0.05405437,0.10347634,0.15445878,0.079056814,0.07102178,ALO,0.83561975,0.027593609,0.021683216,0.10084399,0.0032713602,0.010988084
NOR,Bahrain,2024,11.0,98.172,NOR,0.2539153,0.016377322,0.04350048,0.5744547,0.028004378,0.083747774,ALO,0.72772217,0.022978911,0.034775574,0.19333853,0.004577676,0.016607078
NOR,Bahrain,2024,12.0,98.082,ALO,0.58887357,0.022337135,0.022592561,0.30396885,0.0066004437,0.055627458,NOR,0.13727428,0.030835671,0.060355205,0.7183859,0.0070375307,0.04611137
NOR,Bahrain,2024,13.0,100.635,HAM,0.022139726,0.4175946,0.047417525,0.18266939,0.314301,0.015877726,HAM,0.24405393,0.53402615,0.122642264,0.049080588,0.033403076,0.016793981
NOR,Bahrain,2024,15.0,96.912,NOR,0.41930965,0.009346751,0.020627398,0.49558866,0.0031277107,0.05199979,NOR,0.037172012,0.006261442,0.018488042,0.92356235,0.0010015852,0.013514581
NOR,Bahrain,2024,16.0,96.565,NOR,0.035274692,0.0066967774,0.008712191,0.918609,0.0020398693,0.028667409,NOR,0.15922557,0.015663795,0.05424249,0.73390967,0.0047798418,0.032178633
NOR,Bahrain,2024,17.0,96.776,NOR,0.06370072,0.006055975,0.020181742,0.8646116,0.0037621558,0.041687813,NOR,0.3498291,0.032771487,0.08664864,0.4898575,0.0055706752,0.035322614
NOR,Bahrain,2024,18.0,96.508,NOR,0.050847232,0.008433853,0.021613892,0.82999873,0.006864149,0.08224216,NOR,0.13716193,0.010010877,0.048473995,0.75915086,0.0055181305,0.039684188
NOR,Bahrain,2024,19.0,96.416,NOR,0.047307283,0.06467642,0.020677209,0.85102266,0.0050464044,0.011270003,NOR,0.27109608,0.12354475,0.24855545,0.30943882,0.013323961,0.0340409
NOR,Bahrain,2024,20.0,96.501,NOR,0.038388193,0.0019315998,0.0053109173,0.9368276,0.0015781323,0.015963534,ALO,0.44689268,0.010540885,0.09027639,0.43540534,0.0025248749,0.014359828
NOR,Bahrain,2024,21.0,96.62,NOR,0.03631746,0.1549948,0.043320563,0.6828356,0.016039202,0.06649236,ALO,0.5546314,0.039507262,0.13011697,0.24164242,0.0069393516,0.027162578
NOR,Bahrain,2024,22.0,96.668,NOR,0.011006267,0.11047487,0.027595906,0.8358522,0.003532714,0.011537962,ALO,0.47635642,0.1588621,0.18456201,0.16061275,0.005918886,0.013687797
NOR,Bahrain,2024,23.0,96.696,NOR,0.021901283,0.017900802,0.011589458,0.92514646,0.004784903,0.018677069,NOR,0.32014015,0.07349589,0.0862519,0.4765597,0.008244743,0.035307568
NOR,Bahrain,2024,24.0,96.823,NOR,0.023088515,0.025356794,0.017576566,0.9059561,0.004985171,0.023036823,NOR,0.2801007,0.052472215,0.24077845,0.40073463,0.008156028,0.017757932
NOR,Bahrain,2024,25.0,96.73,NOR,0.072493054,0.022395875,0.02546295,0.8352956,0.018271407,0.02608117,ALO,0.7644805,0.025098773,0.057900436,0.124919504,0.0102560725,0.01734473
NOR,Bahrain,2024,26.0,96.566,NOR,0.060360752,0.0800606,0.03717742,0.7126525,0.0850306,0.02471811,ALO,0.88712144,0.019462947,0.024876043,0.054692917,0.0072564073,0.0065902383
NOR,Bahrain,2024,27.0,96.726,NOR,0.061282083,0.008407208,0.021072758,0.8838115,0.0053519644,0.020074524,ALO,0.89582163,0.007544638,0.027939469,0.06320684,0.0013233444,0.004164086
NOR,Bahrain,2024,28.0,97.018,NOR,0.08504487,0.100328565,0.08288869,0.69072926,0.02459606,0.016412502,ALO,0.5816433,0.05333563,0.135869,0.21779513,0.004469491,0.006887497
NOR,Bahrain,2024,29.0,97.041,NOR,0.09346689,0.08792244,0.09262657,0.64043283,0.06017294,0.025378283,ALO,0.7465234,0.04728159,0.054311015,0.124982044,0.011220904,0.015681077
NOR,Bahrain,2024,30.0,96.986,NOR,0.039826922,0.16340794,0.07226278,0.6556203,0.031421483,0.0374606,ALO,0.68516326,0.044633005,0.1123016,0.14084627,0.00808638,0.008969464
NOR,Bahrain,2024,31.0,97.083,NOR,0.14831714,0.10882023,0.1479557,0.54116476,0.035926037,0.017816165,ALO,0.6969101,0.059854858,0.083007686,0.14467403,0.007274574,0.008278715
NOR,Bahrain,2024,32.0,97.171,NOR,0.15098445,0.02585379,0.050516374,0.73523575,0.005539285,0.0318704,ALO,0.6486434,0.030653873,0.0792432,0.22963427,0.002725246,0.009100068
NOR,Bahrain,2024,33.0,99.626,NOR,0.08951065,0.099196926,0.076607734,0.68624425,0.037634607,0.010805851,ALO,0.38214493,0.09262988,0.36397702,0.13233235,0.012075872,0.016839957
NOR,Bahrain,2024,35.0,94.476,NOR,0.032871444,0.0013741815,0.0061121113,0.9451599,0.0015118533,0.012970479,ALO,0.89179575,0.0015160736,0.024022268,0.07690699,0.0013143028,0.0044446792
NOR,Bahrain,2024,36.0,95.69,NOR,0.0037298545,0.0009990203,0.0026020734,0.9866665,0.00048151604,0.0055210614,NOR,0.058903683,0.003928132,0.04233684,0.88334316,0.0018141442,0.009674093
NOR,Bahrain,2024,37.0,95.067,NOR,0.05542308,0.0017172544,0.0066604903,0.9176653,0.0010033512,0.017530542,NOR,0.064696275,0.004428375,0.043020148,0.8748834,0.0025411025,0.010430708
NOR,Bahrain,2024,38.0,95.149,NOR,0.07893053,0.0025996356,0.011751983,0.8801133,0.0026278347,0.02397676,ALO,0.6077973,0.006787038,0.04097029,0.32181883,0.0035232338,0.019103296
NOR,Bahrain,2024,39.0,94.88,NOR,0.0711025,0.0012324532,0.006583692,0.8953552,0.0010593976,0.0246667,ALO,0.60899127,0.0036212152,0.042689376,0.33312184,0.0018243054,0.00975197
NOR,Bahrain,2024,40.0,95.276,NOR,0.045989133,0.002703019,0.010772343,0.9215576,0.0020889055,0.016889036,ALO,0.6628462,0.0073329215,0.119533524,0.19747835,0.002310035,0.010498953
NOR,Bahrain,2024,41.0,95.069,NOR,0.057105046,0.005789434,0.026865412,0.8932319,0.0028478568,0.014160335,ALO,0.87071687,0.0025179074,0.0749744,0.04812154,0.0011168609,0.002552421
NOR,Bahrain,2024,42.0,95.165,NOR,0.06908547,0.01902414,0.012912804,0.88216543,0.0053752856,0.011436849,ALO,0.8694079,0.015187866,0.06521722,0.043904964,0.002202385,0.00407965
NOR,Bahrain,2024,43.0,95.295,NOR,0.013756826,0.00523844,0.021183124,0.9454473,0.005255659,0.009118589,ALO,0.74051875,0.004461606,0.12642546,0.11722087,0.004208437,0.0071648792
NOR,Bahrain,2024,44.0,95.346,NOR,0.016159717,0.023623608,0.027889546,0.9096957,0.0073730475,0.015258409,ALO,0.7363833,0.00840908,0.1106564,0.1278784,0.009247756,0.007425057
NOR,Bahrain,2024,45.0,95.338,NOR,0.04294617,0.056972604,0.07841302,0.79623395,0.009598956,0.015835304,ALO,0.87031883,0.020584635,0.06946407,0.03176986,0.004636727,0.0032259184
NOR,Bahrain,2024,46.0,95.371,NOR,0.07559682,0.0011566004,0.007758586,0.8958743,0.002087709,0.017525937,ALO,0.7717995,0.0016220442,0.011304763,0.21042942,0.0011321367,0.0037120695
NOR,Bahrain,2024,47.0,95.485,NOR,0.15074804,0.003861321,0.020334613,0.79360896,0.0055106846,0.025936343,ALO,0.918631,0.0019344286,0.016607787,0.057425406,0.0014774813,0.0039238227
NOR,Bahrain,2024,48.0,95.717,NOR,0.1681497,0.004569205,0.022202667,0.77308375,0.003012091,0.02898258,ALO,0.70699286,0.00823839,0.042501964,0.2341755,0.0015467824,0.0065444945
NOR,Bahrain,2024,49.0,95.674,NOR,0.09893629,0.010930873,0.024000552,0.8228123,0.008746662,0.034573324,ALO,0.723156,0.015348379,0.027933199,0.22367002,0.0025974256,0.0072949636
NOR,Bahrain,2024,50.0,95.657,NOR,0.12037045,0.06899967,0.04372944,0.59194684,0.1090756,0.06587796,ALO,0.9307842,0.007402841,0.021352686,0.034544427,0.0034085736,0.0025072903
NOR,Bahrain,2024,51.0,96.038,NOR,0.059400994,0.02235873,0.016523484,0.8691611,0.013764066,0.018791538,ALO,0.91443115,0.00813434,0.012663725,0.059516404,0.0018679581,0.0033864006
NOR,Bahrain,2024,52.0,95.922,NOR,0.044066872,0.031228324,0.048405234,0.82185024,0.043525368,0.010924013,ALO,0.8843197,0.014845781,0.021604454,0.07063139,0.0040530986,0.0045456258
NOR,Bahrain,2024,53.0,95.782,NOR,0.061219264,0.071818575,0.17392762,0.6284496,0.055538025,0.009046891,ALO,0.6564664,0.030994806,0.2670521,0.023455191,0.020487556,0.0015438412
NOR,Bahrain,2024,54.0,95.934,ALO,0.49627584,0.021819795,0.04812619,0.20244427,0.20762926,0.023704704,ALO,0.94839096,0.007834526,0.0067553194,0.029898904,0.0031308185,0.00398947
NOR,Bahrain,2024,55.0,96.223,NOR,0.39110482,0.0099065285,0.0303998,0.5417676,0.00934529,0.017475942,ALO,0.83727485,0.005859235,0.06405787,0.08934697,0.0014380029,0.0020230464
NOR,Bahrain,2024,56.0,95.976,NOR,0.05976139,0.077662334,0.031510036,0.7747333,0.02783676,0.028496172,ALO,0.9264168,0.0071799173,0.024224956,0.035744056,0.0035053245,0.0029289478
NOR,Bahrain,2024,57.0,96.582,NOR,0.03037359,0.0131213,0.019776238,0.9249614,0.00782973,0.003937723,ALO,0.8874151,0.008264517,0.06520866,0.034339894,0.0030346655,0.0017371238
SAI,Bahrain,2024,1.0,100.62,HAM,0.036155157,0.4573981,0.16335285,0.2689618,0.069157325,0.0049748346,LEC,0.07795224,0.3080581,0.5712597,0.012529005,0.026623761,0.003577174
SAI,Bahrain,2024,2.0,97.236,SAI,0.0175555,0.083003886,0.021389313,0.036913324,0.82718205,0.013955901,ALO,0.7822053,0.05373009,0.06081542,0.024704518,0.06702299,0.011521733
SAI,Bahrain,2024,3.0,97.08,SAI,0.10904166,0.06728506,0.040820055,0.04502238,0.7227821,0.015048757,ALO,0.93401444,0.026513176,0.018227328,0.008154679,0.011089649,0.0020007174
SAI,Bahrain,2024,4.0,97.264,SAI,0.0032470783,0.11370136,0.040894546,0.002544934,0.83865976,0.0009522738,SAI,0.10894005,0.0953673,0.13267453,0.002302704,0.65992427,0.0007911508
SAI,Bahrain,2024,5.0,98.032,SAI,0.017010074,0.16179265,0.054821357,0.16649139,0.5919637,0.007920843,ALO,0.6232249,0.13977227,0.15838729,0.032664474,0.037723057,0.0082279965
SAI,Bahrain,2024,6.0,97.741,HAM,0.056370158,0.3343257,0.2645824,0.1425475,0.19583754,0.006336692,ALO,0.59255576,0.07365375,0.29693532,0.005280364,0.030081782,0.0014930492
SAI,Bahrain,2024,7.0,98.26,SAI,0.015111496,0.15297642,0.09680991,0.07970449,0.6510135,0.004384165,LEC,0.15076824,0.10259924,0.4755579,0.035782773,0.2263306,0.00896125
SAI,Bahrain,2024,8.0,98.183,SAI,0.00625625,0.07516276,0.030079661,0.048704658,0.8351761,0.0046205833,SAI,0.26380432,0.13038814,0.26265407,0.046312477,0.28468153,0.012159478
SAI,Bahrain,2024,9.0,98.03,SAI,0.016757578,0.068548836,0.19787703,0.014439458,0.69664395,0.005733126,LEC,0.2415372,0.0787302,0.4977716,0.009239638,0.168018,0.004703337
SAI,Bahrain,2024,10.0,97.608,SAI,0.0068668746,0.4386845,0.07465737,0.013367419,0.4632432,0.0031806342,LEC,0.2289268,0.27614763,0.37501538,0.006803716,0.11039429,0.002712213
SAI,Bahrain,2024,11.0,97.656,SAI,0.01038061,0.32235366,0.058372214,0.005543489,0.6014142,0.0019358137,HAM,0.24174464,0.37048864,0.15728529,0.003521431,0.22569624,0.0012638149
SAI,Bahrain,2024,12.0,97.65,SAI,0.009221561,0.08502827,0.020226207,0.0070249545,0.8759982,0.0025007802,SAI,0.15793525,0.121181205,0.089982465,0.0069212136,0.6218424,0.0021375157
SAI,Bahrain,2024,13.0,97.243,SAI,0.020985628,0.051350173,0.10967364,0.014290988,0.79094845,0.012751074,SAI,0.39922595,0.016235266,0.109431654,0.011730895,0.46059093,0.0027853595
SAI,Bahrain,2024,14.0,99.753,SAI,0.0008518014,0.015152405,0.02834648,0.0022354594,0.95286274,0.00055112154,SAI,0.012241941,0.053628467,0.20489179,0.0016018989,0.7262981,0.0013377833
SAI,Bahrain,2024,16.0,96.376,SAI,0.0038876024,0.015619884,0.18538775,0.0066431607,0.78670037,0.0017612564,LEC,0.038096838,0.025705766,0.7159167,0.0049175853,0.2131353,0.0022278118
SAI,Bahrain,2024,17.0,95.507,NOR,0.009730936,0.05566615,0.14471224,0.40535924,0.3804335,0.0040979357,LEC,0.2858078,0.028205238,0.537439,0.04410472,0.10144015,0.0030030846
SAI,Bahrain,2024,18.0,96.088,SAI,0.032470837,0.08890767,0.12725277,0.19809859,0.5424245,0.010845662,ALO,0.6248975,0.019482661,0.21503921,0.049372103,0.08869061,0.002517927
SAI,Bahrain,2024,19.0,96.236,SAI,0.1918352,0.032684643,0.08379849,0.16392022,0.2783548,0.24940668,ALO,0.87442094,0.011772854,0.039732296,0.051532716,0.015825097,0.006716055
SAI,Bahrain,2024,20.0,96.034,SAI,0.0014106944,0.027660875,0.07368173,0.00095495285,0.89582783,0.00046396285,SAI,0.015748957,0.076884404,0.16671841,0.0013131418,0.73863214,0.0007029539
SAI,Bahrain,2024,21.0,96.104,SAI,0.013643503,0.040764503,0.04329215,0.006076865,0.8946583,0.0015646665,SAI,0.17876004,0.065369,0.12940423,0.010679757,0.6132804,0.0025065066
SAI,Bahrain,2024,22.0,96.008,SAI,0.08142917,0.019748915,0.041267693,0.0934751,0.7253188,0.038760312,ALO,0.8065875,0.0306987,0.05402022,0.058191113,0.04203169,0.008470718
SAI,Bahrain,2024,23.0,96.149,SAI,0.06403924,0.06895474,0.08470718,0.012777366,0.7663069,0.0032145632,ALO,0.6779276,0.041022975,0.15155703,0.0066472427,0.1208259,0.002019257
SAI,Bahrain,2024,24.0,96.2,SAI,0.019106483,0.18662527,0.047893636,0.06560399,0.6755032,0.0052674403,ALO,0.5013635,0.25821674,0.13053782,0.019382447,0.08613586,0.004363626
SAI,Bahrain,2024,25.0,96.22,SAI,0.034054674,0.100750476,0.04517903,0.00957231,0.808158,0.0022854873,ALO,0.5628433,0.08111638,0.1120531,0.0065102037,0.23571415,0.00176285
SAI,Bahrain,2024,26.0,96.221,SAI,0.017856741,0.042746875,0.030734023,0.006986229,0.8983604,0.0033157237,SAI,0.20033444,0.09408271,0.14878377,0.015252905,0.53594464,0.0056015262
SAI,Bahrain,2024,27.0,96.272,SAI,0.0025256877,0.040166445,0.017466323,0.0017503254,0.93648833,0.0016029004,SAI,0.041791253,0.09060357,0.104511924,0.005239493,0.7547512,0.0031025729
SAI,Bahrain,2024,28.0,96.534,SAI,0.0035031578,0.11076568,0.08130721,0.0047849966,0.79855967,0.001079297,LEC,0.06396784,0.31196237,0.3938583,0.0035578704,0.2244052,0.0022484032
SAI,Bahrain,2024,29.0,96.6,HAM,0.008779403,0.37427425,0.32952464,0.018506913,0.26622158,0.0026931916,HAM,0.08785862,0.4182906,0.38484362,0.004071834,0.10356146,0.0013738541
SAI,Bahrain,2024,30.0,96.337,SAI,0.013584582,0.061310165,0.03395778,0.0037600277,0.8857779,0.00160951,ALO,0.58450586,0.07424602,0.072327256,0.0025746233,0.2652866,0.0010596537
SAI,Bahrain,2024,31.0,96.537,SAI,0.0012232068,0.027734855,0.04939344,0.0027062288,0.91851294,0.00042930606,SAI,0.019767055,0.047373164,0.14881468,0.0015010511,0.7819057,0.0006383192
SAI,Bahrain,2024,32.0,96.762,SAI,0.02093432,0.12218598,0.2780915,0.0064841756,0.5706287,0.0016752982,LEC,0.26724675,0.19203393,0.40688387,0.0056375647,0.12622508,0.0019727831
SAI,Bahrain,2024,33.0,96.556,SAI,0.0673447,0.09311833,0.036467887,0.020612508,0.7777078,0.0047487738,ALO,0.71171755,0.058222216,0.05539547,0.014780788,0.15677103,0.003112975
SAI,Bahrain,2024,34.0,96.551,SAI,0.06394651,0.2788785,0.07768551,0.07875468,0.4896797,0.011055105,ALO,0.42097068,0.3451036,0.1420476,0.021987842,0.0610015,0.008888806
SAI,Bahrain,2024,35.0,99.274,SAI,0.00151871,0.029883344,0.05416985,0.0014441841,0.91236615,0.0006177845,SAI,0.016777344,0.094946444,0.14692336,0.0013193596,0.7392963,0.00073720806
SAI,Bahrain,2024,37.0,95.302,SAI,0.023739439,0.23820928,0.20031874,0.014647562,0.5170047,0.0060802773,ALO,0.48856106,0.066797785,0.29526326,0.005399472,0.14173453,0.0022438674
SAI,Bahrain,2024,38.0,95.1,SAI,0.007257056,0.03257807,0.12900172,0.002174753,0.82773364,0.0012547405,LEC,0.16043083,0.06374599,0.4271036,0.003819422,0.34357643,0.0013236819
SAI,Bahrain,2024,39.0,94.709,SAI,0.0073795617,0.07427769,0.018977547,0.004280762,0.89333344,0.0017510386,SAI,0.4133998,0.04827168,0.07322665,0.003636403,0.4602549,0.0012105748
SAI,Bahrain,2024,40.0,94.739,SAI,0.01102248,0.09391788,0.030154683,0.004026186,0.8588968,0.0019819993,SAI,0.05390202,0.16569492,0.0824919,0.00781052,0.68495315,0.00514754
SAI,Bahrain,2024,41.0,95.041,SAI,0.005232614,0.021080663,0.023706255,0.0046221367,0.94405496,0.0013033517,SAI,0.071342744,0.031251203,0.11256524,0.0040623555,0.7795302,0.0012482526
SAI,Bahrain,2024,42.0,94.861,SAI,0.0039981822,0.014580612,0.023506304,0.0020750628,0.95434505,0.0014947491,SAI,0.08986446,0.050111018,0.17098019,0.006873834,0.6795365,0.002633951
SAI,Bahrain,2024,43.0,94.795,SAI,0.0023357675,0.019979842,0.042077,0.0007962396,0.93441665,0.0003944238,SAI,0.021874705,0.030061863,0.11978075,0.0020418037,0.82555044,0.00069038227
SAI,Bahrain,2024,44.0,94.507,SAI,0.013023878,0.031738535,0.041258447,0.0066566677,0.904493,0.002829468,SAI,0.07325477,0.01984457,0.072592355,0.0078789685,0.82445186,0.0019774958
SAI,Bahrain,2024,45.0,94.79,SAI,0.10948703,0.16612644,0.16601394,0.019248657,0.51388645,0.025237473,ALO,0.5278351,0.25808242,0.10416965,0.015039905,0.08811084,0.006762096
SAI,Bahrain,2024,46.0,94.853,SAI,0.03386975,0.12271001,0.13197479,0.024085546,0.66287327,0.024486614,SAI,0.009434659,0.032103546,0.09392125,0.010178928,0.8487085,0.005653059
SAI,Bahrain,2024,47.0,94.901,SAI,0.0039614676,0.025263738,0.093573906,0.0017009015,0.87472624,0.0007737522,SAI,0.05607229,0.059881687,0.12221894,0.0030594263,0.75792336,0.000844264
SAI,Bahrain,2024,48.0,94.981,SAI,0.01909037,0.017869763,0.028663,0.009133499,0.92166555,0.0035778026,SAI,0.31817842,0.044046476,0.13258015,0.032569986,0.46927658,0.00334838
SAI,Bahrain,2024,49.0,95.44,SAI,0.0077910707,0.018339477,0.035084788,0.0035246566,0.9342044,0.0010556026,SAI,0.2136417,0.043267477,0.15708245,0.0043586083,0.58026475,0.0013850406
SAI,Bahrain,2024,50.0,95.142,SAI,0.014310094,0.0449597,0.07199278,0.0042504384,0.8627195,0.0017675327,ALO,0.4905163,0.0817374,0.13998781,0.0054965457,0.28049597,0.0017659917
SAI,Bahrain,2024,51.0,95.282,SAI,0.0013021353,0.0254076,0.086719945,0.0021313967,0.88403785,0.00040101993,SAI,0.013448472,0.050605588,0.15375318,0.0012506832,0.7802762,0.0006658978
SAI,Bahrain,2024,52.0,95.083,SAI,0.04147589,0.08581919,0.23037337,0.004195863,0.63620716,0.0019285062,ALO,0.5243362,0.11836598,0.121806614,0.0062063555,0.22747791,0.001806926
SAI,Bahrain,2024,53.0,95.211,SAI,0.0032101783,0.013640246,0.11868296,0.0014191453,0.86256754,0.00047999286,SAI,0.030298563,0.026658516,0.1792276,0.0018917536,0.7612819,0.0006416535
SAI,Bahrain,2024,54.0,95.309,SAI,0.0022379486,0.020683663,0.025870727,0.0014645274,0.94920087,0.00054228364,SAI,0.042102978,0.032874834,0.1364649,0.0032609154,0.78433716,0.0009592341
SAI,Bahrain,2024,55.0,95.407,SAI,0.0037473566,0.063102745,0.19392993,0.003991375,0.73376894,0.0014596779,LEC,0.080238014,0.12755975,0.55017114,0.00404046,0.23589389,0.0020967547
SAI,Bahrain,2024,56.0,95.305,SAI,0.021375842,0.04388241,0.09244487,0.011458382,0.8274024,0.0034360972,ALO,0.6306106,0.08458126,0.17502049,0.008546542,0.09922458,0.0020165339
SAI,Bahrain,2024,57.0,95.327,LEC,0.013934915,0.1539709,0.520543,0.007824442,0.30141667,0.0023101002,LEC,0.22360946,0.119280525,0.42584395,0.0062832083,0.22253214,0.0024507248
VER,Bahrain,2024,1.0,97.284,LEC,0.25765425,0.19666916,0.33839327,0.11160196,0.053338125,0.042343274,ALO,0.57053924,0.0953526,0.23446682,0.081679665,0.011688693,0.006272934
VER,Bahrain,2024,2.0,96.296,VER,0.002966676,0.00040618388,0.0012562505,0.0046880958,0.0035475574,0.98713523,VER,0.021288611,0.0041613476,0.014335634,0.06923527,0.010649966,0.88032913
VER,Bahrain,2024,3.0,96.753,VER,0.00091239484,0.0007722089,0.0011236512,0.013246761,0.0032571743,0.98068774,VER,0.022614203,0.0052650496,0.01556356,0.16560909,0.024169711,0.76677835
VER,Bahrain,2024,4.0,96.647,VER,0.0023983677,0.00074162334,0.0018372166,0.012267236,0.0018085004,0.9809471,VER,0.012248519,0.0037943383,0.013258997,0.25342414,0.004352894,0.71292114
VER,Bahrain,2024,5.0,97.173,VER,0.044579275,0.0052168267,0.009485872,0.024653489,0.020599429,0.89546514,ALO,0.5709464,0.03499832,0.07000811,0.2223675,0.012505618,0.089174025
VER,Bahrain,2024,6.0,97.092,VER,0.13791612,0.012602671,0.032966312,0.12069618,0.034720838,0.6610979,ALO,0.7167841,0.0075140465,0.032624654,0.20403071,0.007940284,0.031106152
VER,Bahrain,2024,7.0,97.038,VER,0.003991221,0.00047655703,0.0018099997,0.0086558275,0.004166141,0.9809003,VER,0.1247104,0.0065521253,0.029718678,0.34934485,0.008644616,0.48102933
VER,Bahrain,2024,8.0,97.024,VER,0.003179931,0.006047313,0.008783539,0.024764944,0.015280797,0.9419435,VER,0.009274682,0.011673104,0.052371353,0.18093866,0.021164203,0.724578
VER,Bahrain,2024,9.0,97.229,VER,0.011876746,0.0018779888,0.0044621467,0.03655743,0.006008983,0.9392167,NOR,0.053926554,0.008779327,0.024104046,0.5831727,0.0048317346,0.32518572
VER,Bahrain,2024,10.0,96.96,VER,0.005072724,0.0008252899,0.0032921445,0.008475994,0.0048567266,0.97747713,VER,0.19776572,0.022902275,0.056742575,0.26215494,0.00851795,0.45191652
VER,Bahrain,2024,11.0,97.085,SAI,0.055601813,0.098457344,0.06496221,0.116956055,0.48325756,0.18076502,ALO,0.8210924,0.049144268,0.048174612,0.04320151,0.022994727,0.015392452
VER,Bahrain,2024,12.0,97.045,VER,0.0076422347,0.0023291076,0.0036639841,0.020227358,0.011872339,0.95426506,NOR,0.3640769,0.023985485,0.057007316,0.3767855,0.019647727,0.15849708
VER,Bahrain,2024,13.0,97.03,VER,0.005300508,0.0009768573,0.0021203335,0.01393731,0.0073677967,0.97029716,VER,0.027108004,0.010975646,0.020571252,0.1707526,0.011594439,0.7589981
VER,Bahrain,2024,14.0,97.028,VER,0.013989308,0.0019540149,0.004566199,0.020292688,0.009395256,0.9498026,VER,0.29015735,0.01887323,0.043358613,0.2360171,0.028826479,0.38276726
VER,Bahrain,2024,15.0,97.011,VER,0.03735628,0.008008587,0.016914645,0.12040392,0.08246716,0.7348494,ALO,0.6751823,0.020372285,0.04724493,0.18734546,0.019968327,0.049886715
VER,Bahrain,2024,16.0,97.168,VER,0.031867977,0.016817432,0.030978486,0.101332374,0.06379383,0.7552099,ALO,0.62228286,0.036637075,0.094366595,0.19153824,0.01955589,0.035619337
VER,Bahrain,2024,19.0,95.283,VER,0.005260948,0.00066119956,0.0023779236,0.01878621,0.0040315976,0.96888214,NOR,0.34912443,0.009077261,0.04128182,0.3554095,0.011898109,0.23320886
VER,Bahrain,2024,20.0,95.16,VER,0.0058368626,0.00093454256,0.0025816322,0.022052545,0.0043075755,0.96428686,NOR,0.21113344,0.0077325446,0.031659827,0.4351395,0.019848991,0.29448566
VER,Bahrain,2024,21.0,95.316,VER,0.008014988,0.00049863185,0.00172675,0.008157515,0.0056331805,0.9759689,NOR,0.39683735,0.006294327,0.027733397,0.44580778,0.010455503,0.112871654
VER,Bahrain,2024,22.0,95.204,VER,0.011918,0.0011420915,0.0030859108,0.010843016,0.014478216,0.95853275,ALO,0.5463035,0.012565268,0.034108154,0.24669881,0.030565111,0.1297591
VER,Bahrain,2024,23.0,95.216,VER,0.0011474204,0.0065073366,0.0038424737,0.0183148,0.009640559,0.96054745,VER,0.008973918,0.027204702,0.04386074,0.20288892,0.026117003,0.6909547
VER,Bahrain,2024,24.0,95.289,VER,0.0041292137,0.0011789146,0.0013596173,0.009275053,0.0047274265,0.97932976,VER,0.2547667,0.012976669,0.045631334,0.23016311,0.027250119,0.4292121
VER,Bahrain,2024,25.0,95.342,VER,0.0043581626,0.0013268228,0.0037218728,0.0133887725,0.014446084,0.96275824,VER,0.058584776,0.0103206895,0.022198452,0.24174975,0.020015953,0.64713037
VER,Bahrain,2024,26.0,95.223,VER,0.006500264,0.0012180768,0.0021204965,0.01854294,0.008680336,0.96293783,VER,0.071468905,0.01276812,0.02705426,0.39030442,0.038071606,0.46033272
VER,Bahrain,2024,27.0,95.581,VER,0.012372132,0.00089885615,0.003933761,0.05771167,0.010240418,0.9148432,ALO,0.5478947,0.007414443,0.034706216,0.32926413,0.010961416,0.06975906
VER,Bahrain,2024,28.0,95.477,VER,0.009120167,0.0037899378,0.005198646,0.06981744,0.015270551,0.89680326,ALO,0.47440276,0.043342568,0.050314184,0.31503758,0.03125346,0.08564939
VER,Bahrain,2024,29.0,95.793,VER,0.011411262,0.0010776602,0.00299722,0.019239347,0.010213904,0.95506066,ALO,0.40987206,0.010527835,0.027163144,0.20506151,0.027384784,0.31999066
VER,Bahrain,2024,30.0,95.771,VER,0.060626596,0.0051844674,0.018079875,0.08280816,0.03582977,0.7974711,ALO,0.72163785,0.009550561,0.026951792,0.210109,0.0063765175,0.025374275
VER,Bahrain,2024,31.0,95.679,VER,0.18193287,0.023782704,0.0526687,0.23703669,0.037198905,0.4673801,ALO,0.91618407,0.0027512559,0.019107454,0.05303956,0.003623172,0.0052944473
VER,Bahrain,2024,32.0,95.886,VER,0.009804374,0.02065299,0.019164167,0.111193545,0.023209225,0.8159757,NOR,0.13244069,0.0378857,0.10613833,0.39608777,0.022403846,0.3050437
VER,Bahrain,2024,33.0,95.863,NOR,0.31791738,0.0033182306,0.017646551,0.38114882,0.030416962,0.24955209,ALO,0.7744743,0.0017458033,0.0055002575,0.20141782,0.003307688,0.013554132
VER,Bahrain,2024,34.0,96.133,VER,0.025268633,0.0013443502,0.0035842212,0.0560643,0.011390039,0.9023484,ALO,0.6660653,0.005476114,0.016415037,0.24611397,0.008193293,0.05773634
VER,Bahrain,2024,35.0,96.018,VER,0.006369094,0.00066908443,0.0027727492,0.04836983,0.006853915,0.9349653,NOR,0.24452144,0.006476416,0.028491851,0.4066026,0.01246888,0.30143884
VER,Bahrain,2024,36.0,96.205,VER,0.0031081967,0.000869021,0.0023215301,0.06350246,0.009835913,0.9203629,NOR,0.030023312,0.0050795316,0.017510284,0.5496371,0.0096663125,0.38808352
VER,Bahrain,2024,39.0,92.608,ALO,0.30422252,0.02002978,0.028830476,0.18802825,0.20144643,0.25744256,ALO,0.78965634,0.009018364,0.029678976,0.12566927,0.018425617,0.027551437
VER,Bahrain,2024,40.0,96.589,VER,0.0055259485,0.007975861,0.0053822896,0.04586574,0.01797005,0.9172801,NOR,0.09150946,0.06310198,0.10599193,0.4955193,0.044368953,0.19950841
VER,Bahrain,2024,41.0,95.29,VER,0.015191371,0.0066968016,0.0053475765,0.05286198,0.031104308,0.88879794,NOR,0.23089989,0.03335145,0.060031638,0.53188205,0.027188139,0.11664681
VER,Bahrain,2024,42.0,94.667,VER,0.08180383,0.002810132,0.013715965,0.03487331,0.01617221,0.8506246,ALO,0.86473,0.0030048648,0.015353438,0.093581736,0.004142239,0.019187726
VER,Bahrain,2024,43.0,94.151,VER,0.021366544,0.0016119267,0.006011463,0.046149995,0.0074088858,0.91745114,ALO,0.6082051,0.006257316,0.031281915,0.28082842,0.011065974,0.062361263
VER,Bahrain,2024,44.0,94.531,VER,0.03863301,0.0044161766,0.012411037,0.100028865,0.021116627,0.8233943,ALO,0.8094557,0.0025244677,0.010419131,0.15827262,0.0037846381,0.015543476
VER,Bahrain,2024,45.0,94.249,VER,0.106856205,0.0076910704,0.021291899,0.12594205,0.07903778,0.65918106,ALO,0.9209286,0.0053518326,0.010081775,0.05041622,0.003666528,0.0095550055
VER,Bahrain,2024,46.0,94.193,VER,0.10316609,0.009934947,0.015376815,0.362217,0.032871123,0.47643402,ALO,0.8392144,0.0047397027,0.007727099,0.13589996,0.0024982672,0.009920641
VER,Bahrain,2024,47.0,94.239,VER,0.13631125,0.006732205,0.016532164,0.20648624,0.022873336,0.6110648,ALO,0.4520205,0.008627641,0.026241546,0.43854564,0.0070760483,0.06748863
VER,Bahrain,2024,48.0,94.35,VER,0.2216008,0.0051655327,0.012404238,0.20035605,0.034051403,0.52642196,ALO,0.8135994,0.008261867,0.010428617,0.15172109,0.002660162,0.013328835
VER,Bahrain,2024,49.0,94.403,VER,0.30833635,0.008110203,0.020385714,0.27305043,0.01596431,0.37415296,ALO,0.91648775,0.0035690365,0.0049194214,0.06516971,0.0020500803,0.007804002
VER,Bahrain,2024,50.0,94.783,VER,0.044545997,0.006875864,0.01665411,0.11577328,0.020624494,0.79552627,ALO,0.6145764,0.017155416,0.031413402,0.2889626,0.0059315315,0.041960698
VER,Bahrain,2024,51.0,94.34,NOR,0.022095516,0.06845238,0.036470357,0.3947989,0.27206016,0.20612268,ALO,0.810032,0.015470955,0.026427304,0.088647544,0.050772306,0.008649863
VER,Bahrain,2024,52.0,94.906,VER,0.05206062,0.011955665,0.017788958,0.163822,0.3536095,0.4007632,ALO,0.58473104,0.036884293,0.034503352,0.27840728,0.021208862,0.044265162
VER,Bahrain,2024,53.0,95.6,NOR,0.078650616,0.013149075,0.017296718,0.40287304,0.1029207,0.38510987,ALO,0.7683919,0.008506937,0.00948327,0.19665635,0.0039147413,0.013046781
VER,Bahrain,2024,54.0,95.334,NOR,0.11553394,0.012374806,0.039294064,0.28534403,0.2826775,0.26477566,ALO,0.8553675,0.0075275423,0.0074663777,0.10882746,0.007698935,0.013112188
VER,Bahrain,2024,55.0,95.184,VER,0.059840847,0.0022271164,0.002967484,0.0618967,0.022131583,0.8509363,ALO,0.45809373,0.015280327,0.017755495,0.4027794,0.01367446,0.09241661
VER,Bahrain,2024,56.0,94.671,VER,0.10583576,0.012156491,0.022840293,0.17155029,0.0770376,0.6105796,ALO,0.7121762,0.017775295,0.028000677,0.21255541,0.014296776,0.01519563
VER,Bahrain,2024,57.0,94.923,ALO,0.6011599,0.0284027,0.035895824,0.18802977,0.11874157,0.027770216,ALO,0.94558907,0.009166362,0.011064943,0.028571155,0.0029526474,0.0026558333
ALO,Monaco,2024,6.0,82.711,ALO,0.9915707,0.0038387887,0.00072125194,0.0016252213,0.0002935174,0.0019504675,ALO,0.8147255,0.15179986,0.0016756465,0.025283815,0.0010961578,0.0054190187
ALO,Monaco,2024,7.0,82.866,ALO,0.9923609,0.004514335,0.0007256463,0.0014881601,0.00022831296,0.0006826285,ALO,0.798815,0.13059723,0.0036032253,0.062015496,0.0012031295,0.0037659614
ALO,Monaco,2024,8.0,82.284,ALO,0.984545,0.0052590147,0.0006526518,0.0068351557,0.00035611924,0.0023520745,ALO,0.612399,0.24515314,0.002818084,0.1280543,0.0014781146,0.010097416
ALO,Monaco,2024,9.0,81.65,ALO,0.96220744,0.015821014,0.0038664239,0.012485992,0.0010974106,0.0045216917,ALO,0.60158783,0.28604126,0.004389121,0.09831475,0.0018565222,0.007810487
ALO,Monaco,2024,10.0,81.864,ALO,0.79272974,0.10021821,0.0037362962,0.08725195,0.0016972469,0.01436662,HAM,0.085208744,0.68470156,0.0024918723,0.2158615,0.0013770149,0.010359341
ALO,Monaco,2024,11.0,81.418,ALO,0.93925285,0.023839522,0.003266597,0.0239969,0.0015680166,0.008076128,HAM,0.32981744,0.39582458,0.005706324,0.24861965,0.002986946,0.017045107
ALO,Monaco,2024,12.0,81.366,ALO,0.99065244,0.003825265,0.00096900924,0.002306712,0.00033219947,0.001914398,ALO,0.70949423,0.23125,0.0040630745,0.044817302,0.0017404563,0.008634918
ALO,Monaco,2024,13.0,81.428,ALO,0.954419,0.008685608,0.013474194,0.013537539,0.002423985,0.0074596666,ALO,0.81023026,0.1145227,0.008609719,0.041792292,0.0035055242,0.021339476
ALO,Monaco,2024,14.0,81.392,ALO,0.66515774,0.28792393,0.011509522,0.02482863,0.0035002993,0.0070798714,HAM,0.1915334,0.76056975,0.008263023,0.028318496,0.0024131963,0.008902125
ALO,Monaco,2024,15.0,81.061,ALO,0.78853285,0.14407364,0.008660821,0.042811807,0.0034808808,0.012440016,HAM,0.1307096,0.6569609,0.009470775,0.18919225,0.0034896815,0.010176829
ALO,Monaco,2024,16.0,81.318,ALO,0.8670618,0.07462293,0.004270606,0.044449817,0.0020853316,0.0075095426,HAM,0.09629973,0.63300383,0.0061415294,0.25397933,0.002185879,0.008389673
ALO,Monaco,2024,17.0,80.799,ALO,0.98400253,0.009200111,0.0027082916,0.002759736,0.00042961224,0.0008996488,ALO,0.8347291,0.13869813,0.0039192457,0.017214647,0.0012851245,0.004153785
ALO,Monaco,2024,18.0,81.075,ALO,0.9919408,0.0025939287,0.0006254895,0.0031176044,0.00028709735,0.0014350625,ALO,0.83126,0.08747647,0.001966024,0.07269682,0.0010270291,0.0055736243
ALO,Monaco,2024,19.0,80.605,ALO,0.99209243,0.0038016336,0.001413346,0.0017187465,0.00027636392,0.0006974978,ALO,0.9497428,0.039655823,0.0010535591,0.007374948,0.0005168147,0.0016560293
ALO,Monaco,2024,20.0,81.11,ALO,0.98716545,0.0075494996,0.0012068651,0.0029205023,0.00033784192,0.00081992114,ALO,0.68959045,0.27036256,0.0029712026,0.031382136,0.0011400144,0.0045536347
ALO,Monaco,2024,21.0,80.317,ALO,0.9853436,0.009403931,0.0014352059,0.002844107,0.00037096223,0.0006021991,ALO,0.67077786,0.31410354,0.0022632007,0.009441387,0.0007246995,0.0026892864
ALO,Monaco,2024,22.0,81.037,ALO,0.8593185,0.093944326,0.010433295,0.024182761,0.0036432361,0.008477866,HAM,0.102140486,0.73432714,0.0080568185,0.14271232,0.002749735,0.010013498
ALO,Monaco,2024,23.0,80.246,ALO,0.8016024,0.17115612,0.004515856,0.014003812,0.0016165756,0.0071052173,HAM,0.44728512,0.51797104,0.0038403203,0.021055704,0.0020970486,0.007750764
ALO,Monaco,2024,24.0,81.413,ALO,0.5412006,0.29290608,0.01391477,0.1286468,0.0076262425,0.015705572,HAM,0.069242224,0.79474986,0.0031592937,0.12513384,0.0016825704,0.0060321772
ALO,Monaco,2024,25.0,81.091,ALO,0.956382,0.030652482,0.0018533043,0.008577949,0.0007666865,0.001767631,HAM,0.3882597,0.5524512,0.00483023,0.048140313,0.0013940845,0.004924472
ALO,Monaco,2024,26.0,80.858,ALO,0.9864594,0.003291817,0.0009752908,0.0054902765,0.00041872193,0.0033644757,ALO,0.80821615,0.07820112,0.003303795,0.09608792,0.0016463778,0.012544617
ALO,Monaco,2024,27.0,81.303,ALO,0.99230325,0.0027225977,0.00053023844,0.0027119045,0.00025570206,0.0014763146,ALO,0.82540774,0.14720285,0.0019460524,0.0188886,0.0010646787,0.0054900693
ALO,Monaco,2024,28.0,81.544,ALO,0.9812867,0.008501842,0.0006773965,0.006900929,0.00030397784,0.0023291837,ALO,0.6099568,0.28798434,0.0014953837,0.0951417,0.0008460512,0.0045757033
ALO,Monaco,2024,29.0,81.205,ALO,0.9939173,0.0020369014,0.00047476997,0.0022898267,0.00022390942,0.0010572859,ALO,0.8791787,0.09890374,0.0017681321,0.013583729,0.0009825701,0.0055830753
ALO,Monaco,2024,30.0,81.034,ALO,0.96408415,0.021167558,0.002226473,0.009040656,0.0008938093,0.0025873962,ALO,0.6137518,0.19313549,0.006540099,0.1780408,0.0015882804,0.0069434764
ALO,Monaco,2024,31.0,80.642,ALO,0.9803417,0.005694296,0.0019057486,0.0073251612,0.00069586234,0.004037335,ALO,0.65441823,0.23257235,0.003466484,0.09883075,0.001672792,0.009039355
ALO,Monaco,2024,32.0,81.01,ALO,0.9692169,0.016176214,0.0017601136,0.00571501,0.0008238016,0.006307981,ALO,0.63655216,0.18094598,0.0047323736,0.16516127,0.0021061252,0.010502104
ALO,Monaco,2024,33.0,80.35,ALO,0.99176675,0.001978993,0.0007046461,0.0019885618,0.00023223792,0.003328862,ALO,0.9581718,0.014724263,0.0014957996,0.01853193,0.0009502742,0.006125983
ALO,Monaco,2024,34.0,80.877,ALO,0.79655164,0.076967604,0.017407887,0.07612575,0.005365797,0.027581368,HAM,0.39062786,0.48167455,0.010897078,0.078026,0.005584427,0.03319004
ALO,Monaco,2024,35.0,80.432,ALO,0.9895036,0.0016081437,0.000591513,0.0020152566,0.0003280533,0.005953441,ALO,0.9015754,0.024682488,0.0026776239,0.045389656,0.0013625837,0.024312293
ALO,Monaco,2024,36.0,81.128,ALO,0.97387445,0.0097405,0.0025434378,0.008120056,0.00074921723,0.004972371,ALO,0.67447805,0.13657367,0.0046333014,0.1696242,0.0019108879,0.0127798645
ALO,Monaco,2024,37.0,81.512,ALO,0.9933611,0.0022565473,0.000695034,0.002189619,0.00026870263,0.0012290166,ALO,0.72825736,0.18274254,0.0019571679,0.080529734,0.0010927574,0.0054204715
ALO,Monaco,2024,38.0,81.082,ALO,0.98786455,0.0019432431,0.00081818306,0.0018789419,0.00029015102,0.0072049326,ALO,0.92615813,0.02723692,0.002530913,0.021425284,0.0012103854,0.021438401
ALO,Monaco,2024,39.0,81.265,ALO,0.80506766,0.16397206,0.0134704895,0.011017111,0.0012956383,0.005177055,HAM,0.21793199,0.7609776,0.00796538,0.009082061,0.0012999735,0.0027429452
ALO,Monaco,2024,40.0,80.755,ALO,0.9907832,0.002116559,0.0005199299,0.0021092668,0.0001972929,0.00427369,ALO,0.9248709,0.029093392,0.0022407398,0.032057803,0.001277135,0.010459955
ALO,Monaco,2024,42.0,83.332,ALO,0.93664336,0.053685997,0.0013267152,0.0032688882,0.000979308,0.004095706,ALO,0.71749264,0.2673916,0.0016369612,0.0063967225,0.0009345502,0.006147583
ALO,Monaco,2024,43.0,80.286,ALO,0.96893424,0.022357713,0.0012155423,0.00651743,0.00029102183,0.00068404386,ALO,0.7295973,0.25205126,0.0022967868,0.013118612,0.00073762843,0.002198438
ALO,Monaco,2024,44.0,78.852,ALO,0.9927055,0.0010251408,0.00041592508,0.003515153,0.00016948135,0.0021687115,ALO,0.93431616,0.039830722,0.0013854364,0.019125551,0.00063930894,0.0047028214
ALO,Monaco,2024,45.0,79.956,ALO,0.9863275,0.004655057,0.0014928187,0.0055291825,0.0003020857,0.0016933801,ALO,0.8408508,0.11849909,0.0028722049,0.02994959,0.0014565784,0.006371813
ALO,Monaco,2024,46.0,78.928,ALO,0.9853153,0.002367488,0.0007452805,0.009619623,0.00033875363,0.0016135869,ALO,0.9273972,0.036667395,0.0017960942,0.026734775,0.0016030045,0.0058015105
ALO,Monaco,2024,47.0,79.109,ALO,0.97323,0.009826218,0.00090209366,0.012096631,0.00037463912,0.0035704519,ALO,0.71792674,0.14600918,0.002506813,0.124774575,0.001088177,0.0076944837
ALO,Monaco,2024,48.0,80.315,ALO,0.9890877,0.004417991,0.00054156274,0.0035661291,0.00030219555,0.0020844853,ALO,0.66953355,0.26272008,0.0016534859,0.061372373,0.00084092154,0.0038796181
ALO,Monaco,2024,49.0,79.837,ALO,0.71372926,0.06893948,0.13908446,0.015104044,0.04645563,0.016687065,ALO,0.51937944,0.21379028,0.1716732,0.052154846,0.012843965,0.030158265
ALO,Monaco,2024,50.0,79.334,ALO,0.99427104,0.0017852309,0.000695046,0.0014654613,0.00019852836,0.0015846994,ALO,0.9337567,0.052951265,0.0014615565,0.006222566,0.00070595957,0.0049019386
ALO,Monaco,2024,51.0,80.636,ALO,0.9792517,0.009056062,0.00085164537,0.008609775,0.00043181333,0.0017990018,HAM,0.41845727,0.44237325,0.0025332423,0.13152733,0.0010034932,0.0041054105
ALO,Monaco,2024,52.0,83.377,ALO,0.95622325,0.027703473,0.0016420258,0.011980636,0.0006131035,0.0018374845,ALO,0.6175396,0.3506,0.001790878,0.02471974,0.0012128168,0.004136924
ALO,Monaco,2024,53.0,79.992,ALO,0.99628663,0.00077049306,0.00097446045,0.0010601729,0.00022924939,0.0006789294,ALO,0.9787531,0.010570437,0.0009814033,0.0064600254,0.0005051162,0.0027299526
ALO,Monaco,2024,54.0,79.191,ALO,0.9917932,0.0033971898,0.0009629447,0.0018963269,0.00023022854,0.0017201308,ALO,0.9406695,0.03675764,0.0013167108,0.017196156,0.00064090564,0.0034191268
ALO,Monaco,2024,55.0,79.411,ALO,0.9853812,0.0038252946,0.007416486,0.0015295547,0.00040992716,0.001437628,ALO,0.97309995,0.016068319,0.0017194344,0.0052842633,0.0007144997,0.0031134933
ALO,Monaco,2024,56.0,80.739,ALO,0.98771113,0.0013318493,0.00829348,0.0010230923,0.0010359226,0.00060455495,ALO,0.9332496,0.0375776,0.0049772356,0.01756721,0.0033004112,0.0033279767
ALO,Monaco,2024,57.0,80.6,ALO,0.9906199,0.003819218,0.00052351085,0.0023426265,0.00019151469,0.0025032798,ALO,0.92481107,0.058178093,0.0011871847,0.010179753,0.0006709743,0.00497294
ALO,Monaco,2024,58.0,79.229,ALO,0.9955812,0.0010119133,0.0013112033,0.0010719073,0.00019581555,0.00082797924,ALO,0.9769791,0.011980903,0.001361108,0.0060771443,0.0007256543,0.0028761476
ALO,Monaco,2024,59.0,79.219,ALO,0.98431075,0.0061863153,0.0018993623,0.0060350555,0.00030229284,0.0012662325,ALO,0.9351485,0.049188156,0.002710522,0.009864536,0.00072649174,0.0023617907
ALO,Monaco,2024,60.0,79.166,ALO,0.9930214,0.0010707686,0.001564849,0.0019186833,0.0002256491,0.00219868,ALO,0.95450455,0.015186743,0.0014326643,0.022764415,0.0006117535,0.0054998677
ALO,Monaco,2024,61.0,78.752,ALO,0.98303246,0.00044148267,0.013374436,0.0020408628,0.00025027027,0.00086045795,ALO,0.97488016,0.004386268,0.002348202,0.013838343,0.00091549766,0.0036315112
ALO,Monaco,2024,62.0,78.816,ALO,0.96818864,0.005014714,0.0029902132,0.019032048,0.0007584723,0.004015888,ALO,0.9160159,0.039918255,0.0037915064,0.03245968,0.001182057,0.006632639
ALO,Monaco,2024,63.0,78.556,ALO,0.9925349,0.000905806,0.0015383494,0.0018478741,0.00030521533,0.002867881,ALO,0.97219646,0.008130771,0.0015610944,0.011748924,0.0005375518,0.0058251373
ALO,Monaco,2024,64.0,78.736,ALO,0.99336135,0.0007055042,0.0007245949,0.0020318609,0.00022346366,0.0029532292,ALO,0.9716376,0.008881072,0.001284277,0.011174951,0.00060788763,0.0064142514
ALO,Monaco,2024,65.0,78.633,ALO,0.98065776,0.007923293,0.005158131,0.00487786,0.0004081404,0.00097483816,ALO,0.9521502,0.03271708,0.0013310644,0.010887044,0.0006945412,0.0022200407
ALO,Monaco,2024,66.0,78.637,ALO,0.98683167,0.0040522167,0.0057739704,0.001491648,0.00057375553,0.0012767256,ALO,0.9762645,0.012204696,0.002590062,0.0040746466,0.0010335345,0.0038325556
ALO,Monaco,2024,67.0,78.126,ALO,0.9686402,0.010608326,0.001369285,0.015932063,0.0005741047,0.0028760547,ALO,0.84678084,0.12873313,0.0033047798,0.014948772,0.000980911,0.00525157
ALO,Monaco,2024,68.0,77.939,ALO,0.9842175,0.0027053026,0.0032180815,0.008197886,0.0003987978,0.0012624129,ALO,0.9815013,0.0046647834,0.0012159807,0.009901761,0.0004062975,0.002309876
ALO,Monaco,2024,69.0,78.713,ALO,0.97790456,0.0033886388,0.0027991887,0.013835789,0.000435154,0.0016366756,ALO,0.9526332,0.012678629,0.0011206027,0.029269543,0.0006685024,0.003629531
ALO,Monaco,2024,70.0,78.473,ALO,0.9701763,0.003181976,0.018128186,0.006502017,0.0011797847,0.0008316932,ALO,0.97717494,0.008387453,0.004965559,0.0073933997,0.00062281854,0.0014558426
ALO,Monaco,2024,71.0,78.133,ALO,0.98159677,0.002634855,0.0012676525,0.011844868,0.00036561562,0.0022902433,ALO,0.969482,0.006073428,0.0008603521,0.020537898,0.0004279397,0.0026183852
ALO,Monaco,2024,72.0,78.081,ALO,0.9508762,0.014290039,0.0012448491,0.02698568,0.00061112636,0.0059921015,ALO,0.8593415,0.070793755,0.0022800583,0.054931935,0.0012135524,0.0114392
ALO,Monaco,2024,73.0,78.504,ALO,0.98662335,0.0016801603,0.0006154275,0.008445526,0.00028779168,0.00234781,ALO,0.97657067,0.0036137905,0.0010484704,0.015518578,0.0004581778,0.0027903817
ALO,Monaco,2024,74.0,80.336,ALO,0.9908047,0.004399701,0.0011983832,0.0021268192,0.0001988535,0.001271639,ALO,0.8672937,0.11900555,0.00078965916,0.010443611,0.0004465286,0.0020209663
ALO,Monaco,2024,75.0,78.663,ALO,0.9720657,0.004765782,0.0020352288,0.017820813,0.00051278115,0.0027996623,ALO,0.9653886,0.012134088,0.0011736727,0.018648189,0.00057682605,0.0020786868
ALO,Monaco,2024,76.0,79.053,ALO,0.97656506,0.0021945655,0.00058446947,0.017101502,0.00026727212,0.0032870737,ALO,0.9395914,0.015075909,0.001466577,0.03347562,0.00074949657,0.009641056
HAM,Monaco,2024,23.0,79.089,HAM,0.006694672,0.9601613,0.0028933329,0.0134097,0.007257506,0.009583422,HAM,0.018885646,0.8955033,0.0024725317,0.03558564,0.019211475,0.028341446
HAM,Monaco,2024,24.0,78.785,HAM,0.0036098182,0.96927017,0.0036993807,0.012669715,0.0048090327,0.0059418525,HAM,0.014684162,0.91611224,0.0027156544,0.037107952,0.014683943,0.01469609
HAM,Monaco,2024,25.0,79.342,HAM,0.0026619588,0.92592263,0.0028813123,0.04342308,0.01263983,0.012471193,HAM,0.0030132001,0.741372,0.0013627798,0.22182587,0.015621085,0.016805032
HAM,Monaco,2024,27.0,78.549,HAM,0.0016684342,0.96289885,0.0012098829,0.0044804243,0.0055235913,0.024218857,HAM,0.0041801697,0.9205469,0.0015226478,0.02161216,0.018773202,0.033364862
HAM,Monaco,2024,28.0,78.587,HAM,0.008201049,0.9658766,0.0035468133,0.010393518,0.004377694,0.007604383,HAM,0.02789074,0.89241004,0.0030038105,0.042281985,0.012933867,0.021479517
HAM,Monaco,2024,29.0,78.94,HAM,0.0012059245,0.98229885,0.0019205248,0.00289628,0.008530714,0.00314768,HAM,0.004301549,0.9464416,0.0017613365,0.015763357,0.021622749,0.010109418
HAM,Monaco,2024,30.0,78.371,HAM,0.03418793,0.8564808,0.007374719,0.06746867,0.0082665235,0.02622136,HAM,0.03674853,0.8519671,0.0032171349,0.06690281,0.006449167,0.03471521
HAM,Monaco,2024,31.0,78.471,HAM,0.0023370278,0.9471104,0.0021852024,0.008313906,0.016605034,0.023448473,HAM,0.003714317,0.8864627,0.0014805774,0.063489005,0.017002719,0.02785069
HAM,Monaco,2024,32.0,78.618,HAM,0.007633446,0.85531163,0.0030878582,0.010036991,0.006163622,0.11776645,HAM,0.025394144,0.57772803,0.0031387666,0.055775538,0.02834243,0.30962107
HAM,Monaco,2024,33.0,78.746,HAM,0.0033245804,0.9586597,0.0014959107,0.008700633,0.0042911954,0.023528012,HAM,0.0070841815,0.9069616,0.0015782875,0.03642383,0.014133875,0.03381819
HAM,Monaco,2024,34.0,78.86,HAM,0.014275655,0.84924096,0.007876615,0.041602433,0.014645397,0.07235896,HAM,0.014916461,0.85599357,0.0020505392,0.04348228,0.016470969,0.06708611
HAM,Monaco,2024,37.0,78.605,HAM,0.001187844,0.97932637,0.0014136317,0.0053674043,0.00688149,0.0058232904,HAM,0.0036908472,0.9381094,0.0017591345,0.019069292,0.02007049,0.017300863
HAM,Monaco,2024,39.0,78.943,HAM,0.0017173481,0.95793027,0.0013173224,0.007695035,0.0030163461,0.02832363,HAM,0.0040549743,0.8706383,0.0013334492,0.022770297,0.011194927,0.09000802
HAM,Monaco,2024,40.0,78.673,HAM,0.0018015485,0.98212093,0.0016685603,0.0031438223,0.007900826,0.0033643383,HAM,0.0039605405,0.9572698,0.0017613753,0.0076714763,0.019582875,0.009753917
HAM,Monaco,2024,41.0,78.946,HAM,0.0011448391,0.96137494,0.0016365309,0.005779722,0.012949699,0.017114213,HAM,0.003189955,0.8693487,0.0020264098,0.020942502,0.022156015,0.08233644
HAM,Monaco,2024,42.0,77.542,HAM,0.0022947805,0.96393824,0.0021001452,0.0076754075,0.016858889,0.007132582,HAM,0.0075699775,0.8937862,0.0037214053,0.03820311,0.03212354,0.024595803
HAM,Monaco,2024,43.0,77.867,HAM,0.002472075,0.9662012,0.0039001103,0.0027617074,0.015130478,0.009534445,HAM,0.007546885,0.9219816,0.003696391,0.011619336,0.041917704,0.01323806
HAM,Monaco,2024,44.0,78.225,HAM,0.002154412,0.9635453,0.0026587013,0.003834855,0.02538051,0.0024262562,HAM,0.0059462087,0.94729984,0.0025377457,0.007460482,0.029906247,0.0068494603
HAM,Monaco,2024,45.0,78.156,HAM,0.0013165792,0.9645073,0.0017784137,0.008653569,0.0044593127,0.019284891,HAM,0.004320644,0.8086628,0.0019918852,0.033274855,0.015831217,0.13591869
HAM,Monaco,2024,46.0,78.104,HAM,0.0010500634,0.98075837,0.0016231834,0.0070569697,0.0056488956,0.0038625381,HAM,0.0022327148,0.96154344,0.0013143836,0.015354493,0.014571041,0.004983966
HAM,Monaco,2024,47.0,78.331,HAM,0.0006330845,0.9787239,0.0017819992,0.0012589247,0.016342467,0.0012596208,HAM,0.002813108,0.9486828,0.0027931547,0.0075469753,0.028329816,0.009834188
HAM,Monaco,2024,48.0,77.831,HAM,0.003364111,0.96770376,0.0029943017,0.006719486,0.011241464,0.007976863,HAM,0.016854478,0.8843479,0.0029578232,0.03381223,0.038252506,0.023775011
HAM,Monaco,2024,49.0,77.398,HAM,0.001629849,0.98022276,0.006256749,0.0061969263,0.005043553,0.00065023603,HAM,0.0068620406,0.92183954,0.005734117,0.008143526,0.054198917,0.003221804
HAM,Monaco,2024,50.0,78.461,HAM,0.0057064984,0.91984326,0.013055965,0.008902355,0.045380395,0.0071115163,HAM,0.020742137,0.84447247,0.0053886124,0.034245767,0.073960155,0.021190813
HAM,Monaco,2024,53.0,76.458,HAM,0.012864146,0.96676785,0.013577888,0.0025506574,0.0035484158,0.000690988,HAM,0.016449498,0.9595156,0.011497354,0.0036977874,0.0068115867,0.0020282252
HAM,Monaco,2024,54.0,76.388,HAM,0.0013128208,0.9656185,0.0075298534,0.0038122267,0.020148218,0.0015783813,HAM,0.004698415,0.9559762,0.0030087451,0.00944173,0.022028515,0.0048464187
HAM,Monaco,2024,55.0,76.492,HAM,0.0014946314,0.8352332,0.020576451,0.0021863105,0.13941757,0.0010917919,SAI,0.0033667004,0.48855528,0.009135643,0.00402226,0.49249205,0.0024280362
HAM,Monaco,2024,56.0,74.423,HAM,0.31867796,0.51663154,0.09585356,0.017352715,0.04148265,0.010001604,HAM,0.23270282,0.665518,0.06305028,0.018826362,0.011351036,0.008551505
HAM,Monaco,2024,57.0,77.857,HAM,0.008092869,0.96459556,0.0068697575,0.0054208534,0.0128511945,0.0021698296,HAM,0.011343529,0.97126806,0.0024180703,0.004205043,0.0054531335,0.005312193
HAM,Monaco,2024,58.0,76.855,HAM,0.0015683566,0.96679103,0.014138383,0.003403557,0.013021784,0.0010768317,HAM,0.008449209,0.9449869,0.0043163104,0.020362647,0.013468989,0.008415912
HAM,Monaco,2024,59.0,74.204,HAM,0.18492189,0.40770468,0.30558828,0.010852071,0.07127846,0.01965462,HAM,0.28138977,0.3048793,0.26865783,0.014599081,0.10532727,0.025146753
HAM,Monaco,2024,60.0,75.848,HAM,0.0015047897,0.98633504,0.00442047,0.0011354422,0.006013728,0.00059047894,HAM,0.005506251,0.9742353,0.007299622,0.0035619664,0.006490703,0.002906175
HAM,Monaco,2024,61.0,75.274,HAM,0.0015866314,0.97440016,0.0048941416,0.0019653018,0.01648909,0.0006646761,HAM,0.011382446,0.9593614,0.0036454648,0.008532548,0.013278004,0.0038001235
HAM,Monaco,2024,62.0,75.414,HAM,0.014626149,0.8661844,0.015262585,0.0031195679,0.098667115,0.0021401672,HAM,0.034111995,0.9117029,0.0113867475,0.0061503537,0.028762877,0.007885188
HAM,Monaco,2024,63.0,74.165,HAM,0.049179215,0.59034085,0.22936904,0.0143218795,0.111677155,0.005111866,HAM,0.07453529,0.5266077,0.27286667,0.022747884,0.09186205,0.0113804005
HAM,Monaco,2024,64.0,76.164,HAM,0.0036804134,0.87572104,0.009614135,0.008672809,0.10121625,0.0010954079,HAM,0.013629976,0.792195,0.008488408,0.009675373,0.1694473,0.006563908
HAM,Monaco,2024,65.0,75.19,SAI,0.0065124226,0.04058719,0.08965248,0.0060323128,0.8544921,0.002723513,SAI,0.0058181137,0.0378119,0.018943409,0.004496962,0.9298641,0.0030655519
HAM,Monaco,2024,66.0,75.342,HAM,0.0025418408,0.97491246,0.006695387,0.008388592,0.0056710597,0.001790698,HAM,0.013457102,0.9315193,0.0044399905,0.029586382,0.0060567674,0.014940418
HAM,Monaco,2024,67.0,76.117,HAM,0.0010744416,0.9912991,0.0030495033,0.0016089474,0.0023619689,0.0006060362,HAM,0.0034048848,0.98683435,0.0020909111,0.0034323016,0.0026285066,0.0016090097
HAM,Monaco,2024,68.0,75.836,HAM,0.0010052322,0.9785364,0.0032665038,0.0023933114,0.01374223,0.0010563576,HAM,0.0029304747,0.9650056,0.0021124373,0.0060292515,0.019913996,0.004008251
HAM,Monaco,2024,69.0,75.648,HAM,0.017737344,0.8218707,0.013099432,0.12881944,0.0053913705,0.0130817415,HAM,0.06542272,0.6774307,0.005259383,0.19188853,0.009226545,0.05077211
HAM,Monaco,2024,70.0,75.638,HAM,0.0016798899,0.9758439,0.012726128,0.004098404,0.0047363504,0.0009153493,HAM,0.009146924,0.95633686,0.0035377648,0.0138116935,0.011084469,0.0060823434
HAM,Monaco,2024,71.0,75.643,HAM,0.0012649713,0.9858214,0.0077338796,0.00063398934,0.0039474936,0.00059821433,HAM,0.003808031,0.9883585,0.0020461888,0.0016233968,0.002256485,0.0019073586
HAM,Monaco,2024,72.0,75.468,HAM,0.0015225889,0.93458605,0.016408276,0.0018477936,0.044994324,0.0006409223,SAI,0.008127292,0.4272565,0.021681024,0.006018938,0.5333288,0.003587456
HAM,Monaco,2024,73.0,75.134,HAM,0.005194319,0.9699038,0.0062419744,0.0054627815,0.0031445208,0.010052534,HAM,0.016505959,0.9330044,0.0030134858,0.024517545,0.0043168785,0.018641727
HAM,Monaco,2024,74.0,75.324,HAM,0.0023570727,0.84721243,0.013972782,0.0019139908,0.1337242,0.00081953127,SAI,0.0062251184,0.4303828,0.014431798,0.0038267812,0.5424325,0.0027010643
HAM,Monaco,2024,75.0,75.324,HAM,0.002281004,0.9014645,0.01459977,0.0017472844,0.07902619,0.0008811882,HAM,0.011792427,0.8196601,0.017358178,0.0074053607,0.1387642,0.005019717
HAM,Monaco,2024,76.0,75.245,HAM,0.0024960989,0.7461419,0.023536904,0.0055779936,0.2198521,0.0023949572,SAI,0.008982535,0.36092904,0.007931188,0.007496712,0.61143804,0.0032225465
HAM,Monaco,2024,77.0,75.697,HAM,0.0016653434,0.8882666,0.009484028,0.0051446497,0.094779186,0.0006602053,HAM,0.006086408,0.497962,0.013880405,0.008885801,0.46955222,0.0036331993
HAM,Monaco,2024,78.0,76.355,HAM,0.0025695008,0.9198157,0.015870625,0.0027065002,0.057850048,0.0011876175,HAM,0.010538325,0.7026193,0.02702861,0.010349644,0.24445115,0.0050129676
LEC,Monaco,2024,9.0,80.114,LEC,0.007926887,0.026238078,0.49321055,0.0042800372,0.4635574,0.00478703,SAI,0.014456428,0.09183377,0.027837895,0.013790908,0.846882,0.005199031
LEC,Monaco,2024,12.0,80.252,SAI,0.012594684,0.10622289,0.1248203,0.006992834,0.7341124,0.015256933,HAM,0.029180465,0.6203627,0.039420847,0.044972163,0.23762599,0.028437808
LEC,Monaco,2024,13.0,79.017,SAI,0.010309973,0.049640104,0.44905627,0.009277106,0.47291633,0.008800196,SAI,0.033784915,0.26284808,0.05151739,0.02355646,0.6074338,0.020859336
LEC,Monaco,2024,14.0,79.913,HAM,0.009240579,0.6429109,0.21742111,0.0068485397,0.11630692,0.007271956,HAM,0.0069864797,0.9208532,0.012619286,0.01128298,0.03955846,0.008699601
LEC,Monaco,2024,15.0,79.838,LEC,0.14105938,0.15555385,0.28244826,0.12651362,0.09825402,0.19617088,HAM,0.076034084,0.48226872,0.030744173,0.30276313,0.032614797,0.075575046
LEC,Monaco,2024,16.0,80.156,LEC,0.007452567,0.025046162,0.5144621,0.010353528,0.4212763,0.021409322,SAI,0.008961163,0.062573954,0.011507295,0.03375218,0.867631,0.01557441
LEC,Monaco,2024,17.0,80.279,SAI,0.010381814,0.14016469,0.11486498,0.004604543,0.7250056,0.004978321,SAI,0.009170715,0.121351495,0.021262553,0.0060587563,0.83566594,0.00649052
LEC,Monaco,2024,18.0,79.58,LEC,0.016039977,0.027908877,0.5020676,0.008237061,0.43821704,0.0075293807,LEC,0.031190287,0.13666372,0.49228892,0.028300943,0.30106515,0.010491001
LEC,Monaco,2024,19.0,78.842,LEC,0.021590129,0.03394893,0.7057121,0.028816888,0.16211651,0.047815483,SAI,0.06841094,0.21875711,0.083370484,0.09607097,0.27618417,0.25720632
LEC,Monaco,2024,20.0,78.724,SAI,0.0047842357,0.022929002,0.2218024,0.00544014,0.73400486,0.011039422,SAI,0.02852409,0.24170141,0.045257647,0.058863923,0.56636894,0.05928397
LEC,Monaco,2024,21.0,78.472,LEC,0.014294029,0.040399972,0.79572487,0.044404075,0.06429581,0.040881284,HAM,0.08139868,0.33178568,0.022054164,0.21042585,0.10967106,0.24466456
LEC,Monaco,2024,22.0,78.62,LEC,0.015016811,0.032331567,0.7957333,0.040946003,0.07577542,0.04019692,SAI,0.06146351,0.20084919,0.07031689,0.14342643,0.26697066,0.25697333
LEC,Monaco,2024,23.0,78.458,LEC,0.016947107,0.020557003,0.91198,0.01346994,0.031309947,0.0057360586,LEC,0.097995885,0.223005,0.3467946,0.05023387,0.1361464,0.14582424
LEC,Monaco,2024,24.0,78.725,LEC,0.031685963,0.09710963,0.41475305,0.09230857,0.0693157,0.29482707,NOR,0.07690347,0.29794014,0.02097988,0.44369924,0.035119697,0.12535755
LEC,Monaco,2024,25.0,78.973,LEC,0.011889244,0.038218953,0.75918466,0.07517439,0.060395464,0.05513731,SAI,0.040773492,0.14065236,0.10712405,0.16099727,0.36653656,0.18391627
LEC,Monaco,2024,26.0,78.445,LEC,0.012357284,0.019915383,0.90923506,0.01365534,0.026700057,0.018136911,HAM,0.11036211,0.3174605,0.17711817,0.19859554,0.12990603,0.0665577
LEC,Monaco,2024,27.0,78.351,LEC,0.010017035,0.036809836,0.7695607,0.03754644,0.08693146,0.059134506,HAM,0.0576374,0.31190184,0.03169503,0.31016997,0.14547452,0.14312124
LEC,Monaco,2024,28.0,78.71,LEC,0.0069477726,0.013413683,0.9374366,0.0033626661,0.03654725,0.002292013,HAM,0.07748365,0.41976574,0.3599722,0.086181015,0.030188803,0.026408592
LEC,Monaco,2024,29.0,79.053,LEC,0.009344737,0.03293376,0.80201757,0.049650993,0.07107643,0.034976505,VER,0.05419528,0.23138243,0.05532405,0.21553689,0.20159134,0.24196999
LEC,Monaco,2024,30.0,79.935,LEC,0.027027775,0.14726654,0.41208494,0.02164789,0.33973193,0.05224098,HAM,0.052328672,0.6028987,0.016514432,0.12226225,0.15393305,0.052062906
LEC,Monaco,2024,31.0,78.393,LEC,0.0074694813,0.024583312,0.49515373,0.005940533,0.46413237,0.002720613,SAI,0.019930817,0.114795424,0.2588916,0.030266147,0.56530243,0.010813581
LEC,Monaco,2024,32.0,79.125,LEC,0.009580944,0.027247082,0.91723347,0.011049574,0.028893558,0.0059953784,HAM,0.049389467,0.59205896,0.052318875,0.19762973,0.07457558,0.034027416
LEC,Monaco,2024,33.0,78.494,LEC,0.005297318,0.024927368,0.6209279,0.010579254,0.33159092,0.0066772746,SAI,0.009470016,0.09720937,0.01998556,0.030945797,0.8237255,0.018663712
LEC,Monaco,2024,34.0,79.319,SAI,0.004543199,0.01391252,0.24003528,0.015547326,0.7193539,0.006607826,SAI,0.013500961,0.09032739,0.02082783,0.070567384,0.78936666,0.015409761
LEC,Monaco,2024,35.0,78.53,LEC,0.006060341,0.020980002,0.6860069,0.019023445,0.25039873,0.017530542,SAI,0.0152544165,0.14003716,0.021199206,0.06292596,0.72954625,0.031036997
LEC,Monaco,2024,36.0,78.689,LEC,0.020049756,0.045137864,0.8343926,0.029494304,0.03336457,0.037560847,HAM,0.09936655,0.4731239,0.033771276,0.19658494,0.03699779,0.1601555
LEC,Monaco,2024,37.0,78.925,LEC,0.01507482,0.072821155,0.7273844,0.0339412,0.12475875,0.02601963,HAM,0.036781788,0.48291793,0.027608305,0.15965955,0.2493614,0.043670997
LEC,Monaco,2024,38.0,78.528,LEC,0.005825813,0.057200663,0.7195545,0.013022299,0.19236639,0.012030342,HAM,0.01819919,0.4527006,0.07226677,0.12165924,0.28076908,0.05440509
LEC,Monaco,2024,39.0,78.181,LEC,0.022653539,0.077572964,0.659743,0.06451525,0.092871316,0.08264394,HAM,0.06867766,0.35208482,0.04693584,0.14531355,0.22549012,0.16149803
LEC,Monaco,2024,40.0,78.733,LEC,0.005435733,0.040168855,0.48274958,0.014864884,0.45091563,0.0058652894,HAM,0.01930071,0.45118275,0.039255027,0.18215072,0.2811853,0.02692551
LEC,Monaco,2024,41.0,78.694,LEC,0.007452196,0.04857167,0.7093447,0.16785268,0.045159437,0.021619322,NOR,0.014878401,0.2101775,0.019148204,0.6803381,0.030655487,0.04480235
LEC,Monaco,2024,42.0,79.277,SAI,0.008383514,0.031106092,0.44001403,0.015617824,0.5014856,0.0033929637,SAI,0.011742424,0.09196488,0.03654868,0.028258843,0.82565033,0.0058348626
LEC,Monaco,2024,43.0,77.865,LEC,0.0096950745,0.02360417,0.9056436,0.015886318,0.022208385,0.022962438,HAM,0.10605071,0.41511405,0.063730344,0.10470516,0.039227333,0.27117243
LEC,Monaco,2024,44.0,78.276,LEC,0.009790254,0.014117137,0.9380698,0.0049250647,0.029977996,0.0031196596,LEC,0.059355218,0.24490258,0.54602414,0.05192029,0.07187573,0.025922047
LEC,Monaco,2024,45.0,78.541,LEC,0.006923648,0.020340845,0.932573,0.0068408125,0.028700577,0.0046210615,HAM,0.06216192,0.43102604,0.1133454,0.06853545,0.27466583,0.050265346
LEC,Monaco,2024,46.0,78.567,LEC,0.0128035555,0.050473813,0.8449956,0.030956132,0.050770257,0.010000656,HAM,0.058921505,0.597762,0.036137477,0.17977452,0.089737535,0.03766695
LEC,Monaco,2024,47.0,79.185,LEC,0.010978717,0.028595539,0.8731191,0.045992866,0.022822073,0.018491697,HAM,0.07181327,0.39569634,0.036154717,0.37315863,0.07381894,0.049358092
LEC,Monaco,2024,48.0,77.941,NOR,0.06279012,0.069525905,0.03934659,0.41776884,0.022234332,0.38833418,VER,0.09149909,0.2106473,0.018272141,0.30668333,0.016361404,0.35653675
LEC,Monaco,2024,49.0,78.506,NOR,0.042907465,0.13850242,0.3377137,0.35360342,0.028617086,0.0986559,NOR,0.04737184,0.34971014,0.015258537,0.4743709,0.020275114,0.09301345
LEC,Monaco,2024,50.0,78.185,LEC,0.01674451,0.027784199,0.49486884,0.3396249,0.013401518,0.10757595,NOR,0.06588657,0.18988687,0.015401235,0.44968614,0.018243795,0.2608954
LEC,Monaco,2024,51.0,77.79,LEC,0.017781682,0.010929695,0.8446942,0.009139489,0.11209995,0.005355002,LEC,0.06567726,0.11683584,0.4970403,0.03310827,0.24699628,0.04034205
LEC,Monaco,2024,52.0,78.311,NOR,0.0396463,0.047502093,0.3907816,0.4363984,0.041635826,0.044035822,NOR,0.05487203,0.19737683,0.014770371,0.6674427,0.018872045,0.04666606
LEC,Monaco,2024,53.0,77.748,LEC,0.0072103203,0.029338608,0.9181782,0.010733326,0.029406635,0.005132987,HAM,0.039884456,0.5768329,0.10036895,0.2044858,0.05150183,0.026926076
LEC,Monaco,2024,54.0,77.357,LEC,0.022366248,0.07587524,0.75885683,0.095074415,0.028349468,0.019477785,HAM,0.08203674,0.46379754,0.06913032,0.23695067,0.06535948,0.08272522
LEC,Monaco,2024,55.0,77.444,LEC,0.01371361,0.047100525,0.8726301,0.019467343,0.038339052,0.008749332,HAM,0.06836864,0.39728057,0.2155346,0.0782584,0.16211344,0.0784443
LEC,Monaco,2024,56.0,77.266,SAI,0.0053094313,0.019691264,0.40194753,0.008727577,0.5613627,0.0029615522,SAI,0.009720123,0.06261356,0.052021842,0.0088663325,0.85564584,0.011132301
LEC,Monaco,2024,57.0,77.64,LEC,0.0135711925,0.024606582,0.9353279,0.008850833,0.010810171,0.0068332683,HAM,0.1456261,0.3935354,0.33029053,0.05689517,0.02782764,0.045825098
LEC,Monaco,2024,58.0,77.028,LEC,0.00823902,0.1063718,0.46089622,0.019512264,0.3974364,0.0075443396,SAI,0.01675092,0.3828944,0.07443652,0.031717166,0.47078273,0.02341828
LEC,Monaco,2024,59.0,77.034,LEC,0.12630045,0.012820192,0.58184946,0.21011631,0.01134967,0.057563886,NOR,0.29299787,0.050171867,0.22997446,0.31190765,0.02676265,0.088185504
LEC,Monaco,2024,60.0,76.414,LEC,0.014473099,0.024235567,0.5123922,0.01743754,0.4025089,0.0289527,LEC,0.026397964,0.061007477,0.456339,0.015845459,0.36057684,0.07983331
LEC,Monaco,2024,61.0,76.863,LEC,0.012241447,0.026916726,0.37084013,0.3634405,0.044255663,0.18230553,VER,0.04209795,0.11647005,0.034697074,0.21327129,0.09560448,0.4978592
LEC,Monaco,2024,62.0,77.454,LEC,0.011411353,0.023788733,0.89978486,0.012124891,0.04906773,0.003822459,LEC,0.04174141,0.17461666,0.66050833,0.03609109,0.064749055,0.022293432
LEC,Monaco,2024,63.0,76.971,LEC,0.019992042,0.07504305,0.6592551,0.16121803,0.06786231,0.01662951,HAM,0.08380916,0.5561079,0.05343772,0.15858586,0.07739831,0.070661075
LEC,Monaco,2024,64.0,76.56,LEC,0.033702698,0.17399848,0.36495858,0.05517482,0.28081113,0.091354266,HAM,0.1015242,0.49216315,0.052459728,0.077795304,0.1654707,0.110586874
LEC,Monaco,2024,65.0,76.607,LEC,0.01773668,0.04268223,0.85969436,0.016972011,0.050784044,0.012130688,HAM,0.076293916,0.30536002,0.23942502,0.033771515,0.2326947,0.11245481
LEC,Monaco,2024,66.0,76.489,LEC,0.01669397,0.068429165,0.7423384,0.03514709,0.12717968,0.010211686,SAI,0.059152808,0.31451985,0.13024615,0.052828252,0.39715257,0.046100345
LEC,Monaco,2024,67.0,75.941,LEC,0.37868693,0.012831479,0.55183035,0.03350342,0.008121241,0.015026562,ALO,0.572247,0.016230484,0.34772065,0.023907682,0.008347667,0.03154652
LEC,Monaco,2024,68.0,76.082,LEC,0.07666279,0.025905227,0.40071398,0.18681954,0.035618484,0.27428,VER,0.14452195,0.036783297,0.13519068,0.1869571,0.032712772,0.46383417
LEC,Monaco,2024,69.0,76.373,LEC,0.043551005,0.033076458,0.465985,0.32957554,0.02483163,0.10298036,VER,0.09336237,0.07275487,0.119450144,0.212424,0.032329455,0.46967918
LEC,Monaco,2024,70.0,75.767,LEC,0.00949527,0.036396645,0.87042934,0.011033836,0.069469795,0.0031751213,LEC,0.0072527854,0.020929288,0.91255015,0.0032127798,0.053778224,0.0022767761
LEC,Monaco,2024,71.0,75.162,LEC,0.025665134,0.05978255,0.8274108,0.028416656,0.050235163,0.008489679,LEC,0.033435613,0.11361082,0.7192232,0.020760847,0.09541323,0.017556282
LEC,Monaco,2024,72.0,75.547,ALO,0.65375775,0.015826536,0.29296666,0.02433331,0.0058086277,0.0073071322,ALO,0.78642106,0.02602627,0.15477774,0.011548979,0.011467714,0.009758275
LEC,Monaco,2024,73.0,76.219,LEC,0.014605179,0.011420072,0.94662285,0.013053636,0.0061591924,0.00813904,LEC,0.12676483,0.21815656,0.45648462,0.10330545,0.034846686,0.060441826
LEC,Monaco,2024,74.0,76.105,LEC,0.00959927,0.04085733,0.90304565,0.026850251,0.013766427,0.005881037,LEC,0.062037177,0.16509295,0.67045665,0.031273536,0.03556277,0.035576895
LEC,Monaco,2024,75.0,76.387,LEC,0.010997387,0.026315637,0.7530689,0.01541728,0.19055963,0.0036411828,LEC,0.022410467,0.044634968,0.81200063,0.0123543665,0.10138897,0.0072106207
LEC,Monaco,2024,76.0,76.808,LEC,0.04437343,0.009631883,0.8151586,0.029923117,0.054948874,0.04596413,LEC,0.08628432,0.023971317,0.6023052,0.02981253,0.07121397,0.18641269
LEC,Monaco,2024,77.0,76.933,LEC,0.07306333,0.013989959,0.70466423,0.1363131,0.0094387885,0.06253059,VER,0.17546475,0.04645804,0.27935722,0.19831038,0.014492393,0.28591716
LEC,Monaco,2024,78.0,78.636,SAI,0.006101493,0.069239944,0.42504007,0.016601615,0.47798723,0.0050296932,SAI,0.008959706,0.16474219,0.077089064,0.014052296,0.72286683,0.012289907
NOR,Monaco,2024,7.0,80.828,NOR,0.008589352,0.05694377,0.014502357,0.84520787,0.008985331,0.0657713,NOR,0.0029259617,0.04593107,0.001362041,0.9291569,0.0034394301,0.017184606
NOR,Monaco,2024,8.0,80.82,VER,0.004156755,0.0115982685,0.005660283,0.25742716,0.008418268,0.7127393,VER,0.004155195,0.058314398,0.0021351017,0.16788305,0.017012812,0.7504995
NOR,Monaco,2024,9.0,80.397,NOR,0.0030224815,0.03694709,0.0025245387,0.8827967,0.0068406817,0.06786845,NOR,0.0033863771,0.15597118,0.0011470194,0.75949156,0.009156382,0.07084742
NOR,Monaco,2024,10.0,80.972,NOR,0.0035688598,0.026527777,0.0027867884,0.8796035,0.005899445,0.081613585,NOR,0.0034908026,0.09269419,0.0013366889,0.78749555,0.0098384805,0.1051443
NOR,Monaco,2024,11.0,80.87,NOR,0.0030279,0.04897303,0.002831972,0.74218833,0.007898556,0.19508019,NOR,0.0026368324,0.124738626,0.0012729049,0.63778955,0.008825609,0.22473651
NOR,Monaco,2024,12.0,79.933,NOR,0.0032109744,0.043836184,0.0032542106,0.68249154,0.0052678837,0.26193923,NOR,0.0026265471,0.08500933,0.00079230295,0.6111619,0.0070012277,0.29340866
NOR,Monaco,2024,13.0,79.82,NOR,0.0029494537,0.028754182,0.0028613952,0.9207753,0.0055302097,0.03912952,NOR,0.0039074877,0.10063531,0.0011908496,0.8421488,0.008431786,0.043685768
NOR,Monaco,2024,14.0,79.385,NOR,0.0022923215,0.008710069,0.0032592048,0.92549163,0.0053135157,0.054933272,NOR,0.008557526,0.12263004,0.0031170328,0.54427046,0.02486131,0.29656366
NOR,Monaco,2024,15.0,79.775,NOR,0.0021445905,0.032435644,0.0020418037,0.8834066,0.00428276,0.075688645,NOR,0.0029563,0.10852675,0.001144041,0.7458903,0.008711496,0.13277103
NOR,Monaco,2024,16.0,79.637,NOR,0.0033907618,0.02078991,0.0030154795,0.94790095,0.00411403,0.0207888,NOR,0.0043911138,0.088233225,0.0011143881,0.87982935,0.006176444,0.02025546
NOR,Monaco,2024,17.0,80.337,NOR,0.0016687462,0.023396974,0.0016868283,0.90953887,0.003433582,0.060274947,NOR,0.0028953962,0.13031825,0.0009902057,0.7620421,0.00815349,0.09560059
NOR,Monaco,2024,18.0,79.398,NOR,0.0025901026,0.008085827,0.0028259936,0.94111204,0.0038849073,0.041501068,NOR,0.0038146025,0.035312288,0.0011594793,0.89152145,0.0062172106,0.061974935
NOR,Monaco,2024,19.0,79.28,NOR,0.0029514616,0.0052456795,0.0031663897,0.97113043,0.0018404165,0.01566565,NOR,0.0052593728,0.019325405,0.0011307546,0.9193756,0.0023707445,0.05253817
NOR,Monaco,2024,20.0,79.043,NOR,0.001420838,0.015498135,0.0021713604,0.96811914,0.0019969991,0.010793549,NOR,0.0069714445,0.23375097,0.002462442,0.6617219,0.01231248,0.082780756
NOR,Monaco,2024,21.0,78.983,NOR,0.0018307094,0.006052284,0.0019845562,0.9611233,0.0025061402,0.026503067,NOR,0.008607761,0.06900847,0.0027341873,0.6501794,0.007210583,0.26225963
NOR,Monaco,2024,22.0,78.981,NOR,0.0033788509,0.015543744,0.007317002,0.9536333,0.0038014792,0.016325545,NOR,0.0044943416,0.05424382,0.00086904224,0.9108323,0.0044572405,0.025103297
NOR,Monaco,2024,23.0,79.194,NOR,0.002964814,0.099868454,0.008180159,0.8526268,0.009328583,0.027031215,NOR,0.0054326216,0.20084646,0.0017589193,0.7660666,0.009479527,0.016415838
NOR,Monaco,2024,24.0,78.699,NOR,0.0023079545,0.006745681,0.0023700872,0.96773875,0.0022320088,0.018605556,NOR,0.0030565462,0.050901257,0.00082394434,0.9125118,0.0049631237,0.027743286
NOR,Monaco,2024,25.0,78.64,NOR,0.0014455093,0.018693976,0.0014102975,0.9410923,0.002890754,0.034467094,NOR,0.0027546117,0.15491018,0.0010762522,0.7658862,0.008698844,0.06667397
NOR,Monaco,2024,26.0,78.396,NOR,0.0030734488,0.009853286,0.002297631,0.93066806,0.003288958,0.050818637,NOR,0.009153098,0.1523728,0.002330262,0.7205572,0.015175855,0.10041078
NOR,Monaco,2024,27.0,78.72,NOR,0.00183419,0.053550888,0.004022836,0.8970886,0.0054039434,0.03809952,NOR,0.0016707635,0.11220487,0.00088647055,0.838797,0.0074499627,0.038991008
NOR,Monaco,2024,28.0,79.238,NOR,0.0020697024,0.03068151,0.002313797,0.9292594,0.004189475,0.03148611,NOR,0.007040353,0.3060675,0.0021281885,0.6060847,0.012954453,0.06572479
NOR,Monaco,2024,29.0,78.766,NOR,0.0021527798,0.015330542,0.004317276,0.94479096,0.0031381873,0.030270286,NOR,0.0034504973,0.06810001,0.0011360664,0.8905874,0.006615632,0.030110428
NOR,Monaco,2024,30.0,78.403,NOR,0.0017412531,0.01582724,0.0016740389,0.9389653,0.0041299914,0.03766218,NOR,0.005870373,0.20573618,0.0020525267,0.67949903,0.015014252,0.091827646
NOR,Monaco,2024,31.0,78.78,NOR,0.0028859384,0.01951094,0.003275303,0.8929983,0.0050699236,0.076259635,NOR,0.0032878558,0.081447065,0.0012728684,0.71802384,0.0079505695,0.18801782
NOR,Monaco,2024,32.0,79.538,NOR,0.0016837934,0.05002429,0.007836306,0.9314283,0.0032412708,0.005786095,NOR,0.0061357017,0.31659302,0.0030269967,0.63272655,0.007836172,0.033681575
NOR,Monaco,2024,33.0,79.233,NOR,0.0022230537,0.023034569,0.0017935004,0.96191484,0.001712432,0.009321607,NOR,0.004702437,0.14440167,0.0012130752,0.82417095,0.0047525354,0.020759296
NOR,Monaco,2024,34.0,79.243,NOR,0.0007834435,0.011898119,0.0028016472,0.9718907,0.0028099732,0.009816163,NOR,0.0033113833,0.13863479,0.0022963688,0.758293,0.014634975,0.082829475
NOR,Monaco,2024,35.0,78.714,NOR,0.0018604692,0.02249391,0.0025563624,0.9519418,0.0032489377,0.01789858,NOR,0.007861611,0.2672106,0.0027893852,0.6096405,0.01737152,0.09512638
NOR,Monaco,2024,36.0,78.582,NOR,0.0024299866,0.0074971262,0.0028823442,0.9777295,0.0015357635,0.007925283,NOR,0.0052027046,0.1006047,0.0017708141,0.8536655,0.0022331155,0.0365232
NOR,Monaco,2024,37.0,77.958,NOR,0.006303932,0.053866576,0.022376303,0.8764212,0.013018517,0.028013451,NOR,0.013652806,0.34226283,0.00871545,0.4324802,0.02171731,0.18117137
NOR,Monaco,2024,38.0,77.994,NOR,0.00644308,0.025823204,0.014300584,0.90080136,0.0068726544,0.04575914,NOR,0.032287758,0.15428305,0.007348113,0.617378,0.020155586,0.16854747
NOR,Monaco,2024,39.0,78.303,NOR,0.0011764226,0.0031757352,0.0013254642,0.9864666,0.0008255527,0.0070302123,NOR,0.0028994668,0.016996752,0.000845672,0.9428343,0.0019997554,0.03442409
NOR,Monaco,2024,40.0,78.824,NOR,0.0011579371,0.011999976,0.0027209776,0.9792087,0.0011761856,0.0037361581,NOR,0.010623938,0.2329927,0.0033827864,0.65394044,0.014380503,0.084679626
NOR,Monaco,2024,41.0,78.519,NOR,0.005090526,0.0152139785,0.008544627,0.92494005,0.003624583,0.04258617,NOR,0.013509199,0.10154124,0.003637186,0.73148465,0.009121462,0.1407063
NOR,Monaco,2024,42.0,79.436,NOR,0.0023105668,0.013611663,0.019435078,0.9503742,0.01022128,0.0040472294,NOR,0.0017965329,0.03505718,0.002001696,0.947129,0.009417384,0.004598157
NOR,Monaco,2024,43.0,79.796,NOR,0.005756632,0.038035847,0.019613683,0.9194985,0.0041275355,0.012967762,HAM,0.014028801,0.52633476,0.007803454,0.3342691,0.016147759,0.10141612
NOR,Monaco,2024,44.0,78.906,NOR,0.00230061,0.0068041715,0.0021577643,0.9009242,0.003888987,0.08392423,NOR,0.0020893456,0.017139554,0.00070397084,0.9252341,0.0053515,0.049481496
NOR,Monaco,2024,45.0,77.897,NOR,0.001848073,0.00473379,0.0017486992,0.97835994,0.0014165533,0.011892901,NOR,0.013095459,0.08342991,0.00413628,0.72493595,0.007796475,0.16660587
NOR,Monaco,2024,46.0,78.215,NOR,0.004272344,0.020069785,0.007087961,0.8565701,0.005816203,0.10618354,NOR,0.011180402,0.08640197,0.0034419522,0.69552594,0.017980376,0.18546931
NOR,Monaco,2024,47.0,78.141,NOR,0.0034957323,0.010823001,0.008919389,0.9510428,0.0021614193,0.023557711,NOR,0.021567827,0.08379635,0.006669566,0.7011902,0.009279573,0.17749654
NOR,Monaco,2024,48.0,77.975,NOR,0.0019474035,0.009092174,0.005667538,0.96680516,0.002522715,0.013965031,NOR,0.013469869,0.22970621,0.0044802125,0.6136949,0.02432475,0.114324026
NOR,Monaco,2024,49.0,78.177,NOR,0.0011615092,0.013164895,0.0011222622,0.97149414,0.0023638092,0.010693419,NOR,0.0066458103,0.23760214,0.002323652,0.6345727,0.017679013,0.101176724
NOR,Monaco,2024,50.0,78.218,NOR,0.019452749,0.02877367,0.024224361,0.84683955,0.008457112,0.072252594,NOR,0.04382536,0.090493,0.008081608,0.5993072,0.0093476325,0.24894525
NOR,Monaco,2024,51.0,77.772,NOR,0.0033565408,0.0061032404,0.0066042254,0.9621591,0.0019318975,0.019844994,NOR,0.018976925,0.070005715,0.0055097165,0.72325575,0.010552851,0.17169906
NOR,Monaco,2024,52.0,78.223,NOR,0.0015381547,0.011360629,0.0060408134,0.96110666,0.001980443,0.017973332,NOR,0.009718439,0.15935895,0.0052265995,0.7063784,0.011699041,0.107618585
NOR,Monaco,2024,53.0,77.57,NOR,0.004748525,0.024528973,0.007974725,0.92433214,0.0069080223,0.031507634,NOR,0.011550617,0.24047394,0.0032997555,0.66637635,0.009339842,0.06895946
NOR,Monaco,2024,54.0,77.838,NOR,0.007599356,0.0090015475,0.015573006,0.8698911,0.007666716,0.09026825,NOR,0.026845783,0.052506436,0.0062609958,0.5372486,0.01365672,0.36348143
NOR,Monaco,2024,55.0,78.382,NOR,0.0031821376,0.008023663,0.0054470366,0.93049943,0.0025853133,0.050262425,NOR,0.015866976,0.07980413,0.004847426,0.6110581,0.0069369385,0.2814864
NOR,Monaco,2024,56.0,78.155,NOR,0.003692583,0.0058085527,0.009034111,0.96382195,0.002342221,0.015300595,NOR,0.02904115,0.10855511,0.0075878897,0.5585262,0.012192826,0.2840968
NOR,Monaco,2024,57.0,77.815,NOR,0.0058386116,0.019067002,0.019588916,0.87957263,0.031179333,0.04475355,NOR,0.021246133,0.14839943,0.0094756745,0.46091953,0.037100755,0.3228585
NOR,Monaco,2024,58.0,77.395,NOR,0.04073822,0.008031706,0.02345131,0.8942056,0.010573243,0.022999968,NOR,0.1067644,0.06291549,0.01771662,0.68148965,0.0092466455,0.12186725
NOR,Monaco,2024,59.0,77.122,NOR,0.006165805,0.021441892,0.02069982,0.8851367,0.007763669,0.058792103,NOR,0.02925386,0.13472445,0.014857256,0.41365975,0.014603385,0.39290127
NOR,Monaco,2024,60.0,76.695,NOR,0.004522376,0.017341828,0.019312814,0.89152384,0.007698326,0.05960082,NOR,0.014166051,0.12454551,0.007967792,0.60075724,0.012893465,0.23966995
NOR,Monaco,2024,61.0,77.614,NOR,0.003309912,0.008459596,0.009409071,0.9192206,0.0024245896,0.057176236,NOR,0.013606052,0.062754445,0.0036604165,0.75561756,0.00844879,0.15591274
NOR,Monaco,2024,62.0,76.026,NOR,0.014538089,0.028397042,0.023355028,0.62094355,0.10713481,0.20563143,VER,0.04103378,0.09477604,0.011770684,0.25713435,0.02879213,0.56649303
NOR,Monaco,2024,63.0,76.876,NOR,0.0036594656,0.016802099,0.009755542,0.90226513,0.0028165013,0.06470121,NOR,0.0115689,0.15574633,0.0071085817,0.6512331,0.007493616,0.16684954
NOR,Monaco,2024,64.0,75.742,NOR,0.008596846,0.0131501,0.014640199,0.7203706,0.0037046715,0.23953758,VER,0.025391567,0.043361437,0.012653453,0.3224743,0.0056941137,0.59042513
NOR,Monaco,2024,65.0,77.143,NOR,0.006828451,0.02161254,0.010332855,0.773267,0.012178709,0.1757805,VER,0.015085209,0.08875896,0.0032637406,0.41678923,0.023563752,0.45253906
NOR,Monaco,2024,66.0,76.214,LEC,0.14594196,0.12934929,0.2709355,0.2351087,0.03017207,0.18849248,ALO,0.28518015,0.2234051,0.13633533,0.12169125,0.02333735,0.21005085
NOR,Monaco,2024,67.0,76.115,VER,0.0065076686,0.0060262596,0.0043611615,0.37719852,0.0018609078,0.6040455,VER,0.03059606,0.01588191,0.004190712,0.13011996,0.0031873626,0.81602395
NOR,Monaco,2024,68.0,76.172,NOR,0.07332819,0.08374055,0.04839004,0.3968438,0.048869375,0.34882808,NOR,0.1563521,0.17201382,0.04097526,0.34326792,0.029702954,0.257688
NOR,Monaco,2024,69.0,76.314,NOR,0.004929425,0.042693544,0.031434286,0.809647,0.060406186,0.05088951,NOR,0.008839219,0.13341267,0.006821126,0.67820394,0.06250127,0.110221796
NOR,Monaco,2024,70.0,77.213,NOR,0.008934685,0.038552828,0.04087524,0.80006903,0.01338936,0.09817882,NOR,0.01986788,0.11866799,0.008462494,0.78932106,0.01644763,0.04723301
NOR,Monaco,2024,71.0,76.609,NOR,0.0075335708,0.017442472,0.015793294,0.8640652,0.023552673,0.07161286,NOR,0.02845448,0.10310599,0.010428058,0.5770818,0.028868277,0.25206143
NOR,Monaco,2024,72.0,76.801,NOR,0.005165134,0.036098808,0.019872569,0.76711726,0.023674605,0.14807169,NOR,0.008997482,0.083557814,0.0052016303,0.47956103,0.01760021,0.4050818
NOR,Monaco,2024,73.0,76.285,NOR,0.0042359107,0.017654676,0.006596002,0.8148025,0.0032626197,0.1534483,NOR,0.0058556255,0.047270652,0.002996692,0.8006042,0.005216218,0.13805658
NOR,Monaco,2024,74.0,76.429,NOR,0.009644324,0.014851364,0.020779317,0.8746355,0.0047826897,0.07530684,NOR,0.038540892,0.06266995,0.0083643515,0.61566824,0.011833276,0.2629233
NOR,Monaco,2024,75.0,76.517,NOR,0.010562456,0.021499306,0.03171978,0.91038096,0.007306913,0.018530628,NOR,0.036269803,0.09870439,0.01061119,0.74855185,0.013542009,0.09232078
NOR,Monaco,2024,76.0,76.671,NOR,0.0052454807,0.01340364,0.0074505373,0.9489104,0.006189505,0.01880047,NOR,0.037710063,0.13334578,0.012282769,0.62251836,0.015579093,0.17856391
NOR,Monaco,2024,77.0,76.512,SAI,0.008663865,0.037764046,0.42681324,0.0719213,0.43462402,0.020213494,SAI,0.01774518,0.11889712,0.028049957,0.038673986,0.7511286,0.045505144
NOR,Monaco,2024,78.0,77.296,SAI,0.009874232,0.03408253,0.37863973,0.06862515,0.49736825,0.011410057,SAI,0.06453077,0.23053099,0.12844588,0.119469,0.41928253,0.037740823
SAI,Monaco,2024,14.0,79.48,SAI,0.0053297416,0.01978262,0.17219462,0.0028690214,0.79474825,0.005075834,SAI,0.0060088225,0.08793478,0.019055132,0.013198348,0.8674282,0.006374755
SAI,Monaco,2024,15.0,79.543,SAI,0.0044839694,0.013227105,0.11657305,0.006785676,0.8150981,0.043832168,SAI,0.009724566,0.060244393,0.015617104,0.054768965,0.790163,0.069481954
SAI,Monaco,2024,18.0,79.177,SAI,0.0039462256,0.007695299,0.06192883,0.0020677226,0.92054176,0.003820183,SAI,0.013824876,0.03310781,0.013058223,0.0158051,0.9168115,0.007392453
SAI,Monaco,2024,19.0,79.445,SAI,0.026809916,0.08299193,0.18750781,0.022600966,0.6532277,0.026861737,HAM,0.072325386,0.51883936,0.055585384,0.13929625,0.15970285,0.05425075
SAI,Monaco,2024,20.0,79.403,LEC,0.07753302,0.10598481,0.39612958,0.053196434,0.29968023,0.0674759,HAM,0.1771319,0.41996366,0.03466314,0.12098318,0.120231405,0.12702674
SAI,Monaco,2024,21.0,78.917,SAI,0.033556852,0.07148059,0.3471505,0.012825955,0.5186097,0.01637638,HAM,0.14194775,0.4814163,0.07205764,0.052027084,0.18087907,0.0716721
SAI,Monaco,2024,22.0,78.889,SAI,0.004651391,0.012483431,0.08724102,0.008291091,0.85996354,0.027369542,SAI,0.050581004,0.22569463,0.021744924,0.22109704,0.29316863,0.18771373
SAI,Monaco,2024,23.0,78.993,LEC,0.009089823,0.063484035,0.76398087,0.025098976,0.10962338,0.028722875,SAI,0.023550645,0.2983462,0.049076587,0.13263866,0.3588318,0.13755615
SAI,Monaco,2024,24.0,78.568,SAI,0.005772766,0.007503323,0.20554397,0.012304164,0.7616325,0.0072432747,SAI,0.05216654,0.09089338,0.11534922,0.15093316,0.53807795,0.05257977
SAI,Monaco,2024,25.0,78.537,SAI,0.0064799692,0.027184155,0.16099268,0.0073230257,0.7922113,0.0058089066,SAI,0.0075909803,0.040390994,0.015267933,0.0057893745,0.9258328,0.005127901
SAI,Monaco,2024,26.0,78.088,LEC,0.033866316,0.020909261,0.82151693,0.004574375,0.113376334,0.005756738,LEC,0.099609844,0.06421852,0.50120103,0.010960686,0.28771165,0.03629822
SAI,Monaco,2024,27.0,79.49,LEC,0.0063786227,0.02928481,0.74044645,0.005623642,0.21281834,0.0054481416,HAM,0.044624463,0.3833258,0.04965219,0.1102045,0.38024962,0.031943444
SAI,Monaco,2024,28.0,79.281,LEC,0.011276748,0.093831494,0.5558659,0.011773355,0.31860888,0.008643594,HAM,0.025385575,0.47032243,0.040259495,0.06778155,0.37479883,0.021452127
SAI,Monaco,2024,29.0,78.697,SAI,0.030940138,0.098470576,0.4141503,0.015816683,0.41614866,0.024473714,HAM,0.08883493,0.42726332,0.039840024,0.062927336,0.30783984,0.073294565
SAI,Monaco,2024,30.0,77.326,LEC,0.045644112,0.18394971,0.5128136,0.055950757,0.1514947,0.050147083,HAM,0.14134619,0.46368864,0.03644612,0.09254238,0.11885863,0.14711803
SAI,Monaco,2024,31.0,79.784,SAI,0.04185813,0.16602333,0.13507658,0.027383197,0.5123496,0.117309175,HAM,0.07160775,0.29026505,0.028611531,0.12524728,0.2557268,0.22854154
SAI,Monaco,2024,33.0,78.778,SAI,0.006362386,0.017473297,0.38246533,0.012100696,0.5631848,0.018413441,SAI,0.016813302,0.06643417,0.022105422,0.06049016,0.80572736,0.028429627
SAI,Monaco,2024,34.0,79.013,LEC,0.021990469,0.035753753,0.6190665,0.029846687,0.27206478,0.021277834,SAI,0.08876829,0.12014712,0.21646169,0.09809098,0.35680097,0.11973092
SAI,Monaco,2024,35.0,78.465,LEC,0.021045484,0.051457524,0.5044978,0.010193741,0.40456894,0.008236428,SAI,0.12356204,0.2048968,0.19894029,0.030438332,0.3982958,0.043866713
SAI,Monaco,2024,36.0,79.275,LEC,0.04214614,0.18720123,0.4988105,0.019965695,0.2329286,0.018947875,HAM,0.08759214,0.63699496,0.036349922,0.050897438,0.13783132,0.05033423
SAI,Monaco,2024,37.0,77.577,SAI,0.004950952,0.019185422,0.1524778,0.0032285645,0.8157748,0.00438247,SAI,0.007324841,0.038628273,0.022459144,0.00668585,0.91974473,0.005157202
SAI,Monaco,2024,38.0,78.412,SAI,0.004596905,0.04604165,0.20619509,0.007812509,0.72715676,0.008197128,SAI,0.023987295,0.27386093,0.090851,0.04691691,0.5154461,0.04893771
SAI,Monaco,2024,39.0,78.31,SAI,0.0024426556,0.011891738,0.057095405,0.0020289414,0.92378706,0.0027542452,SAI,0.005919206,0.04104319,0.013626929,0.008255225,0.92454576,0.0066097053
SAI,Monaco,2024,40.0,78.653,SAI,0.0036782662,0.016543694,0.14649354,0.005611629,0.8257809,0.0018919273,SAI,0.007352445,0.0399211,0.02890506,0.0066428934,0.9125751,0.0046034036
SAI,Monaco,2024,41.0,78.714,SAI,0.0062956708,0.017155917,0.26791915,0.037530836,0.65443146,0.016666899,SAI,0.011514152,0.07233865,0.02908428,0.080704816,0.7649268,0.041431308
SAI,Monaco,2024,42.0,79.171,SAI,0.0019035955,0.00902261,0.09284721,0.002671531,0.8921756,0.00137945,SAI,0.004407072,0.04023564,0.02285875,0.009585349,0.9186608,0.0042523653
SAI,Monaco,2024,43.0,79.594,SAI,0.002535406,0.0077052154,0.06312329,0.0010743696,0.9230577,0.0025040426,SAI,0.0055344068,0.039078683,0.013122341,0.0077892723,0.92750067,0.006974635
SAI,Monaco,2024,44.0,78.762,SAI,0.008631439,0.023808723,0.3181516,0.004672397,0.6419448,0.002791023,SAI,0.026412783,0.09402657,0.24394274,0.019904954,0.6064547,0.009258271
SAI,Monaco,2024,45.0,77.885,SAI,0.0022664582,0.01701015,0.16414629,0.0025210613,0.81266075,0.0013953035,SAI,0.0035048455,0.03446071,0.048303865,0.0066053327,0.90285146,0.004273811
SAI,Monaco,2024,46.0,78.731,LEC,0.0070508127,0.054768123,0.59835225,0.00566903,0.32968417,0.0044756783,SAI,0.012129219,0.21347392,0.061460037,0.017232489,0.6849788,0.010725549
SAI,Monaco,2024,47.0,78.141,SAI,0.0014991118,0.0077812546,0.08779692,0.0016168827,0.899836,0.0014698036,SAI,0.0052150493,0.053341188,0.020563725,0.0044595767,0.90613735,0.010283103
SAI,Monaco,2024,48.0,77.894,SAI,0.0022775012,0.0065799565,0.08727501,0.0064324993,0.89540595,0.0020290525,SAI,0.01058114,0.03098293,0.015618492,0.007025336,0.9251039,0.010688265
SAI,Monaco,2024,49.0,78.259,SAI,0.0057230457,0.016484471,0.088156395,0.014208171,0.8683111,0.007116776,SAI,0.011667403,0.059134755,0.020164229,0.07007404,0.82468575,0.014273786
SAI,Monaco,2024,50.0,78.545,SAI,0.0037161857,0.010001296,0.1031161,0.0052020163,0.8692783,0.008686074,SAI,0.01756734,0.08338192,0.023652729,0.051918622,0.79483306,0.028646298
SAI,Monaco,2024,51.0,77.528,SAI,0.0026265571,0.018076101,0.0704723,0.006650481,0.8992936,0.0028809546,SAI,0.006349408,0.03542038,0.0145897465,0.018815223,0.91745275,0.0073725157
SAI,Monaco,2024,52.0,78.094,SAI,0.0054814047,0.0452655,0.11193703,0.0149784405,0.81969607,0.0026415747,SAI,0.005224782,0.046494856,0.021824878,0.010431643,0.9134195,0.0026043043
SAI,Monaco,2024,53.0,77.759,SAI,0.0034213595,0.0094644865,0.08881321,0.020645643,0.8528593,0.02479599,SAI,0.0106899,0.059793238,0.015269935,0.05300058,0.80613,0.055116374
SAI,Monaco,2024,54.0,77.742,SAI,0.0044900584,0.010462962,0.1571742,0.006861536,0.8184389,0.002572325,SAI,0.012858761,0.057971936,0.27087858,0.011477403,0.6367816,0.010031727
SAI,Monaco,2024,55.0,78.661,SAI,0.0015849847,0.013181122,0.095281996,0.0018635318,0.8869301,0.0011582403,SAI,0.003545297,0.055333838,0.028154798,0.011268596,0.8983826,0.003314859
SAI,Monaco,2024,56.0,78.119,SAI,0.0018083525,0.008080923,0.05172101,0.0024985867,0.93378055,0.0021106568,SAI,0.003069306,0.01989085,0.011800296,0.0023626948,0.9591999,0.0036769765
SAI,Monaco,2024,57.0,77.599,SAI,0.0035392921,0.037715156,0.1285597,0.0072846822,0.8207262,0.0021749297,SAI,0.002703846,0.04556572,0.025502615,0.006356387,0.9180167,0.0018547276
SAI,Monaco,2024,58.0,77.501,SAI,0.0038048425,0.011331975,0.25011304,0.0019686625,0.7314287,0.0013528173,LEC,0.0060027647,0.020985253,0.55091536,0.0022339984,0.41718382,0.0026788341
SAI,Monaco,2024,59.0,77.134,SAI,0.004611233,0.040064402,0.10271191,0.012570734,0.8336759,0.0063658254,SAI,0.004337045,0.029822953,0.008989819,0.0064604525,0.93969905,0.010690645
SAI,Monaco,2024,60.0,75.159,SAI,0.002874645,0.015610933,0.12178312,0.00371918,0.8512022,0.0048099416,SAI,0.0036626968,0.027029347,0.45547518,0.0022475894,0.5099375,0.0016476666
SAI,Monaco,2024,61.0,79.046,LEC,0.008529998,0.02914955,0.850365,0.008016975,0.10056266,0.003375837,LEC,0.028100504,0.1778609,0.49837357,0.02001285,0.26510757,0.010544628
SAI,Monaco,2024,62.0,74.726,SAI,0.0024546466,0.014267157,0.081078336,0.0033174127,0.8974205,0.0014618529,SAI,0.0045391186,0.030089408,0.2136383,0.0028277086,0.7465155,0.0023899716
SAI,Monaco,2024,63.0,78.207,LEC,0.0030175229,0.04990646,0.49138752,0.008611339,0.44430164,0.0027755054,SAI,0.004760401,0.19257607,0.06369196,0.03607804,0.696778,0.0061155134
SAI,Monaco,2024,64.0,74.813,SAI,0.0019295794,0.022136508,0.027601637,0.0022394755,0.9422023,0.0038905526,SAI,0.0019037079,0.0432635,0.03740598,0.0020749082,0.9129954,0.0023565216
SAI,Monaco,2024,65.0,78.137,LEC,0.014189255,0.015578362,0.7207638,0.0039694933,0.24092843,0.0045706565,LEC,0.009682686,0.020320185,0.7179012,0.0031031228,0.24641715,0.0025756513
SAI,Monaco,2024,66.0,75.409,SAI,0.0020042977,0.017282471,0.057155263,0.0035943787,0.9169338,0.0030298114,SAI,0.0016682605,0.02109725,0.039109632,0.0019282837,0.93479353,0.0014030142
SAI,Monaco,2024,67.0,76.847,SAI,0.0066001224,0.02302696,0.12785695,0.025628172,0.8021727,0.014715092,SAI,0.006848807,0.02494459,0.01778024,0.019562855,0.91883594,0.012027628
SAI,Monaco,2024,68.0,75.595,SAI,0.011830182,0.044613387,0.31639785,0.025542138,0.58981574,0.0118007725,SAI,0.010818022,0.04847993,0.23170775,0.012086897,0.6912731,0.0056342795
SAI,Monaco,2024,69.0,76.218,SAI,0.0021640395,0.02011157,0.1071132,0.006485865,0.85986227,0.0042630816,SAI,0.002338095,0.035080105,0.023172364,0.008979397,0.9245732,0.0058568134
SAI,Monaco,2024,70.0,77.117,SAI,0.008678497,0.022100804,0.18668467,0.007907832,0.7697608,0.0048674066,SAI,0.009997399,0.035517223,0.13262722,0.008207531,0.81005114,0.0035994304
SAI,Monaco,2024,71.0,77.214,SAI,0.0027695203,0.009500427,0.20786484,0.0026377682,0.77604187,0.0011856239,SAI,0.004602311,0.020947024,0.23729238,0.0061862688,0.728189,0.002783051
SAI,Monaco,2024,72.0,76.785,SAI,0.00371105,0.018526614,0.092470646,0.0041764304,0.87812704,0.0029882323,SAI,0.0035327957,0.035616994,0.27592078,0.0032517097,0.67929983,0.0023779105
SAI,Monaco,2024,73.0,76.417,SAI,0.0036997802,0.04392162,0.070513785,0.05606353,0.81646204,0.009339223,SAI,0.0047485344,0.042695053,0.0153228585,0.05838195,0.86117965,0.01767191
SAI,Monaco,2024,74.0,76.063,SAI,0.0012379739,0.011815084,0.029752914,0.0024213528,0.9537904,0.0009822054,SAI,0.0019733538,0.018604847,0.033109896,0.0018399688,0.9432921,0.0011798113
SAI,Monaco,2024,75.0,76.905,SAI,0.00325722,0.009852043,0.093058966,0.0029774834,0.8889772,0.0018770284,SAI,0.001914802,0.0057729883,0.067758225,0.0015945068,0.9221111,0.00084831583
SAI,Monaco,2024,76.0,76.328,SAI,0.0011726071,0.015586749,0.041838214,0.004710643,0.93544537,0.0012464179,SAI,0.0020447753,0.03684247,0.024249688,0.0057154573,0.9285636,0.0025839952
SAI,Monaco,2024,77.0,76.701,SAI,0.0053220857,0.010245849,0.08376716,0.0052125864,0.8946609,0.0007914046,SAI,0.007253096,0.018508838,0.39530888,0.0053086625,0.5719367,0.001683808
SAI,Monaco,2024,78.0,77.072,SAI,0.0019719459,0.0075038844,0.097224005,0.010018082,0.8815022,0.0017798183,SAI,0.0041929632,0.05615201,0.24510273,0.015566469,0.6757062,0.003279649
VER,Monaco,2024,14.0,79.723,NOR,0.013033288,0.12554908,0.01218717,0.5874605,0.023842348,0.23792759,NOR,0.009153944,0.33272997,0.0030254475,0.5367498,0.020672983,0.09766784
VER,Monaco,2024,18.0,79.58,NOR,0.0048332885,0.019752301,0.0069108587,0.6639558,0.016224366,0.28832343,NOR,0.0038820563,0.033102054,0.0014633021,0.5927954,0.0147349965,0.35402218
VER,Monaco,2024,23.0,78.979,VER,0.015355684,0.05395777,0.0053891237,0.04028609,0.01701081,0.8680005,NOR,0.0069812005,0.11367157,0.0021316856,0.56279755,0.015851883,0.29856616
VER,Monaco,2024,24.0,79.364,VER,0.0022294363,0.008474345,0.0023499397,0.10009697,0.0058139185,0.88103545,NOR,0.00296494,0.034243714,0.0014195906,0.51604396,0.012243092,0.43308473
VER,Monaco,2024,25.0,79.38,VER,0.0049927994,0.063343436,0.004199083,0.10019021,0.010970686,0.8163038,NOR,0.0046086917,0.16975519,0.0021702992,0.5186836,0.013561105,0.2912211
VER,Monaco,2024,26.0,78.818,VER,0.0018353586,0.017965695,0.0015899997,0.05887282,0.005245613,0.9144905,VER,0.002724444,0.08085219,0.0012252453,0.39117274,0.010191825,0.5138335
VER,Monaco,2024,27.0,78.797,VER,0.002788187,0.038003612,0.0056371824,0.02934566,0.0074821156,0.9167433,VER,0.004621595,0.12033526,0.0017109332,0.38593444,0.013895682,0.47350213
VER,Monaco,2024,28.0,78.682,VER,0.004718092,0.028058708,0.0051272875,0.067080185,0.011231021,0.8837847,NOR,0.006576212,0.23349328,0.0028364498,0.43691364,0.021340003,0.29884037
VER,Monaco,2024,29.0,78.795,VER,0.0016126783,0.0067977374,0.0015219472,0.031874213,0.0041921963,0.9540012,VER,0.0030501056,0.06520652,0.0011446518,0.37066552,0.01109679,0.5488364
VER,Monaco,2024,30.0,78.574,VER,0.0052365684,0.022816662,0.0043075373,0.13532805,0.013884983,0.8184262,VER,0.0065853116,0.23381631,0.0028146408,0.3278256,0.021369522,0.40758863
VER,Monaco,2024,31.0,78.564,VER,0.008270052,0.038236815,0.010248544,0.07928307,0.017808491,0.846153,NOR,0.007875468,0.14796579,0.0024535786,0.6814545,0.023402156,0.1368485
VER,Monaco,2024,32.0,78.983,VER,0.0045785927,0.05582478,0.0059254756,0.05364489,0.01179059,0.86823565,VER,0.0038170877,0.09404788,0.0015296909,0.4207049,0.013957244,0.4659432
VER,Monaco,2024,33.0,79.005,VER,0.01122092,0.029879037,0.006843633,0.26867047,0.016612712,0.6667732,NOR,0.008643899,0.08297026,0.0027479976,0.65756875,0.01827566,0.22979341
VER,Monaco,2024,34.0,79.594,VER,0.004735932,0.13252677,0.00425061,0.08386628,0.017273212,0.75734717,NOR,0.0036910232,0.22630449,0.0027249206,0.52832836,0.017229898,0.22172132
VER,Monaco,2024,36.0,79.634,VER,0.0021389863,0.0074674827,0.0021264977,0.021973232,0.0038063792,0.9624874,VER,0.0033847012,0.050241347,0.0011733755,0.37245807,0.011069996,0.5616725
VER,Monaco,2024,37.0,79.429,VER,0.006322689,0.09108452,0.007703721,0.107188396,0.019709243,0.7679914,NOR,0.0052779526,0.25464815,0.0020062558,0.52543634,0.017057907,0.19557342
VER,Monaco,2024,38.0,78.844,VER,0.0054573393,0.0129680615,0.005266379,0.13627984,0.012207958,0.8278204,NOR,0.004448611,0.048062135,0.0016886631,0.6234053,0.0141266035,0.3082687
VER,Monaco,2024,39.0,78.326,VER,0.0030579309,0.03202359,0.0032193845,0.06978864,0.008585541,0.8833249,NOR,0.0027721126,0.082283266,0.0011013697,0.6218963,0.009592219,0.28235468
VER,Monaco,2024,40.0,78.409,VER,0.007484233,0.023561085,0.0068542263,0.0747637,0.015752489,0.87158424,NOR,0.006085148,0.061498128,0.0020955876,0.8465377,0.016337583,0.0674458
VER,Monaco,2024,41.0,78.083,VER,0.0072288243,0.07877873,0.005871799,0.0761375,0.017881732,0.8141014,NOR,0.006617454,0.27401298,0.0026679202,0.47483864,0.021871973,0.21999101
VER,Monaco,2024,42.0,78.074,VER,0.015367968,0.050212603,0.025491964,0.12072622,0.032940853,0.7552604,NOR,0.009629908,0.088067316,0.002857539,0.7926595,0.022267308,0.08451836
VER,Monaco,2024,43.0,78.358,VER,0.009951165,0.038934514,0.010387221,0.14001106,0.00961639,0.79109967,NOR,0.008629178,0.0630627,0.0029491652,0.64916706,0.015399288,0.2607926
VER,Monaco,2024,44.0,78.405,VER,0.010233941,0.018788422,0.007252862,0.07178797,0.022134319,0.8698025,NOR,0.009121212,0.067061976,0.0027816682,0.82554436,0.021618173,0.073872626
VER,Monaco,2024,45.0,78.313,VER,0.00750651,0.07244696,0.00763415,0.24869542,0.019024389,0.64469254,NOR,0.0032962563,0.14249134,0.0012847704,0.77772146,0.010828503,0.064377695
VER,Monaco,2024,46.0,78.203,VER,0.0019295374,0.008984044,0.0014466742,0.03945428,0.005226123,0.94295937,VER,0.0030885772,0.10229848,0.0011950738,0.20832637,0.010408322,0.6746832
VER,Monaco,2024,47.0,78.537,VER,0.008411173,0.017863125,0.0067612263,0.22737868,0.01332225,0.7262636,NOR,0.007588439,0.0643691,0.0026115729,0.7219027,0.016351389,0.1871768
VER,Monaco,2024,48.0,78.337,VER,0.035802692,0.055592496,0.030312711,0.35987818,0.031855375,0.48655862,NOR,0.022386773,0.062000252,0.0030957796,0.85515547,0.011939068,0.045422666
VER,Monaco,2024,49.0,78.477,VER,0.08894337,0.074519664,0.037154887,0.35784352,0.038632337,0.40290624,NOR,0.033456273,0.048061267,0.0036129535,0.8694942,0.0062383213,0.039137006
VER,Monaco,2024,50.0,78.88,VER,0.048366107,0.17973217,0.01396779,0.108124696,0.03939159,0.61041766,NOR,0.015925637,0.19646418,0.001733403,0.7498553,0.010689106,0.025332393
VER,Monaco,2024,51.0,78.142,VER,0.021534467,0.05726999,0.021494703,0.2011566,0.01763636,0.6809079,NOR,0.010360466,0.17760158,0.002804482,0.7254252,0.011231095,0.072577186
VER,Monaco,2024,53.0,78.724,VER,0.13932171,0.025182337,0.043330807,0.037565976,0.024222137,0.730377,VER,0.16834171,0.047703408,0.007039154,0.028417926,0.009160794,0.739337
VER,Monaco,2024,54.0,75.815,VER,0.028192839,0.057436485,0.029638307,0.13576078,0.030535705,0.7184359,VER,0.035055954,0.049448535,0.0072032907,0.11212306,0.026594868,0.7695743
VER,Monaco,2024,55.0,75.398,VER,0.004961408,0.02659638,0.0069693928,0.01835575,0.009395943,0.9337212,VER,0.0118994145,0.04925881,0.003142451,0.025023274,0.005621239,0.9050548
VER,Monaco,2024,56.0,75.466,VER,0.039949868,0.20726198,0.069814205,0.07765097,0.12060777,0.4847152,VER,0.055129185,0.30323493,0.012248325,0.042175345,0.033808663,0.55340356
VER,Monaco,2024,57.0,76.181,VER,0.005056723,0.019327361,0.007935096,0.028921977,0.004354558,0.9344043,VER,0.014883469,0.0691744,0.0031688523,0.030876683,0.015351184,0.8665454
VER,Monaco,2024,58.0,74.569,VER,0.014431827,0.06506405,0.011554604,0.026269687,0.060386077,0.8222937,VER,0.031042714,0.24566093,0.0063708206,0.035093464,0.06505247,0.6167796
VER,Monaco,2024,59.0,74.748,VER,0.00851753,0.028542275,0.0048547043,0.022750426,0.008124004,0.92721105,VER,0.018048605,0.04916356,0.0035453844,0.024558319,0.008185792,0.89649826
VER,Monaco,2024,60.0,75.238,VER,0.0048270077,0.016475856,0.0019614294,0.12657335,0.008755036,0.8414073,VER,0.011969464,0.038031776,0.002181394,0.19925413,0.014952013,0.7336113
VER,Monaco,2024,61.0,75.121,VER,0.004179112,0.019391116,0.0027388516,0.11652429,0.013630667,0.843536,VER,0.018935936,0.07527725,0.0033457216,0.23982133,0.034000315,0.62861943
VER,Monaco,2024,62.0,76.561,VER,0.010517273,0.08790219,0.023807406,0.34995848,0.027139174,0.50067544,VER,0.013652649,0.20039156,0.008053273,0.33915296,0.018596197,0.42015335
VER,Monaco,2024,63.0,76.547,VER,0.0054424023,0.034864046,0.0057723513,0.21725759,0.018188315,0.7184753,VER,0.009569595,0.052623317,0.002701068,0.2050017,0.02178294,0.70832133
VER,Monaco,2024,64.0,76.619,VER,0.0031162917,0.017531741,0.00278993,0.10287881,0.0063752965,0.8673079,VER,0.008954229,0.039657943,0.0018186484,0.20753412,0.012106512,0.72992855
VER,Monaco,2024,65.0,75.468,NOR,0.019213008,0.12035049,0.053302683,0.44676024,0.06893638,0.29143718,HAM,0.070166424,0.3823813,0.040365744,0.14393573,0.05489708,0.3082537
VER,Monaco,2024,66.0,76.121,VER,0.0071321153,0.032241344,0.014302263,0.21136136,0.1404938,0.59446913,VER,0.013800978,0.08734681,0.0051930393,0.21429983,0.06700567,0.6123537
VER,Monaco,2024,67.0,76.276,VER,0.004243722,0.040335663,0.01168096,0.12581848,0.045518465,0.7724027,VER,0.0057054716,0.06776596,0.0037502095,0.11668258,0.045280274,0.7608155
VER,Monaco,2024,68.0,75.954,VER,0.0032471446,0.005530964,0.0015912383,0.05124395,0.002657695,0.9357291,VER,0.008235347,0.014767284,0.0015196358,0.13933744,0.002642918,0.8334974
VER,Monaco,2024,69.0,75.463,VER,0.0023487534,0.003859405,0.0024015617,0.044927925,0.0016403566,0.944822,VER,0.013537203,0.015734678,0.0028577868,0.09992654,0.0035814368,0.86436236
VER,Monaco,2024,70.0,75.449,VER,0.0045097573,0.016948031,0.0023634904,0.16795425,0.007671809,0.80055267,VER,0.0066627283,0.026484797,0.0016413804,0.16469456,0.012190964,0.7883256
VER,Monaco,2024,71.0,75.659,VER,0.0034535343,0.0072746393,0.0019609681,0.052557964,0.0020147515,0.93273807,VER,0.010191345,0.022670457,0.0022158702,0.0568496,0.003378043,0.90469474
VER,Monaco,2024,72.0,75.733,VER,0.0025870823,0.010176178,0.0031257297,0.054322958,0.0029032656,0.92688483,VER,0.014823511,0.047177337,0.0036446068,0.13236736,0.0058650435,0.7961222
VER,Monaco,2024,73.0,75.436,VER,0.003963871,0.020093944,0.0037954308,0.086282894,0.009452956,0.8764109,VER,0.010014505,0.046781283,0.0027501322,0.1246872,0.017905585,0.7978613
VER,Monaco,2024,74.0,75.38,VER,0.0032354193,0.015171627,0.0028181477,0.10070372,0.00949126,0.8685798,VER,0.012947468,0.06876719,0.0031441562,0.22754185,0.03206526,0.6555341
VER,Monaco,2024,75.0,75.396,NOR,0.017001988,0.16138496,0.05942502,0.4328072,0.08506649,0.24431434,HAM,0.051293038,0.4678082,0.026075982,0.1620969,0.08012768,0.21259826
VER,Monaco,2024,76.0,75.641,VER,0.0076288227,0.03839219,0.012353691,0.23227169,0.019450447,0.6899032,VER,0.030965043,0.15896145,0.00797178,0.2730507,0.035361294,0.49368978
VER,Monaco,2024,77.0,75.543,VER,0.00848934,0.02487785,0.008926795,0.31302914,0.0072488347,0.63742805,VER,0.019879937,0.050474994,0.0031547742,0.22387896,0.011544582,0.69106674
VER,Monaco,2024,78.0,76.248,VER,0.0042198347,0.013007859,0.0047308924,0.17743655,0.0041529783,0.79645187,VER,0.012159599,0.035815366,0.002800038,0.14511564,0.006937038,0.79717225
ALO,Silverstone,2024,2.0,93.202,ALO,0.7557175,0.014344424,0.04646233,0.11037747,0.06289831,0.010199944,ALO,0.9646899,0.004603355,0.0082162665,0.017882666,0.0028828967,0.0017248341
ALO,Silverstone,2024,3.0,92.951,NOR,0.3635664,0.014857562,0.04346389,0.41493443,0.022959353,0.14021838,ALO,0.50919825,0.027684126,0.05349546,0.31296295,0.014072627,0.082586646
ALO,Silverstone,2024,4.0,93.192,ALO,0.92089504,0.0016387634,0.0051762667,0.05711242,0.0035329282,0.011644556,ALO,0.9633596,0.003080201,0.003818369,0.02402246,0.0018690597,0.003850325
ALO,Silverstone,2024,5.0,92.617,ALO,0.84191924,0.016859975,0.029413395,0.09340143,0.0085282335,0.009877704,ALO,0.79832673,0.033563208,0.06826428,0.061885215,0.026433928,0.011526692
ALO,Silverstone,2024,6.0,92.673,ALO,0.8942625,0.0054656565,0.013952664,0.068214215,0.010036955,0.008068032,ALO,0.900374,0.008576194,0.012409422,0.07030648,0.002814409,0.005519537
ALO,Silverstone,2024,7.0,92.712,ALO,0.9532287,0.008080759,0.012008033,0.017557735,0.007645297,0.0014795206,ALO,0.8984883,0.029983588,0.04026546,0.018003939,0.011005232,0.002253477
ALO,Silverstone,2024,8.0,92.496,ALO,0.3522625,0.09333952,0.12579224,0.1767685,0.18832217,0.06351513,ALO,0.54977334,0.113016404,0.107347414,0.09423806,0.05371979,0.081904985
ALO,Silverstone,2024,9.0,92.579,ALO,0.9414415,0.0016991426,0.005152272,0.03908812,0.0033782336,0.009240705,ALO,0.965005,0.0041005,0.003752474,0.021713512,0.0022045567,0.0032239046
ALO,Silverstone,2024,10.0,92.741,NOR,0.2647184,0.013424413,0.009328383,0.63413167,0.015476954,0.06292018,NOR,0.13814652,0.037855685,0.014831758,0.613459,0.010078443,0.1856286
ALO,Silverstone,2024,11.0,92.548,NOR,0.20988443,0.111293726,0.033628393,0.35449332,0.02482168,0.26587844,VER,0.12797365,0.1589185,0.04963956,0.32192826,0.018204484,0.3233356
ALO,Silverstone,2024,12.0,92.427,ALO,0.7985928,0.0060558184,0.0072878688,0.16989966,0.0044332175,0.013730652,ALO,0.7806023,0.025174512,0.021793727,0.14892153,0.0051351227,0.018372884
ALO,Silverstone,2024,13.0,92.517,ALO,0.8171819,0.06074804,0.035678163,0.04853633,0.0212705,0.016585076,ALO,0.73118573,0.10245632,0.045370206,0.050246395,0.013040539,0.057700824
ALO,Silverstone,2024,14.0,92.383,ALO,0.83245945,0.009172603,0.022109209,0.12621914,0.004573375,0.005466237,ALO,0.76345885,0.023400135,0.021722851,0.17864881,0.0070285513,0.005740805
ALO,Silverstone,2024,15.0,92.259,ALO,0.8661033,0.02601447,0.038695693,0.045028847,0.020011561,0.0041461755,ALO,0.7906808,0.06558898,0.08188964,0.038697258,0.016491355,0.0066519324
ALO,Silverstone,2024,16.0,92.59,ALO,0.8618057,0.023706699,0.028058013,0.0685736,0.0129135,0.0049425284,ALO,0.94597435,0.011908548,0.018037807,0.016811658,0.003993245,0.0032743977
ALO,Silverstone,2024,17.0,95.014,ALO,0.93313193,0.0083248215,0.02052488,0.025755513,0.009002935,0.0032598635,ALO,0.95860744,0.006896805,0.018645559,0.008600965,0.0056877155,0.0015614645
ALO,Silverstone,2024,18.0,95.88,SAI,0.22324526,0.047697,0.3270264,0.004311955,0.39291233,0.004807061,ALO,0.33208954,0.10945119,0.2287469,0.008615589,0.31070533,0.010391467
ALO,Silverstone,2024,21.0,92.999,ALO,0.95809954,0.0038040157,0.007356064,0.025664432,0.0008820645,0.0041938554,ALO,0.97018963,0.0066341,0.006024277,0.014190351,0.0012135196,0.0017481358
ALO,Silverstone,2024,22.0,92.673,ALO,0.95994806,0.0022176413,0.0036674563,0.026065893,0.005025431,0.0030755254,ALO,0.95522344,0.008148942,0.00648606,0.022882184,0.003285557,0.003973807
ALO,Silverstone,2024,23.0,92.593,ALO,0.92228043,0.0028468212,0.0055717644,0.063025884,0.0016726296,0.004602441,ALO,0.9719286,0.0031625088,0.003471992,0.01805921,0.000923491,0.0024542303
ALO,Silverstone,2024,24.0,94.088,ALO,0.5692134,0.043019913,0.06152821,0.041554026,0.27456194,0.010122567,ALO,0.8427885,0.03157211,0.030686336,0.016109029,0.07504847,0.0037955367
ALO,Silverstone,2024,25.0,95.687,ALO,0.8664915,0.05895528,0.03295268,0.0033265194,0.03581004,0.00246398,ALO,0.8723974,0.076743975,0.037675016,0.0031378162,0.008965076,0.0010807073
ALO,Silverstone,2024,40.0,91.146,ALO,0.9610199,0.0045348955,0.01903392,0.011361283,0.0025274712,0.0015226024,ALO,0.96076417,0.0024953275,0.025986867,0.007632393,0.0017928719,0.0013283407
ALO,Silverstone,2024,41.0,90.594,ALO,0.74301845,0.021287845,0.08952634,0.049139183,0.051386178,0.045641985,ALO,0.7585365,0.009799602,0.12479865,0.035571218,0.0512271,0.0200669
ALO,Silverstone,2024,42.0,90.167,ALO,0.90853083,0.007989713,0.016818188,0.04544071,0.008225977,0.0129946,ALO,0.97028357,0.0018558548,0.0073109157,0.013185646,0.0024646013,0.0048994543
ALO,Silverstone,2024,43.0,90.098,ALO,0.883811,0.004122393,0.013541626,0.0384054,0.01634197,0.04377765,ALO,0.91430444,0.010003675,0.009652513,0.025692727,0.005217216,0.035129383
ALO,Silverstone,2024,44.0,89.93,ALO,0.6433315,0.018287752,0.022129584,0.25278574,0.008908536,0.054556884,ALO,0.7634224,0.007165708,0.015723208,0.18453452,0.009032023,0.020122087
ALO,Silverstone,2024,45.0,89.871,SAI,0.28580385,0.06621644,0.080202885,0.018398654,0.5406921,0.0086860955,SAI,0.19775121,0.08510514,0.18438713,0.009870221,0.50850195,0.014384341
ALO,Silverstone,2024,46.0,89.753,ALO,0.48878747,0.14636286,0.094363,0.032189757,0.04874911,0.1895478,ALO,0.29559493,0.14616951,0.18710268,0.07911373,0.097793795,0.19422533
ALO,Silverstone,2024,47.0,89.71,VER,0.052721657,0.07185083,0.05310964,0.101739734,0.18320185,0.5373763,SAI,0.028450439,0.023121972,0.062492717,0.10920893,0.4390903,0.3376356
ALO,Silverstone,2024,48.0,90.114,NOR,0.03571256,0.009174716,0.0038801278,0.60950375,0.0075232126,0.33420563,VER,0.021454027,0.0145538645,0.009777746,0.23661831,0.009445328,0.70815074
ALO,Silverstone,2024,49.0,90.7,ALO,0.6853706,0.044957507,0.007676149,0.16283558,0.012729261,0.08643088,NOR,0.21461186,0.088967554,0.0044031255,0.5576481,0.00637373,0.12799561
ALO,Silverstone,2024,50.0,90.727,NOR,0.14526755,0.0115223415,0.003836984,0.75931907,0.0031265165,0.07692752,NOR,0.106983334,0.059952654,0.0043367743,0.69814765,0.0043325536,0.12624702
ALO,Silverstone,2024,51.0,90.592,ALO,0.30343473,0.14076081,0.006795675,0.26295078,0.013648805,0.2724092,NOR,0.055301394,0.0992697,0.0033744136,0.5009889,0.0048795044,0.33618605
ALO,Silverstone,2024,52.0,91.43,NOR,0.099338904,0.04451862,0.0068595256,0.7348004,0.0069321413,0.10755036,NOR,0.029455163,0.09121693,0.004082329,0.6969963,0.004676382,0.17357293
HAM,Silverstone,2024,2.0,91.42,LEC,0.004209736,0.114405304,0.6874355,0.014370546,0.17596738,0.0036115318,LEC,0.0023175497,0.032999,0.61591744,0.011532301,0.33313575,0.0040979343
HAM,Silverstone,2024,3.0,91.716,LEC,0.034725823,0.3734305,0.49946144,0.00827357,0.081401736,0.0027069119,LEC,0.026575098,0.40400392,0.507281,0.007691964,0.05071105,0.0037369365
HAM,Silverstone,2024,4.0,91.988,HAM,0.0283412,0.5827467,0.26169527,0.014371016,0.106194735,0.00665109,HAM,0.017381724,0.4231031,0.25106955,0.03977357,0.25913486,0.009537214
HAM,Silverstone,2024,5.0,91.677,LEC,0.007678187,0.32658312,0.45066893,0.0117328735,0.19926141,0.004075512,LEC,0.006659388,0.1971028,0.48035312,0.012278914,0.29871228,0.004893547
HAM,Silverstone,2024,6.0,91.746,HAM,0.12141278,0.6748161,0.08335848,0.03783852,0.06293996,0.019634193,HAM,0.043996364,0.5710079,0.14705661,0.07954521,0.10868218,0.049711756
HAM,Silverstone,2024,7.0,91.675,HAM,0.064027876,0.5464749,0.08246779,0.03687334,0.24004045,0.030115647,HAM,0.04279942,0.38390982,0.13314086,0.106197044,0.29310602,0.040846854
HAM,Silverstone,2024,8.0,91.76,NOR,0.08647794,0.1574642,0.070819244,0.47561482,0.1329337,0.07669011,NOR,0.053757828,0.12987779,0.08218775,0.46502432,0.2028878,0.0662645
HAM,Silverstone,2024,9.0,91.564,HAM,0.017802568,0.50376904,0.14926663,0.02454454,0.115242,0.18937525,LEC,0.0103363665,0.14484641,0.40082994,0.03120862,0.16583088,0.24694784
HAM,Silverstone,2024,10.0,91.515,HAM,0.050096426,0.652898,0.026421951,0.117418244,0.03414834,0.11901705,NOR,0.045150593,0.2635099,0.0611235,0.3904217,0.074243665,0.16555068
HAM,Silverstone,2024,11.0,91.487,HAM,0.008295837,0.53130436,0.09713829,0.013696623,0.13682993,0.21273498,VER,0.0034976073,0.20550627,0.10977959,0.0076577566,0.069648124,0.6039107
HAM,Silverstone,2024,12.0,91.563,HAM,0.010734572,0.57859105,0.13533914,0.06998345,0.19525386,0.010097901,LEC,0.008548975,0.18514815,0.42264155,0.047988486,0.31737253,0.018300291
HAM,Silverstone,2024,13.0,91.881,SAI,0.008237267,0.17272708,0.12708594,0.021690857,0.5096195,0.16063939,VER,0.0043734056,0.10809854,0.26094675,0.020516295,0.24993289,0.35613212
HAM,Silverstone,2024,14.0,91.609,HAM,0.0043205577,0.6253914,0.14558034,0.009383238,0.21200034,0.0033241126,LEC,0.0028070547,0.26879805,0.49708548,0.028793398,0.1960964,0.0064195693
HAM,Silverstone,2024,15.0,91.563,SAI,0.0039064893,0.34157783,0.16180016,0.012454161,0.4717191,0.008542291,SAI,0.0026810134,0.14612219,0.34019694,0.020835755,0.4804987,0.009665468
HAM,Silverstone,2024,16.0,91.931,HAM,0.0070980294,0.7436295,0.11739944,0.017753456,0.10662548,0.007494089,HAM,0.0048462613,0.4745961,0.37766984,0.03986921,0.08237604,0.020642502
HAM,Silverstone,2024,17.0,93.721,HAM,0.006361708,0.80898297,0.09710457,0.013420772,0.068960994,0.0051689898,LEC,0.0049896957,0.24976216,0.5670115,0.050486553,0.11087068,0.016879382
HAM,Silverstone,2024,18.0,95.071,SAI,0.0027851437,0.04057114,0.04744788,0.0036017215,0.90403783,0.0015562183,SAI,0.0029668226,0.033990916,0.029173695,0.0018290419,0.9303806,0.0016589835
HAM,Silverstone,2024,21.0,92.156,SAI,0.0050920527,0.21158679,0.110713914,0.013942947,0.65000963,0.008654673,LEC,0.0022877287,0.034074366,0.6366971,0.013702045,0.3057821,0.007456635
HAM,Silverstone,2024,22.0,91.095,SAI,0.0046969773,0.14809291,0.30033323,0.011991615,0.5283213,0.0065639466,SAI,0.0020345752,0.08555956,0.31108123,0.014243354,0.5816664,0.0054148748
HAM,Silverstone,2024,23.0,91.107,HAM,0.005355836,0.8263548,0.08800357,0.009918371,0.06301417,0.0073531973,LEC,0.005474715,0.34348646,0.49003103,0.02269455,0.101213604,0.03709969
HAM,Silverstone,2024,24.0,91.635,HAM,0.02009189,0.4785971,0.28048792,0.054536305,0.14885142,0.017435363,LEC,0.007673488,0.21916905,0.5766219,0.07946775,0.08295693,0.034110855
HAM,Silverstone,2024,25.0,94.988,SAI,0.00074945815,0.079441175,0.015742265,0.0017669039,0.89872354,0.0035766552,SAI,0.0004940538,0.0960147,0.012292943,0.0012166208,0.8866481,0.0033335823
HAM,Silverstone,2024,40.0,90.318,SAI,0.0029817245,0.15038817,0.28707197,0.008973356,0.51975304,0.03083177,LEC,0.002134669,0.043014836,0.56694525,0.039292857,0.27801773,0.070594646
HAM,Silverstone,2024,41.0,90.118,VER,0.0066961423,0.25733542,0.0840815,0.0042780745,0.28435662,0.36325228,VER,0.0008376378,0.021476017,0.19079453,0.017265428,0.060026392,0.7096
HAM,Silverstone,2024,42.0,89.617,HAM,0.0026594286,0.63192004,0.1855011,0.009987063,0.15126647,0.01866587,LEC,0.0019528106,0.10085966,0.5054756,0.0436719,0.31366232,0.034377716
HAM,Silverstone,2024,43.0,89.793,SAI,0.0031484212,0.24879208,0.21953717,0.010894388,0.41210333,0.10552458,LEC,0.0023133082,0.044129763,0.50188625,0.05887697,0.26657563,0.12621807
HAM,Silverstone,2024,44.0,89.697,SAI,0.0048060557,0.3068729,0.19667746,0.011375475,0.3667825,0.11348562,VER,0.0011500965,0.030380337,0.21533628,0.012193083,0.09766058,0.6432796
HAM,Silverstone,2024,45.0,89.438,HAM,0.013995653,0.37222722,0.27004498,0.007890064,0.28068364,0.05515843,SAI,0.005901841,0.092797846,0.37911156,0.06351702,0.41269526,0.04597644
HAM,Silverstone,2024,46.0,89.641,HAM,0.004956962,0.66026556,0.089992285,0.012367399,0.201017,0.031400815,SAI,0.006084571,0.15308607,0.20614943,0.041959528,0.5388789,0.053841505
HAM,Silverstone,2024,47.0,89.538,HAM,0.015195433,0.42074007,0.059552085,0.013633657,0.22879085,0.2620879,VER,0.00227736,0.03256916,0.11795387,0.013731377,0.19018815,0.64328
HAM,Silverstone,2024,48.0,89.579,HAM,0.011248978,0.57833195,0.09009829,0.006637172,0.22952075,0.08416281,LEC,0.006163922,0.16626967,0.34498444,0.057254035,0.33631644,0.08901153
HAM,Silverstone,2024,49.0,89.667,SAI,0.0036206746,0.30483133,0.22926873,0.011229468,0.4295096,0.02154019,LEC,0.0026841105,0.08991004,0.67713344,0.028562216,0.14666311,0.055047117
HAM,Silverstone,2024,50.0,89.682,HAM,0.0025287983,0.6069805,0.23773585,0.010284341,0.12771901,0.014751488,LEC,0.003443404,0.18811113,0.5935716,0.021617142,0.16738644,0.025870292
HAM,Silverstone,2024,51.0,89.743,HAM,0.009816417,0.76949596,0.092128806,0.0055877343,0.082685366,0.040285688,LEC,0.004592972,0.23622416,0.43930453,0.035000335,0.1574728,0.12740517
HAM,Silverstone,2024,52.0,90.146,LEC,0.006308989,0.19901659,0.6453769,0.008416953,0.13654615,0.0043343864,LEC,0.0074604945,0.187609,0.7309905,0.013251254,0.056339517,0.0043492597
LEC,Silverstone,2024,2.0,92.858,LEC,0.11897451,0.047425203,0.5722367,0.016675752,0.23908426,0.0056035677,ALO,0.53058916,0.14109424,0.20205009,0.009053764,0.113436736,0.0037759885
LEC,Silverstone,2024,3.0,92.369,LEC,0.0118885785,0.08224153,0.74636525,0.0048306705,0.15334107,0.0013329167,LEC,0.008071825,0.10605288,0.78356075,0.0036365308,0.09720399,0.0014740175
LEC,Silverstone,2024,4.0,92.705,LEC,0.2120485,0.06686011,0.5219188,0.008906325,0.17926429,0.011002025,ALO,0.36124074,0.11667976,0.33483914,0.01829342,0.16390464,0.0050422954
LEC,Silverstone,2024,5.0,92.697,LEC,0.17399614,0.22503504,0.52420473,0.01905432,0.051185418,0.0065243156,ALO,0.5179054,0.23336455,0.19818689,0.01590226,0.030363146,0.004277696
LEC,Silverstone,2024,6.0,92.758,LEC,0.10307521,0.13253197,0.6101717,0.018593224,0.13115238,0.004475561,LEC,0.114110745,0.2066096,0.3751143,0.022230197,0.2742553,0.0076798894
LEC,Silverstone,2024,7.0,92.662,LEC,0.027332945,0.067899264,0.7583713,0.0049274233,0.13964285,0.001826251,LEC,0.06380952,0.18371095,0.6012921,0.006683329,0.1404787,0.004025454
LEC,Silverstone,2024,8.0,92.86,SAI,0.0019584354,0.06807812,0.037728444,0.0027546894,0.8883432,0.0011371182,SAI,0.0033133104,0.05572814,0.03274684,0.002098844,0.9052099,0.0009030172
LEC,Silverstone,2024,9.0,92.326,LEC,0.10146667,0.283162,0.3464336,0.021702314,0.2293374,0.017898008,HAM,0.21733221,0.28798234,0.24083742,0.03057539,0.2121102,0.011162411
LEC,Silverstone,2024,10.0,92.496,LEC,0.366797,0.15250997,0.37814558,0.02868801,0.06688372,0.006975732,ALO,0.7320275,0.07701396,0.15369418,0.009654191,0.025125379,0.002484847
LEC,Silverstone,2024,11.0,92.348,SAI,0.12812024,0.20005697,0.2906314,0.01483131,0.3615493,0.0048107966,SAI,0.16992423,0.27246463,0.13972111,0.018063381,0.39193726,0.007889385
LEC,Silverstone,2024,12.0,92.236,ALO,0.29046315,0.17871867,0.25523025,0.02360978,0.24237117,0.0096069435,ALO,0.7965721,0.051582806,0.08859942,0.009394984,0.051492933,0.002357795
LEC,Silverstone,2024,13.0,91.989,SAI,0.003922816,0.06778976,0.10496818,0.0024308248,0.8197958,0.0010925967,SAI,0.005553452,0.06473378,0.070797786,0.0025153533,0.8552535,0.001146112
LEC,Silverstone,2024,14.0,92.396,HAM,0.03811731,0.47752798,0.33345866,0.033126604,0.110044725,0.0077247624,LEC,0.03182005,0.38551366,0.43768817,0.040307794,0.09532528,0.0093450835
LEC,Silverstone,2024,15.0,92.755,SAI,0.0066833114,0.24913183,0.24139164,0.016677102,0.4793165,0.0067996024,LEC,0.0028554397,0.10435478,0.6544341,0.01691659,0.21460198,0.0068371333
LEC,Silverstone,2024,16.0,92.923,HAM,0.006416285,0.47164807,0.23095453,0.017410332,0.26660317,0.0069676414,LEC,0.0046120267,0.16728751,0.628598,0.009656756,0.18168138,0.008164362
LEC,Silverstone,2024,17.0,95.28,LEC,0.01105497,0.06907676,0.64568424,0.005194199,0.26695573,0.0020341442,LEC,0.0069918623,0.05364051,0.6852464,0.0043370943,0.24726352,0.0025206015
LEC,Silverstone,2024,18.0,95.951,LEC,0.0054939636,0.10047738,0.49188364,0.004737204,0.393766,0.0036418608,SAI,0.002728562,0.06612164,0.4046486,0.0044691265,0.51733136,0.0047007073
LEC,Silverstone,2024,39.0,91.481,LEC,0.019232227,0.11024708,0.78136784,0.0077504353,0.07748217,0.0039202846,LEC,0.0079658665,0.025658282,0.82293624,0.011624246,0.12616992,0.0056454064
LEC,Silverstone,2024,40.0,90.878,LEC,0.00511071,0.36277753,0.3688226,0.016708272,0.23290287,0.013678046,SAI,0.0026898196,0.034703936,0.4450433,0.04458591,0.4585093,0.01446775
LEC,Silverstone,2024,41.0,90.035,HAM,0.008319723,0.53370124,0.23675054,0.021006083,0.18228495,0.017937455,SAI,0.0071685845,0.1595029,0.27276105,0.06578403,0.47339246,0.021390993
LEC,Silverstone,2024,42.0,89.832,LEC,0.016685892,0.26696804,0.6458772,0.005609822,0.061134912,0.0037241322,HAM,0.007960463,0.4404854,0.34416512,0.00814292,0.18821907,0.011027088
LEC,Silverstone,2024,43.0,89.748,SAI,0.0043010465,0.323838,0.2030474,0.004631723,0.45884702,0.0053348616,HAM,0.0015714703,0.35727823,0.31429267,0.011176675,0.30305532,0.012625631
LEC,Silverstone,2024,44.0,89.933,LEC,0.013652765,0.11265353,0.6630809,0.007574249,0.19428343,0.008755163,SAI,0.0056068343,0.020686192,0.44269127,0.010941324,0.5079856,0.012088763
LEC,Silverstone,2024,45.0,89.911,LEC,0.039676327,0.11415107,0.79117787,0.006626741,0.04399062,0.004377386,LEC,0.026429364,0.199915,0.50521946,0.0091249505,0.24791323,0.011398042
LEC,Silverstone,2024,46.0,90.051,LEC,0.014753704,0.28196016,0.38456655,0.012940229,0.28600478,0.019774524,SAI,0.004121824,0.14725424,0.3497221,0.009525581,0.47270113,0.016675118
LEC,Silverstone,2024,47.0,90.289,HAM,0.01504459,0.33399415,0.29487535,0.016772512,0.31968302,0.019630352,SAI,0.0067373747,0.25429994,0.20223722,0.015034097,0.5044281,0.017263278
LEC,Silverstone,2024,48.0,90.204,HAM,0.0037073384,0.5377709,0.25566798,0.0075549395,0.18253694,0.012761876,HAM,0.0017713455,0.5315917,0.13830851,0.0057603447,0.31386885,0.008699204
LEC,Silverstone,2024,49.0,90.929,SAI,0.008517858,0.036458075,0.4677378,0.0058626356,0.47730848,0.004115129,LEC,0.0033178579,0.05502293,0.5966657,0.0050547933,0.3317411,0.0081976345
LEC,Silverstone,2024,50.0,90.488,SAI,0.0075481953,0.109107755,0.3254709,0.012239552,0.5407605,0.0048731077,SAI,0.011093391,0.050834578,0.35404477,0.0062124096,0.57303005,0.0047847843
LEC,Silverstone,2024,51.0,91.674,SAI,0.012971774,0.40034103,0.16854337,0.007829445,0.40542904,0.004885375,SAI,0.005296918,0.3466738,0.2167707,0.011393457,0.40178218,0.018082945
NOR,Silverstone,2024,2.0,92.188,NOR,0.0056537613,0.0008107394,0.00092085515,0.950986,0.00045255438,0.041176025,NOR,0.0026628324,0.000988356,0.0012494967,0.9297058,0.00044852754,0.064944945
NOR,Silverstone,2024,3.0,91.991,VER,0.049895514,0.00396313,0.009969362,0.16409928,0.008306463,0.7637662,VER,0.031722605,0.0060289945,0.012376431,0.34540692,0.006355399,0.5981096
NOR,Silverstone,2024,4.0,91.976,NOR,0.004224422,0.00055896223,0.0004323195,0.98258096,0.00033515078,0.01186821,NOR,0.0025777349,0.00064128224,0.0004899654,0.9802051,0.00026185255,0.015824068
NOR,Silverstone,2024,5.0,91.716,NOR,0.16652355,0.0044860984,0.008501537,0.722528,0.0063718674,0.09158896,NOR,0.06659242,0.0063749887,0.016922375,0.6968076,0.006365171,0.20693742
NOR,Silverstone,2024,6.0,91.896,NOR,0.09040693,0.0023114262,0.0028610257,0.88365906,0.0006669425,0.020094663,NOR,0.13581759,0.007533859,0.0058105937,0.7604405,0.0013858334,0.08901163
NOR,Silverstone,2024,7.0,92.071,NOR,0.013673588,0.006436882,0.005671026,0.7248534,0.0051263096,0.24423881,NOR,0.013104931,0.012472478,0.010664212,0.6729665,0.007116251,0.28367564
NOR,Silverstone,2024,8.0,92.018,NOR,0.06512863,0.0033578593,0.005868524,0.87859875,0.0015828199,0.04546341,NOR,0.14041883,0.007172479,0.008362159,0.7539402,0.0022670887,0.08783925
NOR,Silverstone,2024,9.0,91.976,NOR,0.1842969,0.0034215068,0.01436781,0.6931747,0.0031638786,0.10157516,NOR,0.33844107,0.006166351,0.0218202,0.50304496,0.0058032675,0.12472414
NOR,Silverstone,2024,10.0,91.83,NOR,0.011800799,0.0031951875,0.005086387,0.809118,0.005362971,0.16543673,NOR,0.01942595,0.0034756076,0.0086480025,0.7602024,0.007329511,0.2009185
NOR,Silverstone,2024,11.0,91.748,NOR,0.059827924,0.0011494397,0.00403358,0.86392266,0.0018058668,0.069260515,NOR,0.013306297,0.0045105573,0.0054218834,0.850395,0.0032299538,0.12313628
NOR,Silverstone,2024,12.0,91.718,NOR,0.08857361,0.001643007,0.005868807,0.82396024,0.0020201236,0.07793418,NOR,0.15599488,0.0029302766,0.008488187,0.7906754,0.0028826671,0.039028645
NOR,Silverstone,2024,13.0,91.472,NOR,0.30293834,0.008776747,0.012826792,0.5659584,0.0050084093,0.1044913,ALO,0.53284526,0.013154285,0.017888274,0.3547621,0.0046942593,0.076655835
NOR,Silverstone,2024,14.0,91.407,NOR,0.1172211,0.009554071,0.0075436416,0.7819149,0.0031388032,0.080627516,NOR,0.20475729,0.023764191,0.012552015,0.6806006,0.004309348,0.07401657
NOR,Silverstone,2024,15.0,90.946,NOR,0.34307492,0.023464583,0.03359796,0.52186686,0.014844827,0.06315083,ALO,0.46456307,0.016562626,0.026333135,0.4436971,0.009803658,0.03904041
NOR,Silverstone,2024,16.0,91.69,NOR,0.15738995,0.03544316,0.022678519,0.7068246,0.0072204475,0.07044333,NOR,0.063457265,0.045709345,0.030853337,0.7433577,0.0111009795,0.105521396
NOR,Silverstone,2024,17.0,94.304,NOR,0.023250552,0.021769518,0.0118440995,0.86546504,0.004913081,0.07275769,NOR,0.033447076,0.023909187,0.014212002,0.80346775,0.012913645,0.1120504
NOR,Silverstone,2024,18.0,94.125,SAI,0.010830777,0.05854098,0.38916615,0.019940514,0.5046251,0.016896514,SAI,0.015819762,0.030511104,0.27861756,0.012640339,0.65008867,0.012322511
NOR,Silverstone,2024,21.0,91.513,NOR,0.066380985,0.02708836,0.042572428,0.47435442,0.028084582,0.3615192,VER,0.06456385,0.020984922,0.07621728,0.32108727,0.04709928,0.47004735
NOR,Silverstone,2024,22.0,90.86,NOR,0.36414772,0.005320393,0.020780403,0.53183264,0.0037421414,0.07417674,NOR,0.28952354,0.008963275,0.051536776,0.47593325,0.007719076,0.16632412
NOR,Silverstone,2024,23.0,91.176,NOR,0.048395734,0.057028234,0.022840384,0.45256627,0.025041897,0.39412746,VER,0.03209407,0.02002426,0.036649212,0.3573637,0.048895683,0.50497305
NOR,Silverstone,2024,24.0,91.629,NOR,0.04202397,0.019794809,0.012105299,0.72644925,0.015786607,0.18384007,NOR,0.039478015,0.025531722,0.02114378,0.7004875,0.012232625,0.20112638
NOR,Silverstone,2024,25.0,94.307,HAM,0.045822818,0.49581462,0.041558422,0.24180442,0.10264745,0.07235231,HAM,0.036153518,0.34469014,0.06078234,0.18479723,0.1605435,0.21303329
NOR,Silverstone,2024,41.0,89.733,NOR,0.33656633,0.0006300434,0.0013209715,0.6550413,0.00064228824,0.0057991333,NOR,0.2245305,0.00052607013,0.00086785766,0.77103776,0.00031221102,0.0027255497
NOR,Silverstone,2024,42.0,90.006,NOR,0.024138387,0.0012615871,0.0037006466,0.925081,0.0011667946,0.04465152,NOR,0.014008708,0.0019913807,0.004788461,0.8567976,0.0019610035,0.12045284
NOR,Silverstone,2024,43.0,89.262,NOR,0.14128688,0.0024257633,0.005031204,0.7855202,0.0017221861,0.06401374,NOR,0.051832583,0.0025267615,0.004342764,0.81663364,0.0021525149,0.12251175
NOR,Silverstone,2024,44.0,89.752,NOR,0.018234283,0.0007461802,0.0015838223,0.93411356,0.0006622808,0.044659875,NOR,0.011757018,0.0019627945,0.0041996706,0.85348266,0.001758713,0.12683916
NOR,Silverstone,2024,45.0,89.635,NOR,0.12542419,0.0020856897,0.0035585994,0.81460494,0.0017906991,0.052535906,NOR,0.10083076,0.003186042,0.006491785,0.75017345,0.0031167478,0.13620128
NOR,Silverstone,2024,46.0,89.96,NOR,0.069869064,0.25159428,0.026031654,0.5710405,0.024772134,0.056692403,NOR,0.07567984,0.099883504,0.037982315,0.67708635,0.025517702,0.08385027
NOR,Silverstone,2024,47.0,89.838,NOR,0.035994176,0.01757108,0.0075616883,0.7308021,0.0060024173,0.20206854,VER,0.028138706,0.01882815,0.0194828,0.43565598,0.009193843,0.4887005
NOR,Silverstone,2024,48.0,90.556,NOR,0.02747091,0.015845604,0.005568653,0.76662767,0.004844189,0.17964295,NOR,0.019456144,0.023745352,0.01098439,0.528656,0.007269415,0.4098887
NOR,Silverstone,2024,49.0,90.515,ALO,0.65950865,0.0035308292,0.0084842155,0.30634525,0.0027991051,0.019331902,ALO,0.64469004,0.0044773254,0.002826135,0.33929247,0.0013585216,0.0073555517
NOR,Silverstone,2024,50.0,90.544,NOR,0.01872506,0.0049996935,0.003888168,0.8955716,0.0029338025,0.07388161,NOR,0.023113448,0.00814784,0.0063170604,0.6904061,0.0052748206,0.2667407
NOR,Silverstone,2024,51.0,90.769,NOR,0.036272775,0.0034967822,0.0039582867,0.86237067,0.0023243239,0.09157717,NOR,0.032047354,0.0069894427,0.0047837957,0.76535654,0.0029608714,0.18786198
NOR,Silverstone,2024,52.0,90.913,ALO,0.6793327,0.02743496,0.024079027,0.16814785,0.022089513,0.07891597,ALO,0.79877216,0.020276252,0.014156981,0.13767943,0.010370921,0.018744225
SAI,Silverstone,2024,2.0,92.359,SAI,0.03630654,0.07247917,0.31795445,0.011013936,0.5572972,0.0049486794,SAI,0.04150638,0.047400102,0.28417858,0.008932342,0.6141135,0.003869082
SAI,Silverstone,2024,3.0,92.102,SAI,0.07894637,0.22497644,0.08539027,0.24690925,0.2928242,0.07095346,HAM,0.09518801,0.37658173,0.07532217,0.1499951,0.20053591,0.102377124
SAI,Silverstone,2024,4.0,92.045,SAI,0.034672298,0.1553329,0.21505469,0.0108899325,0.57546735,0.008582803,SAI,0.099654086,0.17923695,0.17329283,0.024081836,0.51100796,0.012726303
SAI,Silverstone,2024,5.0,91.939,ALO,0.57170063,0.06298297,0.117388085,0.03970938,0.20010336,0.008115568,ALO,0.49104068,0.07960661,0.2303024,0.03512115,0.14897925,0.014949984
SAI,Silverstone,2024,6.0,91.9,LEC,0.235046,0.11625511,0.5976648,0.016932745,0.03099822,0.0031030949,ALO,0.58560574,0.11111129,0.24041976,0.010887918,0.04881211,0.003163198
SAI,Silverstone,2024,7.0,92.702,HAM,0.024971379,0.4153084,0.3490493,0.013105078,0.1936689,0.00389695,HAM,0.008047139,0.4244709,0.32511142,0.010701451,0.22642179,0.0052473424
SAI,Silverstone,2024,8.0,92.372,SAI,0.1780815,0.1803252,0.20455532,0.18153101,0.24893844,0.0065685078,LEC,0.20437774,0.17746219,0.26325625,0.10133496,0.24254069,0.011028174
SAI,Silverstone,2024,9.0,92.484,HAM,0.004953694,0.49875095,0.21761434,0.013314952,0.26183924,0.0035268269,LEC,0.0024320767,0.34871036,0.3502087,0.017070906,0.27757624,0.0040017446
SAI,Silverstone,2024,10.0,92.362,SAI,0.0060840603,0.18500473,0.18475412,0.015755536,0.60348696,0.0049146307,SAI,0.0042930725,0.10703553,0.3527718,0.02823612,0.4963684,0.011295129
SAI,Silverstone,2024,11.0,92.123,SAI,0.005821174,0.23307885,0.16586724,0.012275937,0.5632458,0.019711012,LEC,0.0028011755,0.10392178,0.62737256,0.014362991,0.22327523,0.02826628
SAI,Silverstone,2024,12.0,92.358,HAM,0.006747723,0.3915529,0.30315447,0.016465457,0.2756309,0.006448595,HAM,0.004806716,0.36113808,0.28391558,0.023198096,0.32112756,0.00581392
SAI,Silverstone,2024,13.0,92.251,SAI,0.015512197,0.3574169,0.106507786,0.015421064,0.49029735,0.014844691,LEC,0.007873222,0.3024403,0.31744003,0.028871877,0.28538257,0.05799203
SAI,Silverstone,2024,14.0,92.106,HAM,0.0031573214,0.49622375,0.15549667,0.006743203,0.33476856,0.0036104417,LEC,0.0026871646,0.335891,0.37346444,0.01795792,0.261705,0.008294501
SAI,Silverstone,2024,15.0,91.916,HAM,0.0034813446,0.4406775,0.22358987,0.018304067,0.3101049,0.0038423303,LEC,0.0025496494,0.20628345,0.56768215,0.025204632,0.1884843,0.0097958
SAI,Silverstone,2024,16.0,92.455,SAI,0.0025394675,0.14947248,0.16379532,0.010530845,0.6707552,0.0029066766,SAI,0.00084694213,0.040806968,0.11746909,0.0068668495,0.83207554,0.0019346076
SAI,Silverstone,2024,17.0,94.228,HAM,0.005270271,0.38955888,0.26359504,0.010421838,0.32686284,0.00429112,HAM,0.0073878965,0.43946195,0.24516043,0.010076734,0.29114705,0.0067659053
SAI,Silverstone,2024,18.0,94.31,SAI,0.0009765679,0.018015057,0.032916706,0.0013556634,0.9425362,0.0041998397,SAI,0.00022649555,0.0077268207,0.01365079,0.000532948,0.97602844,0.0018345012
SAI,Silverstone,2024,21.0,93.507,SAI,0.00077241607,0.010564701,0.051807046,0.0009655689,0.93519735,0.0006929045,SAI,0.0004082162,0.010461348,0.057262752,0.00079005107,0.9304529,0.0006247465
SAI,Silverstone,2024,22.0,92.157,LEC,0.00572159,0.12086435,0.6015776,0.0048229583,0.2627518,0.004261741,LEC,0.0030491515,0.08985153,0.6254317,0.005898847,0.27142093,0.0043478366
SAI,Silverstone,2024,23.0,92.297,SAI,0.002882407,0.08384678,0.38016582,0.0071337065,0.523407,0.002564281,LEC,0.002288245,0.07927058,0.56931853,0.007300907,0.33787197,0.003949742
SAI,Silverstone,2024,24.0,92.734,SAI,0.0035894725,0.11388306,0.26224077,0.0063984594,0.6101184,0.0037698224,SAI,0.00082613196,0.03208245,0.065726265,0.0028696002,0.8965368,0.001958702
SAI,Silverstone,2024,41.0,90.475,SAI,0.008636916,0.27663773,0.27858132,0.023108032,0.38942963,0.02360637,LEC,0.003635187,0.03811574,0.58827335,0.0949059,0.25739855,0.017671255
SAI,Silverstone,2024,42.0,89.872,SAI,0.009691706,0.21503694,0.17858103,0.009720792,0.528739,0.0582306,LEC,0.0040383767,0.06849952,0.6077561,0.08055858,0.18258508,0.056562383
SAI,Silverstone,2024,43.0,89.872,SAI,0.0031411017,0.30259165,0.16928954,0.010340749,0.49995255,0.014684462,LEC,0.002145033,0.067484945,0.585989,0.06972386,0.2402169,0.034440316
SAI,Silverstone,2024,44.0,89.739,HAM,0.005314985,0.64093596,0.085954554,0.0063006287,0.07145277,0.19004107,LEC,0.0051451563,0.07268314,0.52188003,0.029857682,0.13712868,0.23330532
SAI,Silverstone,2024,45.0,89.589,SAI,0.00612474,0.40735066,0.1283747,0.012197959,0.4342033,0.011748694,LEC,0.0029896297,0.06656596,0.5294959,0.020108797,0.3380654,0.042774305
SAI,Silverstone,2024,46.0,89.588,SAI,0.0024898285,0.20825961,0.16371553,0.0076935473,0.6065394,0.011301988,SAI,0.0018066502,0.048513796,0.42978868,0.008423989,0.4924966,0.018970285
SAI,Silverstone,2024,47.0,89.553,SAI,0.004195795,0.22375487,0.07421748,0.008878445,0.6813836,0.007569802,SAI,0.003074322,0.039092496,0.36480132,0.017600123,0.54315466,0.032277066
SAI,Silverstone,2024,48.0,89.415,HAM,0.007792503,0.5733516,0.27659902,0.008186381,0.118323855,0.015746646,LEC,0.0053233756,0.16802913,0.6887715,0.0399322,0.07066953,0.027274266
SAI,Silverstone,2024,49.0,89.439,HAM,0.010975808,0.47267246,0.27359682,0.023767952,0.20045774,0.018529162,LEC,0.0041766264,0.084077105,0.6636276,0.04552137,0.16773206,0.03486523
SAI,Silverstone,2024,50.0,89.434,SAI,0.002357701,0.22703317,0.21145482,0.0048040324,0.5406457,0.013704541,SAI,0.0016888924,0.14921932,0.40810037,0.0037919278,0.42218226,0.015017241
SAI,Silverstone,2024,52.0,88.293,SAI,0.0050425394,0.19502698,0.078655265,0.013759051,0.5899314,0.11758474,SAI,0.00298666,0.022345612,0.3650795,0.024478823,0.46170458,0.12340479
VER,Silverstone,2024,2.0,91.773,VER,0.037575617,0.027310716,0.0091377,0.31875366,0.051835787,0.5553865,VER,0.01706093,0.006053701,0.009376755,0.32326725,0.017646154,0.6265952
VER,Silverstone,2024,3.0,92.2,VER,0.0068744314,0.0012926297,0.0012552146,0.0103361225,0.0038045547,0.9764371,VER,0.0037450134,0.0009596711,0.0022914049,0.013490737,0.0025069292,0.97700626
VER,Silverstone,2024,4.0,91.933,VER,0.0062673986,0.0016848594,0.00159059,0.026621688,0.0019504214,0.96188504,VER,0.003121448,0.0008335614,0.0032514946,0.022108713,0.0023375365,0.96834725
VER,Silverstone,2024,5.0,91.778,VER,0.004532004,0.0026003672,0.0025361625,0.013000387,0.0027729275,0.9745582,VER,0.0023535271,0.0012607281,0.00435518,0.018928917,0.005012439,0.96808916
VER,Silverstone,2024,6.0,91.711,VER,0.010113713,0.008947999,0.002640656,0.041583125,0.0066963853,0.9300181,VER,0.0033760366,0.0024309722,0.0044870647,0.02164854,0.00500337,0.96305406
VER,Silverstone,2024,7.0,91.935,VER,0.019213764,0.0050219847,0.00598079,0.037652433,0.00644122,0.92568976,VER,0.011593432,0.0029467447,0.006033641,0.053832248,0.0066599767,0.9189339
VER,Silverstone,2024,8.0,92.038,VER,0.015986823,0.0029732778,0.004960144,0.062083807,0.008684443,0.90531147,VER,0.010504314,0.0018126803,0.00630668,0.059013292,0.008054055,0.9143089
VER,Silverstone,2024,9.0,91.883,VER,0.004988291,0.007721589,0.0016065356,0.009565018,0.0023059156,0.97381264,VER,0.009321313,0.0069155465,0.011554173,0.046177384,0.014460771,0.9115708
VER,Silverstone,2024,10.0,91.661,VER,0.008000496,0.0023367323,0.0016961013,0.079043455,0.001216566,0.9077066,VER,0.005875429,0.0018102292,0.0042297808,0.22846515,0.0017541493,0.75786525
VER,Silverstone,2024,11.0,91.81,VER,0.017725471,0.02925894,0.01589188,0.008824714,0.017711436,0.9105875,VER,0.012342504,0.018301783,0.07050259,0.05856146,0.046090707,0.79420096
VER,Silverstone,2024,12.0,91.894,VER,0.004597189,0.001585408,0.0011412189,0.04258776,0.0015562676,0.94853216,VER,0.0028288474,0.0010377066,0.00235533,0.045154765,0.0013098815,0.9473135
VER,Silverstone,2024,13.0,91.759,VER,0.007308624,0.0012447569,0.0013087094,0.031703256,0.0019411785,0.95649356,VER,0.0056017684,0.0014830744,0.0029976973,0.029160338,0.0017642303,0.9589929
VER,Silverstone,2024,14.0,91.7,VER,0.007941362,0.0041654985,0.001001357,0.10605047,0.0016868933,0.87915444,VER,0.0057847546,0.0030345249,0.0026028792,0.10857951,0.0022668187,0.8777315
VER,Silverstone,2024,15.0,92.249,VER,0.007976069,0.001155238,0.0016183032,0.073296554,0.001774574,0.9141793,VER,0.0074564177,0.0013523586,0.0038907777,0.15660048,0.0029810867,0.82771885
VER,Silverstone,2024,16.0,92.504,VER,0.007613492,0.00265568,0.001845226,0.18616286,0.0030061102,0.79871666,VER,0.006498928,0.0025094138,0.00410184,0.35176837,0.003270359,0.631851
VER,Silverstone,2024,21.0,93.488,VER,0.03737238,0.011191355,0.0117858425,0.15397157,0.021954067,0.7637248,VER,0.024760352,0.0071868263,0.03301392,0.07945389,0.019546557,0.8360384
VER,Silverstone,2024,22.0,91.904,VER,0.007874417,0.0028224543,0.0020540587,0.008232491,0.0029700585,0.9760465,VER,0.0072991275,0.0028447062,0.004361814,0.023899037,0.005204317,0.95639104
VER,Silverstone,2024,23.0,92.143,VER,0.009248579,0.002211056,0.0028614255,0.04143806,0.0016640966,0.94257677,VER,0.006783397,0.0016493616,0.007194023,0.044416327,0.0037490046,0.9362079
VER,Silverstone,2024,24.0,93.02,VER,0.102057695,0.1583935,0.108765215,0.04729927,0.08912316,0.49436116,VER,0.036406476,0.05680956,0.19378124,0.05049258,0.14074023,0.52176994
VER,Silverstone,2024,40.0,90.056,VER,0.03182593,0.115317225,0.06619065,0.05154747,0.04845184,0.6866669,VER,0.020262087,0.053191647,0.14136924,0.28064296,0.13930808,0.365226
VER,Silverstone,2024,41.0,89.604,VER,0.0078109284,0.0063907076,0.0021216413,0.034748524,0.0026139352,0.94631433,VER,0.0022320913,0.0029640452,0.004967711,0.045734286,0.0041653975,0.9399365
VER,Silverstone,2024,42.0,89.472,VER,0.0153715955,0.27101985,0.020428644,0.060951974,0.023661368,0.6085666,VER,0.011954416,0.08408404,0.044648636,0.30547634,0.09980723,0.45402935
VER,Silverstone,2024,43.0,89.105,VER,0.0034354113,0.00666544,0.0015211717,0.005422074,0.0048113936,0.97814447,VER,0.006666385,0.008755584,0.010438198,0.047165375,0.048101887,0.87887263
VER,Silverstone,2024,44.0,89.372,VER,0.0024706859,0.0062771076,0.0009133939,0.0031742665,0.0019419165,0.98522264,VER,0.0013316784,0.0016959729,0.002695385,0.008875993,0.005687959,0.97971296
VER,Silverstone,2024,45.0,89.137,VER,0.0026161082,0.014693922,0.001803713,0.0026523308,0.0036485607,0.97458535,VER,0.0016273509,0.0046606874,0.00399871,0.012798715,0.012057527,0.96485704
VER,Silverstone,2024,46.0,89.543,VER,0.003654999,0.0048383735,0.0012303366,0.014707763,0.0028149849,0.9727535,VER,0.003380487,0.0025556465,0.005022873,0.035222605,0.007301072,0.9465173
VER,Silverstone,2024,47.0,89.411,VER,0.0106378095,0.030584915,0.0057695024,0.03582188,0.018968066,0.8982178,VER,0.010473705,0.013869062,0.01671736,0.09452146,0.06981166,0.79460675
VER,Silverstone,2024,48.0,88.952,SAI,0.09939712,0.11170871,0.061271936,0.13706957,0.36973867,0.22081396,SAI,0.074026935,0.022839764,0.048194543,0.21671164,0.56055236,0.07767474
VER,Silverstone,2024,49.0,89.56,VER,0.009294769,0.009506023,0.0073656,0.05075343,0.01476081,0.90831935,VER,0.01930765,0.009557871,0.016438251,0.44955292,0.052676704,0.45246658
VER,Silverstone,2024,50.0,89.286,VER,0.010254591,0.01595034,0.001625063,0.022787089,0.0023182912,0.94706464,VER,0.0062998654,0.0070477235,0.004761812,0.03134837,0.0075298236,0.94301236
VER,Silverstone,2024,51.0,89.443,VER,0.0048377793,0.0043991394,0.0010126553,0.013252508,0.004067823,0.9724301,VER,0.0037863068,0.0019949668,0.0037506376,0.015802382,0.0040280083,0.9706377
VER,Silverstone,2024,52.0,89.089,SAI,0.008101722,0.32779118,0.12262486,0.020615976,0.4222606,0.09860566,SAI,0.0053591933,0.040502533,0.3441552,0.06057658,0.4189904,0.1304161
ALO,Monza,2024,2.0,87.236,ALO,0.5670317,0.005422669,0.014203959,0.35281545,0.0051348754,0.05539138,ALO,0.7455104,0.008045088,0.013112438,0.16984408,0.0034162465,0.06007179
ALO,Monza,2024,3.0,86.41,ALO,0.46763,0.02253502,0.17565385,0.27470717,0.037426885,0.02204709,NOR,0.19607818,0.01108928,0.09801887,0.6778354,0.009930774,0.007047498
ALO,Monza,2024,4.0,86.411,NOR,0.10319638,0.009309729,0.014935537,0.8651721,0.002066279,0.005320049,NOR,0.026694492,0.0016836874,0.005176776,0.9638155,0.00074078824,0.0018887154
ALO,Monza,2024,5.0,86.218,NOR,0.045489386,0.0025410617,0.0033352147,0.94458425,0.0010820982,0.0029679507,NOR,0.029152693,0.0017908437,0.0018940611,0.96162504,0.00078974065,0.004747624
ALO,Monza,2024,6.0,85.911,ALO,0.6425786,0.010914593,0.039135467,0.24899687,0.019147461,0.039226975,ALO,0.6052009,0.0068779932,0.05417383,0.28870308,0.010804666,0.034239583
ALO,Monza,2024,7.0,85.95,ALO,0.5307136,0.007334461,0.014455815,0.43780494,0.003843877,0.0058473106,NOR,0.35601658,0.0033496828,0.014753729,0.616024,0.0021624898,0.0076934923
ALO,Monza,2024,8.0,85.693,ALO,0.47917736,0.020225072,0.026278395,0.4552163,0.00519455,0.013908358,NOR,0.34219602,0.012147997,0.06843611,0.529242,0.010089534,0.037888326
ALO,Monza,2024,9.0,85.969,NOR,0.3139261,0.014891094,0.021663086,0.63498354,0.0047638956,0.009772284,NOR,0.05192527,0.0030711207,0.009992826,0.9281583,0.0014717604,0.0053807297
ALO,Monza,2024,10.0,85.832,ALO,0.6284704,0.006303522,0.019662552,0.32694963,0.0034172228,0.015196603,ALO,0.6440746,0.005294553,0.01366451,0.32356068,0.0023492533,0.011056369
ALO,Monza,2024,11.0,85.758,ALO,0.75430584,0.050458003,0.085124716,0.09277465,0.0106443325,0.006692489,ALO,0.6997157,0.017880628,0.1898982,0.067179844,0.009355278,0.015970359
ALO,Monza,2024,14.0,85.832,ALO,0.7639815,0.01737505,0.018321337,0.19241118,0.002469098,0.005441782,ALO,0.8362617,0.009557105,0.03479082,0.104252435,0.0061407466,0.008997183
ALO,Monza,2024,15.0,84.67,NOR,0.27566913,0.022050641,0.030777903,0.6432017,0.016645074,0.011655501,NOR,0.06508355,0.005429614,0.0616014,0.8412375,0.010794422,0.01585356
ALO,Monza,2024,16.0,84.614,ALO,0.6796645,0.008998009,0.008216077,0.29272887,0.0039942837,0.006398242,ALO,0.49615443,0.008523113,0.031763438,0.42988014,0.012312938,0.02136588
ALO,Monza,2024,17.0,84.574,ALO,0.7101953,0.008496982,0.014586895,0.2487693,0.0053435466,0.012607981,ALO,0.5703705,0.0061895773,0.024736855,0.36165756,0.0044726706,0.032572806
ALO,Monza,2024,18.0,84.882,ALO,0.820831,0.016899709,0.07415327,0.06816606,0.013770546,0.006179446,ALO,0.72900355,0.011289148,0.16961381,0.06239424,0.016204892,0.011494369
ALO,Monza,2024,19.0,85.314,ALO,0.76893276,0.060325548,0.08526939,0.01443364,0.05952279,0.011515927,ALO,0.43998778,0.03354838,0.42625275,0.025363084,0.06845428,0.006393678
ALO,Monza,2024,20.0,85.676,HAM,0.23170383,0.4072703,0.059623577,0.04127412,0.010577483,0.24955069,VER,0.32542437,0.027480364,0.05994858,0.008090801,0.012024074,0.5670318
ALO,Monza,2024,21.0,85.297,ALO,0.882131,0.0118199475,0.033391457,0.051048446,0.010004809,0.011604325,ALO,0.72748077,0.012366229,0.055998705,0.1650376,0.014223204,0.024893498
ALO,Monza,2024,22.0,85.451,ALO,0.82945615,0.062442392,0.07115881,0.024039816,0.0041532493,0.008749544,ALO,0.65081686,0.010070339,0.28887486,0.00422246,0.021273728,0.024741752
ALO,Monza,2024,23.0,85.017,ALO,0.51963025,0.3198776,0.047065064,0.051256463,0.016800925,0.04536968,ALO,0.5868871,0.01811582,0.2814484,0.007053873,0.05470178,0.051793024
ALO,Monza,2024,24.0,84.588,ALO,0.64678776,0.1181275,0.024441227,0.17919816,0.00889036,0.022554988,ALO,0.75966096,0.01668842,0.13658702,0.0117005445,0.031046793,0.044316232
ALO,Monza,2024,25.0,84.504,NOR,0.16272879,0.004174132,0.0043601044,0.82286674,0.00082159595,0.0050485977,ALO,0.79643726,0.0074674357,0.027899042,0.14072973,0.0042568566,0.023209624
ALO,Monza,2024,26.0,84.937,ALO,0.8721556,0.031439412,0.037538595,0.043931175,0.008741962,0.0061932798,ALO,0.62782645,0.017157283,0.1282362,0.18881524,0.019627718,0.018337106
ALO,Monza,2024,27.0,84.891,ALO,0.8435982,0.023987614,0.08523398,0.012816877,0.028593104,0.005770197,ALO,0.49486336,0.0104167005,0.43730387,0.00853037,0.043530274,0.005355471
ALO,Monza,2024,28.0,84.725,ALO,0.6005006,0.25431105,0.055198546,0.036462914,0.014025633,0.039501324,ALO,0.6917084,0.012425887,0.24135958,0.005055719,0.029429596,0.02002079
ALO,Monza,2024,29.0,85.011,ALO,0.92560357,0.017363729,0.023550276,0.020828424,0.0060699494,0.0065840185,ALO,0.92982966,0.0044879806,0.0495499,0.0027138535,0.006431829,0.006986753
ALO,Monza,2024,30.0,85.039,ALO,0.84995896,0.06044387,0.036177743,0.0321426,0.014033949,0.0072428384,ALO,0.6313616,0.016917111,0.29523906,0.0034166204,0.040943388,0.012122205
ALO,Monza,2024,31.0,85.128,ALO,0.7423498,0.03649669,0.028758673,0.07306557,0.0070006177,0.11232861,ALO,0.8692485,0.0077390196,0.032905016,0.004222999,0.011611846,0.07427258
ALO,Monza,2024,32.0,85.099,ALO,0.7745739,0.032633193,0.01400057,0.15837036,0.0038433883,0.016578527,ALO,0.9438386,0.0067624683,0.019613883,0.0037723326,0.006607341,0.019405412
ALO,Monza,2024,33.0,85.289,ALO,0.56937486,0.26037803,0.052635442,0.08368685,0.023134418,0.01079045,ALO,0.6839196,0.1237507,0.13701735,0.012438406,0.028764084,0.014109785
ALO,Monza,2024,34.0,85.083,ALO,0.411846,0.17971349,0.08184696,0.1556702,0.017535195,0.15338813,ALO,0.530026,0.045037087,0.29394767,0.028202035,0.043681156,0.05910601
ALO,Monza,2024,37.0,83.703,ALO,0.90653443,0.016336039,0.0072359703,0.036104646,0.0048192693,0.028969701,ALO,0.95219225,0.0043361466,0.0132442145,0.0034624077,0.009476842,0.017288174
ALO,Monza,2024,38.0,83.847,ALO,0.83442384,0.029321682,0.016550763,0.08789533,0.009014158,0.022794241,ALO,0.8163023,0.012138348,0.06317255,0.07604776,0.014918446,0.017420614
ALO,Monza,2024,39.0,83.77,ALO,0.9256428,0.016435098,0.017995121,0.02467059,0.006948398,0.008308002,ALO,0.77224314,0.013679392,0.1674052,0.016005363,0.018790424,0.011876476
ALO,Monza,2024,40.0,83.683,ALO,0.79039264,0.015292599,0.026675409,0.14866388,0.011454627,0.0075208405,ALO,0.40312117,0.015148779,0.18130617,0.36263376,0.029779641,0.008010506
ALO,Monza,2024,41.0,83.822,ALO,0.61542624,0.2838546,0.066278055,0.014893735,0.01580008,0.0037472688,ALO,0.6455642,0.020609949,0.27957752,0.0059605306,0.041267276,0.0070205857
ALO,Monza,2024,42.0,83.637,ALO,0.60044134,0.02705485,0.026087355,0.23863418,0.00963512,0.09814717,ALO,0.5755451,0.021617865,0.11520396,0.1925793,0.019848792,0.07520499
ALO,Monza,2024,43.0,83.681,ALO,0.94576275,0.009996488,0.01773125,0.014971026,0.0041874875,0.007351053,ALO,0.8808537,0.004307365,0.07929354,0.0077593154,0.018152412,0.009633624
ALO,Monza,2024,44.0,83.529,ALO,0.69601613,0.09596649,0.11153669,0.047136437,0.033403087,0.015941124,ALO,0.5638147,0.030468518,0.35278714,0.0077602924,0.03237113,0.012798248
ALO,Monza,2024,45.0,83.484,ALO,0.9003686,0.028775249,0.020100899,0.028875293,0.0065030716,0.015376947,ALO,0.89449406,0.009522093,0.06449564,0.004334451,0.012705033,0.014448736
ALO,Monza,2024,46.0,82.944,ALO,0.8985272,0.023175847,0.02471609,0.02838018,0.008532906,0.016667726,ALO,0.8438755,0.008579619,0.11928826,0.0034067032,0.016623456,0.008226433
ALO,Monza,2024,47.0,83.221,ALO,0.67335594,0.16435495,0.078740574,0.0053771003,0.05129835,0.026873069,LEC,0.36865643,0.032631982,0.5052331,0.002827492,0.08573046,0.0049204617
ALO,Monza,2024,48.0,83.245,ALO,0.6892529,0.07311362,0.06368447,0.04745358,0.045111228,0.08138418,ALO,0.5224431,0.011096335,0.40153655,0.004565956,0.036542736,0.023815298
ALO,Monza,2024,49.0,83.525,LEC,0.07180841,0.37684086,0.40808988,0.008876419,0.10275738,0.031627018,LEC,0.053249765,0.043726414,0.77451175,0.0020071713,0.12243224,0.004072655
ALO,Monza,2024,50.0,83.511,ALO,0.65212536,0.066374525,0.099695206,0.103211105,0.062305808,0.01628798,LEC,0.39165393,0.01990766,0.40095964,0.096242815,0.07668942,0.014546564
ALO,Monza,2024,51.0,83.468,ALO,0.83094776,0.020378316,0.010128432,0.11928364,0.0026158115,0.016646015,ALO,0.93136406,0.006386284,0.025005138,0.0030794705,0.0052322717,0.028932763
ALO,Monza,2024,52.0,83.761,LEC,0.057367645,0.039330423,0.7759398,0.0030023896,0.12030632,0.004053382,LEC,0.030072665,0.012153066,0.88724756,0.0009265389,0.06759207,0.0020081408
ALO,Monza,2024,53.0,83.686,ALO,0.81571245,0.018494885,0.12159799,0.01808913,0.022395188,0.0037103994,ALO,0.6871193,0.008010089,0.2667492,0.0038575705,0.030050127,0.0042137243
HAM,Monza,2024,2.0,86.043,HAM,0.07183382,0.435254,0.102620885,0.039727863,0.2020164,0.14854707,VER,0.2053179,0.16229087,0.17291924,0.015482219,0.13406296,0.30992678
HAM,Monza,2024,3.0,85.63,HAM,0.02683396,0.4480139,0.06449279,0.022561783,0.07910588,0.35899165,VER,0.04135374,0.19268352,0.07252063,0.009141886,0.12265623,0.561644
HAM,Monza,2024,4.0,85.722,HAM,0.010169806,0.9346274,0.017022135,0.0015948211,0.03252367,0.004062218,HAM,0.055004466,0.6639943,0.07935978,0.0129404925,0.16621268,0.022488311
HAM,Monza,2024,5.0,84.771,HAM,0.011781003,0.7977886,0.0484618,0.007841948,0.12041383,0.013712751,SAI,0.17618605,0.17469399,0.20711298,0.015062022,0.3424923,0.084452644
HAM,Monza,2024,6.0,84.919,HAM,0.031175485,0.8908668,0.02165653,0.015349152,0.0099255415,0.031026473,VER,0.29425064,0.21533813,0.07415245,0.009243558,0.02698243,0.3800328
HAM,Monza,2024,7.0,85.205,ALO,0.62426853,0.046871033,0.08711385,0.15665679,0.038239747,0.04685006,NOR,0.33758548,0.015138868,0.16436681,0.44039565,0.015184916,0.02732831
HAM,Monza,2024,8.0,84.871,HAM,0.015172556,0.8243107,0.05758333,0.011372992,0.04507251,0.04648789,VER,0.05092848,0.19352534,0.10435434,0.01015554,0.19519089,0.4458454
HAM,Monza,2024,9.0,85.035,HAM,0.0194797,0.60116637,0.060519096,0.024766391,0.031039912,0.26302853,VER,0.06798953,0.18811254,0.16731092,0.01709705,0.11920725,0.44028273
HAM,Monza,2024,10.0,84.909,HAM,0.01229813,0.8441354,0.012382937,0.05156414,0.013902037,0.06571741,VER,0.012674226,0.27956122,0.022379516,0.006911075,0.01646258,0.6620114
HAM,Monza,2024,11.0,84.938,VER,0.012335279,0.43213212,0.0289149,0.023171574,0.04090571,0.46254036,VER,0.025975091,0.25620836,0.074269556,0.017521912,0.22745942,0.3985657
HAM,Monza,2024,12.0,84.932,HAM,0.3157348,0.51338214,0.11898209,0.00448386,0.04008059,0.007336508,ALO,0.49445027,0.037645597,0.3826322,0.0024886385,0.06669463,0.016088728
HAM,Monza,2024,13.0,85.329,VER,0.12799962,0.044886526,0.04162853,0.01278724,0.08178395,0.6909141,VER,0.17936362,0.0351932,0.16657348,0.008970602,0.20021929,0.40967977
HAM,Monza,2024,14.0,85.817,HAM,0.006111566,0.688307,0.21485136,0.0035661692,0.077972084,0.009191847,LEC,0.020246327,0.19604418,0.42205623,0.006605801,0.33907267,0.015974773
HAM,Monza,2024,17.0,84.843,HAM,0.0043236613,0.9268084,0.012558614,0.008436003,0.011479234,0.036394075,VER,0.008751103,0.39581457,0.030300913,0.006088542,0.032592624,0.5264523
HAM,Monza,2024,18.0,84.831,HAM,0.033433665,0.34183127,0.18384518,0.02586503,0.12786287,0.28716198,VER,0.048539333,0.1235456,0.12001171,0.008451531,0.07362413,0.6258277
HAM,Monza,2024,19.0,84.649,HAM,0.026549619,0.67116547,0.039707795,0.025394449,0.009669018,0.22751363,VER,0.05595338,0.1194926,0.07413127,0.012250093,0.028459337,0.70971334
HAM,Monza,2024,20.0,84.64,HAM,0.1377118,0.52120656,0.14791135,0.038069222,0.018861104,0.13624002,LEC,0.104958504,0.07172506,0.5117413,0.016369978,0.09817068,0.19703451
HAM,Monza,2024,21.0,84.915,HAM,0.0064292294,0.7356534,0.12690131,0.005836121,0.10506245,0.020117447,LEC,0.02986574,0.20814598,0.47572815,0.010404602,0.22704089,0.04881464
HAM,Monza,2024,22.0,84.613,HAM,0.005631397,0.79206824,0.016445462,0.019327963,0.015844861,0.15068206,HAM,0.018468697,0.5448889,0.058591694,0.020558253,0.077933095,0.27955937
HAM,Monza,2024,23.0,84.132,HAM,0.01214649,0.7045451,0.014212208,0.017960364,0.012977138,0.23815876,VER,0.0312822,0.27655038,0.037374336,0.010989617,0.06071299,0.5830904
HAM,Monza,2024,24.0,83.818,HAM,0.0070903543,0.8462772,0.044551205,0.017139107,0.029055843,0.05588633,HAM,0.02761077,0.30438602,0.16254197,0.019134969,0.18355323,0.30277306
HAM,Monza,2024,25.0,83.804,HAM,0.020898292,0.76540965,0.053073265,0.017528426,0.053275347,0.08981504,VER,0.045189295,0.12807435,0.16444795,0.009093895,0.26395154,0.38924295
HAM,Monza,2024,26.0,83.673,HAM,0.19828872,0.71592546,0.028107971,0.012070969,0.022331892,0.023275014,ALO,0.63808405,0.09650616,0.12403577,0.0054225265,0.07726852,0.058683015
HAM,Monza,2024,27.0,83.495,ALO,0.67165315,0.16158031,0.032869335,0.09983859,0.010789365,0.02326926,ALO,0.78497905,0.029820334,0.09748814,0.012228163,0.015782867,0.05970147
HAM,Monza,2024,28.0,83.64,HAM,0.046143975,0.8186602,0.09255279,0.0047852113,0.03315048,0.004707354,LEC,0.07212088,0.13518465,0.70366573,0.003088071,0.07986244,0.006078271
HAM,Monza,2024,29.0,83.507,ALO,0.4440935,0.13810702,0.029909318,0.31696945,0.01250025,0.05842047,ALO,0.54538107,0.08712571,0.08461552,0.20625831,0.033563282,0.043056134
HAM,Monza,2024,30.0,83.445,HAM,0.23772584,0.35990563,0.096299715,0.06687126,0.023654195,0.21554331,ALO,0.59154344,0.03272531,0.13787737,0.015068983,0.07305562,0.14972922
HAM,Monza,2024,31.0,83.36,ALO,0.5859469,0.10052714,0.12128801,0.11621722,0.057063047,0.01895766,ALO,0.472331,0.021133307,0.38670993,0.042827643,0.051257916,0.025740212
HAM,Monza,2024,32.0,83.328,ALO,0.46910274,0.2958555,0.10461247,0.028770301,0.054274358,0.047384575,ALO,0.42454064,0.041060667,0.32242948,0.0055323187,0.1500551,0.056381866
HAM,Monza,2024,33.0,83.397,HAM,0.23551473,0.31425068,0.11391189,0.006321399,0.307226,0.022775343,LEC,0.30110693,0.1056398,0.3016022,0.0049889605,0.26388296,0.022779128
HAM,Monza,2024,34.0,83.531,HAM,0.13934842,0.6868281,0.10508384,0.013089954,0.042924464,0.012725239,LEC,0.3281882,0.03313321,0.5615035,0.0043302896,0.061377812,0.011467005
HAM,Monza,2024,35.0,83.378,ALO,0.5547252,0.17681229,0.17298587,0.008768239,0.07897813,0.007730247,LEC,0.40216714,0.015237558,0.5020896,0.002853877,0.07295784,0.0046939887
HAM,Monza,2024,36.0,83.601,HAM,0.25650203,0.52358574,0.1301896,0.010390366,0.05865702,0.02067528,LEC,0.29744336,0.062172104,0.5076032,0.004423287,0.09727368,0.031084375
HAM,Monza,2024,39.0,82.968,HAM,0.014554584,0.76390886,0.030438226,0.026713254,0.025565287,0.1388198,SAI,0.04002542,0.19169727,0.14592478,0.017614108,0.444529,0.1602094
HAM,Monza,2024,40.0,83.012,HAM,0.0129367355,0.42693338,0.06991196,0.03401354,0.08985878,0.36634564,SAI,0.02043418,0.06816601,0.17991698,0.0076724477,0.58210146,0.14170891
HAM,Monza,2024,41.0,82.927,HAM,0.10803682,0.7211551,0.051492732,0.046227288,0.033490464,0.03959756,LEC,0.15696105,0.2324231,0.31198058,0.030874534,0.2137224,0.054038357
HAM,Monza,2024,42.0,82.52,HAM,0.008419362,0.92127955,0.035109896,0.002396594,0.02480709,0.00798744,HAM,0.008112748,0.61177623,0.13022406,0.013208229,0.21891528,0.017763447
HAM,Monza,2024,43.0,82.396,HAM,0.012944147,0.774782,0.14923912,0.025355546,0.013357369,0.024321819,LEC,0.05977717,0.3567511,0.38902146,0.01071001,0.09322779,0.090512455
HAM,Monza,2024,44.0,82.136,HAM,0.033040788,0.84623796,0.014684733,0.012005647,0.02194635,0.07208447,HAM,0.123681724,0.32440624,0.109231204,0.02668036,0.14003396,0.27596653
HAM,Monza,2024,45.0,82.176,VER,0.020853588,0.08552544,0.025369512,0.0400935,0.0077810073,0.820377,VER,0.07567481,0.06758566,0.24741806,0.018688863,0.13062762,0.46000496
HAM,Monza,2024,46.0,82.307,HAM,0.15426943,0.4338632,0.1970953,0.0145612,0.115013026,0.08519786,LEC,0.026073908,0.054136597,0.85460526,0.0025645492,0.05196641,0.010653244
HAM,Monza,2024,47.0,82.471,HAM,0.10783328,0.53025246,0.21552476,0.04189415,0.082931876,0.0215635,LEC,0.06507682,0.05702054,0.671434,0.0092923,0.15273973,0.04443662
HAM,Monza,2024,48.0,82.794,LEC,0.11014201,0.094041124,0.27195117,0.027866991,0.26263958,0.23335913,LEC,0.1503069,0.04679399,0.49297178,0.009881659,0.23735292,0.06269274
HAM,Monza,2024,49.0,82.446,HAM,0.16695304,0.7139251,0.062761396,0.005155477,0.04075948,0.0104454635,LEC,0.06544107,0.18037574,0.68908936,0.004617333,0.05058591,0.009890608
HAM,Monza,2024,50.0,82.243,HAM,0.010797753,0.81951314,0.10056366,0.0063500237,0.047412235,0.015363154,SAI,0.027966904,0.291475,0.25065258,0.014381858,0.35460192,0.060921747
HAM,Monza,2024,51.0,82.737,HAM,0.0047820136,0.41847983,0.22040717,0.0051905694,0.3411801,0.009960346,SAI,0.0071617984,0.15124828,0.16083458,0.0035618907,0.6646297,0.012563733
HAM,Monza,2024,52.0,85.703,HAM,0.005599463,0.7961824,0.17610821,0.0030240028,0.013951119,0.005134768,HAM,0.012363456,0.6383215,0.305444,0.0053297984,0.03182216,0.006719068
HAM,Monza,2024,53.0,81.512,LEC,0.04224986,0.22881146,0.35830754,0.0071894624,0.34621158,0.017230121,LEC,0.017031059,0.06367909,0.6536893,0.0027358027,0.25363973,0.009225004
LEC,Monza,2024,1.0,88.179,LEC,0.012589995,0.0060874475,0.9118215,0.0025819398,0.06542044,0.0014986806,LEC,0.02646341,0.029797483,0.8273875,0.0044042696,0.1105997,0.0013476659
LEC,Monza,2024,2.0,85.396,LEC,0.005493386,0.012022105,0.90190953,0.0012456211,0.078300916,0.0010284532,LEC,0.013530092,0.044652913,0.80461854,0.001398318,0.13448735,0.0013127472
LEC,Monza,2024,3.0,85.179,LEC,0.017100157,0.017582897,0.946264,0.0020369892,0.016392363,0.0006235353,LEC,0.017774578,0.01337305,0.93942505,0.002457475,0.025888769,0.0010810585
LEC,Monza,2024,4.0,84.81,LEC,0.005348042,0.037972353,0.9488663,0.0006225968,0.0068450267,0.00034565054,LEC,0.01608391,0.010121749,0.9591537,0.00095533545,0.012652705,0.001032508
LEC,Monza,2024,5.0,84.603,LEC,0.0042085135,0.030454816,0.93884814,0.0010896329,0.024666302,0.0007325991,LEC,0.014636898,0.03904434,0.89209867,0.0038458032,0.049038388,0.0013358948
LEC,Monza,2024,6.0,84.663,LEC,0.010940308,0.020388713,0.94952154,0.0016147523,0.016902007,0.0006327017,LEC,0.021243077,0.01301343,0.92396075,0.003428981,0.036957536,0.001396227
LEC,Monza,2024,7.0,84.434,LEC,0.039355375,0.008592746,0.9252312,0.001378528,0.024496898,0.00094516965,LEC,0.01876517,0.012571677,0.8849688,0.0010061197,0.08143118,0.0012570213
LEC,Monza,2024,8.0,84.569,LEC,0.012183892,0.014725613,0.91324484,0.0014350829,0.05751387,0.0008966283,LEC,0.012396344,0.01899865,0.8921764,0.0008591975,0.07472231,0.00084716215
LEC,Monza,2024,9.0,84.362,LEC,0.033555843,0.011292137,0.90234035,0.0023182172,0.04892888,0.0015645892,LEC,0.027487451,0.014077853,0.85917777,0.0026927285,0.09402237,0.002541767
LEC,Monza,2024,10.0,84.432,LEC,0.012071714,0.0055174753,0.90651435,0.00093828514,0.07368131,0.0012769211,LEC,0.03217994,0.013637961,0.7842227,0.0027248957,0.16523601,0.0019984446
LEC,Monza,2024,11.0,84.846,LEC,0.04754286,0.03001808,0.8715076,0.0040368587,0.043122932,0.003771726,LEC,0.024853002,0.0713165,0.79481274,0.008301252,0.09770748,0.003009028
LEC,Monza,2024,12.0,84.916,LEC,0.015176976,0.03248212,0.9057877,0.00279249,0.042182192,0.0015785221,LEC,0.01875889,0.08303085,0.77241075,0.004092706,0.11897985,0.0027269812
LEC,Monza,2024,13.0,85.529,LEC,0.011935239,0.03281283,0.937706,0.0020201916,0.014488625,0.0010371824,LEC,0.022436468,0.07587916,0.81276655,0.0016726014,0.084592536,0.002652733
LEC,Monza,2024,14.0,85.606,LEC,0.0053079096,0.022718031,0.93641764,0.002341659,0.03045878,0.0027560047,SAI,0.011763075,0.15427211,0.29814047,0.004243551,0.51949435,0.01208648
LEC,Monza,2024,17.0,84.27,LEC,0.005323119,0.03329603,0.84097046,0.0019563108,0.11714848,0.0013055829,LEC,0.009495038,0.09898311,0.597179,0.0016517432,0.29047185,0.0022192725
LEC,Monza,2024,18.0,83.875,LEC,0.0063318606,0.015132196,0.8217392,0.0012119804,0.15335998,0.002224746,LEC,0.006517734,0.022464534,0.79582196,0.0009969109,0.17196172,0.0022371192
LEC,Monza,2024,19.0,84.203,LEC,0.0037079956,0.016002646,0.9467588,0.0008630528,0.03172081,0.00094671047,LEC,0.0033136476,0.027713204,0.7538516,0.001299166,0.21148476,0.0023376627
LEC,Monza,2024,20.0,83.826,LEC,0.0017345056,0.0775634,0.7755082,0.0014598323,0.13196346,0.011770598,SAI,0.004857337,0.23691311,0.28657502,0.0030620298,0.4631387,0.0054537775
LEC,Monza,2024,21.0,83.88,LEC,0.0037252414,0.005621686,0.9684909,0.0008979865,0.02065274,0.0006114577,LEC,0.008505683,0.05630719,0.841736,0.0011349648,0.09033653,0.0019795988
LEC,Monza,2024,22.0,83.768,LEC,0.002966784,0.04598529,0.8843905,0.0014594718,0.06290438,0.002293572,LEC,0.008590917,0.04640713,0.63241965,0.0028562872,0.30121228,0.008513708
LEC,Monza,2024,23.0,83.864,LEC,0.0028462294,0.030870566,0.9323976,0.001658175,0.028227128,0.0040002414,SAI,0.0063036093,0.22637838,0.2623732,0.0026458595,0.49506178,0.0072371485
LEC,Monza,2024,24.0,83.64,LEC,0.0067031956,0.01720743,0.89356387,0.0014488489,0.07870726,0.0023693596,LEC,0.006407758,0.056492835,0.73590064,0.0010045292,0.1983114,0.0018828224
LEC,Monza,2024,25.0,83.59,LEC,0.004385138,0.04323496,0.90374935,0.0022863287,0.042245887,0.004098335,SAI,0.0065573948,0.31659037,0.21338657,0.0031976816,0.44768304,0.012584963
LEC,Monza,2024,26.0,83.321,LEC,0.0057537956,0.0350345,0.9252547,0.0016736974,0.028643863,0.0036394044,SAI,0.0049429326,0.10422231,0.3412072,0.0031127639,0.5381075,0.008407272
LEC,Monza,2024,27.0,83.534,LEC,0.0015845853,0.019511856,0.9485587,0.0017545649,0.026150865,0.0024394547,SAI,0.0058793253,0.113037184,0.15673918,0.0030031793,0.7123065,0.009034585
LEC,Monza,2024,28.0,83.284,LEC,0.014456125,0.043662034,0.89609206,0.003232429,0.039839454,0.0027178875,LEC,0.009351754,0.114223786,0.6897015,0.0016587764,0.18219648,0.002867729
LEC,Monza,2024,29.0,83.229,LEC,0.0030942787,0.05659561,0.85369486,0.0036783582,0.07649264,0.0064442786,SAI,0.006326888,0.26412082,0.12175957,0.0027668835,0.59272116,0.012304688
LEC,Monza,2024,30.0,83.359,LEC,0.0039986772,0.027846709,0.9295999,0.0027985133,0.034219272,0.0015369527,SAI,0.0074056247,0.08490363,0.4187231,0.0027932054,0.47665888,0.009515562
LEC,Monza,2024,31.0,83.972,LEC,0.009623373,0.009905311,0.93529826,0.00068774325,0.043713536,0.0007717785,LEC,0.020556511,0.012031102,0.89452505,0.0009980608,0.07079549,0.0010937526
LEC,Monza,2024,32.0,83.274,LEC,0.0027547465,0.0052246344,0.96575224,0.0005301243,0.024790773,0.00094748795,LEC,0.0058894525,0.01635112,0.83687204,0.0007661161,0.13831577,0.0018054959
LEC,Monza,2024,33.0,83.226,LEC,0.00400858,0.03247893,0.9094311,0.0021931003,0.048927475,0.002960855,LEC,0.006258446,0.171173,0.46427506,0.0016273606,0.35067722,0.005988912
LEC,Monza,2024,34.0,83.43,LEC,0.02080409,0.19769956,0.48097366,0.010610506,0.27456748,0.015344712,SAI,0.008908639,0.2303636,0.12879743,0.0051836916,0.61429375,0.01245286
LEC,Monza,2024,35.0,83.681,LEC,0.004668323,0.033067327,0.9040818,0.0017587916,0.054259546,0.0021641646,LEC,0.004445337,0.08322004,0.6286278,0.0011754183,0.27991724,0.00261425
LEC,Monza,2024,36.0,83.714,LEC,0.0016222583,0.020877123,0.92948854,0.0013677484,0.04473867,0.0019056675,SAI,0.004199354,0.1209336,0.13842003,0.0025789551,0.72674716,0.0071209003
LEC,Monza,2024,37.0,83.55,LEC,0.0035117688,0.019174173,0.93317044,0.0015450317,0.039532624,0.0030659942,LEC,0.008445062,0.06452169,0.50793624,0.0019795692,0.40884236,0.008275088
LEC,Monza,2024,38.0,83.624,LEC,0.0071272063,0.029111812,0.9162544,0.0020491763,0.042014435,0.0034428963,SAI,0.008013797,0.17624304,0.3630128,0.002177649,0.44223928,0.008313492
LEC,Monza,2024,39.0,83.718,LEC,0.0011717991,0.013633608,0.94964045,0.0009630274,0.03326245,0.0013286667,SAI,0.004850542,0.05633353,0.18110058,0.0021682603,0.7477029,0.0078442255
LEC,Monza,2024,40.0,83.69,LEC,0.004495149,0.033409763,0.9228678,0.0023106716,0.03422215,0.0026944645,LEC,0.011314432,0.15976673,0.44418794,0.004249129,0.36624423,0.014237587
LEC,Monza,2024,41.0,83.611,LEC,0.0037787552,0.1271089,0.8072846,0.0028452007,0.056900825,0.0020817085,HAM,0.0063569574,0.4144753,0.35678247,0.0020619251,0.21508966,0.00523365
LEC,Monza,2024,42.0,83.67,LEC,0.006927777,0.022587402,0.7333273,0.0017270802,0.23177029,0.0036601364,SAI,0.005898531,0.047653865,0.30219942,0.0025424657,0.6326586,0.009047084
LEC,Monza,2024,43.0,83.867,LEC,0.0057653333,0.050633416,0.565688,0.0054322933,0.36880225,0.0036786455,SAI,0.005018668,0.041047182,0.1248142,0.0025786282,0.8200642,0.0064771334
LEC,Monza,2024,44.0,83.43,LEC,0.007373156,0.07716164,0.8622231,0.0018852827,0.049041517,0.0023153517,LEC,0.0061143115,0.08024478,0.71637374,0.0015660302,0.19210409,0.0035970893
LEC,Monza,2024,45.0,83.731,SAI,0.0116010895,0.1050478,0.3028554,0.0068998164,0.5645711,0.009024798,SAI,0.006352473,0.04410366,0.2621686,0.0033089805,0.67550504,0.008561289
LEC,Monza,2024,46.0,83.597,LEC,0.010441307,0.03651547,0.76078963,0.006095843,0.18184641,0.0043113464,SAI,0.0056482744,0.06009867,0.14964972,0.0021517526,0.77585316,0.006598466
LEC,Monza,2024,47.0,83.676,LEC,0.002044452,0.022963757,0.93688107,0.0015439147,0.033424553,0.0031423299,SAI,0.009942845,0.06429525,0.40106693,0.0027283698,0.5097772,0.012189464
LEC,Monza,2024,48.0,83.518,LEC,0.007277602,0.23413947,0.3722278,0.008876186,0.36889714,0.008581854,SAI,0.0027943572,0.18851219,0.062195983,0.0029139176,0.7379278,0.0056557464
LEC,Monza,2024,49.0,83.467,LEC,0.001992294,0.024925446,0.8637929,0.0019006378,0.1045111,0.002877595,SAI,0.004834499,0.04064807,0.2140073,0.0022059341,0.7303529,0.007951343
LEC,Monza,2024,50.0,83.461,LEC,0.0070552635,0.026309457,0.8078816,0.0024727506,0.15349253,0.00278843,LEC,0.0047971313,0.029034493,0.6270676,0.001132212,0.33524898,0.002719528
LEC,Monza,2024,51.0,83.555,SAI,0.0029372852,0.017431624,0.39662293,0.0025172352,0.57534295,0.0051479675,SAI,0.003341389,0.039487094,0.12695695,0.0013950936,0.823827,0.0049924664
LEC,Monza,2024,52.0,83.75,LEC,0.0029862209,0.017526187,0.75076526,0.001642466,0.22364073,0.0034391554,SAI,0.0060095014,0.03764328,0.41035527,0.0017248901,0.5385126,0.0057544806
LEC,Monza,2024,53.0,83.268,LEC,0.001083153,0.014769633,0.9512427,0.0010387108,0.029857846,0.0020079126,SAI,0.004703458,0.08699439,0.29535887,0.0029952377,0.6001103,0.0098377485
NOR,Monza,2024,2.0,85.458,NOR,0.048852965,0.0030598035,0.0025917806,0.9319228,0.0016789685,0.011893714,NOR,0.042454038,0.0016054037,0.0017859573,0.9432081,0.00097199343,0.009974521
NOR,Monza,2024,3.0,85.11,NOR,0.0463958,0.00084732124,0.00088972144,0.9486739,0.0004986249,0.0026946617,NOR,0.021092756,0.00058234436,0.0006808945,0.97218496,0.00041919496,0.0050398116
NOR,Monza,2024,4.0,85.168,NOR,0.091489285,0.0026011867,0.003724816,0.8946293,0.0010714802,0.006483968,NOR,0.032300998,0.0008536867,0.0017950077,0.9574749,0.00056197523,0.007013472
NOR,Monza,2024,5.0,84.674,NOR,0.022215037,0.0012748183,0.0008583301,0.97313416,0.00034667386,0.0021709434,NOR,0.024014417,0.001932961,0.0014239766,0.9630304,0.00067168823,0.008926617
NOR,Monza,2024,6.0,84.768,NOR,0.010339855,0.00077008817,0.00057073386,0.98568046,0.00041156038,0.0022273457,NOR,0.031532023,0.0021963657,0.0016753315,0.9530907,0.0007758262,0.010729722
NOR,Monza,2024,7.0,84.531,NOR,0.095052,0.0019656876,0.002633508,0.8805771,0.0009907918,0.018780958,NOR,0.3590055,0.0034955638,0.003838983,0.5905623,0.0018763404,0.04122131
NOR,Monza,2024,8.0,84.674,NOR,0.025409,0.003118507,0.0036347273,0.9648426,0.000840999,0.0021541857,NOR,0.03779849,0.002778712,0.004974735,0.94495803,0.0008024891,0.0086875465
NOR,Monza,2024,9.0,84.664,NOR,0.079033665,0.0019525143,0.004022578,0.9085774,0.001540032,0.0048738504,NOR,0.032263454,0.0016978665,0.0021998433,0.95466435,0.00086676324,0.008307705
NOR,Monza,2024,10.0,84.391,NOR,0.02959057,0.0010293975,0.0014441395,0.9589089,0.00059159624,0.008435356,NOR,0.040169835,0.0017382419,0.0020147497,0.93947554,0.00086371833,0.015737966
NOR,Monza,2024,11.0,84.448,NOR,0.07124653,0.002116374,0.0036344235,0.9197701,0.00086402136,0.0023684844,NOR,0.033905312,0.0014581967,0.004167694,0.9560968,0.0006976263,0.0036743588
NOR,Monza,2024,12.0,84.655,NOR,0.008489274,0.0005811131,0.0007397461,0.9878768,0.00032081618,0.0019923148,NOR,0.026588269,0.00092670595,0.0011695304,0.96570146,0.0004756999,0.0051383283
NOR,Monza,2024,13.0,85.359,NOR,0.2856898,0.0019422428,0.0037942196,0.69844276,0.001455347,0.00867563,NOR,0.3714963,0.0029066196,0.003349537,0.6087214,0.0014451838,0.012080998
NOR,Monza,2024,16.0,84.154,NOR,0.017489389,0.0010061612,0.0006540581,0.9796919,0.0003080981,0.00085034466,NOR,0.028444141,0.0023321311,0.0017143773,0.96286935,0.0006392008,0.004000869
NOR,Monza,2024,17.0,85.585,NOR,0.020727916,0.0010389148,0.0005662723,0.975157,0.0003509087,0.0021589717,NOR,0.01774692,0.00051466055,0.0005030053,0.9771978,0.00029617926,0.0037414688
NOR,Monza,2024,18.0,83.92,NOR,0.062803224,0.0015473028,0.0029422299,0.9277844,0.0013089378,0.0036139656,NOR,0.026183868,0.0011028124,0.0016669136,0.96317565,0.0006757674,0.007195023
NOR,Monza,2024,19.0,84.152,NOR,0.08480654,0.0019582056,0.0021127947,0.9027336,0.0012430397,0.007145792,ALO,0.5128872,0.0032318386,0.0036057944,0.4580835,0.0017348506,0.020456811
NOR,Monza,2024,20.0,83.882,NOR,0.036336094,0.0032978128,0.0014625201,0.9545806,0.0008439724,0.0034790197,NOR,0.23229808,0.0060190577,0.0034048501,0.74409205,0.0018280133,0.012357986
NOR,Monza,2024,21.0,83.753,NOR,0.05940147,0.000989924,0.001843263,0.9281711,0.0006081672,0.008986097,ALO,0.6995842,0.004843161,0.0053094006,0.21373293,0.002783507,0.07374688
NOR,Monza,2024,22.0,83.652,NOR,0.00889528,0.00085151277,0.0007318585,0.9860023,0.00033135875,0.003187628,NOR,0.0364152,0.0016922504,0.0017559136,0.9512616,0.0007133162,0.008161786
NOR,Monza,2024,23.0,83.581,NOR,0.051240515,0.0016578153,0.001481771,0.9392357,0.00092388346,0.0054603037,ALO,0.504997,0.0033336892,0.003830024,0.46797583,0.0018610004,0.018002423
NOR,Monza,2024,24.0,83.601,NOR,0.026775261,0.0016926258,0.0007287419,0.9623785,0.00067417795,0.0077507067,NOR,0.20529166,0.0037094378,0.0037039977,0.7361925,0.002738702,0.04836369
NOR,Monza,2024,25.0,83.321,NOR,0.0883996,0.0014683316,0.0021111392,0.897494,0.0008361571,0.009690758,ALO,0.70572674,0.0051888456,0.0057723327,0.21051349,0.0031728758,0.06962575
NOR,Monza,2024,26.0,83.469,NOR,0.050928913,0.004712912,0.0023281518,0.91532904,0.002193122,0.02450788,NOR,0.22886981,0.008454313,0.0073791,0.6279618,0.008139549,0.119195394
NOR,Monza,2024,27.0,83.267,NOR,0.0418822,0.0012433017,0.0010629706,0.9535167,0.00044081963,0.0018539882,NOR,0.11480006,0.003098699,0.0025864528,0.86863124,0.001715579,0.009167957
NOR,Monza,2024,28.0,83.067,NOR,0.27056763,0.0045145582,0.0045752143,0.7009751,0.001497647,0.017869806,NOR,0.29270786,0.0033957036,0.005284998,0.6675285,0.002767623,0.028315319
NOR,Monza,2024,29.0,83.3,NOR,0.37942976,0.021057934,0.004423228,0.5727173,0.0032149456,0.019156808,ALO,0.95355487,0.004922332,0.004320127,0.0057098195,0.005977782,0.025515087
NOR,Monza,2024,30.0,83.614,NOR,0.060224675,0.0016984233,0.0018304214,0.9319427,0.0008359294,0.0034678231,ALO,0.51765776,0.003977697,0.0059281755,0.4555887,0.0039738184,0.012873833
NOR,Monza,2024,31.0,84.94,ALO,0.48775503,0.11089066,0.03845498,0.32113317,0.012919292,0.028846871,ALO,0.74279135,0.05220174,0.038735542,0.10677566,0.0137910545,0.045704607
NOR,Monza,2024,34.0,82.837,NOR,0.23051153,0.011667396,0.010467207,0.7065709,0.003663082,0.03711988,ALO,0.7627599,0.009742435,0.015774492,0.13032012,0.0063230735,0.07507991
NOR,Monza,2024,35.0,83.137,NOR,0.3912876,0.01234804,0.005784549,0.5344456,0.0069958474,0.04913837,ALO,0.9299591,0.003492985,0.004036895,0.0044982494,0.008642196,0.049370587
NOR,Monza,2024,36.0,83.114,NOR,0.22439541,0.026523309,0.0073839854,0.70216066,0.005029036,0.034507643,ALO,0.85561687,0.011255089,0.0121721495,0.023038099,0.0129967015,0.0849211
NOR,Monza,2024,37.0,83.178,ALO,0.5755863,0.1153149,0.025098747,0.25413683,0.007861703,0.0220015,ALO,0.95235777,0.0054075047,0.009997967,0.0026280708,0.005737528,0.023871204
NOR,Monza,2024,38.0,83.133,NOR,0.33742273,0.029850408,0.008586516,0.58453965,0.006466972,0.033133734,ALO,0.9577916,0.0041461205,0.0042302017,0.0043635634,0.005843416,0.023625078
NOR,Monza,2024,39.0,83.061,ALO,0.7117177,0.02651066,0.013289163,0.20697093,0.0071108327,0.034400757,ALO,0.9625826,0.0035820515,0.004475052,0.003890823,0.0033889674,0.02208056
NOR,Monza,2024,40.0,84.162,ALO,0.85286033,0.014305037,0.028287176,0.025967618,0.0061110593,0.072468795,ALO,0.9027241,0.005567189,0.0113909505,0.0048535196,0.003719109,0.071745105
NOR,Monza,2024,41.0,82.234,ALO,0.5066092,0.06733182,0.021055983,0.38305533,0.010650968,0.011296667,ALO,0.9201539,0.012228832,0.029720087,0.01362107,0.013234952,0.011041193
NOR,Monza,2024,42.0,82.678,ALO,0.7529859,0.006310222,0.00656517,0.22410986,0.002013405,0.008015451,ALO,0.9796158,0.0030252158,0.0036775202,0.0032548197,0.0041397973,0.0062867897
NOR,Monza,2024,43.0,82.25,NOR,0.104084894,0.06603068,0.0067286687,0.784098,0.0032423756,0.03581529,ALO,0.7479953,0.023345256,0.017247539,0.021169584,0.020128036,0.17011432
NOR,Monza,2024,44.0,82.403,NOR,0.103779025,0.014440231,0.004780776,0.8302045,0.002277832,0.0445176,ALO,0.81051946,0.0134532,0.010322386,0.013017868,0.013417152,0.13927
NOR,Monza,2024,45.0,82.398,ALO,0.6244777,0.01898715,0.0070856386,0.30899358,0.0046355217,0.035820454,ALO,0.9111094,0.0075022434,0.02677912,0.0039189016,0.0072995215,0.043390803
NOR,Monza,2024,46.0,82.041,NOR,0.24642113,0.020181186,0.0065786787,0.71247053,0.003186336,0.011162161,ALO,0.94926065,0.0053333696,0.0053994474,0.006600001,0.006369753,0.027036767
NOR,Monza,2024,47.0,83.852,ALO,0.72079825,0.037086,0.08870492,0.052892685,0.035362575,0.06515556,ALO,0.86115474,0.021170143,0.014418051,0.0073201843,0.015819132,0.08011775
NOR,Monza,2024,48.0,81.824,ALO,0.47119954,0.111351535,0.057768233,0.17438537,0.056948386,0.12834689,ALO,0.43371192,0.03229549,0.1882176,0.010971577,0.08502412,0.24977928
NOR,Monza,2024,49.0,82.436,NOR,0.13904381,0.21978788,0.03371018,0.48367977,0.011329123,0.11244928,ALO,0.5297317,0.06361647,0.08518942,0.023364076,0.031740993,0.26635736
NOR,Monza,2024,50.0,83.266,ALO,0.80943656,0.10752136,0.04411172,0.022605514,0.005673197,0.010651629,ALO,0.8946115,0.0101833055,0.056172352,0.0019981868,0.003870608,0.033164106
NOR,Monza,2024,51.0,82.269,HAM,0.1994671,0.52279425,0.06800967,0.08521735,0.029029213,0.09548246,LEC,0.21105206,0.05922926,0.45367718,0.011354248,0.114126176,0.15056112
NOR,Monza,2024,52.0,82.302,NOR,0.10797356,0.04722489,0.01072138,0.67378634,0.007556245,0.15273757,ALO,0.52349514,0.031559415,0.03671139,0.028624343,0.05324645,0.32636327
NOR,Monza,2024,53.0,81.432,VER,0.043523833,0.055550504,0.025099695,0.18613055,0.024008876,0.6656865,VER,0.07373436,0.08163206,0.043533165,0.016340323,0.03158365,0.75317645
SAI,Monza,2024,2.0,85.731,SAI,0.0037113917,0.01737253,0.45243058,0.0017907469,0.5231429,0.0015518764,LEC,0.008946924,0.015930964,0.6681773,0.0021820487,0.3031262,0.001636556
SAI,Monza,2024,3.0,85.358,ALO,0.6430274,0.012799864,0.12932923,0.087668255,0.050812576,0.076362595,ALO,0.45920303,0.009757003,0.22868341,0.24919744,0.040427346,0.012731782
SAI,Monza,2024,4.0,85.086,LEC,0.32643694,0.13022922,0.3661596,0.04412178,0.06140004,0.07165244,LEC,0.21515374,0.011494542,0.70613503,0.0069242297,0.041532405,0.018760055
SAI,Monza,2024,5.0,85.006,SAI,0.009744975,0.010992138,0.40995196,0.0016958679,0.563898,0.00371705,LEC,0.015139284,0.008999615,0.7626346,0.001360233,0.21007219,0.001794092
SAI,Monza,2024,6.0,84.642,SAI,0.010158294,0.01308612,0.2790531,0.0028465332,0.68881845,0.006037538,LEC,0.01327145,0.013565067,0.71554995,0.0025021979,0.25173587,0.0033754732
SAI,Monza,2024,7.0,84.715,SAI,0.0517988,0.2453743,0.08482956,0.03583629,0.53488564,0.047275417,SAI,0.048913226,0.15692201,0.21105893,0.016094487,0.53513455,0.031876773
SAI,Monza,2024,8.0,84.87,SAI,0.0023933102,0.01543135,0.0102623105,0.0017700527,0.96538115,0.0047618337,SAI,0.011931424,0.019741632,0.029988425,0.0016462201,0.9289377,0.0077546383
SAI,Monza,2024,9.0,84.774,SAI,0.004163758,0.009850583,0.009373232,0.0010443436,0.97231966,0.0032484129,SAI,0.0105397925,0.018644648,0.04300316,0.0014940965,0.9178639,0.008454416
SAI,Monza,2024,10.0,84.684,SAI,0.0023715207,0.012894508,0.013836302,0.002817419,0.95045745,0.017622821,SAI,0.0020037722,0.023599261,0.017905965,0.0012689595,0.940674,0.014547999
SAI,Monza,2024,11.0,85.066,SAI,0.0066297348,0.33820537,0.09723883,0.025846964,0.47092474,0.061154373,SAI,0.0058393194,0.25091097,0.0724403,0.010271137,0.6039487,0.05658956
SAI,Monza,2024,12.0,85.276,SAI,0.0036311573,0.018734222,0.010871901,0.0014976254,0.95997643,0.005288644,SAI,0.0056743524,0.03758837,0.03260269,0.0018638783,0.9083043,0.013966449
SAI,Monza,2024,13.0,85.423,LEC,0.0034474337,0.00874766,0.5241926,0.0007333244,0.46159333,0.0012856664,LEC,0.005441934,0.0126911905,0.702447,0.0007828343,0.27737808,0.0012589612
SAI,Monza,2024,14.0,85.234,SAI,0.0037937278,0.034956276,0.12162609,0.0034474148,0.8296741,0.0065023596,SAI,0.008718657,0.053374954,0.14146678,0.004433778,0.7771745,0.014831417
SAI,Monza,2024,15.0,85.183,LEC,0.010922363,0.07197406,0.45194227,0.004956793,0.4500765,0.010128032,SAI,0.012702196,0.07076896,0.17962317,0.0036668105,0.7200121,0.013226761
SAI,Monza,2024,16.0,85.341,LEC,0.017685944,0.021058219,0.6559319,0.0027552166,0.2994624,0.0031063394,LEC,0.011388276,0.012487099,0.8317317,0.0010708135,0.14103211,0.002289973
SAI,Monza,2024,17.0,85.407,SAI,0.0062612877,0.03233971,0.11874959,0.0041030725,0.83300686,0.005539462,SAI,0.007199753,0.07893637,0.08102919,0.0030558077,0.8196509,0.010128009
SAI,Monza,2024,18.0,85.678,SAI,0.0058403895,0.059043642,0.15268345,0.00488713,0.7615764,0.015968949,SAI,0.0058549466,0.044041105,0.08088849,0.0027290524,0.8569997,0.009486656
SAI,Monza,2024,21.0,84.499,SAI,0.29813302,0.03223734,0.045857664,0.0312664,0.45706883,0.13543671,ALO,0.42775935,0.015177619,0.2296726,0.00943729,0.2571529,0.060800273
SAI,Monza,2024,22.0,84.226,SAI,0.043166574,0.028801637,0.03981928,0.01039579,0.8427098,0.035106923,SAI,0.08943198,0.016326934,0.085176006,0.002442161,0.7806082,0.026014812
SAI,Monza,2024,23.0,84.557,SAI,0.105297565,0.1235377,0.12039558,0.030264428,0.5755847,0.044920076,SAI,0.1900874,0.032809455,0.15344833,0.0057856645,0.568751,0.049118146
SAI,Monza,2024,24.0,83.682,SAI,0.004550063,0.017999105,0.066012174,0.002139324,0.89934933,0.009949973,SAI,0.0054107807,0.038035385,0.11126238,0.002211001,0.8359364,0.007143988
SAI,Monza,2024,25.0,83.687,SAI,0.0017727091,0.01595614,0.05185247,0.0015017758,0.9239877,0.004929231,SAI,0.0017131153,0.013044569,0.034478717,0.00080529327,0.94730955,0.0026487703
SAI,Monza,2024,26.0,83.503,SAI,0.0037636927,0.07947719,0.084592886,0.004850578,0.8157523,0.011563275,SAI,0.0036687413,0.081860065,0.06842398,0.0037337458,0.8312594,0.011054086
SAI,Monza,2024,27.0,83.503,SAI,0.002592282,0.020768888,0.061620504,0.0016223649,0.9051073,0.008288632,SAI,0.0018416665,0.0146371825,0.023733694,0.00086111954,0.9561829,0.0027434602
SAI,Monza,2024,28.0,83.751,SAI,0.006902568,0.10054827,0.027378445,0.015044035,0.79062223,0.059504457,SAI,0.009342016,0.12581426,0.04869953,0.005950874,0.7350612,0.075132065
SAI,Monza,2024,29.0,83.473,SAI,0.0009265878,0.014891977,0.018330516,0.00081019645,0.9628996,0.0021410678,SAI,0.0011387811,0.019669844,0.014778822,0.00049929734,0.96233505,0.001578193
SAI,Monza,2024,30.0,83.584,SAI,0.0044261576,0.01785985,0.038150575,0.001514337,0.9336508,0.004398206,SAI,0.004851886,0.034234703,0.048807845,0.0016936783,0.902376,0.0080359
SAI,Monza,2024,31.0,83.33,SAI,0.0036790576,0.03969075,0.39162633,0.0019262282,0.55618167,0.0068959803,SAI,0.0013739808,0.03785161,0.06621488,0.0007340445,0.8915589,0.002266624
SAI,Monza,2024,32.0,83.354,SAI,0.036779396,0.025168201,0.16110617,0.0025192816,0.7614039,0.013022979,LEC,0.0066466103,0.010673089,0.6130226,0.0008323907,0.36694166,0.0018836211
SAI,Monza,2024,33.0,83.412,SAI,0.0025856649,0.01570352,0.02677113,0.0016781727,0.93736523,0.015896335,SAI,0.0024527693,0.039867394,0.031289835,0.0015495676,0.9181861,0.006654306
SAI,Monza,2024,34.0,83.285,SAI,0.0031679946,0.04349791,0.04244474,0.0024131823,0.89665824,0.011817982,SAI,0.0020019012,0.09903853,0.04432149,0.0016334461,0.8486869,0.0043177567
SAI,Monza,2024,35.0,83.334,SAI,0.0049161324,0.0134882005,0.01961066,0.0010128516,0.9551582,0.0058140215,SAI,0.003421436,0.020252883,0.030909017,0.0012271185,0.9399663,0.0042232256
SAI,Monza,2024,36.0,83.27,SAI,0.0057606567,0.017435737,0.038574472,0.0014779049,0.9308705,0.005880738,SAI,0.0040852376,0.027521132,0.06210827,0.0014980676,0.89984286,0.0049444227
SAI,Monza,2024,37.0,83.29,SAI,0.002732294,0.074096136,0.017930608,0.0031594443,0.89692813,0.00515344,SAI,0.0013894674,0.040102452,0.025190132,0.0010289677,0.92966676,0.0026222228
SAI,Monza,2024,38.0,83.551,SAI,0.0015482323,0.011065784,0.007447411,0.0011492068,0.9679471,0.010842255,SAI,0.0026549222,0.01583379,0.021203373,0.0012858447,0.95339555,0.0056265816
SAI,Monza,2024,39.0,83.809,SAI,0.0010604622,0.009943867,0.015701706,0.0010263008,0.96881604,0.0034516603,SAI,0.0014108764,0.011660179,0.021726783,0.0007258415,0.96203375,0.0024425907
SAI,Monza,2024,40.0,83.803,SAI,0.003213053,0.029657265,0.1506853,0.0022502781,0.8058626,0.008331491,SAI,0.0066876453,0.040857907,0.119066015,0.00248061,0.82142097,0.009486903
SAI,Monza,2024,41.0,83.337,SAI,0.0040288703,0.031043865,0.057750374,0.001489107,0.8919251,0.013762733,SAI,0.0036916034,0.054004695,0.055739235,0.0015234227,0.8810276,0.0040134774
SAI,Monza,2024,42.0,83.838,SAI,0.0009247302,0.0048398366,0.006022102,0.00082316576,0.98651254,0.0008776872,SAI,0.0009733379,0.006558441,0.012436622,0.00059056404,0.9778617,0.0015793337
SAI,Monza,2024,43.0,83.793,SAI,0.0022638142,0.027299084,0.038265254,0.0033108555,0.9152775,0.0135835,SAI,0.0025336498,0.035612855,0.02916251,0.0020197688,0.92079234,0.009878872
SAI,Monza,2024,44.0,83.931,SAI,0.009066378,0.013258574,0.0183988,0.008523582,0.89531916,0.055433497,SAI,0.03599177,0.033611547,0.116162196,0.010077345,0.69343364,0.11072349
SAI,Monza,2024,45.0,85.113,SAI,0.001838932,0.009880451,0.21553908,0.0012559689,0.76763517,0.0038504133,SAI,0.007486221,0.014309904,0.32004553,0.0018308475,0.65197545,0.004352054
SAI,Monza,2024,46.0,84.001,SAI,0.010419308,0.0081190355,0.0980794,0.0009973673,0.8800591,0.0023258321,LEC,0.010497237,0.0075699743,0.5434157,0.00078503374,0.436244,0.001488049
SAI,Monza,2024,47.0,84.09,SAI,0.010576474,0.007909667,0.37047803,0.0021627992,0.6050064,0.0038665866,LEC,0.0237783,0.010919539,0.5873059,0.0023038543,0.37316242,0.0025299585
SAI,Monza,2024,48.0,84.939,SAI,0.0022429335,0.012535642,0.029809238,0.0019635719,0.94749284,0.005955741,SAI,0.016487647,0.013398981,0.1088494,0.0015869796,0.85375345,0.005923553
SAI,Monza,2024,49.0,83.921,SAI,0.054624293,0.0833292,0.34857523,0.003787466,0.5003147,0.009369095,LEC,0.016805144,0.024085704,0.67675287,0.0012878637,0.2789257,0.002142757
SAI,Monza,2024,50.0,83.769,SAI,0.015192943,0.015318208,0.008408556,0.0024672048,0.94771206,0.010901043,SAI,0.04281138,0.022994531,0.038888164,0.0021421877,0.8728902,0.020273589
SAI,Monza,2024,51.0,83.754,SAI,0.021695947,0.03184266,0.037490953,0.01107969,0.53977937,0.35811138,SAI,0.059044626,0.042820856,0.23755148,0.0131457085,0.45725274,0.19018458
SAI,Monza,2024,52.0,83.722,SAI,0.081760705,0.031096196,0.09207826,0.015301617,0.7103918,0.06937143,SAI,0.05065719,0.011618885,0.45815447,0.003041039,0.4601608,0.016367663
SAI,Monza,2024,53.0,83.219,SAI,0.0051141987,0.021739863,0.021176578,0.007493972,0.92472565,0.019749776,SAI,0.0075951703,0.03372738,0.040572174,0.004412358,0.8879366,0.02575634
VER,Monza,2024,2.0,86.17,VER,0.12367147,0.0092116995,0.019840406,0.04335363,0.07889989,0.72502285,VER,0.117486574,0.0056353975,0.008056676,0.008922027,0.021023063,0.83887625
VER,Monza,2024,3.0,85.855,ALO,0.48471814,0.02777153,0.04732101,0.1293774,0.0945892,0.21622269,ALO,0.5970198,0.018383365,0.07879162,0.1353298,0.057786003,0.11268944
VER,Monza,2024,4.0,85.633,VER,0.021630196,0.10854207,0.014566024,0.01563212,0.024257554,0.81537205,VER,0.020673689,0.02104344,0.013936533,0.003398798,0.010477974,0.9304695
VER,Monza,2024,5.0,85.218,VER,0.035890274,0.019446177,0.015400527,0.0062218355,0.009539193,0.91350204,VER,0.071141124,0.009141778,0.023482762,0.0027633605,0.015196347,0.8782746
VER,Monza,2024,6.0,85.096,VER,0.004374924,0.050386734,0.004900736,0.040554438,0.0071889046,0.8925943,VER,0.00951214,0.025609784,0.0059565376,0.0045555695,0.006698584,0.9476674
VER,Monza,2024,7.0,85.042,VER,0.075240284,0.046070937,0.020439457,0.022834994,0.012526574,0.8228877,VER,0.11720611,0.01585878,0.031627342,0.006588935,0.012178585,0.81654024
VER,Monza,2024,8.0,84.918,VER,0.012475923,0.03039509,0.009492277,0.008856859,0.0069774496,0.9318024,VER,0.048493706,0.021122715,0.018588593,0.0041900408,0.020626508,0.8869784
VER,Monza,2024,9.0,85.05,VER,0.009104793,0.04494623,0.016843395,0.0150618935,0.07268028,0.84136343,VER,0.049654726,0.027399957,0.11084526,0.0089944005,0.13281927,0.6702864
VER,Monza,2024,10.0,84.964,VER,0.038068693,0.019390598,0.0041514332,0.053536896,0.016165413,0.868687,VER,0.09549529,0.009242263,0.0068872883,0.0063388157,0.036641575,0.8453948
VER,Monza,2024,11.0,84.978,VER,0.014989288,0.036957372,0.008396685,0.0146681545,0.01378894,0.91119957,VER,0.031098034,0.018990627,0.045391113,0.0062096072,0.059195302,0.8391153
VER,Monza,2024,12.0,84.968,VER,0.05415637,0.21498066,0.037722453,0.031123659,0.059232857,0.602784,VER,0.08272448,0.09597477,0.14403695,0.013560404,0.124215424,0.53948796
VER,Monza,2024,13.0,84.957,VER,0.0070164767,0.03499004,0.0066323974,0.0059220586,0.021648875,0.9237902,VER,0.021182537,0.017152416,0.027670577,0.0027704705,0.059427954,0.871796
VER,Monza,2024,14.0,85.287,VER,0.021047845,0.10603626,0.016402297,0.019241361,0.014533002,0.82273924,VER,0.01859861,0.032732453,0.023168324,0.0050175055,0.019386528,0.9010966
VER,Monza,2024,15.0,85.746,VER,0.038346726,0.042937677,0.014358946,0.083637975,0.02986822,0.7908504,VER,0.052646514,0.017977806,0.014244196,0.06613414,0.01377681,0.8352206
VER,Monza,2024,16.0,85.244,VER,0.11116556,0.24643797,0.12028887,0.09189873,0.08554858,0.34466028,LEC,0.16101739,0.20314497,0.37189475,0.053442992,0.13057987,0.07992007
VER,Monza,2024,17.0,85.34,VER,0.004903471,0.027686924,0.0031153797,0.08171104,0.008520756,0.8740624,VER,0.020884838,0.015258647,0.007966171,0.0061211614,0.017200235,0.93256897
VER,Monza,2024,18.0,85.469,VER,0.029815855,0.06373209,0.028017072,0.035371937,0.15726236,0.6858007,SAI,0.12980418,0.05292936,0.11843545,0.025637174,0.423454,0.24973989
VER,Monza,2024,19.0,85.537,VER,0.009712633,0.047410477,0.020057186,0.08689412,0.0089219585,0.82700366,VER,0.0105141,0.030642979,0.026725307,0.007683258,0.02987332,0.894561
VER,Monza,2024,20.0,85.559,VER,0.009523693,0.015670633,0.0063825483,0.010331074,0.030933104,0.92715895,VER,0.02833382,0.020770974,0.03515237,0.008665995,0.16608058,0.74099624
VER,Monza,2024,21.0,85.381,VER,0.022944054,0.027048666,0.005726107,0.020965943,0.005117946,0.9181973,VER,0.0754193,0.02429162,0.021565901,0.0064589567,0.035024956,0.8372393
VER,Monza,2024,24.0,83.545,VER,0.12280302,0.0883287,0.014053877,0.021852545,0.064742945,0.6882189,ALO,0.3960409,0.05537305,0.08899887,0.013601746,0.18019988,0.26578557
VER,Monza,2024,25.0,83.801,VER,0.007582594,0.029292103,0.006341751,0.022764698,0.03295613,0.90106267,VER,0.052106988,0.099513404,0.055551194,0.031987567,0.36313626,0.39770463
VER,Monza,2024,26.0,83.618,VER,0.043619096,0.019843446,0.0110924,0.009427991,0.050093215,0.8659239,VER,0.11655128,0.028737241,0.13232262,0.011536145,0.2609568,0.44989595
VER,Monza,2024,27.0,83.524,VER,0.012376235,0.046208266,0.014960146,0.021703584,0.118273005,0.7864788,SAI,0.040757786,0.1403714,0.084729366,0.016958548,0.44988143,0.26730147
VER,Monza,2024,28.0,83.509,VER,0.083439514,0.10013353,0.014790289,0.091955595,0.039156016,0.6705251,VER,0.16060501,0.0730577,0.062450524,0.022915104,0.15878026,0.5221914
VER,Monza,2024,29.0,83.452,VER,0.051504433,0.050531972,0.009279296,0.015075479,0.032010853,0.84159803,SAI,0.15663335,0.08854224,0.15089917,0.023440905,0.3213299,0.25915444
VER,Monza,2024,30.0,83.542,VER,0.16570216,0.08238526,0.019456698,0.04577343,0.013440652,0.6732418,VER,0.300634,0.040783666,0.06288568,0.011217087,0.052829817,0.53164977
VER,Monza,2024,31.0,83.424,VER,0.06630419,0.017586112,0.005834105,0.017386444,0.005150387,0.8877388,ALO,0.43821365,0.02031832,0.049408287,0.010994902,0.05587088,0.42519394
VER,Monza,2024,32.0,83.49,VER,0.012995694,0.018338785,0.003266793,0.00916664,0.013048698,0.94318336,VER,0.16687872,0.056054905,0.09927695,0.017332185,0.15447013,0.5059871
VER,Monza,2024,33.0,83.621,VER,0.010134227,0.013082822,0.010857295,0.020821616,0.06720534,0.8778987,SAI,0.08045412,0.036753938,0.12391969,0.018377312,0.46633145,0.27416348
VER,Monza,2024,34.0,83.576,VER,0.016668795,0.019025056,0.007245099,0.11344793,0.0076679797,0.8359451,VER,0.043686144,0.012462903,0.022017188,0.008945989,0.049781032,0.8631068
VER,Monza,2024,35.0,83.589,SAI,0.0087210545,0.14370795,0.034730062,0.011913886,0.6330849,0.16784215,SAI,0.014938962,0.07991554,0.14619806,0.0065343794,0.7086167,0.043796327
VER,Monza,2024,36.0,83.559,VER,0.026086174,0.15982291,0.024335703,0.078368515,0.012348614,0.6990381,VER,0.053289194,0.03989861,0.05137768,0.0059119565,0.021244656,0.8282779
VER,Monza,2024,37.0,83.485,VER,0.2872449,0.07118011,0.058980227,0.03129909,0.08465136,0.46664435,LEC,0.21791561,0.019519197,0.45482892,0.009443189,0.19704303,0.101250045
VER,Monza,2024,38.0,83.427,VER,0.026954852,0.035498332,0.0042881523,0.020869637,0.011601897,0.9007871,VER,0.2437935,0.05747955,0.100430354,0.037981354,0.09811693,0.46219826
VER,Monza,2024,39.0,83.501,VER,0.015649598,0.034897026,0.015831353,0.022546446,0.28397307,0.6271025,SAI,0.04257166,0.034275316,0.101013236,0.012961594,0.5283403,0.2808379
VER,Monza,2024,40.0,84.337,SAI,0.0011248261,0.03142524,0.29752254,0.001131663,0.6677,0.0010957371,SAI,0.0014854986,0.07593392,0.22011672,0.0010289551,0.69970685,0.0017280171
VER,Monza,2024,43.0,81.745,VER,0.10903618,0.17026141,0.042460755,0.042928413,0.07531691,0.55999637,SAI,0.1498945,0.13393338,0.17476912,0.020385487,0.28495786,0.23605965
VER,Monza,2024,44.0,83.045,VER,0.07426611,0.17374128,0.018524192,0.2569603,0.008551289,0.46795687,VER,0.3766797,0.16356781,0.03547275,0.019656427,0.024271414,0.3803519
VER,Monza,2024,45.0,83.363,VER,0.05196936,0.030158946,0.006244229,0.04185491,0.002785966,0.86698663,VER,0.25694475,0.031012613,0.027716424,0.013119413,0.03048453,0.6407223
VER,Monza,2024,46.0,82.941,VER,0.05016713,0.14428431,0.02870096,0.019818854,0.023697495,0.7333312,HAM,0.18195997,0.30184877,0.20485847,0.019207604,0.12877381,0.16335136
VER,Monza,2024,47.0,82.52,VER,0.007990075,0.0107231345,0.0074824886,0.01583957,0.029552422,0.9284123,SAI,0.059994675,0.027002826,0.19789153,0.014442141,0.35785156,0.34281728
VER,Monza,2024,48.0,82.57,VER,0.033616096,0.03193645,0.0051715495,0.010710167,0.011406808,0.9071589,VER,0.21297736,0.086959235,0.12150394,0.029849356,0.16668479,0.3820253
VER,Monza,2024,49.0,82.584,VER,0.23712479,0.029750822,0.017829584,0.041272048,0.0147953965,0.6592274,ALO,0.45298094,0.03810326,0.17011245,0.015305152,0.094379455,0.22911878
VER,Monza,2024,50.0,82.585,VER,0.015423152,0.023590053,0.0050945617,0.013420239,0.010277925,0.932194,VER,0.21814977,0.030451002,0.05975268,0.009762055,0.092811786,0.5890727
VER,Monza,2024,51.0,82.574,VER,0.0044450145,0.017369715,0.005388127,0.0072993017,0.0211619,0.94433594,VER,0.06146573,0.038545843,0.10889558,0.01317629,0.23857811,0.53933847
VER,Monza,2024,52.0,82.92,VER,0.027788602,0.06229267,0.028801303,0.015913028,0.06747207,0.79773235,VER,0.09617325,0.056270342,0.14430909,0.024229493,0.22179435,0.45722345
VER,Monza,2024,53.0,83.711,HAM,0.11251393,0.32859382,0.012438741,0.2656656,0.012127509,0.2686604,VER,0.16585845,0.052386872,0.023963315,0.009433336,0.024362685,0.7239953
ALO,Singapore,2024,2.0,99.584,ALO,0.942838,0.012512141,0.0032642547,0.014841752,0.0012822516,0.025261568,ALO,0.9481684,0.0050181616,0.002945648,0.015274287,0.0009207486,0.027672742
ALO,Singapore,2024,3.0,99.286,ALO,0.9844787,0.0026603278,0.0020348867,0.0067310175,0.00041632028,0.0036787859,ALO,0.97850525,0.0036830534,0.0026007425,0.007693512,0.00072624534,0.0067912103
ALO,Singapore,2024,4.0,99.395,ALO,0.97431165,0.0061055636,0.003220654,0.011546657,0.0008397773,0.003975722,ALO,0.9673665,0.0054607806,0.0039547654,0.014486397,0.0008330401,0.007898451
ALO,Singapore,2024,5.0,99.036,ALO,0.9235028,0.008736563,0.01626503,0.04059234,0.0026046901,0.008298571,ALO,0.9021591,0.007988552,0.011620099,0.05912834,0.0027414374,0.016362496
ALO,Singapore,2024,6.0,98.795,ALO,0.9469838,0.0077394377,0.0042562564,0.028586078,0.00094553584,0.011488918,ALO,0.895581,0.005995571,0.01201234,0.047735374,0.0018584062,0.036817346
ALO,Singapore,2024,7.0,98.72,ALO,0.97504133,0.0019966622,0.0142550925,0.00538067,0.0005449336,0.0027813436,ALO,0.95348245,0.004619049,0.027024277,0.0058768624,0.0007917861,0.0082056215
ALO,Singapore,2024,8.0,98.542,ALO,0.9617925,0.0014093958,0.025996255,0.007217496,0.00077521097,0.0028091373,ALO,0.94965935,0.0027001326,0.029694201,0.007972109,0.0010508897,0.008923308
ALO,Singapore,2024,9.0,98.644,ALO,0.97919595,0.002434137,0.0027601095,0.009203063,0.00050378806,0.005902925,ALO,0.94225097,0.005038996,0.013124432,0.019302543,0.0011487354,0.01913428
ALO,Singapore,2024,10.0,98.765,ALO,0.9807444,0.0024068234,0.0017759383,0.010961192,0.00037647437,0.0037351917,ALO,0.9583537,0.00299783,0.0018603036,0.025550881,0.000717837,0.010519415
ALO,Singapore,2024,11.0,98.666,ALO,0.87109804,0.02158885,0.039591115,0.055440623,0.0025903806,0.0096909385,ALO,0.78424513,0.010650536,0.050184082,0.118740566,0.0031226622,0.03305704
ALO,Singapore,2024,12.0,98.874,ALO,0.9884166,0.003479915,0.0008992158,0.004272862,0.0004348705,0.0024964595,ALO,0.97641295,0.004028919,0.0019802065,0.008203728,0.00073157396,0.008642603
ALO,Singapore,2024,13.0,98.719,ALO,0.9881813,0.0040785265,0.0014530262,0.0030820617,0.00041904583,0.0027860443,ALO,0.9777234,0.0055845706,0.0018681517,0.005733546,0.0005479258,0.008542389
ALO,Singapore,2024,14.0,98.524,ALO,0.97642046,0.0051449984,0.0024411792,0.013193624,0.0004546091,0.0023451003,ALO,0.9577145,0.010973112,0.0054842616,0.018372428,0.0008901933,0.006565514
ALO,Singapore,2024,15.0,99.008,ALO,0.97681445,0.0024966805,0.008116427,0.0065723187,0.0010526922,0.004947451,ALO,0.9422842,0.00726667,0.02145042,0.015833013,0.002152341,0.011013388
ALO,Singapore,2024,16.0,98.862,ALO,0.9021092,0.03827296,0.03775034,0.011968426,0.0055624526,0.0043366263,ALO,0.851886,0.026808716,0.08544194,0.02160583,0.007863501,0.0063940114
ALO,Singapore,2024,17.0,98.811,ALO,0.97166866,0.0052821147,0.007053854,0.012278182,0.0011496556,0.0025675609,ALO,0.92448246,0.0045255492,0.017091537,0.043237228,0.0018110208,0.008852216
ALO,Singapore,2024,18.0,98.718,ALO,0.9738696,0.0027699722,0.0028242387,0.017599208,0.0005708471,0.0023660709,ALO,0.96035767,0.0050972938,0.0057306155,0.022854237,0.00071899407,0.0052411747
ALO,Singapore,2024,19.0,99.283,ALO,0.9573377,0.013271114,0.0057429764,0.021416558,0.00084510486,0.0013866507,ALO,0.9485371,0.009412798,0.010536075,0.026338398,0.0012083171,0.003967258
ALO,Singapore,2024,20.0,99.367,ALO,0.96229494,0.0023788197,0.014681895,0.017539255,0.00076285744,0.0023422523,ALO,0.9385269,0.0036963688,0.02391522,0.026137512,0.0012635265,0.006460417
ALO,Singapore,2024,21.0,99.264,ALO,0.9891177,0.0025433474,0.0015200222,0.0051188595,0.0004073316,0.0012927817,ALO,0.9732762,0.0048205894,0.0020776782,0.014525786,0.00066389295,0.004635827
ALO,Singapore,2024,22.0,99.272,ALO,0.9612235,0.0064011016,0.0150301065,0.014801257,0.0009897966,0.0015542888,ALO,0.93031794,0.009330546,0.026500585,0.028222641,0.0015747849,0.004053495
ALO,Singapore,2024,23.0,99.243,ALO,0.96250707,0.0020857144,0.003683424,0.028775737,0.0010567865,0.001891228,ALO,0.9165948,0.004308039,0.005932684,0.06918419,0.0010497888,0.0029305238
ALO,Singapore,2024,24.0,99.597,ALO,0.94035393,0.01622488,0.032739624,0.0060634105,0.0023727305,0.0022454131,ALO,0.902205,0.009650971,0.0661028,0.009564828,0.0037507948,0.008725576
ALO,Singapore,2024,27.0,98.49,ALO,0.98677504,0.0022669756,0.0031730556,0.004596761,0.0009054767,0.0022826518,ALO,0.9640217,0.002921552,0.015688377,0.009396636,0.0016352545,0.0063365772
ALO,Singapore,2024,28.0,98.826,ALO,0.9744946,0.0030683342,0.0026944815,0.017027056,0.0007088905,0.0020066975,ALO,0.91081864,0.0040630386,0.009635357,0.068360455,0.0012998494,0.0058225854
ALO,Singapore,2024,29.0,98.614,ALO,0.9878011,0.0041702497,0.0044144387,0.001837272,0.0005297354,0.0012472413,ALO,0.9683953,0.00914503,0.010903844,0.005581588,0.0009957362,0.0049784956
ALO,Singapore,2024,30.0,98.562,ALO,0.98238087,0.003172212,0.0024878136,0.007995798,0.00067098654,0.0032923352,ALO,0.97835755,0.0030138376,0.003122718,0.00738434,0.000742925,0.007378627
ALO,Singapore,2024,31.0,98.432,ALO,0.980265,0.002438179,0.0024142715,0.010401076,0.0005750004,0.0039065126,ALO,0.97315365,0.002913296,0.0028680079,0.010057445,0.00070493,0.010302683
ALO,Singapore,2024,32.0,98.603,ALO,0.9818518,0.0046779583,0.0014349713,0.007083359,0.0003765973,0.004575306,ALO,0.9524812,0.0031264583,0.0027297945,0.018163128,0.00063273055,0.022866705
ALO,Singapore,2024,33.0,98.161,ALO,0.8902183,0.0089155985,0.016916564,0.0708047,0.0021680053,0.010976862,ALO,0.77442384,0.012778322,0.024881875,0.14298567,0.0035310236,0.04139922
ALO,Singapore,2024,34.0,98.487,ALO,0.9882455,0.0008146457,0.001258963,0.004197936,0.0003277121,0.0051552835,ALO,0.9713632,0.0023137515,0.0026381204,0.008149144,0.00062316493,0.014912604
ALO,Singapore,2024,35.0,98.14,ALO,0.9757239,0.0014574691,0.0013142145,0.016649924,0.0006304248,0.0042240303,ALO,0.95410115,0.0022637995,0.002921893,0.019574886,0.00075635966,0.020381864
ALO,Singapore,2024,36.0,98.211,ALO,0.98212713,0.0027094737,0.0029591264,0.007145675,0.00062142283,0.0044371462,ALO,0.8880416,0.004679572,0.0259422,0.037850298,0.0016578867,0.04182848
ALO,Singapore,2024,37.0,97.928,ALO,0.9814586,0.0025382927,0.0059459335,0.0064458805,0.00041214508,0.003199215,ALO,0.9411563,0.0038642252,0.015502865,0.026754273,0.0010953265,0.01162706
ALO,Singapore,2024,38.0,98.223,ALO,0.9834485,0.0046896427,0.0052515045,0.0033869727,0.0006555063,0.0025679497,ALO,0.9749152,0.0051722005,0.008819336,0.0035625799,0.0006989829,0.006831704
ALO,Singapore,2024,39.0,98.21,ALO,0.9780741,0.0012594449,0.0018388923,0.014011286,0.00030795095,0.0045083836,ALO,0.9347132,0.0022523815,0.0051982664,0.039663535,0.0005703318,0.01760228
ALO,Singapore,2024,40.0,99.282,ALO,0.86363226,0.007053804,0.1192947,0.0065108277,0.0017055196,0.0018029095,ALO,0.8855286,0.00520487,0.09363438,0.008876169,0.00163791,0.005118037
ALO,Singapore,2024,41.0,98.311,ALO,0.95922184,0.0045127883,0.020021493,0.011978546,0.0016383025,0.0026270424,ALO,0.9284233,0.0059272666,0.040954765,0.015242927,0.0018610551,0.0075907153
ALO,Singapore,2024,42.0,99.186,ALO,0.9637019,0.00904095,0.01578533,0.008977311,0.0012649393,0.0012295468,ALO,0.9257052,0.007296889,0.042305924,0.017751714,0.0016671108,0.0052732015
ALO,Singapore,2024,43.0,98.122,ALO,0.97218806,0.002230665,0.003413285,0.017287182,0.00046262873,0.004418172,ALO,0.95077413,0.0027019735,0.00570425,0.024615802,0.0006493248,0.015554553
ALO,Singapore,2024,44.0,98.217,ALO,0.99027175,0.0012973915,0.003287637,0.003237633,0.0004126124,0.0014929695,ALO,0.9771767,0.0027936653,0.005700435,0.008110263,0.00078060373,0.0054383096
ALO,Singapore,2024,45.0,98.118,ALO,0.9806697,0.0020391792,0.009510793,0.0055721668,0.00056300935,0.0016451544,ALO,0.9617251,0.0036032614,0.016191568,0.011823251,0.00091706985,0.0057397443
ALO,Singapore,2024,46.0,97.988,ALO,0.9731963,0.0044339607,0.011290664,0.0063987775,0.001475497,0.003204716,ALO,0.9308853,0.0041803615,0.04137541,0.012485432,0.0018669658,0.009206514
ALO,Singapore,2024,47.0,98.119,ALO,0.9767352,0.0029630526,0.0043388885,0.011067041,0.0008267633,0.0040690815,ALO,0.96436036,0.005035386,0.0070917,0.014744458,0.0011647318,0.0076034195
ALO,Singapore,2024,48.0,98.01,ALO,0.9515786,0.011972257,0.027407814,0.005770229,0.0014392784,0.0018318199,ALO,0.9017825,0.006072713,0.06935435,0.009818561,0.0033800977,0.009591746
ALO,Singapore,2024,49.0,98.24,ALO,0.88139564,0.010593191,0.030664885,0.06586426,0.0019372109,0.009544866,ALO,0.72578514,0.006894616,0.063514516,0.15289658,0.002032104,0.04887707
ALO,Singapore,2024,50.0,98.54,ALO,0.93632597,0.01458625,0.036928117,0.006668596,0.0021943601,0.0032967424,ALO,0.8155595,0.0073062577,0.15219995,0.012496763,0.004086208,0.008351309
ALO,Singapore,2024,51.0,97.882,ALO,0.98437,0.001503811,0.0037533713,0.0063919346,0.00058229256,0.0033986226,ALO,0.95848656,0.0024322665,0.009099046,0.017085183,0.0007943999,0.012102563
ALO,Singapore,2024,52.0,97.995,ALO,0.5584067,0.022192372,0.12206721,0.26654613,0.0049727354,0.025814878,NOR,0.24583597,0.01657472,0.21756339,0.4602493,0.0045546414,0.05522195
ALO,Singapore,2024,53.0,97.886,ALO,0.9731243,0.0042977324,0.0061714654,0.0083333105,0.0005885089,0.007484678,ALO,0.90164214,0.0059041646,0.0229384,0.01774211,0.0022230465,0.049550135
ALO,Singapore,2024,54.0,97.741,ALO,0.9587172,0.0024951717,0.0024481479,0.028816083,0.0007208298,0.006802574,ALO,0.881501,0.0023629118,0.006962146,0.06395973,0.0014869911,0.043727227
ALO,Singapore,2024,55.0,97.951,ALO,0.975464,0.0016646226,0.0020905125,0.015001254,0.000761264,0.005018345,ALO,0.92878574,0.002282802,0.004476715,0.050258163,0.0011621891,0.013034377
ALO,Singapore,2024,56.0,97.912,ALO,0.97595644,0.0017012713,0.0044803596,0.01212284,0.0010586467,0.0046804175,ALO,0.9501984,0.0028370805,0.009157034,0.027861103,0.0011066706,0.008839676
ALO,Singapore,2024,57.0,98.082,ALO,0.9855085,0.0016838689,0.0042664157,0.0015837082,0.00079714466,0.0061603677,ALO,0.9609806,0.0029579245,0.015524748,0.0047656717,0.0015601072,0.014211022
ALO,Singapore,2024,58.0,98.265,ALO,0.9234001,0.010032378,0.049442817,0.007448029,0.003206631,0.006469991,ALO,0.85153157,0.010388682,0.10153433,0.01152786,0.0067555783,0.018261977
ALO,Singapore,2024,59.0,98.101,ALO,0.8917826,0.0134004615,0.014427932,0.06755742,0.0038159383,0.009015699,ALO,0.8966654,0.013003958,0.022927558,0.05535717,0.002703641,0.009342277
ALO,Singapore,2024,60.0,98.573,ALO,0.9094564,0.03638366,0.040424455,0.007142388,0.0031879526,0.003405227,ALO,0.8583817,0.022157501,0.08784506,0.010750133,0.007247339,0.013618301
ALO,Singapore,2024,61.0,101.282,ALO,0.9671719,0.0026447312,0.0033255096,0.003881024,0.0007244577,0.022252304,ALO,0.9465107,0.0023243446,0.0037116061,0.003809906,0.00086241734,0.042781025
HAM,Singapore,2024,1.0,102.702,HAM,0.002354746,0.7271219,0.24772616,0.0018335282,0.0200378,0.0009258724,LEC,0.0056014904,0.12067502,0.7867581,0.004938586,0.07981739,0.0022093435
HAM,Singapore,2024,2.0,98.853,LEC,0.016579634,0.44252017,0.49828872,0.0037477226,0.031403754,0.007460028,LEC,0.025675455,0.031042973,0.77930355,0.008580648,0.1462483,0.009149105
HAM,Singapore,2024,3.0,99.254,HAM,0.014017002,0.44807366,0.2907096,0.00882482,0.2179851,0.020389779,LEC,0.023456158,0.042228352,0.6454404,0.014279177,0.25166467,0.022931226
HAM,Singapore,2024,4.0,99.068,SAI,0.0050971024,0.41990185,0.11745946,0.015248443,0.42957392,0.012719197,SAI,0.0077605867,0.07108385,0.31528726,0.02874242,0.5342805,0.04284542
HAM,Singapore,2024,5.0,98.294,HAM,0.026441362,0.26240128,0.15250508,0.16746143,0.13546081,0.25573003,VER,0.028867222,0.06881015,0.224701,0.18860006,0.15369727,0.33532432
HAM,Singapore,2024,6.0,98.271,SAI,0.008294803,0.21493228,0.028457806,0.0129522085,0.68237305,0.052989826,SAI,0.007307867,0.043925237,0.042059757,0.013475411,0.8234746,0.06975715
HAM,Singapore,2024,7.0,98.38,VER,0.019694041,0.14355099,0.02205922,0.08680252,0.06783634,0.6600569,VER,0.018068189,0.035969414,0.06253912,0.08137688,0.10704287,0.6950035
HAM,Singapore,2024,8.0,98.246,HAM,0.04461312,0.4325321,0.04871896,0.19622433,0.07119522,0.20671627,VER,0.025162654,0.04205305,0.039744683,0.13222896,0.22511853,0.5356921
HAM,Singapore,2024,9.0,98.027,HAM,0.021686377,0.6261083,0.028135892,0.14472842,0.03283139,0.14650963,VER,0.022453459,0.06975497,0.048995286,0.2541183,0.12352711,0.48115084
HAM,Singapore,2024,10.0,98.309,SAI,0.0014330818,0.13665839,0.01958631,0.0018942035,0.8373618,0.0030661612,SAI,0.0029816106,0.033838622,0.02865481,0.005549901,0.9186728,0.010302211
HAM,Singapore,2024,11.0,97.916,HAM,0.020535043,0.72741836,0.06284804,0.017558945,0.13679735,0.034842283,SAI,0.026185403,0.10975042,0.16029784,0.018487956,0.62720203,0.058076352
HAM,Singapore,2024,12.0,97.984,HAM,0.023483757,0.7549537,0.051914934,0.035362147,0.11056851,0.023716973,SAI,0.057181105,0.084623426,0.30492795,0.075280726,0.32067445,0.15731232
HAM,Singapore,2024,13.0,98.102,SAI,0.005813918,0.35824284,0.050838005,0.013294028,0.50453365,0.06727753,SAI,0.0070786905,0.073494054,0.06947794,0.011358784,0.6929246,0.14566587
HAM,Singapore,2024,14.0,98.174,HAM,0.010918911,0.45268604,0.035925206,0.0069493353,0.42639682,0.0671237,SAI,0.01516637,0.03737579,0.08249675,0.014229162,0.7802055,0.07052644
HAM,Singapore,2024,15.0,98.287,SAI,0.005930216,0.26998025,0.08992071,0.0041452795,0.62406075,0.0059627593,SAI,0.008916577,0.052937794,0.2914203,0.007181153,0.6289021,0.010642079
HAM,Singapore,2024,16.0,99.044,HAM,0.023234071,0.49224916,0.4364284,0.0056465035,0.038068984,0.0043728547,LEC,0.027662365,0.057390224,0.74647176,0.023342231,0.12828268,0.016850678
HAM,Singapore,2024,19.0,98.202,HAM,0.020033678,0.69484943,0.13242623,0.041642137,0.06458883,0.0464597,LEC,0.03562369,0.16015862,0.400888,0.19815052,0.09325105,0.11192807
HAM,Singapore,2024,20.0,98.745,LEC,0.008623273,0.42711192,0.5040622,0.0049800584,0.05191607,0.0033064582,LEC,0.015135159,0.06832961,0.7430643,0.011962527,0.15419929,0.0073091052
HAM,Singapore,2024,21.0,98.916,HAM,0.0043894686,0.7640501,0.19622985,0.0036441057,0.029484399,0.0022020533,LEC,0.011614554,0.10235978,0.725086,0.014928644,0.13870376,0.0073072617
HAM,Singapore,2024,22.0,98.194,LEC,0.00792933,0.1419393,0.49003956,0.0048288316,0.34994647,0.005316499,SAI,0.013627597,0.05351351,0.44349235,0.008378586,0.47504243,0.005945524
HAM,Singapore,2024,23.0,98.396,HAM,0.016974555,0.5491287,0.32376698,0.01514432,0.086481504,0.008503976,LEC,0.021811979,0.05782099,0.6791148,0.035496403,0.19219024,0.013565573
HAM,Singapore,2024,24.0,98.352,HAM,0.01210417,0.6389902,0.06459761,0.023512427,0.14486587,0.11592969,SAI,0.017946469,0.051104978,0.20518269,0.08772929,0.48445603,0.1535806
HAM,Singapore,2024,25.0,100.158,LEC,0.016994918,0.3667992,0.48882857,0.09337995,0.019985558,0.014011812,LEC,0.02732595,0.18356833,0.5730952,0.13565558,0.058723725,0.021631258
HAM,Singapore,2024,26.0,100.171,HAM,0.0020574648,0.5976169,0.338595,0.0017174424,0.058756657,0.0012565622,LEC,0.004959485,0.20459045,0.6525733,0.004574333,0.13064009,0.0026623465
HAM,Singapore,2024,27.0,99.999,LEC,0.023225805,0.16039911,0.6392182,0.010762531,0.1627967,0.0035977012,LEC,0.025155636,0.06842587,0.772791,0.02636142,0.103486724,0.0037792982
HAM,Singapore,2024,28.0,98.455,SAI,0.004855494,0.4007017,0.06678126,0.002779412,0.52119404,0.0036880798,SAI,0.0075665177,0.07585844,0.17799239,0.0068743993,0.72570026,0.0060079754
HAM,Singapore,2024,29.0,98.026,HAM,0.021546477,0.5508339,0.3545225,0.0097885635,0.055238206,0.008070392,LEC,0.027236398,0.043860715,0.7662054,0.011361955,0.13926543,0.012070167
HAM,Singapore,2024,30.0,97.833,HAM,0.006334806,0.52161694,0.0234914,0.0066047367,0.43419492,0.007757196,SAI,0.014935638,0.07148412,0.12868203,0.01669709,0.7481681,0.020033002
HAM,Singapore,2024,31.0,98.44,HAM,0.01307297,0.6009602,0.10421863,0.008165602,0.26283523,0.01074735,SAI,0.020819345,0.05603146,0.31734064,0.021433137,0.5639012,0.02047421
HAM,Singapore,2024,32.0,97.696,HAM,0.029146688,0.38826883,0.09097201,0.12917611,0.1371507,0.22528565,VER,0.038925722,0.09394413,0.18267353,0.11524431,0.11627511,0.4529372
HAM,Singapore,2024,33.0,97.447,NOR,0.0414634,0.24533021,0.1600496,0.4862858,0.01479959,0.052071434,NOR,0.03312898,0.01947615,0.20944297,0.6113894,0.029766768,0.09679569
HAM,Singapore,2024,34.0,97.413,HAM,0.011092903,0.80529875,0.1394167,0.008282738,0.020634174,0.01527468,LEC,0.03565311,0.15246448,0.53736657,0.074592516,0.09197212,0.107951194
HAM,Singapore,2024,35.0,97.68,HAM,0.009717277,0.6321519,0.31511024,0.005023471,0.02955448,0.008442653,LEC,0.03205841,0.11255652,0.6466945,0.018646255,0.15734148,0.032702807
HAM,Singapore,2024,36.0,97.985,HAM,0.00879229,0.809275,0.023594586,0.12583971,0.015548737,0.016949648,NOR,0.023782464,0.10100597,0.1832939,0.43387836,0.04916922,0.20887008
HAM,Singapore,2024,37.0,97.938,HAM,0.012422501,0.73385197,0.108765334,0.07750947,0.03738127,0.030069496,LEC,0.02280856,0.11920744,0.4640071,0.19042583,0.06589291,0.13765815
HAM,Singapore,2024,38.0,97.765,HAM,0.017270947,0.82989895,0.07003412,0.006836237,0.056204952,0.019754754,LEC,0.037862275,0.11960134,0.44244212,0.022637155,0.31944418,0.058012925
HAM,Singapore,2024,39.0,97.971,HAM,0.02336245,0.6161782,0.29025513,0.008466094,0.055606674,0.0061314814,LEC,0.031630006,0.16722447,0.70588624,0.013955124,0.070367455,0.010936681
HAM,Singapore,2024,40.0,99.333,LEC,0.036906008,0.32335827,0.6158096,0.009512851,0.011763083,0.0026501862,LEC,0.034930214,0.18786001,0.74906266,0.010462515,0.014985831,0.0026988122
HAM,Singapore,2024,41.0,98.19,LEC,0.0057460163,0.29324135,0.6898877,0.0033971758,0.0059036436,0.0018241421,LEC,0.010871371,0.04825437,0.9107155,0.01143069,0.01585598,0.0028720887
HAM,Singapore,2024,42.0,98.115,HAM,0.01529567,0.472462,0.38778484,0.0063153245,0.11368514,0.004456988,LEC,0.018135851,0.047393847,0.7860316,0.008531018,0.13436669,0.005540942
HAM,Singapore,2024,43.0,97.393,HAM,0.008237027,0.8928444,0.038339075,0.008748886,0.03455847,0.01727216,SAI,0.031224709,0.27246276,0.27413923,0.036539875,0.2978151,0.087818354
HAM,Singapore,2024,44.0,97.593,HAM,0.014961747,0.72506356,0.056128282,0.019268172,0.05548245,0.12909573,VER,0.031008927,0.2682808,0.145607,0.04734669,0.16967611,0.33808053
HAM,Singapore,2024,45.0,97.801,HAM,0.0068796277,0.6090835,0.25516683,0.003930435,0.1217966,0.0031429883,LEC,0.027295427,0.097449,0.65217024,0.009610923,0.20283942,0.010634994
HAM,Singapore,2024,46.0,97.797,HAM,0.034681186,0.6645332,0.10766618,0.054217853,0.09854709,0.040354468,LEC,0.053698428,0.13180694,0.2715483,0.1430207,0.22626951,0.17365615
HAM,Singapore,2024,47.0,97.922,LEC,0.029087543,0.40284297,0.43771768,0.020613356,0.08189697,0.027841462,LEC,0.030742671,0.08479137,0.6804793,0.032858953,0.10121582,0.0699119
HAM,Singapore,2024,48.0,98.294,HAM,0.014758399,0.4768654,0.4185358,0.0103923585,0.069501825,0.009946157,LEC,0.026546659,0.09183097,0.5836968,0.015763855,0.24890715,0.033254582
HAM,Singapore,2024,49.0,98.331,HAM,0.0041850777,0.4637067,0.0946567,0.0044100387,0.4304212,0.0026202477,SAI,0.0073761046,0.104656205,0.23987015,0.009818513,0.63379914,0.004479907
HAM,Singapore,2024,50.0,100.411,LEC,0.0090164235,0.09953709,0.87316203,0.0025948917,0.014556967,0.0011326274,LEC,0.009279864,0.026554018,0.9409996,0.003230361,0.018285306,0.0016508222
HAM,Singapore,2024,51.0,98.647,LEC,0.006704906,0.39124626,0.51624644,0.005064501,0.07818023,0.0025576556,LEC,0.015412258,0.11267942,0.6034094,0.008685549,0.25560918,0.004204171
HAM,Singapore,2024,52.0,98.627,HAM,0.0025713076,0.5506884,0.37694302,0.002968301,0.065063484,0.0017654642,LEC,0.0064458675,0.15072477,0.63738346,0.009009496,0.1911071,0.0053293277
HAM,Singapore,2024,53.0,98.669,LEC,0.025144307,0.36231464,0.4787751,0.019630216,0.095321566,0.018814137,LEC,0.023551736,0.066040725,0.6683315,0.025154965,0.20340927,0.013511815
HAM,Singapore,2024,54.0,98.352,LEC,0.027426548,0.32394728,0.5660562,0.022230303,0.045618426,0.014721241,LEC,0.03733621,0.04701489,0.7441724,0.043244395,0.1121304,0.016101755
HAM,Singapore,2024,55.0,98.634,LEC,0.025060548,0.27868852,0.60505897,0.025610968,0.054515503,0.011065487,LEC,0.0349501,0.04757351,0.7860395,0.026737021,0.08713566,0.017564245
HAM,Singapore,2024,56.0,99.121,HAM,0.023956165,0.4613533,0.31956178,0.033069693,0.12879193,0.033267155,LEC,0.028988998,0.16384661,0.47717345,0.028228585,0.26090693,0.040855464
HAM,Singapore,2024,57.0,99.034,HAM,0.0048124874,0.81120706,0.13820684,0.011279676,0.030973854,0.0035200566,LEC,0.013275835,0.084976815,0.77671766,0.04464772,0.06862744,0.011754589
HAM,Singapore,2024,58.0,98.686,HAM,0.025009269,0.53246367,0.36865675,0.01583052,0.04845657,0.009583243,LEC,0.024017323,0.088839136,0.808193,0.018364925,0.0467369,0.01384871
HAM,Singapore,2024,59.0,99.006,HAM,0.007554354,0.63183683,0.29444784,0.022482682,0.030940598,0.012737703,LEC,0.0162718,0.10316476,0.6701376,0.07157563,0.0785832,0.060267072
HAM,Singapore,2024,60.0,98.793,SAI,0.009468259,0.19102618,0.049156286,0.005441179,0.70655584,0.038352307,SAI,0.015224691,0.03369912,0.13603193,0.029146312,0.73628294,0.049614985
HAM,Singapore,2024,61.0,99.114,SAI,0.013454088,0.27087587,0.112297714,0.010982902,0.561429,0.030960424,SAI,0.023635224,0.107690334,0.18489645,0.015310164,0.5992451,0.06922271
HAM,Singapore,2024,62.0,99.693,HAM,0.0048797037,0.5428638,0.38015646,0.013001467,0.054335423,0.0047631897,LEC,0.009457444,0.065121025,0.81246364,0.025328664,0.08066539,0.006963885
LEC,Singapore,2024,2.0,99.775,LEC,0.037529808,0.08561375,0.8626314,0.0028608656,0.009844956,0.0015192566,LEC,0.029912965,0.01598495,0.9387811,0.003504212,0.00982907,0.0019876799
LEC,Singapore,2024,3.0,99.14,LEC,0.018023493,0.40356967,0.4780861,0.028650662,0.06700519,0.0046649044,LEC,0.022018164,0.052368887,0.80028856,0.021864414,0.09583474,0.007625207
LEC,Singapore,2024,4.0,99.31,LEC,0.013390752,0.092268065,0.78320223,0.07664732,0.025759272,0.008732399,LEC,0.019341493,0.0556261,0.7296416,0.1611346,0.018465338,0.015790863
LEC,Singapore,2024,5.0,99.041,LEC,0.005479044,0.13625208,0.84485847,0.0037750944,0.008677208,0.0009581628,LEC,0.0060447287,0.03751561,0.93681943,0.0072728577,0.010706049,0.0016413631
LEC,Singapore,2024,6.0,98.797,LEC,0.092361726,0.041994136,0.71594673,0.13066117,0.008260815,0.010775435,LEC,0.054264992,0.011947447,0.66040003,0.24871334,0.007576724,0.017097434
LEC,Singapore,2024,7.0,98.645,LEC,0.018884119,0.35458857,0.547148,0.020450965,0.053009484,0.005918854,LEC,0.015930027,0.041930463,0.86502457,0.016932523,0.054513797,0.0056685833
LEC,Singapore,2024,8.0,98.727,LEC,0.046824053,0.25914645,0.65836257,0.019241154,0.009645887,0.006779946,LEC,0.10298155,0.06128085,0.76126856,0.042878058,0.0144878775,0.017103124
LEC,Singapore,2024,9.0,98.691,LEC,0.027686603,0.19293785,0.74783355,0.007420389,0.01885091,0.0052707056,LEC,0.024844218,0.045312542,0.8807259,0.01851507,0.023528675,0.0070735114
LEC,Singapore,2024,10.0,98.582,LEC,0.005522183,0.30316916,0.60126776,0.010683027,0.07759438,0.001763536,LEC,0.011056783,0.040822443,0.7486558,0.019108927,0.17772463,0.002631427
LEC,Singapore,2024,11.0,98.913,LEC,0.037407055,0.09969365,0.53942615,0.30330333,0.010763203,0.009406609,LEC,0.02058484,0.011681801,0.47658712,0.46903116,0.011360893,0.010754171
LEC,Singapore,2024,12.0,98.776,SAI,0.010714104,0.35726637,0.23820883,0.0134250065,0.37699166,0.0033940282,LEC,0.013921496,0.05060103,0.47428712,0.016007366,0.43887165,0.006311344
LEC,Singapore,2024,13.0,98.671,LEC,0.005401175,0.22862712,0.71217674,0.005312022,0.046688575,0.001794346,LEC,0.014207376,0.058656078,0.7539036,0.012870399,0.15570985,0.004652654
LEC,Singapore,2024,14.0,98.707,LEC,0.0068305754,0.100672975,0.82865983,0.0072111613,0.05346398,0.0031614348,LEC,0.011095519,0.055668667,0.76667696,0.014029649,0.14797455,0.0045546535
LEC,Singapore,2024,15.0,98.515,LEC,0.03012356,0.15289253,0.77841383,0.021098798,0.012625375,0.0048458977,LEC,0.023841064,0.028479889,0.87470573,0.042615242,0.02037424,0.009983876
LEC,Singapore,2024,16.0,98.904,LEC,0.023460763,0.09642954,0.8475415,0.019134527,0.012024426,0.0014092509,LEC,0.016389854,0.047333475,0.90307486,0.019663488,0.011944553,0.0015937663
LEC,Singapore,2024,17.0,99.561,LEC,0.014444488,0.3205156,0.5258395,0.10591517,0.01064714,0.022638096,LEC,0.015607485,0.055444002,0.757186,0.108343095,0.016301945,0.047117446
LEC,Singapore,2024,18.0,98.814,LEC,0.0097516095,0.42974597,0.4554562,0.006577056,0.08921694,0.009252173,LEC,0.02256637,0.10069876,0.5791681,0.022945326,0.25002402,0.024597425
LEC,Singapore,2024,19.0,98.734,LEC,0.004739407,0.028526165,0.9505859,0.002265776,0.013226349,0.000656376,LEC,0.0061134393,0.015480187,0.95141566,0.003263764,0.022534648,0.0011922942
LEC,Singapore,2024,20.0,99.087,LEC,0.0033665365,0.09818784,0.79798275,0.0054092836,0.093266346,0.001787209,LEC,0.009105551,0.030400068,0.803536,0.018247392,0.13602728,0.002683724
LEC,Singapore,2024,21.0,99.315,LEC,0.012279915,0.14428279,0.7838288,0.022594567,0.033513457,0.003500463,LEC,0.007631887,0.020297637,0.91080254,0.027636034,0.029704532,0.0039273747
LEC,Singapore,2024,22.0,99.008,LEC,0.0154312905,0.14159273,0.79767,0.019561945,0.023746228,0.001997783,LEC,0.018679393,0.024870908,0.892387,0.028854553,0.03256945,0.0026386883
LEC,Singapore,2024,23.0,99.688,LEC,0.013706039,0.26831737,0.67358553,0.0183469,0.022035915,0.0040081977,LEC,0.019542135,0.091599524,0.7979501,0.030288942,0.056822795,0.003796508
LEC,Singapore,2024,24.0,99.372,LEC,0.007788836,0.17662834,0.77951676,0.016270006,0.017113198,0.0026828554,LEC,0.012207935,0.019719308,0.9073474,0.028920233,0.02887537,0.002929766
LEC,Singapore,2024,25.0,100.029,LEC,0.002536887,0.02180756,0.9537241,0.0048782537,0.016570956,0.00048222457,LEC,0.0047931573,0.028021635,0.9160058,0.012275228,0.037673663,0.0012304846
LEC,Singapore,2024,26.0,98.867,LEC,0.004968496,0.1049062,0.8287416,0.0058387653,0.052161288,0.0033836104,LEC,0.010743884,0.025217013,0.8362535,0.014192082,0.10777202,0.0058214255
LEC,Singapore,2024,27.0,99.153,LEC,0.0017798196,0.15968736,0.81020653,0.002765027,0.024149265,0.0014120115,LEC,0.005126345,0.0493401,0.8565173,0.0106137805,0.0742923,0.0041102027
LEC,Singapore,2024,28.0,99.795,LEC,0.006645421,0.12380859,0.80417204,0.014550179,0.049125195,0.0016985829,LEC,0.008735934,0.07516062,0.8410437,0.018207164,0.055115964,0.0017366273
LEC,Singapore,2024,29.0,98.371,LEC,0.0024737748,0.041658733,0.9195946,0.00216421,0.032795515,0.0013131812,LEC,0.011622957,0.052707974,0.7632494,0.008645783,0.15713945,0.0066344105
LEC,Singapore,2024,30.0,99.543,LEC,0.001736858,0.05272389,0.87076944,0.0012778399,0.07170588,0.0017860631,LEC,0.004277469,0.029214196,0.5808984,0.004684837,0.3757699,0.0051551494
LEC,Singapore,2024,31.0,99.214,LEC,0.0040120147,0.04277297,0.925514,0.0020528391,0.023789518,0.0018586484,LEC,0.011912776,0.09641311,0.66537374,0.009511697,0.21075004,0.006038635
LEC,Singapore,2024,32.0,98.505,LEC,0.0017284132,0.06870943,0.8911448,0.0020763886,0.035173897,0.0011670239,LEC,0.009363376,0.032236934,0.71250063,0.011372433,0.2273346,0.0071920254
LEC,Singapore,2024,33.0,98.187,LEC,0.0030728935,0.080831505,0.7870269,0.0025500848,0.123525746,0.002992883,SAI,0.006237168,0.038144983,0.44334266,0.009518391,0.4902024,0.0125544015
LEC,Singapore,2024,34.0,98.494,LEC,0.0029986869,0.09434483,0.84823346,0.0015351226,0.050892465,0.0019954417,LEC,0.009616795,0.15081483,0.4239253,0.0056656376,0.4001419,0.00983556
LEC,Singapore,2024,35.0,99.264,LEC,0.0013678336,0.044177737,0.8410665,0.0011164205,0.11141241,0.0008591166,SAI,0.0064222696,0.10348713,0.3919135,0.0053811735,0.48755586,0.005240082
LEC,Singapore,2024,38.0,96.556,LEC,0.010654428,0.10939757,0.7500639,0.0044453843,0.119183116,0.006255637,SAI,0.017373223,0.04396722,0.32947,0.009401467,0.58047634,0.019311696
LEC,Singapore,2024,39.0,96.287,LEC,0.0027840084,0.037241384,0.9322166,0.005983847,0.019123245,0.0026509224,LEC,0.010409206,0.04495589,0.71907103,0.036576647,0.1711744,0.017812796
LEC,Singapore,2024,40.0,97.48,LEC,0.010801209,0.029451584,0.94120026,0.008154409,0.009069207,0.0013233494,LEC,0.04982082,0.04610778,0.8379093,0.033736244,0.02941975,0.0030061763
LEC,Singapore,2024,41.0,96.166,LEC,0.0075203073,0.08131612,0.8229364,0.013240677,0.068444856,0.006541674,LEC,0.02562016,0.040313564,0.750023,0.038414806,0.123680025,0.02194846
LEC,Singapore,2024,42.0,97.266,LEC,0.0035308688,0.03198903,0.94310087,0.0037665975,0.015240521,0.0023720826,LEC,0.00849719,0.024964182,0.87952334,0.021051582,0.05572678,0.010236926
LEC,Singapore,2024,43.0,95.849,LEC,0.003073201,0.013629998,0.96519953,0.0020460445,0.014590271,0.0014609973,LEC,0.021932947,0.10727446,0.47709706,0.026983047,0.3550723,0.011640199
LEC,Singapore,2024,44.0,95.639,LEC,0.017027374,0.08451846,0.8417844,0.0043057557,0.047852952,0.0045110974,SAI,0.01928825,0.12749283,0.31735998,0.018583456,0.49343434,0.023841113
LEC,Singapore,2024,45.0,95.716,LEC,0.0054768324,0.10921817,0.8617327,0.0014172648,0.020085298,0.0020696777,LEC,0.019975651,0.17023136,0.48951235,0.013221283,0.2964788,0.010580497
LEC,Singapore,2024,46.0,95.371,SAI,0.006384321,0.09386583,0.35529116,0.0024657496,0.5348816,0.007111321,SAI,0.010251271,0.14915952,0.12479368,0.0048031434,0.6999899,0.011002467
LEC,Singapore,2024,47.0,95.758,LEC,0.0017439062,0.037565526,0.8341305,0.0029354307,0.12044383,0.003180821,SAI,0.004842481,0.10997403,0.22004965,0.007466856,0.64337337,0.0142936325
LEC,Singapore,2024,48.0,95.792,LEC,0.0015372303,0.026582036,0.92539513,0.0022038496,0.04216241,0.0021193547,SAI,0.0064568203,0.13996223,0.34090018,0.010680489,0.48199034,0.020009987
LEC,Singapore,2024,49.0,96.252,SAI,0.0025718233,0.025140896,0.32463828,0.0036949024,0.6414165,0.0025375988,SAI,0.0047735507,0.032533802,0.24299185,0.0069086095,0.7065472,0.0062450343
LEC,Singapore,2024,50.0,97.53,LEC,0.0019568813,0.018455263,0.9590851,0.0054491386,0.014065514,0.0009881222,LEC,0.0047079697,0.06303121,0.8312379,0.016020963,0.081467286,0.0035345908
LEC,Singapore,2024,51.0,96.424,LEC,0.0024235013,0.029894328,0.9330177,0.0013348918,0.03164548,0.0016841294,SAI,0.01715649,0.056840785,0.31635797,0.009516404,0.58791935,0.012208977
LEC,Singapore,2024,52.0,96.02,LEC,0.0037201808,0.023846384,0.93456024,0.0017320077,0.034668494,0.0014726734,SAI,0.017987894,0.041899428,0.36236313,0.011186307,0.55839866,0.0081645455
LEC,Singapore,2024,53.0,96.099,LEC,0.002637788,0.0826531,0.85385716,0.0033968252,0.054654866,0.0028002157,SAI,0.008091187,0.07176572,0.4186336,0.013043353,0.4720745,0.016391676
LEC,Singapore,2024,54.0,96.454,LEC,0.002953536,0.062023126,0.83346343,0.0066235457,0.08976108,0.005175215,LEC,0.006770004,0.17028607,0.5103298,0.018926188,0.28050807,0.013179819
LEC,Singapore,2024,55.0,96.56,LEC,0.0021211538,0.05321763,0.8993651,0.0038914166,0.038369942,0.0030347104,LEC,0.008588083,0.1680589,0.44576332,0.024765639,0.33764994,0.015174084
LEC,Singapore,2024,56.0,96.497,LEC,0.0014908891,0.021688545,0.9569686,0.0024023762,0.012514238,0.004935306,LEC,0.008384009,0.14304619,0.51867634,0.02277304,0.28959408,0.017526349
LEC,Singapore,2024,57.0,96.802,LEC,0.005576263,0.014575235,0.9426967,0.0047723586,0.030514635,0.0018648765,LEC,0.007889681,0.021391585,0.87761617,0.019606732,0.06606213,0.0074337055
LEC,Singapore,2024,58.0,97.51,LEC,0.009696433,0.13019393,0.82120246,0.016747896,0.020746643,0.0014126201,LEC,0.02076667,0.124684595,0.78362656,0.040939447,0.027177656,0.0028050917
LEC,Singapore,2024,59.0,98.218,LEC,0.0023004517,0.025493542,0.9317719,0.008592661,0.03093638,0.00090513343,LEC,0.0050619,0.0400689,0.8990192,0.013647593,0.040264547,0.001937888
LEC,Singapore,2024,60.0,98.166,LEC,0.012114102,0.03407951,0.91898215,0.019863602,0.013621848,0.0013387398,LEC,0.021406986,0.0131969,0.92005765,0.030687612,0.013157929,0.0014928846
LEC,Singapore,2024,61.0,98.326,LEC,0.0155631695,0.11775952,0.8137617,0.019746654,0.03119831,0.0019706842,LEC,0.01835598,0.098575495,0.80468595,0.032834407,0.043262627,0.0022855229
LEC,Singapore,2024,62.0,98.726,LEC,0.009754917,0.04873223,0.88342154,0.043426756,0.013315175,0.0013493629,LEC,0.021896029,0.028444543,0.8879681,0.040757585,0.019138925,0.001794827
NOR,Singapore,2024,1.0,100.424,NOR,0.02182066,0.030231347,0.0038457117,0.89966464,0.0026565415,0.041781113,NOR,0.014969944,0.007326848,0.0036599636,0.9085638,0.0029140161,0.06256537
NOR,Singapore,2024,2.0,98.48,NOR,0.00561267,0.018488225,0.0017545944,0.6653132,0.0047562434,0.3040751,VER,0.011419488,0.04137853,0.0035086086,0.41818774,0.010324375,0.51518124
NOR,Singapore,2024,3.0,98.406,NOR,0.0072943284,0.012309579,0.002084297,0.93822134,0.0025319548,0.037558444,NOR,0.013838132,0.022982117,0.004735076,0.77228993,0.006530555,0.17962418
NOR,Singapore,2024,4.0,98.446,NOR,0.0065679327,0.022801256,0.0032896881,0.9120733,0.0026752795,0.05259259,NOR,0.014800592,0.055220343,0.008060342,0.66232383,0.009586541,0.25000837
NOR,Singapore,2024,5.0,97.938,NOR,0.0026831138,0.0047725327,0.00096708006,0.97978425,0.0008569779,0.010936016,NOR,0.0048663053,0.0067127827,0.0023842158,0.9302483,0.0024976835,0.05329075
NOR,Singapore,2024,6.0,97.843,NOR,0.0015916828,0.0059488504,0.0012241933,0.9797545,0.00070502295,0.010775757,NOR,0.004238323,0.014721868,0.0023668238,0.93501616,0.0015602919,0.042096507
NOR,Singapore,2024,7.0,97.621,NOR,0.0022942636,0.0036570006,0.0006838679,0.9841084,0.0005576967,0.008698734,NOR,0.007881059,0.0082841115,0.0030072532,0.93885887,0.0021775714,0.039791107
NOR,Singapore,2024,8.0,97.082,NOR,0.0015886923,0.0023011311,0.00071590254,0.97668195,0.0004993603,0.018212996,NOR,0.0049640764,0.0077197375,0.0022376296,0.90170115,0.0019911048,0.081386276
NOR,Singapore,2024,9.0,96.715,NOR,0.006099866,0.0012753097,0.0020674632,0.947619,0.00088819285,0.042050127,NOR,0.019043127,0.004699821,0.007913907,0.79228073,0.003576218,0.17248617
NOR,Singapore,2024,10.0,96.83,NOR,0.004051453,0.0016898956,0.0018404817,0.950401,0.0010855001,0.040931705,NOR,0.015233745,0.006865676,0.006699295,0.81570345,0.0038171175,0.15168071
NOR,Singapore,2024,11.0,96.651,NOR,0.0076832687,0.0039023864,0.0018807258,0.96669954,0.0008950221,0.018939065,NOR,0.021004355,0.0051494753,0.006009752,0.8266476,0.003195751,0.13799313
NOR,Singapore,2024,12.0,96.495,NOR,0.012890183,0.07716049,0.021468662,0.7716292,0.010168754,0.10668268,NOR,0.010264796,0.020246634,0.038662188,0.6648395,0.019036062,0.24695082
NOR,Singapore,2024,13.0,96.67,NOR,0.03185643,0.03419008,0.023888323,0.5566215,0.003916709,0.34952697,VER,0.04985203,0.019373504,0.04648451,0.36173773,0.010448577,0.5121036
NOR,Singapore,2024,14.0,96.832,NOR,0.013205923,0.0034738015,0.0025457507,0.90572405,0.0011250245,0.07392544,NOR,0.021287212,0.004267857,0.006653815,0.7554458,0.0031878545,0.20915748
NOR,Singapore,2024,15.0,96.758,NOR,0.007813606,0.013617364,0.010773193,0.79174745,0.0060365777,0.17001176,NOR,0.00885052,0.009202487,0.030910384,0.66152626,0.01493632,0.27457404
NOR,Singapore,2024,16.0,96.624,NOR,0.009286625,0.0038327943,0.0024649855,0.95143443,0.001112732,0.03186848,NOR,0.01985538,0.006531873,0.008482387,0.78861594,0.0040512555,0.17246316
NOR,Singapore,2024,17.0,97.008,NOR,0.015343526,0.030406618,0.009803565,0.7606267,0.0055446904,0.17827493,VER,0.024939356,0.027263464,0.024816386,0.41892076,0.020909803,0.48315024
NOR,Singapore,2024,18.0,97.068,NOR,0.010575369,0.020044118,0.012597396,0.9151382,0.0040915646,0.037553344,NOR,0.013629107,0.007847719,0.02825709,0.82516325,0.018354656,0.10674814
NOR,Singapore,2024,19.0,97.282,NOR,0.0026485706,0.0064533744,0.001479385,0.9713983,0.0008922024,0.017128203,NOR,0.0073885205,0.017316747,0.012212419,0.8048211,0.0046282257,0.15363298
NOR,Singapore,2024,20.0,96.887,NOR,0.023516146,0.060739405,0.025408478,0.70970535,0.019159446,0.16147119,NOR,0.02569827,0.026396716,0.054941855,0.45993873,0.08348731,0.34953707
NOR,Singapore,2024,21.0,97.198,NOR,0.004450995,0.0048875664,0.002717211,0.9445295,0.0016261347,0.041788664,NOR,0.009951066,0.0077240732,0.006514608,0.8444144,0.0031618313,0.12823398
NOR,Singapore,2024,22.0,97.115,NOR,0.0048647723,0.016094979,0.002536411,0.94983757,0.0021052826,0.024560984,NOR,0.013764718,0.040738594,0.010525902,0.77882254,0.007094831,0.1490534
NOR,Singapore,2024,23.0,97.212,NOR,0.01119879,0.009475347,0.004895194,0.838294,0.0037856284,0.132351,NOR,0.015953029,0.008855388,0.0102609005,0.66011786,0.005647784,0.29916507
NOR,Singapore,2024,24.0,97.527,NOR,0.0058447924,0.0072824783,0.0029352207,0.9113166,0.0014729231,0.07114799,NOR,0.008942882,0.009470699,0.006760617,0.7463422,0.0052444264,0.22323915
NOR,Singapore,2024,25.0,97.404,NOR,0.0060296315,0.015825931,0.004606577,0.921558,0.002514488,0.049465355,NOR,0.019817067,0.019890768,0.016857391,0.63958645,0.014696503,0.28915185
NOR,Singapore,2024,26.0,97.26,NOR,0.0070427866,0.0057963743,0.0045659933,0.8909423,0.0031626867,0.088489875,NOR,0.009498117,0.0055995965,0.01272913,0.81308323,0.003780528,0.15530945
NOR,Singapore,2024,27.0,97.603,NOR,0.029424794,0.09036979,0.048561864,0.66066366,0.019314226,0.15166566,NOR,0.026509166,0.034941763,0.052910842,0.51681703,0.01354025,0.35528097
NOR,Singapore,2024,28.0,97.528,NOR,0.033083566,0.11543839,0.08988738,0.5307424,0.018464174,0.21238413,VER,0.023612957,0.06957008,0.088701405,0.35456514,0.020231137,0.4433193
NOR,Singapore,2024,32.0,97.034,NOR,0.0017429228,0.002519537,0.0014858961,0.98039,0.00056778913,0.013293859,NOR,0.0067277285,0.0030486237,0.004285568,0.9362845,0.001568715,0.048084896
NOR,Singapore,2024,33.0,96.684,NOR,0.0010857221,0.0040119365,0.00051939685,0.98708886,0.00043812138,0.0068559307,NOR,0.0031096581,0.0038014369,0.0019796195,0.96510845,0.0014773723,0.024523424
NOR,Singapore,2024,34.0,96.714,NOR,0.001273316,0.003261615,0.0006719035,0.98673,0.00045963452,0.007603513,NOR,0.0038396423,0.0067535895,0.0016942152,0.95091176,0.0015167285,0.03528408
NOR,Singapore,2024,35.0,96.524,NOR,0.0024499707,0.0021562364,0.0011889655,0.98127514,0.00064452476,0.012285196,NOR,0.005322646,0.004419249,0.0022839732,0.94080704,0.0019583593,0.0452087
NOR,Singapore,2024,36.0,96.216,NOR,0.0015533097,0.004132264,0.00096822175,0.9827084,0.00070363504,0.0099341925,NOR,0.0044779736,0.006026419,0.0020882026,0.9261966,0.0029077549,0.058303006
NOR,Singapore,2024,37.0,96.435,NOR,0.0030819646,0.0073451293,0.003503612,0.9631512,0.0017148196,0.021203192,NOR,0.0053018867,0.014773857,0.012642113,0.89915806,0.0037697537,0.06435428
NOR,Singapore,2024,38.0,96.71,NOR,0.004922058,0.0067990567,0.002613542,0.96242565,0.0018577104,0.021381995,NOR,0.009009813,0.008425071,0.0064397906,0.8984407,0.0052010254,0.07248361
NOR,Singapore,2024,39.0,97.325,NOR,0.010007827,0.021835018,0.011836222,0.89730036,0.005240559,0.053780057,NOR,0.013998567,0.013238065,0.010288869,0.80650896,0.006394612,0.14957088
NOR,Singapore,2024,40.0,97.194,NOR,0.007225612,0.008075461,0.013341308,0.94967204,0.0022575753,0.01942794,NOR,0.0066676694,0.004023779,0.01883447,0.93892473,0.0018604905,0.029688895
NOR,Singapore,2024,41.0,96.57,NOR,0.0023416812,0.0019343788,0.0011723407,0.9911839,0.0002586248,0.0031091291,NOR,0.0028877368,0.0012948499,0.0007457684,0.987694,0.0003310284,0.007046523
NOR,Singapore,2024,42.0,96.404,NOR,0.011022751,0.010537244,0.0050228857,0.7843927,0.0041938876,0.1848305,VER,0.017911136,0.015500019,0.009858681,0.39916864,0.0067978175,0.5507637
NOR,Singapore,2024,43.0,96.61,NOR,0.0051404936,0.009845259,0.0018914543,0.78818953,0.002594193,0.1923391,VER,0.009850927,0.07118157,0.003927861,0.41877952,0.0070652226,0.48919493
NOR,Singapore,2024,44.0,96.275,NOR,0.008767905,0.013322664,0.0061041606,0.9113754,0.004706493,0.055723373,NOR,0.013281372,0.01672753,0.010915139,0.7737398,0.006009836,0.1793263
NOR,Singapore,2024,45.0,96.928,NOR,0.0058159623,0.0024069923,0.0039944933,0.9682124,0.0013290676,0.018241059,NOR,0.0100487415,0.0025620868,0.0058462387,0.94739795,0.0011522181,0.03299275
NOR,Singapore,2024,46.0,95.953,NOR,0.0039205207,0.013932113,0.0017486387,0.9635007,0.0008747689,0.016023245,NOR,0.007938205,0.019631822,0.009105065,0.8553923,0.0019533727,0.10597927
NOR,Singapore,2024,47.0,96.567,NOR,0.014328547,0.10165317,0.020843668,0.75745875,0.0053732255,0.1003426,NOR,0.030772837,0.11266415,0.07035591,0.4943916,0.014138201,0.27767733
NOR,Singapore,2024,48.0,94.925,NOR,0.013059564,0.005588317,0.007067252,0.8968712,0.006034763,0.07137888,NOR,0.02246582,0.0059226053,0.010580467,0.8135638,0.0030324939,0.1444348
NOR,Singapore,2024,49.0,96.06,NOR,0.0052698306,0.0033470022,0.003048278,0.9608693,0.0009840744,0.026481556,NOR,0.0154886395,0.0057609277,0.008203752,0.86699075,0.001988518,0.1015674
NOR,Singapore,2024,50.0,96.311,NOR,0.018618187,0.009783047,0.0062717483,0.92210585,0.0024400817,0.040781125,NOR,0.023778487,0.014988767,0.0141070355,0.8034709,0.0037453233,0.13990946
NOR,Singapore,2024,51.0,96.603,NOR,0.02158734,0.008631173,0.011897667,0.93315625,0.0036568162,0.021070715,NOR,0.024033766,0.008854948,0.02908067,0.8583787,0.0031698388,0.07648211
NOR,Singapore,2024,52.0,96.192,NOR,0.0038311842,0.0021161581,0.0026874174,0.9735275,0.0010261085,0.016811632,NOR,0.009460625,0.0056937626,0.008344666,0.9187094,0.0017695578,0.05602197
NOR,Singapore,2024,53.0,96.435,NOR,0.014634661,0.0019928247,0.0025382636,0.9687937,0.0007206239,0.011319985,NOR,0.048135057,0.006563959,0.0068764575,0.8599821,0.0019199098,0.07652257
NOR,Singapore,2024,54.0,96.749,NOR,0.016459566,0.0057196477,0.0028158154,0.9558756,0.0008202797,0.018309196,NOR,0.020860096,0.013153353,0.0061989753,0.84263825,0.0018980915,0.11525125
NOR,Singapore,2024,55.0,96.786,NOR,0.0077068503,0.0020722935,0.0026880382,0.97710776,0.000658533,0.009766568,NOR,0.011347944,0.0050165593,0.004411561,0.9436985,0.0011969255,0.0343285
NOR,Singapore,2024,56.0,97.197,NOR,0.0048603644,0.012242727,0.014495624,0.94533396,0.0031817737,0.019885557,NOR,0.0049314215,0.003924326,0.014442773,0.94374037,0.001614517,0.03134659
NOR,Singapore,2024,57.0,98.849,NOR,0.006614797,0.0037933793,0.003416882,0.977806,0.0004564292,0.007912508,NOR,0.009933083,0.003921126,0.0038990844,0.9630684,0.0005927119,0.018585555
NOR,Singapore,2024,58.0,97.734,ALO,0.67831075,0.005694818,0.0035751588,0.2901913,0.0008016778,0.021426285,NOR,0.20880555,0.0079062935,0.007111218,0.6693377,0.0015104103,0.10532886
NOR,Singapore,2024,59.0,96.948,NOR,0.027139384,0.0032482843,0.0074487366,0.89556265,0.0017872297,0.0648137,NOR,0.038111605,0.003937964,0.019114146,0.78315467,0.0019933518,0.15368824
NOR,Singapore,2024,60.0,96.631,NOR,0.0029590584,0.0020371669,0.002002898,0.9800836,0.00090195326,0.012015342,NOR,0.0059784916,0.004947654,0.0026883655,0.95269585,0.0009487118,0.032740965
NOR,Singapore,2024,61.0,96.82,NOR,0.01724671,0.0031101743,0.0050068065,0.9598347,0.0005700885,0.014231494,NOR,0.027894948,0.005110437,0.009331335,0.9102393,0.001176932,0.046247017
NOR,Singapore,2024,62.0,97.922,NOR,0.03410799,0.011234473,0.07041521,0.84302765,0.002485312,0.0387294,NOR,0.021188723,0.004468692,0.058277912,0.8717667,0.001569019,0.042728994
SAI,Singapore,2024,2.0,100.217,LEC,0.0266903,0.2472721,0.42613882,0.057702698,0.2014693,0.040726755,LEC,0.03229007,0.13622986,0.5122125,0.06843052,0.20341946,0.047417544
SAI,Singapore,2024,3.0,99.441,SAI,0.0055202604,0.086986445,0.1979778,0.009822031,0.674221,0.025472468,SAI,0.014854451,0.02802209,0.23032573,0.037914068,0.6395335,0.049350202
SAI,Singapore,2024,4.0,99.105,SAI,0.009061266,0.23322892,0.16806068,0.012163644,0.55710334,0.02038216,SAI,0.014551265,0.045040376,0.23132378,0.034462262,0.6509557,0.023666667
SAI,Singapore,2024,5.0,99.118,SAI,0.0035760354,0.09394854,0.021999728,0.006115898,0.8691167,0.0052430867,SAI,0.010243865,0.03345923,0.068105996,0.0179888,0.85339785,0.016804231
SAI,Singapore,2024,6.0,99.221,HAM,0.017424405,0.4242107,0.16213581,0.021652251,0.33387196,0.0407049,SAI,0.022578435,0.0509431,0.25608933,0.04565993,0.55923647,0.06549276
SAI,Singapore,2024,7.0,99.349,SAI,0.002534081,0.1257939,0.055804703,0.0018353678,0.8122627,0.0017692979,SAI,0.005031914,0.026126781,0.17508838,0.0031687554,0.7879308,0.002653389
SAI,Singapore,2024,8.0,98.784,SAI,0.0017386936,0.072811924,0.034586713,0.0018894015,0.88738644,0.001586839,SAI,0.003989065,0.03505586,0.13154645,0.0049843327,0.82168704,0.0027372604
SAI,Singapore,2024,9.0,99.072,HAM,0.01642843,0.4423408,0.36131194,0.008110426,0.16719662,0.0046117674,LEC,0.032652587,0.08262319,0.6718495,0.010452564,0.19469729,0.007724832
SAI,Singapore,2024,10.0,98.947,SAI,0.0054640514,0.19851144,0.029374896,0.0026340233,0.7543851,0.009630457,SAI,0.012300892,0.03392971,0.11795566,0.008753737,0.80946845,0.01759161
SAI,Singapore,2024,11.0,98.694,SAI,0.0017253014,0.09037763,0.05740745,0.000981106,0.8480173,0.0014912696,SAI,0.003397607,0.028974751,0.08144926,0.0026260444,0.8793837,0.0041686213
SAI,Singapore,2024,12.0,99.713,SAI,0.0022545957,0.10386881,0.03411333,0.0064247614,0.8512173,0.002121213,SAI,0.005637353,0.03571637,0.03150815,0.016782684,0.90729606,0.0030594065
SAI,Singapore,2024,15.0,96.561,SAI,0.006895513,0.1594583,0.18200219,0.008060261,0.61666995,0.026913786,SAI,0.013713737,0.067461,0.2864174,0.011153991,0.5951485,0.02610537
SAI,Singapore,2024,16.0,96.908,SAI,0.0034900254,0.065208495,0.04436857,0.0014644549,0.883366,0.0021024384,SAI,0.026916591,0.0356638,0.19623397,0.0075578564,0.7223073,0.011320418
SAI,Singapore,2024,17.0,97.479,SAI,0.0058119525,0.09997958,0.13241689,0.0016192507,0.7561379,0.0040344736,SAI,0.019443734,0.046142746,0.18298322,0.0075511145,0.7326376,0.011241625
SAI,Singapore,2024,18.0,98.151,SAI,0.0016295746,0.006881915,0.014973517,0.00063843577,0.97546387,0.0004126576,SAI,0.0038154728,0.007661934,0.04607306,0.0014640158,0.93982583,0.0011597393
SAI,Singapore,2024,19.0,98.181,SAI,0.0025382433,0.04032353,0.03574352,0.0046940986,0.91404223,0.0026583252,SAI,0.004775657,0.023281666,0.05140079,0.008515007,0.904274,0.0077529065
SAI,Singapore,2024,20.0,98.813,SAI,0.0010633467,0.030804986,0.022560988,0.00077846576,0.94395584,0.0008364097,SAI,0.0021539254,0.014865126,0.042077698,0.0020824096,0.9375971,0.0012237699
SAI,Singapore,2024,21.0,99.138,SAI,0.0010640931,0.036555126,0.02277237,0.00070438854,0.93800324,0.00090074836,SAI,0.0023883383,0.01568635,0.050826214,0.0020232685,0.92696995,0.002105881
SAI,Singapore,2024,22.0,98.79,SAI,0.00087007205,0.10662796,0.02649716,0.0008002319,0.86296487,0.0022397186,SAI,0.0021411537,0.027658822,0.06768527,0.0021526285,0.8965643,0.003797773
SAI,Singapore,2024,23.0,98.424,SAI,0.0025121812,0.14043784,0.0902668,0.0012469945,0.7633124,0.0022237385,SAI,0.009459122,0.03945291,0.24860859,0.00614162,0.68834865,0.007989093
SAI,Singapore,2024,24.0,99.011,SAI,0.0007652516,0.04382899,0.025718136,0.00075731194,0.92807496,0.0008553199,SAI,0.0024018118,0.01377688,0.13154112,0.002236812,0.84861845,0.0014249487
SAI,Singapore,2024,25.0,99.596,SAI,0.00045420427,0.05408432,0.017005637,0.0022090692,0.9257911,0.00045565332,SAI,0.0011286135,0.03814521,0.04336029,0.0036485286,0.9126853,0.0010321012
SAI,Singapore,2024,26.0,99.274,SAI,0.001017711,0.04228831,0.08850498,0.0014790609,0.8660305,0.000679456,SAI,0.0023307651,0.022747258,0.11577198,0.0034239579,0.85453,0.0011960666
SAI,Singapore,2024,27.0,99.193,SAI,0.00045673913,0.012335081,0.014249332,0.0004259961,0.9718846,0.00064822304,SAI,0.000926473,0.006541344,0.021640336,0.0009769942,0.9685914,0.0013234845
SAI,Singapore,2024,28.0,99.363,SAI,0.0004788671,0.019539779,0.02870761,0.00030462808,0.9507325,0.00023651263,SAI,0.0012148065,0.015809681,0.043440837,0.0008810891,0.9378359,0.0008176841
SAI,Singapore,2024,29.0,98.961,SAI,0.00090764667,0.03253404,0.05155554,0.00082440214,0.91331494,0.00086338044,SAI,0.0029074152,0.017707301,0.108011946,0.002514093,0.86609375,0.002765497
SAI,Singapore,2024,30.0,98.207,SAI,0.001399711,0.09399587,0.0102026,0.00112832,0.8917931,0.0014804481,SAI,0.004064832,0.026184512,0.028062291,0.002887504,0.9323841,0.0064167674
SAI,Singapore,2024,31.0,98.375,SAI,0.0035888953,0.0796326,0.04451302,0.0043032714,0.8564282,0.011534011,SAI,0.008570802,0.03764468,0.084042415,0.010522149,0.81310964,0.046110317
SAI,Singapore,2024,32.0,98.598,SAI,0.0019029177,0.020947663,0.016810954,0.005160752,0.93815,0.017027764,SAI,0.0041000387,0.010601942,0.020115104,0.009039904,0.92169005,0.034452964
SAI,Singapore,2024,33.0,99.354,SAI,0.0010064213,0.04364228,0.030466886,0.0007949589,0.9232619,0.0008275777,SAI,0.00193719,0.031102294,0.07232692,0.0030753994,0.8898429,0.0017152644
SAI,Singapore,2024,34.0,98.399,SAI,0.0007549519,0.019596685,0.019280525,0.0006393835,0.9584943,0.0012341625,SAI,0.0018745196,0.009041882,0.042616524,0.0015493802,0.94236594,0.002551718
SAI,Singapore,2024,35.0,98.324,SAI,0.0030610303,0.09696312,0.27281407,0.0022865061,0.62107617,0.0037991446,SAI,0.009019835,0.045356043,0.34852198,0.010513821,0.57476234,0.011826012
SAI,Singapore,2024,36.0,97.95,SAI,0.0011420005,0.05036682,0.023219168,0.0010390886,0.92317736,0.0010555963,SAI,0.007077424,0.04217694,0.15412724,0.010666385,0.77474606,0.011205926
SAI,Singapore,2024,37.0,98.307,SAI,0.0023617852,0.07256758,0.039537214,0.001157825,0.88249135,0.0018842815,SAI,0.0044175787,0.022662975,0.049656544,0.0019475503,0.91816753,0.0031478247
SAI,Singapore,2024,38.0,97.971,SAI,0.0032203046,0.0580759,0.041440517,0.003465409,0.88926107,0.0045367256,SAI,0.008852674,0.04634452,0.22694434,0.011758505,0.69029236,0.015807614
SAI,Singapore,2024,39.0,97.802,SAI,0.0010348839,0.02673446,0.05306532,0.0007777994,0.9173002,0.0010872767,SAI,0.00371173,0.016950082,0.11691772,0.003008165,0.85448843,0.004923799
SAI,Singapore,2024,40.0,97.965,SAI,0.0018123256,0.070944585,0.09343856,0.0016421544,0.8299454,0.002217051,SAI,0.005703213,0.030346163,0.16271925,0.006218632,0.78680366,0.008209095
SAI,Singapore,2024,41.0,98.236,SAI,0.0024849838,0.06460086,0.03541478,0.002218829,0.892146,0.0031345116,SAI,0.009063121,0.05373582,0.10835848,0.00984343,0.8047884,0.014210711
SAI,Singapore,2024,42.0,99.534,SAI,0.0004897481,0.017941948,0.014659321,0.00048646407,0.9651952,0.0012273495,SAI,0.0010493856,0.009688437,0.067964286,0.0013753863,0.91847634,0.0014462074
SAI,Singapore,2024,43.0,98.602,SAI,0.0017733894,0.11351929,0.123703465,0.0015483017,0.75815725,0.0012983051,SAI,0.0046008676,0.04371889,0.1823546,0.0041489652,0.76259786,0.0025787775
SAI,Singapore,2024,44.0,97.87,SAI,0.0016979518,0.07271099,0.09971802,0.0012033388,0.8230009,0.0016688003,SAI,0.004824988,0.018171696,0.13522407,0.0030861478,0.8337953,0.004897777
SAI,Singapore,2024,45.0,98.117,SAI,0.0007276989,0.020928634,0.049532786,0.0005694267,0.92769235,0.0005491252,SAI,0.0019318344,0.012964177,0.07078568,0.0014903259,0.91088986,0.0019380798
SAI,Singapore,2024,46.0,98.412,SAI,0.004146693,0.059893694,0.13444239,0.0028566986,0.79472107,0.0039394554,SAI,0.0071250563,0.03044185,0.11804429,0.0075543947,0.8242062,0.0126282
SAI,Singapore,2024,47.0,98.015,SAI,0.0019015018,0.024061026,0.028732352,0.001239945,0.94154114,0.0025240777,SAI,0.008002923,0.03147326,0.094245285,0.007239245,0.84526944,0.013769816
SAI,Singapore,2024,48.0,97.85,SAI,0.0011305397,0.04333529,0.07391588,0.00081539754,0.88027346,0.000529497,SAI,0.0045347153,0.031335074,0.1010364,0.0026457005,0.8576514,0.0027966907
SAI,Singapore,2024,49.0,98.019,SAI,0.0013267512,0.032671154,0.2072472,0.0009415229,0.7565779,0.0012354392,SAI,0.003475679,0.02185802,0.16213149,0.0032913957,0.8056384,0.0036050894
SAI,Singapore,2024,50.0,98.186,SAI,0.00074895547,0.018662918,0.06870467,0.00042571843,0.91111463,0.00034311728,SAI,0.0037722397,0.014639176,0.11922513,0.002409904,0.85760117,0.002352381
SAI,Singapore,2024,51.0,98.534,SAI,0.00051193713,0.06741307,0.024946203,0.0005414087,0.9058472,0.0007401298,SAI,0.0012508254,0.021687282,0.056213465,0.0014135661,0.9180675,0.001367372
SAI,Singapore,2024,52.0,98.499,SAI,0.00056912773,0.020470386,0.026397586,0.0006059359,0.9515222,0.0004348472,SAI,0.0015974983,0.011418227,0.04649777,0.0019350647,0.9374838,0.0010676602
SAI,Singapore,2024,53.0,98.154,SAI,0.0028395301,0.050378796,0.019472517,0.004949103,0.9163398,0.006020284,SAI,0.0064807865,0.021043995,0.024729092,0.0087689925,0.91854364,0.020433474
SAI,Singapore,2024,54.0,98.04,SAI,0.00072385604,0.008692112,0.01033573,0.0006280226,0.97886515,0.00075511774,SAI,0.0010801754,0.004437375,0.019115563,0.000985334,0.9733593,0.0010223082
SAI,Singapore,2024,55.0,98.219,SAI,0.0007178467,0.043010067,0.16977102,0.0007920373,0.7843638,0.001345251,SAI,0.0019768558,0.03471037,0.14006954,0.0029046177,0.8156308,0.004707824
SAI,Singapore,2024,56.0,98.131,SAI,0.000996586,0.029276742,0.07101497,0.0013956254,0.8953661,0.0019499632,SAI,0.0030925428,0.01944578,0.112605914,0.005160888,0.8533022,0.006392681
SAI,Singapore,2024,57.0,98.154,SAI,0.0014597861,0.024259683,0.07039701,0.001337157,0.90062106,0.0019252397,SAI,0.0031839644,0.01384438,0.10375688,0.0026673973,0.8731666,0.0033807303
SAI,Singapore,2024,58.0,98.275,SAI,0.0018897309,0.039602622,0.0666398,0.0011879948,0.887484,0.0031957924,SAI,0.0033667553,0.013104359,0.08303174,0.0021919955,0.8951862,0.0031189765
SAI,Singapore,2024,59.0,98.558,SAI,0.00068033516,0.024365395,0.053335115,0.00093107525,0.920228,0.00046010717,SAI,0.0021846595,0.01734206,0.060296502,0.0025916963,0.91639376,0.0011912955
SAI,Singapore,2024,60.0,98.838,SAI,0.0007305365,0.007220631,0.013867598,0.001334282,0.976238,0.0006089314,SAI,0.0011411015,0.006603326,0.023669034,0.0019954394,0.9655377,0.0010534016
SAI,Singapore,2024,61.0,98.3,SAI,0.001282782,0.022081085,0.1182616,0.0019717796,0.85421604,0.0021867624,SAI,0.0023591614,0.024875663,0.215502,0.0059886286,0.74687046,0.0044041034
SAI,Singapore,2024,62.0,99.771,SAI,0.00042192347,0.035831362,0.03952969,0.0012578566,0.9226786,0.0002805512,SAI,0.0010790179,0.023949848,0.095284134,0.0031493432,0.875659,0.00087866327
VER,Singapore,2024,1.0,101.413,VER,0.017326072,0.23143321,0.025948925,0.029836953,0.18504669,0.5104081,SAI,0.023697589,0.052962225,0.046975836,0.024192207,0.57105005,0.2811221
VER,Singapore,2024,2.0,98.79,VER,0.0013060622,0.0027712814,0.00093913794,0.02273458,0.0051140115,0.9671349,VER,0.0019109675,0.0021690112,0.001490923,0.022647498,0.025209157,0.9465724
VER,Singapore,2024,3.0,98.917,VER,0.00087231764,0.0038200233,0.0006451166,0.011655419,0.0032001184,0.979807,VER,0.0010460739,0.0022762194,0.00095359987,0.018213542,0.005331093,0.9721795
VER,Singapore,2024,4.0,98.47,VER,0.0009332073,0.0023033982,0.0013652962,0.020594833,0.0061279405,0.9686753,VER,0.0014751927,0.0038871265,0.0036420429,0.03292586,0.011160589,0.9469092
VER,Singapore,2024,5.0,97.906,VER,0.0006493429,0.0014294423,0.00060387014,0.0047204,0.008357355,0.9842396,VER,0.001194996,0.0020319058,0.00173254,0.014953692,0.02999827,0.9500886
VER,Singapore,2024,6.0,97.997,VER,0.0010328548,0.00091391266,0.00064003223,0.021327443,0.00391189,0.9721738,VER,0.0017159007,0.0022741696,0.001252456,0.014812509,0.005435305,0.9745096
VER,Singapore,2024,7.0,97.774,VER,0.00029037768,0.0006794826,0.00015450563,0.0043499763,0.0011877229,0.993338,VER,0.00065351505,0.0017217032,0.000687585,0.009257362,0.0038172384,0.9838626
VER,Singapore,2024,8.0,97.669,VER,0.0002221895,0.00030302553,0.00014659564,0.0036929417,0.00091913715,0.9947161,VER,0.00085341895,0.0020621663,0.0006094604,0.014011562,0.0039011883,0.9785622
VER,Singapore,2024,9.0,97.89,VER,0.002163139,0.0081980815,0.002043665,0.0146766035,0.024455456,0.948463,VER,0.0035953857,0.017156977,0.0037644499,0.018860046,0.025295233,0.9313279
VER,Singapore,2024,10.0,97.739,VER,0.0006462439,0.0014142713,0.00037966127,0.003795373,0.0037392832,0.99002516,VER,0.0011400132,0.0033502204,0.0012787367,0.012385512,0.018749965,0.9630956
VER,Singapore,2024,11.0,97.593,VER,0.00031422262,0.0004602715,0.00032711364,0.0052182116,0.005347565,0.98833257,VER,0.0012492056,0.001502541,0.0011479802,0.016917652,0.020991083,0.9581916
VER,Singapore,2024,12.0,97.778,VER,0.0006779462,0.0044575366,0.0006727984,0.006232791,0.012417067,0.97554183,VER,0.0015264741,0.0030249204,0.0024744757,0.013163761,0.05134852,0.92846185
VER,Singapore,2024,13.0,97.701,VER,0.00024791618,0.00064399565,0.00030375845,0.002690276,0.0050510983,0.991063,VER,0.0009873146,0.0024609226,0.0014003479,0.013186817,0.022962173,0.95900244
VER,Singapore,2024,14.0,97.707,VER,0.0005534805,0.0014795277,0.00040544276,0.0060804617,0.0017526248,0.98972845,VER,0.0013291518,0.007705089,0.0010655964,0.015033654,0.0069536893,0.9679128
VER,Singapore,2024,15.0,97.826,VER,0.0003793098,0.005710407,0.0006667648,0.005895677,0.0057030194,0.98164487,VER,0.0014440133,0.013643738,0.004065097,0.03057702,0.05842939,0.89184076
VER,Singapore,2024,16.0,97.851,VER,0.00024281882,0.0007343523,0.00025404253,0.002662781,0.0046858285,0.99142015,VER,0.0008571181,0.0015882369,0.0010030475,0.013061117,0.02121313,0.9622774
VER,Singapore,2024,17.0,97.987,VER,0.0003073474,0.0008596087,0.00026861927,0.0024425024,0.0030725962,0.99304926,VER,0.00056059606,0.00148127,0.00066441554,0.0060896226,0.012771045,0.978433
VER,Singapore,2024,18.0,98.068,VER,0.0029129153,0.033855043,0.0045454595,0.019416528,0.24657395,0.6926961,SAI,0.0056531504,0.024335854,0.01096756,0.022883205,0.5865509,0.34960938
VER,Singapore,2024,19.0,98.017,VER,0.00026393877,0.0006537627,0.0003274628,0.003783553,0.005575328,0.9893959,VER,0.00089264277,0.0020663498,0.0012970063,0.011813607,0.021656707,0.96227366
VER,Singapore,2024,20.0,98.123,VER,0.0014844047,0.005878907,0.0014085647,0.021158874,0.007171345,0.96289796,VER,0.0040581524,0.011521661,0.0038573814,0.026754871,0.015203285,0.93860465
VER,Singapore,2024,21.0,98.172,VER,0.00078089355,0.0014414728,0.00047931174,0.0056861197,0.0059372024,0.98567504,VER,0.0013576505,0.002521448,0.0015661148,0.010591847,0.027381307,0.95658165
VER,Singapore,2024,22.0,98.192,VER,0.00027570085,0.00070733455,0.00016363908,0.0034488894,0.0014225434,0.9939819,VER,0.000810659,0.004176849,0.0005084359,0.010627259,0.0036445006,0.98023224
VER,Singapore,2024,23.0,98.231,VER,0.0002540771,0.00086571905,0.00027248956,0.002245289,0.0036567778,0.99270564,VER,0.0012210993,0.0040977346,0.0013966627,0.010056331,0.03498046,0.94824773
VER,Singapore,2024,24.0,98.399,VER,0.0006857782,0.0009954092,0.0003784079,0.038686097,0.0021277885,0.9571265,VER,0.0013840494,0.0025793975,0.0006926526,0.011434083,0.0036971937,0.9802127
VER,Singapore,2024,25.0,98.641,VER,0.00043364384,0.0012958832,0.00033460764,0.0044422746,0.003719542,0.98977405,VER,0.00094755174,0.004446527,0.00075670803,0.010007239,0.016215887,0.9676261
VER,Singapore,2024,26.0,98.575,VER,0.0007770786,0.002133292,0.00072600506,0.0039557116,0.005867863,0.98654,VER,0.0022761205,0.009093895,0.0027258697,0.01925997,0.047816075,0.91882807
VER,Singapore,2024,27.0,98.927,VER,0.00087261247,0.006247927,0.0010532342,0.013361778,0.009894994,0.9685695,VER,0.0025105167,0.008976593,0.0034905453,0.026712185,0.02829885,0.9300113
VER,Singapore,2024,28.0,99.265,VER,0.0007134816,0.0069412254,0.0012095338,0.0041277227,0.026622625,0.9603854,VER,0.0024484382,0.013763479,0.004055942,0.016475823,0.123395614,0.83986074
VER,Singapore,2024,31.0,96.688,VER,0.0019509594,0.0013544544,0.00041618303,0.03409255,0.0016114638,0.9605744,VER,0.006755874,0.0050893067,0.001446305,0.026164515,0.0051857284,0.9553582
VER,Singapore,2024,32.0,96.824,VER,0.00095779006,0.0018397347,0.000687475,0.01949569,0.004677278,0.9723421,VER,0.0029274395,0.005831225,0.0016090274,0.021613328,0.025371922,0.9426471
VER,Singapore,2024,33.0,97.022,VER,0.00024636943,0.00083560945,0.00024052415,0.0020074164,0.0024247998,0.99424523,VER,0.0007117213,0.003172249,0.0006790469,0.0058081523,0.010609148,0.9790197
VER,Singapore,2024,34.0,96.871,VER,0.0008804534,0.0008011873,0.0006527682,0.03360814,0.0048210556,0.95923644,VER,0.0018343456,0.0024203483,0.0019152503,0.021420998,0.024750052,0.94765896
VER,Singapore,2024,35.0,97.1,VER,0.00021396796,0.001196439,0.00023291791,0.0034343274,0.0010453764,0.993877,VER,0.0009510414,0.006218436,0.00089932006,0.01101901,0.0040551713,0.976857
VER,Singapore,2024,36.0,96.968,VER,0.0006822594,0.001768719,0.00085922284,0.022409318,0.0076490864,0.9666314,VER,0.0013680031,0.005869622,0.0024052495,0.02209063,0.03393357,0.9343329
VER,Singapore,2024,37.0,96.984,VER,0.0010240143,0.0025211961,0.0008056052,0.011256572,0.009264756,0.9751279,VER,0.0019690278,0.0028644186,0.002278245,0.025056029,0.041311678,0.9265206
VER,Singapore,2024,38.0,97.071,VER,0.00049897446,0.0008598707,0.00037821342,0.0073645464,0.0053613842,0.985537,VER,0.0010049368,0.0024577403,0.0008950735,0.011762675,0.022467274,0.9614123
VER,Singapore,2024,39.0,96.957,VER,0.0007196406,0.0019179602,0.0005376604,0.0077481745,0.0015983392,0.98747826,VER,0.0013402597,0.0066729034,0.0011752634,0.01627421,0.0060815443,0.9684558
VER,Singapore,2024,40.0,96.962,VER,0.00046520468,0.000708659,0.0004151343,0.0055432115,0.001124118,0.9917436,VER,0.0007583808,0.0015594584,0.0008810486,0.0124482615,0.0041188104,0.9802341
VER,Singapore,2024,41.0,97.38,VER,0.0005396959,0.006445398,0.0011469468,0.009573905,0.010223585,0.9720704,VER,0.0017197801,0.009308226,0.004120776,0.033518676,0.039009724,0.9123229
VER,Singapore,2024,42.0,96.865,VER,0.0007791911,0.0010202421,0.0008231766,0.010503046,0.005675492,0.9811989,VER,0.0019454362,0.002109891,0.0016252915,0.0131915435,0.0089836465,0.9721442
VER,Singapore,2024,43.0,96.582,VER,0.00058252265,0.0018694329,0.0003504712,0.0035026954,0.0039157704,0.9897792,VER,0.0016137997,0.0071671507,0.0009651678,0.0139159635,0.026763622,0.94957435
VER,Singapore,2024,44.0,96.414,VER,0.0037727396,0.009484961,0.002256643,0.016243119,0.012706523,0.95553607,VER,0.0077018156,0.003526612,0.0050820466,0.016565368,0.04808315,0.919041
VER,Singapore,2024,45.0,96.618,VER,0.0006227789,0.0013699464,0.00055114913,0.0076147774,0.010582552,0.9792588,VER,0.0016494534,0.0020724859,0.0010799279,0.010552672,0.016860442,0.96778506
VER,Singapore,2024,46.0,96.5,VER,0.0013120131,0.007391855,0.0019848724,0.0064343303,0.016487617,0.9663893,VER,0.0047915936,0.012383702,0.004744393,0.022224607,0.08463606,0.87121964
VER,Singapore,2024,47.0,96.628,VER,0.00066820584,0.0025754164,0.00066097395,0.0074758967,0.008440609,0.9801789,VER,0.0018298617,0.0060798796,0.0019063393,0.017202308,0.037088603,0.93589294
VER,Singapore,2024,48.0,96.739,VER,0.006817453,0.07676922,0.018515298,0.041614484,0.25486973,0.60141385,SAI,0.012254375,0.031259496,0.020923669,0.01914999,0.52923304,0.38717946
VER,Singapore,2024,49.0,96.602,VER,0.0119554065,0.0037279534,0.0019904831,0.017842397,0.013317811,0.9511659,VER,0.017430093,0.008605585,0.0036316866,0.02179728,0.010610444,0.9379249
VER,Singapore,2024,50.0,97.055,VER,0.0018551761,0.004390963,0.0016070467,0.013031127,0.008384717,0.970731,VER,0.0019038958,0.0063273553,0.002330385,0.015710413,0.008399152,0.9653288
VER,Singapore,2024,51.0,97.132,VER,0.0022065,0.0056619043,0.00237864,0.043332975,0.017831814,0.92858815,VER,0.003973459,0.011644118,0.0041509895,0.027245235,0.013530305,0.93945587
VER,Singapore,2024,52.0,96.842,VER,0.0025674116,0.0076205316,0.00269181,0.01952422,0.018819295,0.9487768,VER,0.002815808,0.0060823653,0.003179556,0.018879447,0.023059657,0.9459832
VER,Singapore,2024,53.0,96.843,VER,0.003432547,0.034576762,0.0070943115,0.022846522,0.1368924,0.79515743,VER,0.007606306,0.017413564,0.0102342665,0.02032494,0.112628005,0.8317929
VER,Singapore,2024,54.0,96.748,VER,0.0017333764,0.015501308,0.0026328657,0.022322202,0.014307854,0.94350237,VER,0.0035723923,0.026690677,0.0056262165,0.03418172,0.026656909,0.90327203
VER,Singapore,2024,55.0,96.427,VER,0.0017174418,0.002176396,0.0010466137,0.012356952,0.0053796116,0.97732294,VER,0.00311506,0.004502646,0.0025623261,0.021081612,0.017522316,0.95121604
VER,Singapore,2024,56.0,96.387,VER,0.0026752222,0.0036870318,0.0010846596,0.020466788,0.0042576217,0.9678287,VER,0.006262926,0.012824672,0.0031821157,0.029192816,0.030613799,0.9179237
VER,Singapore,2024,57.0,96.402,VER,0.0014137195,0.0018847734,0.0013153611,0.011411235,0.003566334,0.98040855,VER,0.00295489,0.0031703867,0.0015571896,0.008948698,0.0050181393,0.9783507
VER,Singapore,2024,58.0,96.171,VER,0.0025466012,0.0016703216,0.001346703,0.011330821,0.0068841926,0.9762214,VER,0.0030766295,0.0022349595,0.002070693,0.012018766,0.006333967,0.97426504
VER,Singapore,2024,59.0,95.967,VER,0.052001633,0.025285432,0.037813887,0.119320415,0.21908955,0.54648906,VER,0.08108191,0.05284644,0.051387057,0.031061767,0.16944134,0.61418146
VER,Singapore,2024,60.0,96.343,VER,0.0020153008,0.001189412,0.0005936107,0.016684607,0.0025677776,0.9769493,VER,0.0037960983,0.0029870786,0.0012542864,0.018948676,0.013103605,0.9599103
VER,Singapore,2024,61.0,96.013,VER,0.0030730234,0.001356433,0.00079279934,0.014614703,0.0039483625,0.9762147,VER,0.006164076,0.0039750435,0.0014141051,0.013746694,0.007812883,0.9668872
VER,Singapore,2024,62.0,96.931,VER,0.0041308883,0.009407809,0.0015723646,0.21642242,0.0057293647,0.7627371,VER,0.007423335,0.020858876,0.0038581346,0.096881375,0.011265577,0.8597127
ALO,Suzuka,2024,4.0,97.453,ALO,0.83990884,0.012490597,0.062116265,0.057510305,0.0075024883,0.020471461,ALO,0.69788516,0.008175452,0.09608142,0.09198253,0.0069956565,0.09887983
ALO,Suzuka,2024,5.0,97.532,ALO,0.6809909,0.011089514,0.04584076,0.10742049,0.015420386,0.13923803,ALO,0.64169514,0.012656944,0.06803453,0.07353132,0.019769967,0.18431206
ALO,Suzuka,2024,6.0,97.861,VER,0.31420663,0.011672045,0.030025726,0.13946226,0.10555212,0.39908126,ALO,0.44498444,0.012665683,0.038640108,0.08066198,0.12903358,0.2940142
ALO,Suzuka,2024,7.0,98.203,ALO,0.6951766,0.015466692,0.04519547,0.066803604,0.01748288,0.15987471,ALO,0.6229635,0.0066698915,0.041409463,0.04172194,0.011098906,0.2761363
ALO,Suzuka,2024,8.0,98.461,ALO,0.876359,0.003100641,0.009205186,0.081059515,0.0046579908,0.025617704,ALO,0.85247976,0.0039116484,0.019116117,0.07234346,0.005474905,0.04667413
ALO,Suzuka,2024,9.0,98.884,ALO,0.8179368,0.005467919,0.017588772,0.13681868,0.0056070974,0.016580833,ALO,0.7709468,0.007125028,0.016492771,0.1584859,0.0048934584,0.04205604
ALO,Suzuka,2024,10.0,98.781,ALO,0.88330823,0.026378961,0.057712883,0.0057519856,0.018326754,0.008521127,ALO,0.849882,0.01386699,0.047533978,0.0046407026,0.04625642,0.037819903
ALO,Suzuka,2024,11.0,98.943,ALO,0.91011715,0.0025233433,0.016857162,0.05046918,0.0020389855,0.01799417,ALO,0.8177453,0.0054826285,0.03396709,0.090347484,0.0030924887,0.049365018
ALO,Suzuka,2024,12.0,98.744,ALO,0.93431896,0.0020877675,0.021145951,0.031183796,0.0021850683,0.0090784365,ALO,0.88658214,0.0041545364,0.02267361,0.057566103,0.0026824968,0.02634114
ALO,Suzuka,2024,13.0,100.816,ALO,0.478919,0.19737114,0.25609365,0.007369944,0.056248166,0.0039981534,LEC,0.2822141,0.07199562,0.45695734,0.0105402265,0.17474084,0.0035518887
ALO,Suzuka,2024,15.0,97.453,ALO,0.91566044,0.012361327,0.012346212,0.022629892,0.003916849,0.033085264,ALO,0.8037448,0.0075903824,0.016435789,0.04569412,0.02204671,0.10448825
ALO,Suzuka,2024,16.0,97.021,ALO,0.9037738,0.010278569,0.031872008,0.026595505,0.0045819394,0.022898154,ALO,0.90617853,0.0040732753,0.032294,0.01754232,0.012144456,0.027767438
ALO,Suzuka,2024,17.0,96.999,ALO,0.76203233,0.003738211,0.023865392,0.19799107,0.0020472582,0.010325731,ALO,0.5858123,0.0056454637,0.03179534,0.316828,0.0026733028,0.057245642
ALO,Suzuka,2024,18.0,97.031,ALO,0.93482196,0.0012963593,0.0068499953,0.019481968,0.0017540269,0.035795644,ALO,0.8750992,0.0022675463,0.010447064,0.037507314,0.003264532,0.07141434
ALO,Suzuka,2024,19.0,96.821,ALO,0.8591994,0.0017232004,0.0069030314,0.11766289,0.0016380664,0.01287341,ALO,0.6941053,0.0021420082,0.008852375,0.27058032,0.005871888,0.018448032
ALO,Suzuka,2024,20.0,97.615,ALO,0.8698013,0.0026249683,0.014799945,0.09563472,0.001538091,0.0156009765,ALO,0.73545283,0.0031882466,0.041424137,0.18209755,0.001989799,0.035847448
ALO,Suzuka,2024,21.0,97.565,ALO,0.8393888,0.0072872015,0.025083344,0.10828675,0.003906933,0.016047003,ALO,0.69665766,0.011434477,0.03419633,0.18404166,0.0050748694,0.068595
ALO,Suzuka,2024,22.0,97.721,ALO,0.80938613,0.0046239397,0.01009293,0.16182499,0.0019465914,0.012125483,ALO,0.63032764,0.0077444934,0.013193331,0.32906628,0.003124536,0.016543722
ALO,Suzuka,2024,23.0,97.64,ALO,0.8803506,0.0013473177,0.007109942,0.10429128,0.0012821251,0.005618749,ALO,0.7482338,0.004140451,0.010226407,0.22071292,0.0026117456,0.014074632
ALO,Suzuka,2024,24.0,97.435,ALO,0.93332183,0.0021935427,0.012094979,0.040515445,0.0010906961,0.010783484,ALO,0.8967259,0.0036149358,0.017471382,0.058902413,0.0016712631,0.021614112
ALO,Suzuka,2024,25.0,97.423,ALO,0.9366576,0.0025317492,0.015062891,0.026141778,0.002135404,0.017470568,ALO,0.857437,0.004848436,0.029654069,0.06447809,0.0034264394,0.04015601
ALO,Suzuka,2024,26.0,97.289,ALO,0.9594663,0.003114087,0.0057255286,0.02282471,0.0007525667,0.008116838,ALO,0.91569424,0.0036018232,0.01338975,0.0527859,0.0015378509,0.0129903965
ALO,Suzuka,2024,27.0,97.359,ALO,0.7556071,0.008026262,0.014169883,0.19273663,0.0022805945,0.027179508,ALO,0.68537366,0.008181957,0.012526902,0.2340693,0.0026362871,0.05721185
ALO,Suzuka,2024,28.0,97.341,ALO,0.8704027,0.009710192,0.08583582,0.0144710615,0.006197474,0.013382721,ALO,0.7643097,0.01973864,0.15161599,0.018390818,0.016205814,0.029739013
ALO,Suzuka,2024,29.0,97.782,ALO,0.79146373,0.0049327537,0.0341779,0.15692663,0.0030577383,0.009441222,ALO,0.72420496,0.007905135,0.030443648,0.21314569,0.0031650905,0.021135505
ALO,Suzuka,2024,30.0,97.643,ALO,0.9494692,0.0074942233,0.019115837,0.011881049,0.002480222,0.009559454,ALO,0.88203305,0.0100451205,0.0478435,0.012735079,0.008358976,0.03898428
ALO,Suzuka,2024,31.0,97.451,ALO,0.9647959,0.007518095,0.02082976,0.0030859234,0.0010255345,0.0027447646,ALO,0.96427464,0.004874467,0.015810128,0.0066158343,0.002209027,0.006215893
ALO,Suzuka,2024,32.0,97.635,ALO,0.9615755,0.0006646821,0.0022051819,0.03221243,0.0006360755,0.0027060616,ALO,0.9305042,0.0010334676,0.003978032,0.059513073,0.0007505397,0.0042207176
ALO,Suzuka,2024,33.0,99.794,ALO,0.52065223,0.066734426,0.32835752,0.01614042,0.04533765,0.022777779,ALO,0.44266814,0.048045672,0.37134868,0.022851245,0.07734012,0.037746184
ALO,Suzuka,2024,35.0,95.771,ALO,0.8761629,0.013852509,0.051093873,0.047308702,0.0034055596,0.008176453,ALO,0.7943403,0.011523563,0.058800574,0.095479555,0.005145882,0.034710117
ALO,Suzuka,2024,36.0,95.353,ALO,0.8977545,0.018590607,0.01158034,0.063917145,0.0013010562,0.0068563623,ALO,0.83448774,0.010154683,0.018081049,0.12402138,0.0015912835,0.011663866
ALO,Suzuka,2024,37.0,95.381,ALO,0.72733694,0.030085504,0.22659238,0.0035962393,0.006939301,0.005449611,ALO,0.6651199,0.025248697,0.26064003,0.009365031,0.02502944,0.014596893
ALO,Suzuka,2024,38.0,95.487,ALO,0.97487766,0.0016895069,0.006010992,0.015423415,0.0004919318,0.0015065117,ALO,0.8977314,0.0021038563,0.01267174,0.07974497,0.0009837601,0.006764216
ALO,Suzuka,2024,39.0,95.97,ALO,0.9244218,0.0014925059,0.0068600327,0.061853528,0.0006648401,0.004707362,ALO,0.84983575,0.0021016079,0.01715964,0.118481636,0.0010901387,0.011331267
ALO,Suzuka,2024,40.0,95.808,ALO,0.96707404,0.0008195272,0.004227909,0.021057962,0.0009574073,0.005863229,ALO,0.9433674,0.0011321515,0.0052785855,0.03402427,0.0010601357,0.015137418
ALO,Suzuka,2024,41.0,95.574,ALO,0.8933987,0.0015336301,0.005429302,0.090507075,0.0009070748,0.008224242,ALO,0.8462045,0.0020248587,0.008402834,0.13259646,0.0009989109,0.009772476
ALO,Suzuka,2024,42.0,97.292,ALO,0.78996956,0.008298211,0.017527051,0.17651555,0.00139117,0.0062984624,ALO,0.7462996,0.007440823,0.025256876,0.21014346,0.001494597,0.009364583
ALO,Suzuka,2024,43.0,96.092,ALO,0.9616191,0.0035111033,0.015112067,0.01076802,0.0015606108,0.007429172,ALO,0.91716754,0.0050527602,0.024779186,0.021151105,0.003841918,0.028007444
ALO,Suzuka,2024,44.0,95.615,ALO,0.9800483,0.0038622417,0.008433925,0.0051600505,0.0009211808,0.001574312,ALO,0.9655902,0.0025736953,0.014095164,0.012410874,0.0014240961,0.003905983
ALO,Suzuka,2024,45.0,95.636,ALO,0.98562,0.0028301545,0.0033343125,0.006515762,0.0006050522,0.0010947605,ALO,0.9545919,0.003702899,0.0102708675,0.027547924,0.001201828,0.0026845925
ALO,Suzuka,2024,46.0,95.827,ALO,0.96424407,0.005129463,0.014415016,0.0064730844,0.0029845415,0.0067538726,ALO,0.9481773,0.003550487,0.016070494,0.012309384,0.0027509108,0.017141402
ALO,Suzuka,2024,47.0,95.862,ALO,0.91293776,0.03864142,0.025962004,0.0013896715,0.020174043,0.00089508906,ALO,0.7483433,0.082433775,0.07862408,0.004980731,0.08217352,0.0034445974
ALO,Suzuka,2024,48.0,95.861,ALO,0.97748864,0.0035168938,0.011644186,0.0039649024,0.0016409147,0.0017444281,ALO,0.94704807,0.004402809,0.03152167,0.0061166487,0.0022159752,0.0086947875
ALO,Suzuka,2024,49.0,95.831,ALO,0.54204553,0.010153199,0.42740107,0.012899935,0.004069777,0.0034304739,LEC,0.43197614,0.017523225,0.48586652,0.035916187,0.009547755,0.019170221
ALO,Suzuka,2024,50.0,96.008,ALO,0.5866111,0.02090709,0.33325285,0.030813206,0.012980142,0.0154355895,ALO,0.5094224,0.038277507,0.29997465,0.03570378,0.029244345,0.08737731
ALO,Suzuka,2024,51.0,96.069,ALO,0.8604319,0.014707085,0.07560425,0.0041482407,0.020151569,0.024956912,ALO,0.7623995,0.0122698415,0.10285479,0.006997078,0.025583763,0.08989499
ALO,Suzuka,2024,52.0,95.633,ALO,0.93289554,0.0009066278,0.0042950287,0.05594147,0.0012918066,0.0046695154,ALO,0.8935237,0.0016146259,0.0077706156,0.0887369,0.0012104372,0.007143752
ALO,Suzuka,2024,53.0,94.726,ALO,0.96817374,0.0021030551,0.015500894,0.011940582,0.0013673302,0.0009144154,ALO,0.9373027,0.003857856,0.029549206,0.020998264,0.0024007272,0.005891292
HAM,Suzuka,2024,4.0,98.303,HAM,0.007523119,0.76755285,0.17765589,0.0016000217,0.03504435,0.010623741,HAM,0.014865501,0.6087649,0.26695743,0.0015253115,0.0885941,0.019292781
HAM,Suzuka,2024,5.0,98.139,HAM,0.0916419,0.7263435,0.023650074,0.07527595,0.030980533,0.052108034,HAM,0.05680064,0.80066115,0.025147617,0.03741483,0.034444842,0.04553091
HAM,Suzuka,2024,6.0,98.19,LEC,0.005112344,0.3922935,0.43231115,0.00522887,0.15377574,0.011278365,SAI,0.00839069,0.23664966,0.3521173,0.00944339,0.37108454,0.022314431
HAM,Suzuka,2024,7.0,98.374,HAM,0.0005796944,0.8858175,0.013117454,0.0009128314,0.09875007,0.000822407,HAM,0.0008319393,0.8255994,0.019631606,0.0012244657,0.15177229,0.0009403411
HAM,Suzuka,2024,8.0,98.096,HAM,0.0012960319,0.8115433,0.015653914,0.0016058622,0.16786931,0.002031626,HAM,0.003628341,0.59875,0.046840843,0.0034207292,0.3424376,0.004922513
HAM,Suzuka,2024,9.0,98.533,HAM,0.0012748793,0.8456507,0.015171198,0.00240194,0.13150285,0.003998428,HAM,0.0022091812,0.7020319,0.03176908,0.005840262,0.25146705,0.0066825477
HAM,Suzuka,2024,10.0,98.703,HAM,0.0013042957,0.60556614,0.015717352,0.0013964821,0.3745885,0.0014272509,SAI,0.0019677808,0.24385859,0.0317453,0.0034202158,0.7165386,0.002469452
HAM,Suzuka,2024,11.0,99.292,SAI,0.002325913,0.18260762,0.037317816,0.0025789705,0.7737392,0.0014304603,SAI,0.0029892842,0.08608971,0.032264795,0.002622178,0.8737173,0.002316726
HAM,Suzuka,2024,12.0,99.202,HAM,0.0050339303,0.6294646,0.16159023,0.0017494969,0.20069997,0.0014617488,SAI,0.010145161,0.2579158,0.29938546,0.0021798036,0.42817134,0.0022024403
HAM,Suzuka,2024,13.0,100.24,HAM,0.008493471,0.6254695,0.11149462,0.0026270964,0.25086376,0.0010515543,HAM,0.022037504,0.5249298,0.22119585,0.0047886763,0.22461629,0.002431836
HAM,Suzuka,2024,14.0,99.053,HAM,0.0045644823,0.64041996,0.0973924,0.0014452284,0.25519487,0.0009830518,SAI,0.008256961,0.2853058,0.2090635,0.0016414302,0.4942506,0.0014817325
HAM,Suzuka,2024,15.0,98.915,LEC,0.058840748,0.30990228,0.31476697,0.004122836,0.31028116,0.0020860385,SAI,0.036133923,0.15917674,0.2623505,0.0035272054,0.5368927,0.0019189597
HAM,Suzuka,2024,16.0,98.693,LEC,0.0049022585,0.0908003,0.6160379,0.0015055265,0.285509,0.0012449927,SAI,0.007864174,0.04735306,0.384111,0.001739524,0.5577301,0.0012022034
HAM,Suzuka,2024,18.0,99.304,SAI,0.00601467,0.3878646,0.11919746,0.0016736184,0.48375,0.001499667,SAI,0.00979296,0.1293927,0.1726801,0.0021389178,0.68448895,0.0015063827
HAM,Suzuka,2024,19.0,99.352,LEC,0.005293562,0.14477596,0.5120102,0.0020437003,0.3348342,0.0010424263,SAI,0.008673825,0.11965791,0.27184296,0.0025460771,0.5960092,0.0012700191
HAM,Suzuka,2024,20.0,98.619,HAM,0.006626335,0.75440073,0.124723315,0.003202661,0.109295264,0.0017517104,HAM,0.028577084,0.47379136,0.12833336,0.010725002,0.3530068,0.005566393
HAM,Suzuka,2024,21.0,98.642,HAM,0.0017011991,0.8447484,0.041419957,0.0016907288,0.109025426,0.0014143661,HAM,0.0031828051,0.6303611,0.04643683,0.0033432597,0.31265318,0.0040228767
HAM,Suzuka,2024,22.0,99.823,SAI,0.009794186,0.17021374,0.18624479,0.0029940426,0.62950635,0.0012469188,SAI,0.014133565,0.108130954,0.12797709,0.0030067398,0.7457486,0.0010031253
HAM,Suzuka,2024,25.0,95.432,LEC,0.11674698,0.23648125,0.31298482,0.008354412,0.27420694,0.05122558,LEC,0.17030779,0.07059265,0.37767023,0.0065271338,0.31799316,0.05690903
HAM,Suzuka,2024,26.0,95.447,HAM,0.03518675,0.7713059,0.05409271,0.016442185,0.05644345,0.06652898,HAM,0.093378745,0.6474214,0.055898756,0.038057346,0.0677289,0.09751488
HAM,Suzuka,2024,27.0,96.135,HAM,0.055492368,0.6975458,0.09561966,0.006052025,0.12831342,0.016976653,HAM,0.22048263,0.40647876,0.08472863,0.0048759216,0.2296863,0.053747755
HAM,Suzuka,2024,28.0,96.295,HAM,0.051956005,0.54643875,0.27521965,0.004298104,0.11730289,0.0047846357,LEC,0.08191016,0.28435326,0.40499824,0.0047020153,0.21979667,0.0042396397
HAM,Suzuka,2024,29.0,96.746,LEC,0.003889078,0.26125857,0.5905541,0.0045395205,0.13357998,0.006178739,LEC,0.010174008,0.14882283,0.52002054,0.005923483,0.2966308,0.018428395
HAM,Suzuka,2024,30.0,96.399,HAM,0.0017624086,0.7435935,0.021372749,0.0018032637,0.22890145,0.0025666063,HAM,0.0035394845,0.5724237,0.04017914,0.0033730092,0.3750957,0.0053889663
HAM,Suzuka,2024,31.0,96.586,HAM,0.046955958,0.7409613,0.07375744,0.009135773,0.05444713,0.07474238,HAM,0.08854753,0.6517796,0.044516653,0.009206847,0.09024743,0.11570197
HAM,Suzuka,2024,32.0,96.601,HAM,0.024956936,0.6344098,0.17100906,0.0047724475,0.1545329,0.010318893,HAM,0.04245567,0.44298062,0.16117819,0.014755592,0.31482717,0.023802757
HAM,Suzuka,2024,33.0,96.444,HAM,0.044902544,0.42987636,0.08631697,0.021243341,0.38375092,0.033909842,SAI,0.06752315,0.22749543,0.099934995,0.030222505,0.5059483,0.068875596
HAM,Suzuka,2024,34.0,96.707,HAM,0.002473942,0.7363665,0.13696106,0.0014440867,0.120986894,0.0017675323,HAM,0.0074611,0.49989906,0.08900984,0.003379921,0.39624658,0.004003458
HAM,Suzuka,2024,35.0,96.514,LEC,0.01078402,0.2867371,0.41784298,0.0016722876,0.28157613,0.001387522,SAI,0.027300678,0.1290306,0.3425639,0.0033138453,0.49517053,0.0026203927
HAM,Suzuka,2024,36.0,96.191,HAM,0.0029225068,0.7665206,0.02975723,0.0017608247,0.19747087,0.0015678852,HAM,0.004207641,0.56371456,0.08109704,0.0048893485,0.34296042,0.0031309368
HAM,Suzuka,2024,37.0,96.622,LEC,0.016444705,0.21052687,0.6340406,0.0028159174,0.13412304,0.0020489038,LEC,0.03410032,0.21755387,0.41001543,0.0043586222,0.33096185,0.0030099067
HAM,Suzuka,2024,38.0,97.458,HAM,0.0044494434,0.39299417,0.25763398,0.0014527699,0.33895722,0.004512462,SAI,0.0046927277,0.25831586,0.16066088,0.001155166,0.5722938,0.0028815626
HAM,Suzuka,2024,39.0,99.03,SAI,0.002626058,0.15569606,0.038915712,0.0024964504,0.7991362,0.0011294701,SAI,0.0070847855,0.1775961,0.0565357,0.0029092985,0.7540989,0.0017752617
HAM,Suzuka,2024,41.0,93.952,HAM,0.0024456985,0.6631688,0.2174858,0.0017202707,0.11223587,0.00294356,HAM,0.004835104,0.65162426,0.17000724,0.0024906555,0.16573021,0.0053124963
HAM,Suzuka,2024,42.0,94.238,HAM,0.005026318,0.8279857,0.13175066,0.001381609,0.02749903,0.0063566375,HAM,0.011734055,0.53489894,0.33285224,0.003484619,0.09646408,0.020566078
HAM,Suzuka,2024,43.0,94.082,HAM,0.002164354,0.72177416,0.12763822,0.002040793,0.14400005,0.0023824498,HAM,0.003501068,0.55112636,0.20068368,0.0032075606,0.23590489,0.0055764094
HAM,Suzuka,2024,44.0,94.337,HAM,0.02669528,0.4189769,0.27897382,0.0010445787,0.2726691,0.0016402724,SAI,0.037854377,0.15423343,0.28173673,0.0013229692,0.52259916,0.0022532823
HAM,Suzuka,2024,45.0,94.791,LEC,0.0070189433,0.2837698,0.38023275,0.0024703667,0.3234259,0.0030823401,SAI,0.0057012653,0.24391784,0.27677286,0.0025468292,0.46664518,0.004416056
HAM,Suzuka,2024,46.0,94.798,HAM,0.010238197,0.7872554,0.11484243,0.002281893,0.08337694,0.0020051762,HAM,0.025636092,0.562383,0.22442566,0.0051086466,0.17307495,0.009371637
HAM,Suzuka,2024,47.0,94.679,HAM,0.005365694,0.714146,0.08536777,0.0033579336,0.18991192,0.0018506189,HAM,0.0061910925,0.48139438,0.10802343,0.003563686,0.39761144,0.00321601
HAM,Suzuka,2024,48.0,94.9,LEC,0.052353155,0.37278876,0.46880263,0.0034342369,0.09914504,0.0034762516,LEC,0.0508439,0.17946471,0.6343592,0.00524087,0.12596565,0.0041256794
HAM,Suzuka,2024,49.0,95.047,HAM,0.0046680896,0.7865327,0.13192557,0.004344292,0.06812042,0.004408898,HAM,0.016394693,0.6266458,0.19839434,0.009854137,0.13345304,0.015257966
HAM,Suzuka,2024,50.0,95.43,LEC,0.033205733,0.35846552,0.42783946,0.0044024354,0.17299268,0.0030941302,LEC,0.05902099,0.18400738,0.45226642,0.0054265005,0.2952545,0.004024231
HAM,Suzuka,2024,51.0,95.476,HAM,0.0076817,0.5773021,0.19762972,0.0020887628,0.21392135,0.0013763732,SAI,0.010988386,0.24248128,0.34468913,0.0051010787,0.39435944,0.0023807571
HAM,Suzuka,2024,52.0,95.235,SAI,0.009658947,0.1645579,0.26135096,0.0020210824,0.56147444,0.000936638,SAI,0.0076108715,0.0624006,0.22091773,0.002532816,0.7054867,0.0010512538
HAM,Suzuka,2024,53.0,95.773,LEC,0.026098428,0.29182738,0.5259656,0.002959798,0.1521066,0.0010422166,LEC,0.030908084,0.13569573,0.4936562,0.003959749,0.3344584,0.0013218056
LEC,Suzuka,2024,4.0,98.268,ALO,0.39554745,0.03014,0.2166793,0.10003473,0.027864411,0.22973412,VER,0.28179604,0.02063994,0.18690328,0.07281061,0.018420039,0.4194301
LEC,Suzuka,2024,5.0,97.812,LEC,0.008865941,0.357164,0.5250495,0.0060914215,0.10007844,0.0027507043,LEC,0.037067905,0.18250425,0.6135954,0.009129502,0.1499469,0.007756003
LEC,Suzuka,2024,6.0,98.021,LEC,0.062534526,0.07387239,0.66976666,0.0030764535,0.17098616,0.019763779,LEC,0.06502272,0.028914725,0.56780714,0.0050678295,0.30034223,0.032845348
LEC,Suzuka,2024,7.0,98.187,LEC,0.020260766,0.20996524,0.52402157,0.013148856,0.21532536,0.017278202,LEC,0.039017133,0.22592184,0.35069072,0.02246836,0.31931826,0.042583704
LEC,Suzuka,2024,8.0,97.92,HAM,0.00525194,0.5828092,0.14084035,0.0040156213,0.26239464,0.0046882895,SAI,0.013790109,0.2637435,0.13478155,0.007620999,0.57374066,0.0063231844
LEC,Suzuka,2024,9.0,98.213,SAI,0.0073751565,0.45129883,0.058008935,0.008137188,0.4679776,0.007202253,SAI,0.011078213,0.1399327,0.06524794,0.01286806,0.7638207,0.007052376
LEC,Suzuka,2024,10.0,99.034,SAI,0.020823745,0.10522551,0.3800332,0.013184252,0.47320253,0.0075307228,SAI,0.021549802,0.09888347,0.17671888,0.013881287,0.6752012,0.013765421
LEC,Suzuka,2024,11.0,99.193,SAI,0.00544149,0.09753386,0.172356,0.0032923466,0.719541,0.0018352573,SAI,0.017488597,0.12695974,0.29128832,0.0083480105,0.5512412,0.004674127
LEC,Suzuka,2024,12.0,98.883,LEC,0.0059104045,0.049416967,0.7610331,0.0057854503,0.17581539,0.0020386968,LEC,0.008562322,0.028774377,0.61511534,0.0054832026,0.33972868,0.0023360697
LEC,Suzuka,2024,13.0,98.479,LEC,0.04123794,0.10129951,0.8157542,0.0094341105,0.029490976,0.002783284,LEC,0.04143521,0.060045075,0.752053,0.013541854,0.12743399,0.0054908413
LEC,Suzuka,2024,14.0,98.595,LEC,0.0050378367,0.11815438,0.64325815,0.002154835,0.22995533,0.0014394467,SAI,0.0035594825,0.07911464,0.396116,0.0021780198,0.51622486,0.002807043
LEC,Suzuka,2024,15.0,98.172,LEC,0.0095869405,0.04170099,0.91180044,0.0076995767,0.024236167,0.0049758526,LEC,0.017920202,0.056069065,0.8716616,0.012395716,0.037061974,0.0048914743
LEC,Suzuka,2024,16.0,97.876,LEC,0.006599542,0.12046984,0.8481677,0.0032840176,0.020235127,0.0012437231,LEC,0.008793802,0.13892055,0.8106347,0.0054525645,0.03398387,0.0022145903
LEC,Suzuka,2024,17.0,97.856,LEC,0.018976005,0.3620999,0.46400562,0.00787736,0.13134411,0.015697047,LEC,0.029505465,0.24959852,0.546645,0.02011693,0.121753804,0.032380305
LEC,Suzuka,2024,18.0,97.76,LEC,0.002445246,0.031940706,0.52321947,0.000959312,0.44007722,0.0013580808,SAI,0.004322793,0.06631093,0.17800213,0.0033052557,0.7445264,0.0035324532
LEC,Suzuka,2024,19.0,97.523,LEC,0.0066374866,0.031017158,0.89095616,0.0023994078,0.066065535,0.0029242327,LEC,0.029513761,0.10879481,0.57318383,0.012371676,0.26830286,0.0078330375
LEC,Suzuka,2024,20.0,97.48,SAI,0.003956081,0.073756665,0.42577597,0.0029100124,0.4905636,0.0030377137,SAI,0.00359181,0.12448802,0.20238426,0.0055187326,0.6571782,0.0068389373
LEC,Suzuka,2024,21.0,98.203,LEC,0.0089276675,0.07042257,0.611296,0.0029277876,0.30313447,0.0032914795,SAI,0.014112447,0.21902364,0.31249738,0.0044342694,0.444686,0.005246244
LEC,Suzuka,2024,22.0,97.744,SAI,0.0019082316,0.07555063,0.077816874,0.0032404347,0.8379965,0.0034873504,SAI,0.0016911761,0.19714408,0.05334193,0.0034604347,0.7382317,0.0061307056
LEC,Suzuka,2024,23.0,97.755,SAI,0.0026062198,0.088004075,0.40673545,0.0023976823,0.49789608,0.002360451,SAI,0.0029164692,0.16458124,0.078791946,0.0021972107,0.7489124,0.0026007746
LEC,Suzuka,2024,24.0,98.071,LEC,0.0046213698,0.12204822,0.76376045,0.004009191,0.09454421,0.01101652,HAM,0.008413272,0.43365252,0.17004116,0.008237366,0.36657313,0.013082595
LEC,Suzuka,2024,25.0,97.918,LEC,0.0114144655,0.15321784,0.70600986,0.004525587,0.123054795,0.001777479,LEC,0.020768369,0.12375135,0.5304551,0.0061790785,0.3156039,0.0032421553
LEC,Suzuka,2024,28.0,96.09,LEC,0.18015954,0.077598386,0.57936764,0.029838735,0.11984468,0.013191017,LEC,0.35890993,0.086271495,0.40307626,0.03725916,0.050203707,0.064279474
LEC,Suzuka,2024,29.0,96.357,LEC,0.027807537,0.10942791,0.7988034,0.003663987,0.057017334,0.0032798364,LEC,0.0694497,0.069407575,0.7790176,0.006965861,0.06280529,0.012353969
LEC,Suzuka,2024,30.0,96.225,LEC,0.0045799348,0.10024405,0.6457549,0.004995516,0.24117036,0.0032552525,LEC,0.011156311,0.18153201,0.5278827,0.012322106,0.2561524,0.010954509
LEC,Suzuka,2024,31.0,96.201,SAI,0.010163047,0.048480984,0.44743016,0.011381197,0.47563693,0.006907691,LEC,0.022352835,0.10937944,0.44829175,0.025801694,0.37798965,0.016184656
LEC,Suzuka,2024,32.0,96.144,HAM,0.006459705,0.7508237,0.17875014,0.0039203493,0.05733218,0.0027140137,HAM,0.007403935,0.7089675,0.1788166,0.0065931925,0.09408044,0.004138304
LEC,Suzuka,2024,33.0,95.878,LEC,0.016900629,0.28466368,0.6587177,0.010425126,0.025655312,0.0036375606,LEC,0.028091077,0.24247487,0.66801155,0.016960854,0.033770315,0.01069136
LEC,Suzuka,2024,34.0,96.32,LEC,0.007400775,0.061883103,0.887938,0.00275474,0.036946855,0.0030765506,LEC,0.008117308,0.033021346,0.9096752,0.0037263418,0.034344077,0.011115686
LEC,Suzuka,2024,35.0,96.056,LEC,0.30760917,0.14544162,0.3786764,0.02749088,0.11109188,0.029690042,ALO,0.49305785,0.11088481,0.23748738,0.026896935,0.10674613,0.024926929
LEC,Suzuka,2024,36.0,96.681,LEC,0.009752025,0.18608804,0.5410434,0.0072289836,0.24882399,0.0070635416,HAM,0.012016933,0.3765739,0.26146448,0.0124494815,0.3208989,0.016596321
LEC,Suzuka,2024,37.0,96.135,LEC,0.009104838,0.060351003,0.80763155,0.0041862866,0.11414223,0.004584076,LEC,0.012342547,0.13494334,0.6775094,0.016698008,0.14811814,0.010388526
LEC,Suzuka,2024,38.0,96.029,LEC,0.013082186,0.07339853,0.6373409,0.010518898,0.23380473,0.031854756,LEC,0.049842242,0.13686794,0.45998567,0.04228421,0.22908351,0.081936456
LEC,Suzuka,2024,39.0,95.693,ALO,0.6862677,0.030252604,0.14301291,0.020400323,0.11648551,0.0035810135,ALO,0.6046513,0.03661589,0.18276607,0.03673521,0.13318484,0.006046686
LEC,Suzuka,2024,40.0,96.341,LEC,0.0029490166,0.05675433,0.8802115,0.0017836728,0.056756724,0.0015447859,LEC,0.0048552365,0.055967923,0.8823961,0.0052484805,0.049533457,0.0019988455
LEC,Suzuka,2024,41.0,95.451,LEC,0.0050914325,0.09613039,0.706333,0.006990936,0.18089648,0.0045578107,SAI,0.0029575117,0.40179923,0.17451096,0.0078561045,0.40366572,0.009210434
LEC,Suzuka,2024,42.0,95.797,LEC,0.16081576,0.08532512,0.7202906,0.003051761,0.028936002,0.00158073,LEC,0.2543996,0.049334385,0.6411312,0.0056556836,0.04585536,0.0036237198
LEC,Suzuka,2024,43.0,95.713,LEC,0.003926241,0.3113765,0.43372414,0.0021493845,0.2455812,0.0032425132,HAM,0.00439705,0.554306,0.13475117,0.001679103,0.3014548,0.0034118984
LEC,Suzuka,2024,44.0,95.685,LEC,0.024429148,0.05881056,0.8912764,0.0021404957,0.022024002,0.0013193828,LEC,0.04086384,0.049178183,0.86538786,0.0069423425,0.035015315,0.0026124837
LEC,Suzuka,2024,45.0,95.739,LEC,0.0072231917,0.014188696,0.7078877,0.0008139585,0.26890674,0.0009796927,LEC,0.01019958,0.1703554,0.4088049,0.0014024822,0.40642166,0.0028159989
LEC,Suzuka,2024,46.0,96.778,SAI,0.011930631,0.07436334,0.40272406,0.0013899831,0.5084721,0.0011199045,SAI,0.018472575,0.14345264,0.21591668,0.0024245721,0.6184364,0.0012970984
LEC,Suzuka,2024,47.0,95.922,LEC,0.0041958867,0.22890548,0.59920305,0.0034616296,0.16052908,0.003704879,HAM,0.006312811,0.55340195,0.1624746,0.0024536331,0.2708607,0.004496301
LEC,Suzuka,2024,48.0,95.502,LEC,0.004562873,0.025624322,0.9270813,0.0012710544,0.04052847,0.00093195186,LEC,0.0068568764,0.2561302,0.5813063,0.0034931903,0.14980257,0.0024108656
LEC,Suzuka,2024,49.0,95.543,LEC,0.032168508,0.069690235,0.80702084,0.010813513,0.073425494,0.0068813805,LEC,0.022778073,0.32859114,0.5354036,0.008885548,0.0995587,0.0047829463
LEC,Suzuka,2024,50.0,95.274,LEC,0.004644784,0.069023006,0.8949612,0.0022749559,0.027885467,0.0012106323,HAM,0.006988116,0.46691033,0.414371,0.004556815,0.099257104,0.007916599
LEC,Suzuka,2024,51.0,95.199,LEC,0.004313165,0.077672295,0.74415827,0.004305777,0.16730243,0.0022480772,SAI,0.0033073705,0.36791852,0.21824354,0.0035026136,0.40425986,0.0027680723
LEC,Suzuka,2024,52.0,95.316,LEC,0.0047016502,0.039830588,0.8768916,0.0011629922,0.07629123,0.0011219385,LEC,0.007461457,0.31880885,0.4387369,0.001348562,0.23121992,0.0024242804
LEC,Suzuka,2024,53.0,95.044,LEC,0.0027737871,0.17509778,0.6826364,0.00124572,0.13412766,0.004118668,SAI,0.0045808298,0.3435646,0.2327477,0.0016062638,0.4131611,0.0043394607
NOR,Suzuka,2024,4.0,96.853,NOR,0.0033338633,0.002943926,0.0005943973,0.9554859,0.0008452333,0.036796752,NOR,0.0046277097,0.002845087,0.0008854605,0.9599808,0.00086536224,0.030795604
NOR,Suzuka,2024,5.0,96.86,NOR,0.043648895,0.003922025,0.0014940018,0.8813607,0.0009653206,0.06860903,NOR,0.14395241,0.006857342,0.0030596813,0.7597136,0.0016653715,0.08475157
NOR,Suzuka,2024,6.0,97.9,NOR,0.0068893638,0.004067994,0.004073895,0.5112988,0.0026735533,0.4709964,NOR,0.007929663,0.0067468053,0.0049294964,0.79626316,0.00207994,0.18205087
NOR,Suzuka,2024,7.0,97.742,NOR,0.013000296,0.0028656838,0.0036162627,0.7280769,0.0023730667,0.25006786,NOR,0.03190646,0.0076917564,0.006506907,0.56612676,0.0040117875,0.3837563
NOR,Suzuka,2024,8.0,97.824,NOR,0.016127111,0.0013054366,0.0014451796,0.87908447,0.0009313986,0.10110644,NOR,0.04620684,0.005134289,0.003603668,0.77778274,0.0020937212,0.16517873
NOR,Suzuka,2024,9.0,97.963,VER,0.0107610775,0.0064569633,0.008038964,0.4130562,0.004434661,0.5572521,NOR,0.028630136,0.009529526,0.0069250246,0.536352,0.003722642,0.41484073
NOR,Suzuka,2024,10.0,98.158,NOR,0.007051774,0.0010480132,0.0012765733,0.9061611,0.0006507811,0.083811775,NOR,0.028743371,0.0054768547,0.0031443837,0.73827803,0.0020739518,0.22228338
NOR,Suzuka,2024,11.0,100.76,VER,0.07813455,0.10331992,0.048644662,0.2020495,0.06440874,0.5034426,VER,0.092732765,0.054072388,0.04230193,0.2257958,0.046424802,0.5386723
NOR,Suzuka,2024,13.0,95.761,NOR,0.10853302,0.005143767,0.0009778386,0.8751387,0.0007144557,0.009492209,NOR,0.074055515,0.0038479776,0.0012393871,0.91043204,0.000998406,0.009426674
NOR,Suzuka,2024,14.0,96.777,NOR,0.015492641,0.0021096016,0.00073917804,0.9649719,0.000580861,0.016105842,NOR,0.036845826,0.003366232,0.0016088443,0.92024994,0.0010305075,0.03689867
NOR,Suzuka,2024,15.0,96.788,NOR,0.0066027474,0.0013233153,0.0010666639,0.96280646,0.00038869577,0.027812155,NOR,0.0301602,0.0056854486,0.0026138215,0.84004575,0.0012674909,0.120227255
NOR,Suzuka,2024,16.0,98.241,NOR,0.0034883998,0.00078881456,0.0007808516,0.9392976,0.0005993446,0.05504499,NOR,0.0045727133,0.0013850549,0.0010260595,0.90885293,0.0005925425,0.0835707
NOR,Suzuka,2024,17.0,97.807,NOR,0.14222498,0.0055184383,0.016926916,0.6375094,0.015104589,0.18271571,VER,0.20646639,0.012636734,0.017117413,0.3629487,0.01942833,0.38140243
NOR,Suzuka,2024,18.0,96.487,NOR,0.047243524,0.011713867,0.011679276,0.84045774,0.0031177083,0.085787915,NOR,0.1477115,0.020130137,0.011631924,0.66280276,0.00580978,0.15191387
NOR,Suzuka,2024,19.0,96.783,NOR,0.01837624,0.0011268615,0.0019553825,0.9707455,0.00036876064,0.007427279,NOR,0.025472868,0.0017637347,0.0014782414,0.9590052,0.00039950656,0.011880536
NOR,Suzuka,2024,20.0,96.847,VER,0.04528298,0.03777348,0.010549544,0.45056808,0.0052423705,0.45058352,VER,0.06702215,0.019052573,0.012103194,0.32635996,0.0045020017,0.5709601
NOR,Suzuka,2024,21.0,96.996,NOR,0.0023425845,0.0012553819,0.00054015656,0.94380516,0.00088193815,0.051174767,NOR,0.003497866,0.0009592492,0.00061394874,0.9602026,0.00051657774,0.034209836
NOR,Suzuka,2024,22.0,98.888,NOR,0.0051038577,0.0020742621,0.0013712508,0.9438856,0.0007125094,0.046852462,NOR,0.027360693,0.0058853896,0.0043136543,0.8317495,0.0015068235,0.12918396
NOR,Suzuka,2024,23.0,98.213,VER,0.023095794,0.016472882,0.0051540784,0.47083592,0.004901721,0.47953957,VER,0.02680696,0.013883348,0.0061820247,0.32774442,0.0038774877,0.62150574
NOR,Suzuka,2024,24.0,97.722,NOR,0.004221478,0.0026714667,0.0027605374,0.96478117,0.0010591485,0.02450627,NOR,0.02501997,0.011053507,0.007469789,0.82404447,0.0019692092,0.13044307
NOR,Suzuka,2024,25.0,97.558,NOR,0.00957273,0.07151368,0.03280679,0.72650063,0.0071053263,0.15250078,NOR,0.019986723,0.068921275,0.022997655,0.49009544,0.011010996,0.38698795
NOR,Suzuka,2024,26.0,100.917,NOR,0.108025886,0.039092146,0.006136628,0.6516254,0.010582584,0.18453737,NOR,0.19502135,0.07248082,0.009453515,0.37394923,0.015626498,0.33346862
NOR,Suzuka,2024,28.0,95.721,NOR,0.0018296319,0.00080298656,0.0012644955,0.979416,0.00034332732,0.016343538,NOR,0.015541074,0.0032391131,0.0032574025,0.9110833,0.00096075004,0.06591833
NOR,Suzuka,2024,29.0,96.258,NOR,0.016047116,0.0042299875,0.0027755832,0.9494129,0.0006129949,0.026921356,NOR,0.08467941,0.0072746514,0.0061557353,0.81380063,0.0014700709,0.0866195
NOR,Suzuka,2024,30.0,96.243,NOR,0.006325704,0.0016224417,0.0012056296,0.93248063,0.00060771103,0.05775788,NOR,0.021307066,0.005948357,0.0031657459,0.7152195,0.0018689312,0.2524904
NOR,Suzuka,2024,31.0,96.225,NOR,0.10929278,0.0008004907,0.0019129927,0.8756841,0.00081634754,0.01149323,NOR,0.26046112,0.003987049,0.0039159143,0.68399185,0.0017855878,0.04585849
NOR,Suzuka,2024,32.0,96.375,NOR,0.025396539,0.005055884,0.0036916179,0.92662275,0.0009661907,0.038266994,NOR,0.059663713,0.014518649,0.006592707,0.7751494,0.0024596648,0.14161587
NOR,Suzuka,2024,33.0,96.34,NOR,0.005436698,0.0023957372,0.0034311656,0.87043065,0.0031787222,0.115127064,NOR,0.028439581,0.0060160374,0.0058972077,0.71482086,0.0028912942,0.24193501
NOR,Suzuka,2024,34.0,96.262,NOR,0.011980278,0.003556148,0.0047768257,0.55407715,0.0034092201,0.4222004,NOR,0.031036198,0.005626276,0.0054251114,0.6429311,0.0034559232,0.31152537
NOR,Suzuka,2024,35.0,96.614,NOR,0.011710613,0.00080145366,0.0010498122,0.9575058,0.00045542134,0.028476855,NOR,0.057591952,0.0031141844,0.002166264,0.82179546,0.0016002188,0.11373194
NOR,Suzuka,2024,36.0,95.896,NOR,0.004405904,0.0017748774,0.0013772914,0.9516635,0.00067281036,0.04010567,NOR,0.02732045,0.012663729,0.0076069734,0.6907119,0.002207234,0.25948966
NOR,Suzuka,2024,37.0,96.412,NOR,0.0037918524,0.0008103388,0.0011641424,0.9689089,0.00057648437,0.024748215,NOR,0.013042394,0.0026937253,0.0019620897,0.94418716,0.00080268143,0.037312005
NOR,Suzuka,2024,38.0,95.883,NOR,0.0051759984,0.0010993291,0.0015354502,0.94214666,0.0005195369,0.049523033,NOR,0.027096644,0.0065718824,0.0057909056,0.81308943,0.0018847209,0.14556643
NOR,Suzuka,2024,39.0,95.706,NOR,0.0072188284,0.0012660995,0.0008691921,0.93605286,0.00083237106,0.05376068,NOR,0.021922741,0.0039399415,0.0026601937,0.8374332,0.0018393545,0.13220449
NOR,Suzuka,2024,40.0,96.249,NOR,0.07765134,0.0031759867,0.005856935,0.77268285,0.0019392711,0.13869368,NOR,0.17672248,0.005830468,0.008169792,0.5571832,0.0040822397,0.24801177
NOR,Suzuka,2024,41.0,95.229,NOR,0.2678997,0.004385606,0.008573291,0.68840057,0.0020614883,0.028679363,NOR,0.38985226,0.010495036,0.010420317,0.50361955,0.0041597774,0.08145309
NOR,Suzuka,2024,42.0,96.217,NOR,0.19897744,0.03127487,0.02115432,0.70560485,0.0044029285,0.038585577,NOR,0.41540605,0.031418443,0.02990955,0.4358667,0.0056707873,0.08172847
NOR,Suzuka,2024,43.0,95.92,NOR,0.15410271,0.011709193,0.030673295,0.6625955,0.0041384636,0.13678086,ALO,0.3613223,0.03642972,0.050637692,0.27640542,0.0108293425,0.26437548
NOR,Suzuka,2024,44.0,96.391,NOR,0.020654624,0.008555244,0.008245269,0.6227528,0.0025538534,0.33723822,NOR,0.038808405,0.013173746,0.009902681,0.5483842,0.003461739,0.38626924
NOR,Suzuka,2024,45.0,96.224,NOR,0.0017348803,0.0006304165,0.00061061874,0.9826601,0.00027742388,0.0140865445,NOR,0.0077997367,0.0016698064,0.0012894924,0.9534077,0.0005191594,0.035314087
NOR,Suzuka,2024,46.0,95.635,NOR,0.004186586,0.0007056945,0.00060552754,0.97505265,0.0003961624,0.019053375,NOR,0.023456141,0.0046474338,0.0029064752,0.9015861,0.0014120997,0.0659917
NOR,Suzuka,2024,47.0,95.633,NOR,0.029198818,0.0026933318,0.0044322484,0.74474865,0.001955124,0.21697186,NOR,0.083406664,0.005699334,0.0056949174,0.5879612,0.003460898,0.31377703
NOR,Suzuka,2024,48.0,95.677,NOR,0.018661296,0.0008434842,0.0010728266,0.96536815,0.00039379837,0.013660484,NOR,0.07135108,0.0028725232,0.002024396,0.87480986,0.0011254215,0.04781671
NOR,Suzuka,2024,49.0,95.354,NOR,0.0051963707,0.0017683741,0.0017741935,0.9496226,0.0010050767,0.040633436,NOR,0.017599588,0.0034815005,0.0020157588,0.92644995,0.0010544524,0.049398683
NOR,Suzuka,2024,50.0,95.268,ALO,0.35905266,0.06840588,0.14334956,0.1994546,0.014428571,0.21530876,ALO,0.5314311,0.052564286,0.08048765,0.20993644,0.013927043,0.11165346
NOR,Suzuka,2024,51.0,95.186,NOR,0.051454842,0.020099262,0.023594955,0.646283,0.009211789,0.24935623,NOR,0.13334268,0.038813762,0.024859438,0.4043829,0.014058957,0.38454226
NOR,Suzuka,2024,52.0,95.832,VER,0.050455496,0.01161155,0.034749873,0.33723888,0.016271297,0.5496729,NOR,0.0680872,0.007220779,0.011690786,0.6929925,0.0050523924,0.21495631
NOR,Suzuka,2024,53.0,95.721,NOR,0.021364633,0.0047935657,0.0028124906,0.87421244,0.00095023954,0.0958666,NOR,0.046661254,0.00625732,0.0037095975,0.7896002,0.0020730805,0.15169856
SAI,Suzuka,2024,4.0,97.225,SAI,0.017352803,0.03128483,0.08821921,0.0077320416,0.7797276,0.07568354,SAI,0.02506041,0.054564897,0.10777211,0.018189691,0.47848764,0.3159253
SAI,Suzuka,2024,5.0,97.322,SAI,0.015100949,0.054904845,0.023196131,0.009453543,0.86231685,0.035027668,SAI,0.013079765,0.025103968,0.015131921,0.008095911,0.8803598,0.05822864
SAI,Suzuka,2024,6.0,97.721,SAI,0.016175088,0.06730404,0.038623966,0.0019300429,0.8740308,0.0019360796,SAI,0.009650546,0.022594646,0.02123824,0.002051626,0.94259584,0.0018691245
SAI,Suzuka,2024,7.0,97.756,LEC,0.029102802,0.11939684,0.40799364,0.018969897,0.11323442,0.31130242,VER,0.030165134,0.1222064,0.32546183,0.047105826,0.14725597,0.32780483
SAI,Suzuka,2024,8.0,97.736,SAI,0.0007117185,0.034948375,0.011275756,0.0009616093,0.9511054,0.0009971763,SAI,0.0016058285,0.035637133,0.012341069,0.0016560667,0.94717103,0.0015888388
SAI,Suzuka,2024,9.0,97.98,SAI,0.02513124,0.040006425,0.039946828,0.029512888,0.8103566,0.055045992,SAI,0.0329731,0.04121282,0.024648888,0.04378467,0.7663702,0.09101033
SAI,Suzuka,2024,10.0,98.304,SAI,0.0011773114,0.012875583,0.010222696,0.0007539443,0.97440493,0.0005655982,SAI,0.0022776837,0.017921776,0.027589528,0.001802451,0.9495012,0.000907342
SAI,Suzuka,2024,11.0,98.273,SAI,0.002670704,0.09405172,0.012332657,0.0026846302,0.8867755,0.001484743,SAI,0.004348939,0.07134337,0.02189414,0.0029613224,0.8971608,0.0022913942
SAI,Suzuka,2024,12.0,97.847,SAI,0.0012645095,0.011917855,0.012787078,0.0011717593,0.97154635,0.0013124703,SAI,0.0025842793,0.023552923,0.020677641,0.0038640026,0.9458059,0.0035152296
SAI,Suzuka,2024,13.0,98.333,SAI,0.0060880883,0.06809472,0.062090296,0.001596792,0.85965717,0.0024728817,SAI,0.00809436,0.03167646,0.036334086,0.0019183956,0.91959083,0.0023858284
SAI,Suzuka,2024,14.0,98.504,SAI,0.0010250837,0.048456553,0.016078733,0.0021265766,0.930967,0.0013461466,SAI,0.002512137,0.035551623,0.035328235,0.003978318,0.92046803,0.0021616851
SAI,Suzuka,2024,17.0,96.469,VER,0.025306763,0.011443954,0.015379996,0.018956222,0.06445293,0.8644602,VER,0.024404291,0.0137221785,0.019329434,0.042635616,0.04284167,0.8570668
SAI,Suzuka,2024,18.0,96.698,SAI,0.0008454577,0.015719103,0.025242005,0.0011089628,0.9558066,0.001277837,SAI,0.0026069856,0.03788917,0.12080217,0.0032370086,0.8301213,0.005343393
SAI,Suzuka,2024,19.0,97.786,SAI,0.019602308,0.03633594,0.035862185,0.035096887,0.7917149,0.08138777,SAI,0.03955727,0.06223755,0.039583784,0.036469534,0.72343487,0.09871695
SAI,Suzuka,2024,20.0,97.314,SAI,0.0004040698,0.0024069517,0.009671856,0.0003547335,0.98668647,0.00047592743,SAI,0.0010457884,0.0067223343,0.023286637,0.0010568385,0.966496,0.0013924796
SAI,Suzuka,2024,21.0,97.995,SAI,0.0026047041,0.021084249,0.106274456,0.0020154282,0.8662312,0.0017899317,SAI,0.0057799146,0.027953712,0.054553743,0.003637054,0.90503097,0.0030446101
SAI,Suzuka,2024,22.0,96.575,SAI,0.0057015484,0.044678215,0.17874411,0.0059060035,0.76031196,0.0046580927,SAI,0.012889583,0.09633722,0.26280925,0.016686672,0.60039306,0.010884277
SAI,Suzuka,2024,23.0,96.779,SAI,0.002249513,0.0122977,0.04869203,0.0017281135,0.9334035,0.0016292271,SAI,0.00833283,0.063363306,0.23397312,0.007972164,0.6782469,0.008111671
SAI,Suzuka,2024,24.0,96.805,SAI,0.0064085852,0.3571278,0.110112175,0.0037448723,0.51383716,0.008769427,SAI,0.00784507,0.23031057,0.07972356,0.009192224,0.649057,0.023871634
SAI,Suzuka,2024,25.0,96.945,SAI,0.0010107835,0.111913204,0.02761197,0.0011725617,0.85727364,0.0010177731,SAI,0.0019770013,0.079229675,0.038399093,0.0028891063,0.8759135,0.0015916482
SAI,Suzuka,2024,26.0,97.137,SAI,0.00049490435,0.03045616,0.016784765,0.0011974248,0.9504557,0.00061108574,SAI,0.00077770895,0.049057897,0.040706728,0.0020991024,0.90638995,0.00096858124
SAI,Suzuka,2024,27.0,97.068,SAI,0.00074923603,0.07212884,0.034920294,0.0014169926,0.8900751,0.0007095014,SAI,0.0008586672,0.078290805,0.06618717,0.0015088572,0.85202044,0.0011341182
SAI,Suzuka,2024,28.0,96.845,SAI,0.0009435973,0.050110303,0.026534958,0.002454315,0.91827375,0.0016830821,SAI,0.001164956,0.09196926,0.042000677,0.002679837,0.8608041,0.0013812074
SAI,Suzuka,2024,29.0,97.176,SAI,0.0018659304,0.076121554,0.07859204,0.002721955,0.83882356,0.0018749224,SAI,0.0034046099,0.11735307,0.19664983,0.0060720686,0.6706786,0.0058417846
SAI,Suzuka,2024,30.0,97.01,SAI,0.0005705823,0.03554084,0.021941684,0.0014354783,0.9396813,0.00083012425,SAI,0.0008695139,0.056121636,0.04651077,0.0030672401,0.89178103,0.0016497816
SAI,Suzuka,2024,31.0,96.901,SAI,0.0010896698,0.034525678,0.029647185,0.0037354645,0.92816997,0.0028320192,SAI,0.0011969429,0.10334919,0.019400971,0.004290114,0.8691306,0.0026321784
SAI,Suzuka,2024,32.0,97.106,SAI,0.0015248911,0.05570937,0.053821888,0.002485789,0.87702113,0.009436903,SAI,0.0016123827,0.045417786,0.070248425,0.004971137,0.86385375,0.013896514
SAI,Suzuka,2024,33.0,97.233,SAI,0.0021516783,0.083015844,0.14028399,0.003917085,0.7678901,0.0027413263,SAI,0.0029221992,0.052228868,0.122170836,0.0046198927,0.8143316,0.003726648
SAI,Suzuka,2024,34.0,96.901,SAI,0.002299935,0.07937463,0.12559298,0.002584984,0.7875637,0.0025837775,SAI,0.002881892,0.06783845,0.048525654,0.0040697004,0.8736672,0.003017108
SAI,Suzuka,2024,35.0,96.948,SAI,0.008406574,0.03848553,0.1795016,0.012833661,0.7564456,0.0043270425,LEC,0.03880408,0.08436582,0.5211869,0.027356708,0.3196852,0.008601335
SAI,Suzuka,2024,36.0,99.31,SAI,0.0015097628,0.0153264785,0.055466253,0.0021486233,0.92499095,0.00055793877,SAI,0.0040768995,0.013635941,0.039014813,0.0022492148,0.94010365,0.0009194429
SAI,Suzuka,2024,38.0,93.995,SAI,0.0014382558,0.003761859,0.026453927,0.0007895831,0.9665912,0.000965185,SAI,0.0051583145,0.017537894,0.13591643,0.0034391258,0.833485,0.004463264
SAI,Suzuka,2024,39.0,94.419,SAI,0.0031858608,0.030425142,0.1434936,0.008537466,0.80610317,0.008254743,SAI,0.004075168,0.03702387,0.1668334,0.00550069,0.7783446,0.008222293
SAI,Suzuka,2024,40.0,94.396,SAI,0.008364954,0.042500112,0.24769834,0.016335176,0.67536277,0.009738648,SAI,0.022157444,0.08982342,0.37421885,0.022039883,0.47295073,0.018809706
SAI,Suzuka,2024,41.0,94.863,SAI,0.0046994016,0.008587445,0.23110464,0.0015749731,0.7529939,0.0010396444,SAI,0.009764274,0.016569024,0.21322058,0.0028055063,0.7553915,0.0022491822
SAI,Suzuka,2024,42.0,95.293,SAI,0.0019530044,0.044038776,0.2848275,0.0021505125,0.66417223,0.002858016,SAI,0.0021097544,0.054695908,0.2673798,0.0034218903,0.6680551,0.0043375185
SAI,Suzuka,2024,43.0,94.75,SAI,0.001276029,0.011809553,0.33808818,0.0032501277,0.6434701,0.0021060081,SAI,0.0034976641,0.028005166,0.27837986,0.007464203,0.67629176,0.006361351
SAI,Suzuka,2024,44.0,94.336,SAI,0.0012046967,0.03964117,0.025393065,0.0028992393,0.92876846,0.0020933521,SAI,0.0024019608,0.09648081,0.030585377,0.0040876344,0.862843,0.0036012062
SAI,Suzuka,2024,45.0,95.006,LEC,0.006682377,0.03544243,0.5092613,0.0028714954,0.4438844,0.0018580143,SAI,0.004507893,0.08690242,0.15265973,0.002170398,0.7515463,0.0022132662
SAI,Suzuka,2024,46.0,93.841,SAI,0.0073919757,0.006691903,0.24225412,0.0037849927,0.7352387,0.0046383524,SAI,0.009840773,0.009690965,0.13503703,0.003783927,0.83860636,0.0030409785
SAI,Suzuka,2024,47.0,95.063,SAI,0.0017594402,0.03799606,0.100700475,0.0023569611,0.8545552,0.0026318436,SAI,0.0033983702,0.059707697,0.3712386,0.0057515455,0.55285525,0.0070485575
SAI,Suzuka,2024,48.0,94.962,LEC,0.009587499,0.09205854,0.45018622,0.0081812935,0.43102193,0.00896454,LEC,0.009640928,0.097206555,0.71083075,0.017639054,0.15339845,0.011284261
SAI,Suzuka,2024,49.0,94.752,SAI,0.0043561193,0.040338844,0.36565092,0.0050969906,0.5794781,0.0050790273,LEC,0.0083943475,0.067563824,0.542122,0.013253078,0.35884622,0.009820536
SAI,Suzuka,2024,50.0,94.636,LEC,0.0069211284,0.07883938,0.51805824,0.0076279696,0.3852571,0.0032961816,SAI,0.011448114,0.12536502,0.3360838,0.013234453,0.5067283,0.007140315
SAI,Suzuka,2024,51.0,94.877,SAI,0.000576256,0.06624433,0.017372359,0.00088059396,0.9140488,0.00087763905,SAI,0.000499657,0.08272468,0.0145924855,0.00083959015,0.90032285,0.0010207458
SAI,Suzuka,2024,52.0,95.203,SAI,0.0048750076,0.20993279,0.3697053,0.0072580036,0.40494907,0.0032798839,SAI,0.0055991034,0.15017128,0.28337538,0.005767959,0.54905665,0.006029612
SAI,Suzuka,2024,53.0,95.224,SAI,0.002056629,0.18452649,0.17359057,0.0041963332,0.630964,0.004666006,SAI,0.0031242608,0.18835105,0.27298427,0.008591087,0.5194615,0.0074877967
VER,Suzuka,2024,4.0,96.472,VER,0.001309471,0.0014673661,0.00071958604,0.0045844023,0.00091162417,0.9910075,VER,0.0045054257,0.004219358,0.0021750794,0.025956908,0.0031812256,0.959962
VER,Suzuka,2024,5.0,96.437,VER,0.0018847777,0.0027137913,0.0016892598,0.009132561,0.0054419106,0.9791378,VER,0.0049189087,0.010685987,0.004498846,0.028769111,0.008455415,0.9426718
VER,Suzuka,2024,6.0,96.855,VER,0.0009831857,0.004464564,0.00085295783,0.0046993126,0.0012546256,0.98774534,VER,0.002713806,0.0046123564,0.0021718284,0.0076343664,0.0024505772,0.980417
VER,Suzuka,2024,7.0,96.97,VER,0.0011328743,0.0035434887,0.001610662,0.002017943,0.002480812,0.98921424,VER,0.0010018181,0.0018849365,0.0017157738,0.0035116752,0.0052122427,0.9866736
VER,Suzuka,2024,8.0,97.329,VER,0.0018821957,0.0024682868,0.0018301243,0.0031441094,0.0029936493,0.9876816,VER,0.0019505124,0.0018341271,0.0016513191,0.005461564,0.0010855326,0.98801696
VER,Suzuka,2024,9.0,97.178,VER,0.0074365386,0.004376245,0.002711015,0.014430508,0.0055089775,0.9655367,VER,0.006617367,0.0042028823,0.0024659142,0.031545788,0.0023170833,0.95285094
VER,Suzuka,2024,10.0,97.59,VER,0.0014972576,0.0019621626,0.00097515737,0.032415777,0.0011753953,0.96197426,VER,0.0062124757,0.006683491,0.0030842524,0.2192762,0.0047777332,0.75996584
VER,Suzuka,2024,11.0,97.774,VER,0.0012126012,0.0023049728,0.0009833898,0.0018852161,0.004152894,0.9894609,VER,0.0013171672,0.0014037193,0.0014643944,0.0024337033,0.0026476895,0.99073327
VER,Suzuka,2024,12.0,97.753,VER,0.0009794912,0.0022100313,0.0011466302,0.0051716296,0.0010746064,0.9894176,VER,0.0012918005,0.0034785622,0.0015623769,0.007594665,0.0010051979,0.98506737
VER,Suzuka,2024,13.0,97.727,VER,0.0018111523,0.004324461,0.001607204,0.043358233,0.0014344874,0.94746447,VER,0.00615232,0.011993824,0.004952258,0.18915565,0.004379481,0.78336644
VER,Suzuka,2024,14.0,97.91,VER,0.0008724856,0.0007975757,0.0006426768,0.002070157,0.0010713533,0.9945458,VER,0.0017412202,0.0013205846,0.001656144,0.0039823074,0.0011057724,0.9901939
VER,Suzuka,2024,15.0,97.854,VER,0.0013511472,0.005440063,0.0013788004,0.0025794413,0.0027703347,0.9864802,VER,0.0019153096,0.0037476488,0.0020876897,0.0030116749,0.0021188315,0.98711884
VER,Suzuka,2024,18.0,96.822,VER,0.0028134692,0.0149686,0.0013939103,0.0056584915,0.00194322,0.9732223,VER,0.0045472425,0.028334128,0.0018216511,0.0041054944,0.0024403867,0.9587511
VER,Suzuka,2024,19.0,96.252,VER,0.0017394458,0.0010535241,0.00070554967,0.033405967,0.0007385943,0.96235687,VER,0.0053861844,0.009213591,0.0023594631,0.097501166,0.0038368513,0.8817027
VER,Suzuka,2024,20.0,96.402,VER,0.002257311,0.002076332,0.0010735461,0.04487611,0.0022463521,0.94747037,VER,0.007989495,0.008445137,0.0056165825,0.32526898,0.0046296017,0.6480502
VER,Suzuka,2024,21.0,95.617,VER,0.002894748,0.0022815766,0.0038710602,0.0074031907,0.007500314,0.97604907,VER,0.0064341403,0.0056485846,0.009372084,0.057862878,0.0065949466,0.91408736
VER,Suzuka,2024,22.0,96.384,VER,0.0015734796,0.0009452517,0.0010139736,0.03153997,0.0010040001,0.9639233,VER,0.005966233,0.005598678,0.004983028,0.09073088,0.005178133,0.8875431
VER,Suzuka,2024,23.0,96.205,VER,0.0015546522,0.0010044532,0.0012801619,0.049254652,0.0006367557,0.9462694,VER,0.0030769664,0.0028532317,0.0027112316,0.080961905,0.002345192,0.9080515
VER,Suzuka,2024,24.0,96.532,VER,0.0014341228,0.0011105752,0.0007616173,0.019103069,0.0011716931,0.9764189,VER,0.0031816098,0.003101709,0.00269247,0.041790374,0.0025276572,0.9467062
VER,Suzuka,2024,25.0,96.337,VER,0.0011659742,0.0009833968,0.0006500606,0.0067046424,0.00081286253,0.98968303,VER,0.0043503684,0.0027308029,0.0033678766,0.0356566,0.0013615745,0.9525328
VER,Suzuka,2024,26.0,96.437,VER,0.0031638558,0.0058187908,0.0016281235,0.0073534176,0.0021899873,0.9798458,VER,0.0071568666,0.0077013196,0.002683349,0.020551398,0.0067844945,0.95512253
VER,Suzuka,2024,27.0,96.654,VER,0.0023210328,0.0013624909,0.0016992703,0.024586268,0.001104073,0.96892685,VER,0.005018241,0.0038858533,0.0038310925,0.05145914,0.0028454845,0.9329602
VER,Suzuka,2024,28.0,96.496,VER,0.002552068,0.0063937563,0.0024066342,0.0016631325,0.0054147053,0.98156977,VER,0.003969855,0.0057902965,0.004047075,0.0031059813,0.009564441,0.9735223
VER,Suzuka,2024,29.0,96.655,VER,0.0010123526,0.0011985524,0.0008807526,0.006392554,0.00056493393,0.98995084,VER,0.0038509832,0.004369291,0.003196963,0.021348016,0.0017088422,0.9655259
VER,Suzuka,2024,30.0,96.849,VER,0.0015956007,0.0010948242,0.0006298335,0.025471903,0.00088319194,0.97032464,VER,0.002672329,0.003036338,0.0016103446,0.060462844,0.0010700224,0.9311481
VER,Suzuka,2024,31.0,96.761,VER,0.0011188828,0.0023392758,0.0006795032,0.037342522,0.0010662819,0.9574535,VER,0.0028141916,0.004206288,0.0017888023,0.066021,0.001951148,0.9232186
VER,Suzuka,2024,32.0,96.92,VER,0.002474387,0.0033749847,0.0026993155,0.024490278,0.0011051868,0.9658559,VER,0.0040602232,0.005378132,0.003293511,0.072293974,0.0012747861,0.9136993
VER,Suzuka,2024,33.0,97.048,VER,0.0017336146,0.004628544,0.0021565948,0.0024911514,0.001253682,0.9877364,VER,0.0018677049,0.002770882,0.0017618057,0.0031168978,0.0012448706,0.9892378
VER,Suzuka,2024,34.0,99.226,VER,0.0052711135,0.05918203,0.0041925423,0.18785967,0.013295884,0.73019874,VER,0.012288675,0.101698,0.007010525,0.19299892,0.014267583,0.6717363
VER,Suzuka,2024,36.0,94.619,VER,0.010627662,0.014673028,0.008269419,0.04000553,0.004107669,0.92231673,VER,0.019559473,0.019750958,0.018317234,0.098446086,0.010813927,0.8331123
VER,Suzuka,2024,37.0,94.97,VER,0.0068996334,0.007727827,0.003129652,0.38798395,0.0035698826,0.59068906,VER,0.009346114,0.009016839,0.0040118317,0.47005993,0.00444079,0.5031245
VER,Suzuka,2024,38.0,94.986,VER,0.006537854,0.0236375,0.0060943393,0.015022108,0.013092848,0.9356153,VER,0.011159158,0.022580061,0.01548447,0.03706022,0.0086243665,0.9050917
VER,Suzuka,2024,39.0,94.494,VER,0.0036272022,0.002922162,0.002529298,0.24518795,0.001389224,0.7443441,VER,0.009795084,0.0098186005,0.0045643947,0.3288831,0.0048451317,0.6420937
VER,Suzuka,2024,40.0,94.343,VER,0.0042637833,0.0039048991,0.0012936528,0.022834713,0.0016033638,0.9660996,VER,0.0122067565,0.007954,0.0040769204,0.16310652,0.00414116,0.80851465
VER,Suzuka,2024,41.0,94.273,VER,0.003666443,0.003451461,0.0028300062,0.060326546,0.0021618495,0.9275637,VER,0.017030066,0.009616309,0.008704762,0.22197072,0.0065848823,0.7360933
VER,Suzuka,2024,42.0,94.965,VER,0.008221551,0.0036543014,0.0038251746,0.29630047,0.0023223944,0.6856761,NOR,0.011639201,0.008135121,0.0050344584,0.5947651,0.006052526,0.37437358
VER,Suzuka,2024,43.0,94.303,VER,0.0021238364,0.0015880336,0.001821722,0.01467839,0.0012351247,0.9785528,VER,0.008046021,0.0069272416,0.004511171,0.100633815,0.003761529,0.87612027
VER,Suzuka,2024,44.0,94.455,NOR,0.019179652,0.005363143,0.009051681,0.5533757,0.0029707311,0.41005906,NOR,0.031288434,0.008615827,0.012904236,0.59802306,0.004987103,0.34418133
VER,Suzuka,2024,45.0,94.606,VER,0.0037976108,0.002148351,0.002625006,0.022834599,0.001604572,0.9669899,VER,0.0079957545,0.005587936,0.004489159,0.08277867,0.0026346862,0.8965138
VER,Suzuka,2024,46.0,94.61,VER,0.04262205,0.07530571,0.02276355,0.18682477,0.033020888,0.63946307,VER,0.07522641,0.12645355,0.042491358,0.24320248,0.03161093,0.48101526
VER,Suzuka,2024,47.0,95.113,VER,0.019189771,0.08312622,0.008752161,0.038545325,0.012100002,0.8382866,VER,0.038504455,0.097046405,0.009491554,0.060691863,0.015163693,0.779102
VER,Suzuka,2024,48.0,95.75,NOR,0.012673697,0.0012217945,0.0021251042,0.86265755,0.00090967095,0.12041218,NOR,0.0325915,0.0025583862,0.0026253883,0.801468,0.001899984,0.15885672
VER,Suzuka,2024,49.0,94.885,VER,0.077386074,0.007534361,0.023133144,0.26214117,0.0065010143,0.62330425,VER,0.066928044,0.008508595,0.014416466,0.25398245,0.004643892,0.6515205
VER,Suzuka,2024,50.0,93.706,VER,0.05474358,0.05026968,0.04005691,0.08871579,0.04774681,0.71846724,VER,0.14207622,0.063954495,0.03245346,0.17190427,0.041816242,0.5477953
VER,Suzuka,2024,51.0,94.768,VER,0.031068876,0.06508494,0.018445835,0.04077043,0.03176564,0.81286424,VER,0.07456925,0.06629191,0.03567844,0.04825846,0.02769591,0.747506
VER,Suzuka,2024,52.0,94.97,VER,0.029669564,0.015955606,0.0117385,0.1280534,0.016882773,0.7977001,VER,0.03267417,0.012535745,0.011225193,0.10722558,0.009057024,0.8272823
VER,Suzuka,2024,53.0,95.263,NOR,0.0035121962,0.0052811797,0.0031728717,0.8972249,0.0015665102,0.08924234,NOR,0.008079988,0.01694262,0.006811962,0.76488847,0.0030893618,0.20018765
