Driver,LapNumber,LapTime_s,Race,Season,brake_duration_ratio,throttle_smoothness,full_throttle_ratio,coasting_ratio,gear_change_freq,speed_at_throttle_lift,mean_corner_speed,speed_variance,throttle_brake_overlap
ALO,2.0,99.792,Bahrain,2023,0.18940397350993377,2.249336870026525,0.46622516556291393,0.05562913907284768,7.81456953642384,266.43749952,127.29927886287935,65.83520966441822,0.0
ALO,3.0,99.1,Bahrain,2023,0.20133333333333334,2.347129506008011,0.452,0.056,7.199999999999999,283.0,124.6248016819475,67.42466934218645,0.005333333333333333
ALO,4.0,99.548,Bahrain,2023,0.21806451612903227,2.2377260981912146,0.44129032258064516,0.0696774193548387,6.838709677419355,257.44166613333334,129.95465677971748,66.68317919215418,0.02193548387096774
ALO,5.0,99.662,Bahrain,2023,0.19893190921228304,2.3101604278074865,0.4472630173564753,0.06675567423230974,7.076101468624834,268.3261906285714,123.60187388921274,66.70939980349465,0.0
ALO,6.0,99.674,Bahrain,2023,0.21166892808683854,2.3831521739130435,0.46132971506105835,0.03934871099050204,6.648575305291724,269.0,122.75246937689579,66.87837508310882,0.0013568521031207597
ALO,7.0,99.729,Bahrain,2023,0.20974289580514208,2.3143631436314362,0.45331529093369416,0.058186738836265225,6.901217861975644,289.0,122.66132176285542,67.79371190190966,0.008119079837618403
ALO,8.0,99.959,Bahrain,2023,0.2320730117340287,2.31331592689295,0.439374185136897,0.03780964797913951,6.910039113428944,278.20417280000004,125.05149084283417,66.95779071767862,0.027379400260756193
ALO,9.0,100.275,Bahrain,2023,0.19594594594594594,2.351826792963464,0.46621621621621623,0.03918918918918919,7.027027027027027,268.96416618666666,120.82757270028908,68.82526071357688,0.002702702702702703
ALO,10.0,100.203,Bahrain,2023,0.21399730820995963,2.3908355795148246,0.44414535666218036,0.04441453566621804,7.94078061911171,252.62666666666667,123.51802101233505,71.51127299721949,0.0026917900403768506
ALO,11.0,101.147,Bahrain,2023,0.2245430809399478,2.4235294117647057,0.42428198433420367,0.02349869451697128,7.702349869451696,247.8062496,123.95551912726549,71.56429169046797,0.009138381201044387
ALO,12.0,100.934,Bahrain,2023,0.22935779816513763,2.3595800524934383,0.44823066841415465,0.027522935779816515,7.732634338138926,236.5,122.1078266139324,70.87330755984782,0.003931847968545216
ALO,13.0,100.341,Bahrain,2023,0.1984126984126984,2.384105960264901,0.4828042328042328,0.046296296296296294,7.671957671957672,255.10124928,126.8279471418405,70.57693094463222,0.010582010582010581
ALO,14.0,102.212,Bahrain,2023,0.21335078534031413,2.491022280471822,0.47774869109947643,0.028795811518324606,7.460732984293193,244.8432695105953,122.93751485054867,68.75341318355743,0.013089005235602094
ALO,16.0,97.542,Bahrain,2023,0.21875,2.329251700680272,0.49592391304347827,0.024456521739130436,6.25,275.96666367999995,127.02207946983133,66.84619529045469,0.006793478260869565
ALO,17.0,98.139,Bahrain,2023,0.18417462482946795,2.3374013357619914,0.48021828103683495,0.05593451568894952,6.8212824010914055,205.0,122.61786634894884,69.68605580449683,0.0
ALO,18.0,98.124,Bahrain,2023,0.18940397350993377,2.2613026819923374,0.46225165562913906,0.07152317880794702,6.887417218543046,,122.57804037435287,66.95726705368847,0.0013245033112582781
ALO,19.0,98.361,Bahrain,2023,0.20698924731182797,2.3014804845222074,0.4435483870967742,0.056451612903225805,6.854838709677419,264.0878319068783,123.38402208108549,66.83015328766002,0.0
ALO,20.0,98.318,Bahrain,2023,0.1901595744680851,2.2210386151797605,0.46808510638297873,0.05585106382978723,7.047872340425531,247.0,122.72817604157412,67.336247498482,0.0026595744680851063
ALO,21.0,98.407,Bahrain,2023,0.20079787234042554,2.3195739014647137,0.4747340425531915,0.05053191489361702,7.047872340425531,251.37395813333333,122.33246689702113,67.83853020497443,0.0
ALO,22.0,98.2,Bahrain,2023,0.19863945578231293,2.343324250681199,0.4598639455782313,0.047619047619047616,6.938775510204081,271.5,121.30151308385665,67.27252826044366,0.0
ALO,23.0,97.853,Bahrain,2023,0.21517241379310345,2.345303867403315,0.47586206896551725,0.03586206896551724,7.1724137931034475,275.0,124.35815191239955,67.65602209237534,0.004137931034482759
ALO,24.0,97.878,Bahrain,2023,0.19615912208504802,2.269230769230769,0.4828532235939643,0.053497942386831275,7.133058984910837,232.01805546666668,122.16267291881505,68.99119434721716,0.0054869684499314125
ALO,25.0,98.139,Bahrain,2023,0.19973190348525469,2.279194630872483,0.4745308310991957,0.049597855227882036,7.238605898123325,272.2552365104762,122.69582483601657,69.24306982510166,0.012064343163538873
ALO,26.0,98.127,Bahrain,2023,0.19079837618403248,2.330623306233062,0.4749661705006766,0.06359945872801083,7.171853856562922,270.6666666666667,121.44375140474264,68.36649257824334,0.0027063599458728013
ALO,27.0,98.612,Bahrain,2023,0.20293724966622162,2.251336898395722,0.4432576769025367,0.07209612817089453,6.942590120160213,278.13249984,122.81539033362583,67.73741269573856,0.010680907877169559
ALO,28.0,98.199,Bahrain,2023,0.19731543624161074,2.3198924731182795,0.4604026845637584,0.06845637583892618,6.7114093959731544,252.0,121.68539274660762,67.90698628148087,0.0013422818791946308
ALO,29.0,98.585,Bahrain,2023,0.2018842530282638,2.339622641509434,0.4387617765814266,0.05114401076716016,6.864064602960969,,119.89354594672788,69.47009008940329,0.0
ALO,30.0,98.282,Bahrain,2023,0.20318725099601595,2.297872340425532,0.4767596281540505,0.041168658698539175,6.507304116865869,,119.92997531552763,69.22146685536693,0.0026560424966799467
ALO,31.0,98.009,Bahrain,2023,0.1962864721485411,2.353253652058433,0.5119363395225465,0.038461538461538464,6.631299734748011,246.543888342292,121.37175486131805,68.73007128029649,0.003978779840848806
ALO,32.0,97.871,Bahrain,2023,0.18331053351573187,2.3808219178082193,0.5129958960328317,0.04377564979480164,6.703146374829001,259.34000128,122.18494664254497,68.78140421729938,0.0027359781121751026
ALO,33.0,97.769,Bahrain,2023,0.18370165745856354,2.4149377593360994,0.5220994475138122,0.04143646408839779,7.320441988950275,258.65738612363634,122.25042069303139,69.1744519083911,0.0013812154696132596
ALO,34.0,100.353,Bahrain,2023,0.2127107652399481,2.357142857142857,0.4993514915693904,0.0324254215304799,7.003891050583658,231.0,119.78150954774114,70.2268080179774,0.010376134889753566
ALO,36.0,96.156,Bahrain,2023,0.19808743169398907,2.372093023255814,0.51775956284153,0.03551912568306011,6.557377049180328,255.1,122.44063068424333,69.01997941469959,0.001366120218579235
ALO,37.0,97.431,Bahrain,2023,0.21534320323014805,2.4231805929919137,0.49663526244952894,0.039030955585464336,7.671601615074024,284.5,124.4102597176736,72.6401847602638,0.021534320323014805
ALO,38.0,97.002,Bahrain,2023,0.20708446866485014,2.491132332878581,0.49318801089918257,0.04223433242506812,7.629427792915531,252.49583520000002,124.91579072711794,72.40353598818936,0.01907356948228883
ALO,39.0,97.243,Bahrain,2023,0.20385674931129477,2.3917241379310346,0.49173553719008267,0.03856749311294766,6.887052341597796,256.00000355555557,120.45782245649028,68.74992316093771,0.009641873278236915
ALO,40.0,97.208,Bahrain,2023,0.18157181571815717,2.265943012211669,0.47560975609756095,0.06097560975609756,6.775067750677506,,122.26246700946892,68.16453581386976,0.0027100271002710027
ALO,42.0,96.334,Bahrain,2023,0.20166898470097358,2.362116991643454,0.4951321279554937,0.025034770514603615,7.232267037552156,257.18250048,124.2644508105293,68.18787619973759,0.005563282336578581
ALO,43.0,96.911,Bahrain,2023,0.18834688346883469,2.298507462686567,0.516260162601626,0.044715447154471545,7.046070460704606,264.25189991428573,122.45707125375225,68.55713846228592,0.0
ALO,44.0,97.022,Bahrain,2023,0.21016483516483517,2.3576341127922973,0.49038461538461536,0.03708791208791209,7.280219780219781,262.75,123.3739569464446,71.64922576249994,0.013736263736263736
ALO,45.0,97.931,Bahrain,2023,0.21191135734072022,2.7184466019417477,0.502770083102493,0.03185595567867036,7.340720221606649,254.0,122.29750792373413,72.78073449057054,0.01662049861495845
ALO,46.0,97.087,Bahrain,2023,0.18181818181818182,2.4061624649859943,0.5188811188811189,0.039160839160839164,6.853146853146853,245.5,119.92320415659195,68.50915220846336,0.004195804195804196
ALO,47.0,97.326,Bahrain,2023,0.19491525423728814,2.3988684582743987,0.4406779661016949,0.05367231638418079,7.062146892655368,,121.49651249061604,68.65950062904489,0.0
ALO,48.0,96.783,Bahrain,2023,0.18681318681318682,2.297111416781293,0.5013736263736264,0.03983516483516483,7.0054945054945055,274.65555484444445,122.84452607654724,68.2274155115258,0.0
ALO,49.0,96.726,Bahrain,2023,0.17886178861788618,2.2279511533242875,0.532520325203252,0.04742547425474255,7.181571815718158,246.03686503434344,122.85609681024343,68.50077700084142,0.0
ALO,50.0,96.331,Bahrain,2023,0.18207282913165265,2.2945301542777,0.5434173669467787,0.049019607843137254,7.142857142857142,252.3749984,123.86948911785584,68.98509843736687,0.0028011204481792717
ALO,51.0,96.96,Bahrain,2023,0.1859504132231405,2.2841379310344827,0.5165289256198347,0.05234159779614325,7.162534435261708,269.0138903111111,121.6384568177118,69.10072716302439,0.0027548209366391185
ALO,52.0,97.01,Bahrain,2023,0.1953232462173315,2.355371900826446,0.46629986244841815,0.06327372764786796,7.152682255845942,272.3894159893333,119.79966885600354,68.35173337506268,0.0
ALO,53.0,97.01,Bahrain,2023,0.18604651162790697,2.347945205479452,0.4883720930232558,0.05198358413132695,7.250341997264022,264.1406252,119.26824272752198,69.50069686316854,0.0
ALO,54.0,97.599,Bahrain,2023,0.1937669376693767,2.344640434192673,0.4715447154471545,0.051490514905149054,6.775067750677506,255.73125013333333,115.57018419534019,69.83708386360644,0.0
ALO,55.0,97.662,Bahrain,2023,0.18326693227091634,2.3031914893617023,0.44223107569721115,0.07436918990703852,7.171314741035857,274.7875008,121.99221335761834,68.69754364915113,0.0
ALO,56.0,97.473,Bahrain,2023,0.19002695417789758,2.3238866396761133,0.45148247978436656,0.05121293800539083,7.008086253369273,256.0,120.78643605577537,69.02509220998485,0.0026954177897574125
ALO,57.0,97.422,Bahrain,2023,0.19973544973544974,2.2701986754966885,0.45105820105820105,0.05952380952380952,6.746031746031746,272.34500096,121.06138819184383,69.01409212436998,0.003968253968253968
HAM,1.0,102.288,Bahrain,2023,0.23477157360406092,2.5184243964421853,0.4365482233502538,0.0266497461928934,7.741116751269035,246.5,116.77079671450434,69.81720780358638,0.01903553299492386
HAM,2.0,99.166,Bahrain,2023,0.2220744680851064,2.3009320905459387,0.46808510638297873,0.043882978723404256,6.117021276595745,249.66666666666666,125.10524571283538,69.23452788159273,0.011968085106382979
HAM,3.0,99.22,Bahrain,2023,0.22296395193591456,2.342245989304813,0.417890520694259,0.07209612817089453,6.008010680907877,,125.35267618269089,69.62693777666814,0.012016021361815754
HAM,4.0,99.198,Bahrain,2023,0.20881971465629054,2.207792207792208,0.4293125810635538,0.04928664072632944,5.836575875486381,285.0,125.87045177483176,68.44875611385481,0.01297016861219196
HAM,5.0,99.335,Bahrain,2023,0.21552878179384202,2.32171581769437,0.4538152610441767,0.05622489959839357,5.35475234270415,251.66666666666666,120.92433337934354,69.48783055188709,0.014725568942436412
HAM,6.0,99.756,Bahrain,2023,0.21467391304347827,2.4136054421768707,0.43070652173913043,0.050271739130434784,6.657608695652175,309.0,125.13551041749615,69.11081546429966,0.004076086956521739
HAM,7.0,99.757,Bahrain,2023,0.2253711201079622,2.348648648648649,0.44534412955465585,0.03508771929824561,6.207827260458839,279.5,124.66687593362897,70.29176218256939,0.01349527665317139
HAM,8.0,100.267,Bahrain,2023,0.22987012987012986,2.306892067620286,0.42857142857142855,0.03636363636363636,5.844155844155844,231.0,122.92306266329824,67.9137272940819,0.014285714285714285
HAM,9.0,100.323,Bahrain,2023,0.22162162162162163,2.3545331529093367,0.45,0.031081081081081083,6.351351351351352,270.0,122.05449805521937,69.6010345109167,0.010810810810810811
HAM,10.0,100.289,Bahrain,2023,0.20485175202156333,2.375168690958165,0.4339622641509434,0.05256064690026954,7.142857142857142,221.74285714285713,122.81482907247286,67.8336564991433,0.006738544474393531
HAM,11.0,100.752,Bahrain,2023,0.21391076115485563,2.296977660972405,0.42650918635170604,0.051181102362204724,6.167979002624672,252.5,122.01621019632704,68.28209638001728,0.003937007874015748
HAM,14.0,98.308,Bahrain,2023,0.21109607577807848,2.3902439024390243,0.41948579161028415,0.05953991880920163,6.359945872801083,278.0,126.0487386028799,65.66630110721351,0.006765899864682003
HAM,15.0,98.527,Bahrain,2023,0.2291950886766712,2.3825136612021858,0.41609822646657574,0.05184174624829468,6.2755798090040935,,120.99042019954247,68.3171183690221,0.010914051841746248
HAM,16.0,98.617,Bahrain,2023,0.2193808882907133,2.3180592991913747,0.41318977119784656,0.06729475100942127,5.652759084791386,,117.17998553879065,67.28703489232997,0.006729475100942127
HAM,17.0,98.704,Bahrain,2023,0.21845318860244234,2.307065217391304,0.4260515603799186,0.05698778833107191,5.970149253731343,281.1249984,123.88063233729942,68.05611225744694,0.005427408412483039
HAM,18.0,98.69,Bahrain,2023,0.22236842105263158,2.27931488801054,0.42894736842105263,0.04868421052631579,5.7894736842105265,,121.49577059543788,68.06566310642711,0.005263157894736842
HAM,19.0,98.684,Bahrain,2023,0.20430107526881722,2.285329744279946,0.43010752688172044,0.04838709677419355,6.048387096774194,,122.96729990172165,67.88722369846735,0.002688172043010753
HAM,20.0,98.478,Bahrain,2023,0.2154255319148936,2.247669773635153,0.4441489361702128,0.05585106382978723,5.851063829787234,272.5,123.92916039385331,67.93083608871137,0.009308510638297872
HAM,21.0,98.581,Bahrain,2023,0.21352785145888595,2.252324037184595,0.4336870026525199,0.054376657824933686,5.968169761273209,,123.50320824806484,67.78503630347433,0.011936339522546418
HAM,22.0,98.46,Bahrain,2023,0.21891891891891893,2.3572395128552097,0.4297297297297297,0.052702702702702706,5.810810810810811,267.31111039999996,125.10643122928991,67.84289963762953,0.004054054054054054
HAM,23.0,98.384,Bahrain,2023,0.22359396433470508,2.368131868131868,0.4348422496570645,0.05075445816186557,5.761316872427984,,123.14821592015721,67.6288474707728,0.0054869684499314125
HAM,24.0,98.367,Bahrain,2023,0.21994535519125682,2.341997264021888,0.41120218579234974,0.05191256830601093,5.737704918032787,276.1833329777778,123.86459679500507,67.96636507557146,0.0
HAM,25.0,98.29,Bahrain,2023,0.21073825503355706,2.325268817204301,0.45234899328859063,0.05906040268456376,5.6375838926174495,240.76666453333334,122.54996743509592,68.57017618529792,0.0
HAM,26.0,98.339,Bahrain,2023,0.2145748987854251,2.2972972972972974,0.45614035087719296,0.048582995951417005,6.0728744939271255,289.5,127.3705961511759,68.68549598320939,0.004048582995951417
HAM,27.0,98.369,Bahrain,2023,0.2109479305740988,2.286096256684492,0.4739652870493992,0.05473965287049399,5.874499332443257,310.0,121.77725140473368,68.76966040154102,0.006675567423230975
HAM,28.0,98.265,Bahrain,2023,0.22013422818791947,2.2903225806451615,0.45234899328859063,0.052348993288590606,5.771812080536913,281.0812496,122.30964362613152,69.4209150382144,0.012080536912751677
HAM,29.0,98.38,Bahrain,2023,0.21997300944669365,2.3,0.47368421052631576,0.04723346828609987,6.882591093117409,,125.71844634012514,69.75534157968583,0.022941970310391364
HAM,30.0,101.175,Bahrain,2023,0.22551546391752578,2.4929032258064514,0.42010309278350516,0.05283505154639175,6.443298969072164,286.60000032,121.69350386709255,70.58484609884637,0.01288659793814433
HAM,32.0,97.563,Bahrain,2023,0.2225237449118046,2.317934782608696,0.41926729986431477,0.04748982360922659,5.291723202170964,303.0,124.35571915121618,66.5433266548158,0.0067842605156037995
HAM,33.0,97.549,Bahrain,2023,0.2193103448275862,2.3232044198895028,0.42758620689655175,0.0496551724137931,5.103448275862069,,113.50757263081586,66.86177919052273,0.004137931034482759
HAM,34.0,98.135,Bahrain,2023,0.2217741935483871,2.288021534320323,0.38844086021505375,0.05779569892473118,5.376344086021505,310.0,119.50713512176945,66.8180242243736,0.010752688172043012
HAM,35.0,96.831,Bahrain,2023,0.209366391184573,2.3337931034482757,0.44490358126721763,0.045454545454545456,5.647382920110193,,120.66868311464707,67.78464460957404,0.015151515151515152
HAM,36.0,96.546,Bahrain,2023,0.22070844686648503,2.300136425648022,0.4673024523160763,0.035422343324250684,6.130790190735695,,126.60713130182113,68.87798287622472,0.01907356948228883
HAM,37.0,97.388,Bahrain,2023,0.21997300944669365,2.354054054054054,0.4966261808367072,0.0310391363022942,6.882591093117409,253.78480823347562,125.70818732304785,69.76744430281994,0.010796221322537112
HAM,38.0,98.304,Bahrain,2023,0.23355704697986576,2.3306451612903225,0.4604026845637584,0.025503355704697986,6.442953020134229,275.0,118.82453658406241,72.14593148111221,0.01476510067114094
HAM,39.0,97.478,Bahrain,2023,0.24417009602194786,2.39010989010989,0.4513031550068587,0.038408779149519894,7.133058984910837,248.0,123.98716664678527,72.93851648716029,0.009602194787379973
HAM,40.0,97.494,Bahrain,2023,0.2388663967611336,2.3783783783783785,0.43724696356275305,0.03643724696356275,6.747638326585695,292.4500032,125.35422268953259,71.38814042267431,0.002699055330634278
HAM,42.0,97.061,Bahrain,2023,0.23374827109266944,2.3545706371191137,0.45228215767634855,0.040110650069156296,5.809128630705394,236.0,124.03332759555046,70.22060509981884,0.016597510373443983
HAM,43.0,97.111,Bahrain,2023,0.21331521739130435,2.3346938775510204,0.47282608695652173,0.04619565217391304,5.706521739130435,283.75,122.33339242572981,68.74397562220598,0.012228260869565218
HAM,44.0,97.048,Bahrain,2023,0.2106703146374829,2.345205479452055,0.4692202462380301,0.0533515731874145,6.019151846785226,241.0,123.5897154724754,69.75181707592112,0.009575923392612859
HAM,45.0,97.661,Bahrain,2023,0.23472222222222222,2.3421418636995828,0.4513888888888889,0.03333333333333333,6.25,,125.20849908071914,70.05045524780515,0.006944444444444444
HAM,46.0,97.779,Bahrain,2023,0.2288488210818308,2.4194444444444443,0.42302357836338417,0.036061026352288486,6.38002773925104,,122.58156008740303,74.16967614428195,0.006934812760055479
HAM,47.0,98.517,Bahrain,2023,0.25,2.4111888111888113,0.4483240223463687,0.046089385474860335,6.983240223463687,261.7648123259259,122.2779898300766,73.51418183777606,0.01675977653631285
HAM,48.0,97.844,Bahrain,2023,0.21798365122615804,2.3328785811732606,0.45095367847411444,0.043596730245231606,6.948228882833788,285.0,123.29954841054038,73.94060137671065,0.02316076294277929
HAM,49.0,97.954,Bahrain,2023,0.22546419098143236,2.2948207171314743,0.4389920424403183,0.05702917771883289,6.896551724137931,246.0194432,122.13341956449034,73.98898921056364,0.021220159151193633
HAM,50.0,97.77,Bahrain,2023,0.22330097087378642,2.375,0.4563106796116505,0.044382801664355064,6.51872399445215,255.5647302857143,124.23647395285832,73.26566223622329,0.011095700416088766
HAM,51.0,98.014,Bahrain,2023,0.22628726287262874,2.271370420624152,0.46747967479674796,0.032520325203252036,6.368563685636857,272.8978563657143,122.81585673754128,71.08193833684224,0.006775067750677507
HAM,52.0,97.803,Bahrain,2023,0.20383036935704515,2.3095890410958906,0.46511627906976744,0.047879616963064295,6.155950752393981,266.1222229333334,123.15416898761768,71.00104249884735,0.0
HAM,53.0,97.988,Bahrain,2023,0.21081081081081082,2.322056833558863,0.4445945945945946,0.05405405405405406,5.810810810810811,242.0,119.688849225297,71.48041110857822,0.006756756756756757
HAM,54.0,98.076,Bahrain,2023,0.21322537112010798,2.310810810810811,0.4574898785425101,0.04588394062078273,5.53306342780027,,120.55439913420375,71.1391535643424,0.012145748987854251
HAM,55.0,97.955,Bahrain,2023,0.2127659574468085,2.303595206391478,0.46675531914893614,0.04654255319148936,6.25,247.0,124.36306061817918,70.2094404261473,0.013297872340425532
HAM,56.0,98.111,Bahrain,2023,0.20345744680851063,2.263648468708389,0.4627659574468085,0.04654255319148936,6.382978723404255,255.22430737777776,123.62208841340474,70.6908551419928,0.011968085106382979
HAM,57.0,98.255,Bahrain,2023,0.21031746031746032,2.2513907284768213,0.46296296296296297,0.026455026455026454,6.481481481481481,252.0,125.29506555704289,70.75491538194798,0.003968253968253968
LEC,1.0,100.23,Bahrain,2023,0.22538860103626943,2.4468936433722437,0.4650259067357513,0.031088082901554404,7.383419689119171,265.0624992,122.53914317358326,68.55130603605203,0.022020725388601035
LEC,2.0,98.75,Bahrain,2023,0.2217741935483871,2.3922543754508747,0.46639784946236557,0.04973118279569892,6.720430107526881,272.5502225428571,127.46007254618843,67.92931308005083,0.0013440860215053765
LEC,3.0,98.658,Bahrain,2023,0.20505992010652463,2.3235444437333332,0.46604527296937415,0.041278295605858856,6.790945406125166,300.0,126.26237491009338,68.28678412473523,0.002663115845539281
LEC,4.0,98.825,Bahrain,2023,0.1906005221932115,2.2401606762527235,0.47911227154047,0.04960835509138381,6.005221932114883,284.5,127.39804569592583,68.21815448813774,0.0039164490861618795
LEC,5.0,98.664,Bahrain,2023,0.20671140939597316,2.3301327283154123,0.487248322147651,0.03355704697986577,6.577181208053691,261.14062533333333,128.96892144418865,68.4088389142766,0.021476510067114093
LEC,6.0,98.572,Bahrain,2023,0.18982118294360384,2.3829201101928374,0.4828060522696011,0.04676753782668501,7.015130674002751,268.825,126.98700903355937,68.4965246436295,0.0068775790921595595
LEC,7.0,98.691,Bahrain,2023,0.18614130434782608,2.3402456535752076,0.5067934782608695,0.036684782608695655,5.842391304347826,303.0,125.32250075488987,69.64150008387199,0.009510869565217392
LEC,8.0,98.614,Bahrain,2023,0.19973544973544974,2.1932707875791024,0.5052910052910053,0.03306878306878307,6.481481481481481,253.91607177142856,126.51410955558387,68.54813173412232,0.007936507936507936
LEC,9.0,98.828,Bahrain,2023,0.17768595041322313,2.430344827586207,0.48484848484848486,0.03856749311294766,6.749311294765841,245.36666773333334,125.31029221258453,69.15860697765828,0.0013774104683195593
LEC,10.0,99.073,Bahrain,2023,0.19093406593406592,2.324621733149931,0.4876373626373626,0.034340659340659344,6.043956043956044,272.5,124.71790742267578,69.71693665029008,0.005494505494505495
LEC,11.0,99.212,Bahrain,2023,0.20948616600790515,2.2058047493403694,0.48221343873517786,0.030303030303030304,6.587615283267458,241.0,125.2773865718355,68.46576307766027,0.006587615283267457
LEC,12.0,99.489,Bahrain,2023,0.2101740294511379,2.3351206434316354,0.4605087014725569,0.029451137884872823,6.425702811244979,256.3052085333333,123.44981481446237,69.62289325155727,0.008032128514056224
LEC,13.0,102.068,Bahrain,2023,0.2422279792746114,2.48378728923476,0.44689119170984454,0.019430051813471502,6.994818652849741,261.0234378,121.2052176425672,70.99998453236574,0.025906735751295335
LEC,15.0,98.477,Bahrain,2023,0.20759837177747625,2.354933763768116,0.4694708276797829,0.04613297150610583,6.512890094979647,265.0,126.82719925973402,68.46712067485939,0.0
LEC,16.0,97.953,Bahrain,2023,0.20516304347826086,2.323389213812763,0.45652173913043476,0.03804347826086957,7.065217391304348,258.0,128.13351973108203,70.14079036434381,0.005434782608695652
LEC,17.0,98.031,Bahrain,2023,0.22783083219645292,2.333772442779079,0.4693042291950887,0.03547066848567531,6.957708049113233,253.49999957333333,127.06092216265665,68.44202290322562,0.009549795361527967
LEC,18.0,97.798,Bahrain,2023,0.21381142098273573,2.225498670921986,0.5059760956175299,0.033200531208499334,6.108897742363878,228.0,127.58208849936587,68.17471763918635,0.005312084993359893
LEC,19.0,97.858,Bahrain,2023,0.1875,2.3651846445610625,0.4741847826086957,0.04619565217391304,6.521739130434782,,128.68168672584738,69.05379842271287,0.006793478260869565
LEC,20.0,97.631,Bahrain,2023,0.20027063599458728,2.3103174603174605,0.503382949932341,0.028416779431664412,5.818673883626523,270.2258063233515,128.7778250382042,67.39843646812874,0.006765899864682003
LEC,21.0,97.753,Bahrain,2023,0.2047872340425532,2.1651131824234353,0.5039893617021277,0.03324468085106383,5.851063829787234,275.1107069714286,125.33398216085844,70.03750418684821,0.007978723404255319
LEC,22.0,98.162,Bahrain,2023,0.20588235294117646,2.2580377074520306,0.5040106951871658,0.029411764705882353,6.550802139037433,258.0,126.64359405812114,69.59211265204354,0.016042780748663103
LEC,23.0,98.054,Bahrain,2023,0.19310344827586207,2.3891229274401473,0.526896551724138,0.037241379310344824,7.03448275862069,290.6499968,126.59455780975243,69.47773673614138,0.015172413793103448
LEC,24.0,97.972,Bahrain,2023,0.21095890410958903,2.3786854779395314,0.4794520547945205,0.030136986301369864,6.575342465753424,262.56499968,127.02025090235657,69.1625427482859,0.015068493150684932
LEC,25.0,98.541,Bahrain,2023,0.20647773279352227,2.289809621146957,0.48582995951417,0.04048582995951417,6.342780026990553,258.3777768296296,124.56355745290166,69.45012884086077,0.001349527665317139
LEC,26.0,99.668,Bahrain,2023,0.20451527224435592,2.2606382978723403,0.49667994687915007,0.01593625498007968,6.507304116865869,229.87857097142856,122.50816302898406,72.46847836759666,0.00796812749003984
LEC,27.0,98.814,Bahrain,2023,0.2456839309428951,2.2393617021276597,0.4648074369189907,0.0199203187250996,6.241699867197875,282.7791712,124.79445600087641,69.33494195357835,0.013280212483399735
LEC,28.0,98.618,Bahrain,2023,0.2124492557510149,2.2640631042973287,0.4871447902571042,0.04194857916102842,6.7658998646820026,287.2437488,126.4162215015844,69.56619265012655,0.014884979702300407
LEC,29.0,98.447,Bahrain,2023,0.2183288409703504,2.284914209215346,0.5080862533692723,0.013477088948787063,6.334231805929918,,125.60310617128704,70.02807780069087,0.0215633423180593
LEC,30.0,98.39,Bahrain,2023,0.2018348623853211,2.1863517060367452,0.4967234600262123,0.03407601572739188,6.028833551769332,281.0,125.8750904026707,69.26952943452704,0.00655307994757536
LEC,31.0,98.746,Bahrain,2023,0.19418758256274768,2.2566137566137567,0.5059445178335535,0.03038309114927345,6.472919418758257,,126.55402184962855,68.24538092668998,0.010568031704095112
LEC,32.0,98.948,Bahrain,2023,0.19811320754716982,2.2699055330634277,0.5,0.03773584905660377,6.60377358490566,292.0,125.20856435903767,69.87543109366912,0.01078167115902965
LEC,33.0,101.323,Bahrain,2023,0.21505376344086022,2.5141318977119784,0.47580645161290325,0.03225806451612903,6.854838709677419,239.62380952380954,122.43172383428121,70.98720116364198,0.021505376344086023
LEC,35.0,98.073,Bahrain,2023,0.18885869565217392,2.3883078247619047,0.44972826086956524,0.06657608695652174,6.385869565217392,262.75,127.9493712941718,67.59568460904761,0.0
LEC,36.0,97.313,Bahrain,2023,0.20433017591339647,2.3265582655826558,0.4722598105548038,0.04330175913396482,6.2246278755074425,298.0,129.47307425158402,68.48278358777938,0.005412719891745603
LEC,37.0,97.17,Bahrain,2023,0.1910569105691057,2.32157394843962,0.4742547425474255,0.04336043360433604,7.317073170731707,251.33333333333334,128.5416302264305,68.13764477833116,0.013550135501355014
LEC,38.0,97.17,Bahrain,2023,0.19054054054054054,2.362942199884013,0.4689189189189189,0.052702702702702706,6.756756756756757,261.4733539363804,128.2977911390806,68.08901343392569,0.006756756756756757
LEC,39.0,97.287,Bahrain,2023,0.20357634112792297,2.395021645021645,0.4649243466299862,0.04126547455295736,6.740027510316368,255.1781256,127.42181738143694,68.10572283727113,0.0041265474552957355
NOR,2.0,100.433,Bahrain,2023,0.23853211009174313,2.4111917651793524,0.418086500655308,0.0563564875491481,7.470511140235911,256.0776775771428,133.87893987173592,67.19911830358926,0.003931847968545216
NOR,3.0,99.777,Bahrain,2023,0.23404255319148937,2.343541944074567,0.44148936170212766,0.04920212765957447,7.180851063829788,252.57652810666667,131.48022922785574,68.4078450387045,0.0
NOR,5.0,100.664,Bahrain,2023,0.22324966974900926,2.3800981039858904,0.44914134742404227,0.034346103038309116,7.001321003963012,229.0,132.6195059087567,69.92497946818578,0.002642007926023778
NOR,6.0,100.814,Bahrain,2023,0.2222222222222222,2.4209595630384273,0.4190093708165997,0.07095046854082998,7.630522088353414,,129.31969898392342,68.51483855824243,0.0
NOR,7.0,100.726,Bahrain,2023,0.23076923076923078,2.480554053189189,0.4291497975708502,0.05263157894736842,7.6923076923076925,246.22242466909088,129.57727552281526,68.92705404306751,0.0
NOR,8.0,100.857,Bahrain,2023,0.2246469833119384,2.339229862553556,0.42362002567394097,0.055198973042362,6.675224646983311,285.18541386666664,130.64949564821737,67.71534547367744,0.0
NOR,9.0,100.783,Bahrain,2023,0.22267206477732793,2.5149718472072076,0.4318488529014845,0.059379217273954114,6.882591093117409,243.92,132.3847126474849,67.64321846087581,0.0
NOR,12.0,99.314,Bahrain,2023,0.2180349932705249,2.4179638368373766,0.414535666218035,0.06998654104979811,7.267833109017497,286.0535721142857,132.20232195050457,66.19189825364272,0.0
NOR,13.0,99.51,Bahrain,2023,0.21866666666666668,2.3996862479038716,0.41333333333333333,0.06266666666666666,6.800000000000001,,126.42686745421189,67.03573139273357,0.0
NOR,14.0,99.243,Bahrain,2023,0.21381142098273573,2.3950930855319146,0.4435590969455511,0.04780876494023904,6.772908366533864,228.44999936,125.67661429014522,67.52953466874085,0.005312084993359893
NOR,15.0,98.87,Bahrain,2023,0.2310866574965612,2.5084423779614324,0.45667125171939477,0.05364511691884457,6.87757909215956,261.5,125.14931103592374,67.96656343203907,0.002751031636863824
NOR,16.0,98.86,Bahrain,2023,0.22994652406417113,2.410168451941098,0.45187165775401067,0.0427807486631016,6.951871657754011,225.74999680000002,126.71557414502331,67.68315008416491,0.004010695187165776
NOR,17.0,101.501,Bahrain,2023,0.2245430809399478,2.4784313725490197,0.45822454308093996,0.048302872062663184,7.049608355091384,274.1875008,122.556726433473,69.48913546512405,0.0039164490861618795
NOR,19.0,97.966,Bahrain,2023,0.21921515561569688,2.4488587238611434,0.4140730717185386,0.056833558863328824,7.036535859269283,253.17142857142858,130.246436885495,65.77625650223823,0.0
NOR,20.0,98.345,Bahrain,2023,0.2325886990801577,2.405266682706767,0.4323258869908016,0.04993429697766097,6.57030223390276,282.0,129.37503123315207,66.46798125698423,0.002628120893561104
NOR,21.0,98.297,Bahrain,2023,0.22281879194630871,2.4188222443010754,0.4604026845637584,0.052348993288590606,6.97986577181208,280.2828547657143,125.69229894336631,68.47446076912428,0.0026845637583892616
NOR,22.0,98.908,Bahrain,2023,0.23392612859097128,2.408907534027397,0.46511627906976744,0.04514363885088919,6.839945280437757,,128.68399934877323,71.8118919318199,0.0
NOR,23.0,98.291,Bahrain,2023,0.21691678035470668,2.4628346998907102,0.46521145975443384,0.034106412005457026,6.548431105047749,255.0125024,130.0293852266812,69.79212205884157,0.005457025920873124
NOR,24.0,98.696,Bahrain,2023,0.21187584345479082,2.4243733098378377,0.44399460188933876,0.03508771929824561,6.612685560053981,,127.9833665599467,67.12253033975618,0.004048582995951417
NOR,25.0,98.447,Bahrain,2023,0.21195652173913043,2.5049914971428575,0.44157608695652173,0.04619565217391304,7.065217391304348,250.06527751111108,127.0998545722877,66.99898045425986,0.0
NOR,26.0,98.44,Bahrain,2023,0.22119205298013245,2.4217506631299734,0.4728476821192053,0.038410596026490065,6.622516556291391,226.0,125.22452475874772,68.02335836685548,0.0013245033112582781
NOR,27.0,100.973,Bahrain,2023,0.22985468956406868,2.5589101996472663,0.46499339498018494,0.03963011889035667,7.001321003963012,,122.07589456762396,69.2813410486326,0.005284015852047556
NOR,29.0,97.26,Bahrain,2023,0.2251655629139073,2.4280172409549072,0.45298013245033114,0.03443708609271523,6.754966887417218,229.68750144,130.47231341871228,67.15400734724867,0.0
NOR,30.0,97.605,Bahrain,2023,0.21208053691275167,2.4381720430107525,0.45234899328859063,0.052348993288590606,6.97986577181208,248.0,131.22618688314472,66.79785658429635,0.0026845637583892616
NOR,31.0,97.768,Bahrain,2023,0.22826086956521738,2.4591020408163264,0.46195652173913043,0.03940217391304348,7.065217391304348,288.0,127.51098831056089,68.16813619251344,0.005434782608695652
NOR,32.0,98.111,Bahrain,2023,0.2388888888888889,2.4694853963838663,0.4486111111111111,0.03333333333333333,6.944444444444445,245.0,126.77919271337136,69.30980468355514,0.008333333333333333
NOR,33.0,97.52,Bahrain,2023,0.2192513368983957,2.3708165997322626,0.45454545454545453,0.034759358288770054,6.8181818181818175,,125.545275838363,69.18048608329869,0.0053475935828877
NOR,34.0,97.987,Bahrain,2023,0.21798365122615804,2.451568894952251,0.4659400544959128,0.04223433242506812,7.084468664850137,287.0,126.60289625846276,68.45843591030885,0.004087193460490463
NOR,35.0,97.87,Bahrain,2023,0.22146739130434784,2.425476189750567,0.45516304347826086,0.036684782608695655,6.929347826086957,250.74930435555552,126.50279881236935,68.19797541483325,0.001358695652173913
NOR,36.0,99.886,Bahrain,2023,0.21858638743455497,2.5914482313674094,0.42277486910994766,0.03926701570680628,6.675392670157068,228.0,131.24369377446718,69.08911506640732,0.0013089005235602095
NOR,37.0,100.197,Bahrain,2023,0.24345549738219896,2.4311926605504586,0.4489528795811518,0.028795811518324606,6.675392670157068,230.0,123.6163214550756,70.53474224103367,0.003926701570680628
NOR,39.0,98.347,Bahrain,2023,0.2446524064171123,2.718105755930388,0.4157754010695187,0.045454545454545456,7.620320855614973,287.8999978666667,133.42391415625826,66.48301622336903,0.0066844919786096255
NOR,41.0,96.705,Bahrain,2023,0.2200557103064067,2.5592747559274756,0.49303621169916434,0.03064066852367688,6.685236768802229,270.9200008533333,128.93916876059484,67.93466761701045,0.002785515320334262
NOR,42.0,96.668,Bahrain,2023,0.2185792349726776,2.426812585499316,0.5068306010928961,0.040983606557377046,7.103825136612022,268.28265636000003,128.72142253493087,67.62024337426642,0.006830601092896175
NOR,43.0,96.687,Bahrain,2023,0.20055325034578148,2.3878116343490303,0.5145228215767634,0.05394190871369295,7.192254495159059,,127.19602558998282,68.69926802275783,0.0013831258644536654
NOR,44.0,97.219,Bahrain,2023,0.20723226703755215,2.417827298050139,0.521557719054242,0.04728789986091794,6.815020862308763,242.5,125.06075793070461,69.52209745929815,0.006954102920723227
NOR,45.0,97.426,Bahrain,2023,0.23184357541899442,2.427972027972028,0.48324022346368717,0.03212290502793296,6.843575418994413,,123.93147610604316,71.4522443246912,0.009776536312849162
NOR,46.0,97.656,Bahrain,2023,0.22937062937062938,2.53781512605042,0.48391608391608393,0.03496503496503497,7.2727272727272725,293.0,124.57280431459367,70.6473427193137,0.008391608391608392
NOR,47.0,100.433,Bahrain,2023,0.2553191489361702,2.466045272969374,0.4441489361702128,0.03324468085106383,7.579787234042554,257.33712096969697,122.87312134910573,74.53575367445377,0.005319148936170213
NOR,49.0,99.08,Bahrain,2023,0.2078272604588394,2.3954662157837836,0.3697705802968961,0.06612685560053981,7.557354925775979,228.54545454545453,135.86121476882144,64.81221535937722,0.002699055330634278
NOR,50.0,95.257,Bahrain,2023,0.20665742024965325,2.3694444444444445,0.5353675450762829,0.0319001386962552,7.212205270457697,244.0,129.56930861675636,67.68529718566828,0.005547850208044383
NOR,51.0,95.822,Bahrain,2023,0.2111888111888112,2.3949579831932772,0.5244755244755245,0.016783216783216783,7.1328671328671325,,126.46412141162126,68.67692474373368,0.005594405594405594
NOR,52.0,96.152,Bahrain,2023,0.22160664819944598,2.3828016643550622,0.5415512465373962,0.023545706371191136,7.479224376731302,251.10817959619047,127.16834546784193,68.62111217456012,0.0110803324099723
NOR,53.0,96.5,Bahrain,2023,0.22359396433470508,2.39010989010989,0.5281207133058985,0.015089163237311385,7.133058984910837,,124.95579007982191,69.6514556729168,0.0054869684499314125
NOR,54.0,99.789,Bahrain,2023,0.2549019607843137,2.4842931937172774,0.4470588235294118,0.02091503267973856,8.104575163398692,,125.62914421711054,70.40850031133928,0.006535947712418301
SAI,1.0,101.659,Bahrain,2023,0.2186700767263427,2.725992317541613,0.4079283887468031,0.03964194373401535,6.521739130434782,245.0,119.01334639660473,68.02281266212276,0.010230179028132993
SAI,2.0,98.933,Bahrain,2023,0.21657754010695188,2.3641231593038823,0.47192513368983957,0.05080213903743316,6.417112299465241,280.0,123.68037598641153,69.22148310879146,0.00267379679144385
SAI,3.0,99.042,Bahrain,2023,0.21837549933422104,2.336,0.47270306258322237,0.05725699067909454,5.9920106524633825,259.802999936,121.97525184210326,70.3728687577527,0.002663115845539281
SAI,4.0,98.985,Bahrain,2023,0.22337662337662337,2.2886866059817947,0.4779220779220779,0.04025974025974026,6.233766233766234,222.0,122.23788972383531,70.987059324775,0.00909090909090909
SAI,5.0,99.128,Bahrain,2023,0.20536912751677852,2.370967741935484,0.48322147651006714,0.049664429530201344,5.6375838926174495,249.0,123.15094734746364,71.3953012124137,0.004026845637583893
SAI,6.0,99.474,Bahrain,2023,0.21691678035470668,2.390710382513661,0.4829467939972715,0.03819918144611187,6.002728512960437,270.03095253333333,126.66785952559071,68.69170612591383,0.0068212824010914054
SAI,7.0,99.502,Bahrain,2023,0.2124492557510149,2.2872628726287263,0.4736129905277402,0.044654939106901215,5.953991880920163,225.0,123.78633496431203,69.94668065823946,0.0027063599458728013
SAI,8.0,99.779,Bahrain,2023,0.19245773732119636,2.2864583333333335,0.47074122236671,0.04811443433029909,5.721716514954486,278.4312496,122.99016914458933,68.70884322383456,0.0
SAI,9.0,99.744,Bahrain,2023,0.20081967213114754,2.4377564979480164,0.4713114754098361,0.040983606557377046,5.46448087431694,,124.85064792590055,68.27839705236168,0.00273224043715847
SAI,10.0,100.102,Bahrain,2023,0.19568151147098514,2.348648648648649,0.48582995951417,0.043184885290148446,5.263157894736842,234.0,124.60467017785348,68.83490354354922,0.002699055330634278
SAI,11.0,100.507,Bahrain,2023,0.21642764015645372,2.258485639686684,0.4745762711864407,0.03259452411994785,5.736636245110821,250.475,124.84086263610982,68.92197166014674,0.01303780964797914
SAI,12.0,100.52,Bahrain,2023,0.20717131474103587,2.3031914893617023,0.4634794156706507,0.05843293492695883,5.577689243027888,,123.31833322182092,68.95606726844618,0.006640106241699867
SAI,13.0,103.31,Bahrain,2023,0.23627075351213284,2.5076726342710995,0.44572158365261816,0.02554278416347382,5.874840357598978,223.80000768,117.46409561455529,70.70884645343807,0.017879948914431672
SAI,15.0,97.985,Bahrain,2023,0.20987654320987653,2.4450549450549453,0.4663923182441701,0.06995884773662552,5.486968449931413,264.0861112888889,126.90659637581875,67.32405751385313,0.0027434842249657062
SAI,16.0,98.433,Bahrain,2023,0.18867924528301888,2.4021592442645074,0.44070080862533695,0.0876010781671159,5.525606469002695,294.09166719999996,126.0193033905517,67.3307744762922,0.0013477088948787063
SAI,17.0,98.161,Bahrain,2023,0.18467852257181944,2.4164383561643836,0.46511627906976744,0.06155950752393981,5.06155950752394,303.0,126.4736898864902,67.3228966386772,0.0
SAI,18.0,98.287,Bahrain,2023,0.1928665785997358,2.335978835978836,0.46367239101717306,0.05812417437252312,6.07661822985469,260.5684635534509,126.61243226604358,67.95839797745819,0.0
SAI,19.0,98.21,Bahrain,2023,0.2,2.411366711772666,0.4851351351351351,0.06486486486486487,5.405405405405405,251.52499967999998,127.86625379048164,68.38003767637808,0.0
SAI,20.0,98.096,Bahrain,2023,0.20533333333333334,2.336448598130841,0.4866666666666667,0.050666666666666665,6.0,273.21249919999997,125.66419254370656,68.48372872514648,0.0026666666666666666
SAI,21.0,98.24,Bahrain,2023,0.1976127320954907,2.2974767596281542,0.48408488063660476,0.05968169761273209,5.702917771883289,239.33333333333334,125.11084247802049,68.39815979306714,0.003978779840848806
SAI,22.0,98.453,Bahrain,2023,0.20350404312668463,2.4345479082321186,0.4743935309973046,0.04043126684636118,5.929919137466308,289.0,124.31047330537567,68.9769526250016,0.004043126684636119
SAI,23.0,98.597,Bahrain,2023,0.19944979367262725,2.393939393939394,0.4855570839064649,0.04264099037138927,5.502063273727647,277.0,125.42444557802072,68.4709029753519,0.0041265474552957355
SAI,24.0,98.314,Bahrain,2023,0.1880108991825613,2.4256480218281036,0.5217983651226158,0.039509536784741145,5.722070844686648,260.5,126.23804335193645,67.94671648467661,0.006811989100817439
SAI,25.0,98.571,Bahrain,2023,0.2018842530282638,2.3557951482479784,0.49663526244952894,0.040376850605652756,5.787348586810229,231.5,126.03047620788432,68.80876556211135,0.0013458950201884253
SAI,26.0,98.331,Bahrain,2023,0.19163292847503374,2.3702702702702703,0.5006747638326585,0.03913630229419703,5.937921727395412,291.0,124.49989525759689,69.29892781929583,0.005398110661268556
SAI,27.0,98.423,Bahrain,2023,0.19946808510638298,2.3462050599201065,0.49069148936170215,0.05053191489361702,5.851063829787234,234.0,123.17180032614054,69.47646961218669,0.011968085106382979
SAI,28.0,98.474,Bahrain,2023,0.2214765100671141,2.3736559139784945,0.48456375838926175,0.02953020134228188,5.503355704697987,225.0,123.90208980076007,69.08921486335389,0.006711409395973154
SAI,29.0,98.55,Bahrain,2023,0.18867924528301888,2.283400809716599,0.5,0.04043126684636118,5.660377358490567,258.36458400000004,124.52449182398597,69.29912876636426,0.005390835579514825
SAI,30.0,98.601,Bahrain,2023,0.1816976127320955,2.2204515272244354,0.5172413793103449,0.054376657824933686,6.10079575596817,253.68333318095236,123.26850463070492,70.05682191464987,0.007957559681697613
SAI,31.0,101.274,Bahrain,2023,0.2362002567394095,2.525706940874036,0.47753530166880614,0.025673940949935817,6.161745827984596,258.5,121.1299636055768,70.80394791830045,0.012836970474967908
SAI,33.0,97.548,Bahrain,2023,0.17590027700831026,2.4993065187239942,0.4792243767313019,0.07479224376731301,6.094182825484765,,125.28984331841012,67.19430528332673,0.0
SAI,34.0,97.475,Bahrain,2023,0.1918918918918919,2.3843031123139378,0.45675675675675675,0.06891891891891892,5.9459459459459465,267.88314789187666,127.11071884580754,68.17982528165005,0.0
SAI,35.0,97.441,Bahrain,2023,0.1997264021887825,2.4356164383561643,0.46238030095759236,0.07387140902872777,5.471956224350205,257.17955103622495,126.65137020931002,68.50804351994977,0.004103967168262654
SAI,36.0,97.706,Bahrain,2023,0.17900403768506057,2.3692722371967654,0.4952893674293405,0.06594885598923284,5.652759084791386,228.6937536,126.26041268399798,68.61170229292686,0.0026917900403768506
SAI,37.0,97.13,Bahrain,2023,0.18243243243243243,2.408660351826793,0.5135135135135135,0.051351351351351354,5.540540540540541,294.21448695897726,128.85305254869414,67.96125898892407,0.004054054054054054
SAI,38.0,97.444,Bahrain,2023,0.1975642760487145,2.3712737127371275,0.4776725304465494,0.04871447902571042,5.953991880920163,239.42499946666666,125.5633404152656,68.58859532733399,0.0027063599458728013
SAI,39.0,97.403,Bahrain,2023,0.19421487603305784,2.4220689655172416,0.48622589531680444,0.0440771349862259,6.0606060606060606,274.0,125.95695284426573,69.74029588795402,0.004132231404958678
SAI,40.0,97.587,Bahrain,2023,0.192722371967655,2.3832658569500675,0.5,0.04851752021563342,5.929919137466308,240.0,124.54527440803336,69.27466033040216,0.0026954177897574125
SAI,42.0,97.375,Bahrain,2023,0.19944979367262725,2.4242424242424243,0.4855570839064649,0.04126547455295736,6.189821182943604,245.0,125.51175881759522,68.33755595645515,0.0041265474552957355
SAI,43.0,97.294,Bahrain,2023,0.20568335588633288,2.2601626016260163,0.5115020297699594,0.03247631935047361,5.953991880920163,246.0,125.9703563791853,68.47088698698917,0.005412719891745603
SAI,44.0,97.389,Bahrain,2023,0.22510231923601637,2.4836065573770494,0.48840381991814463,0.01637107776261937,5.866302864938609,288.5,124.46701154255798,69.28811270324262,0.019099590723055934
SAI,45.0,99.561,Bahrain,2023,0.24897959183673468,2.4277929155313354,0.4748299319727891,0.013605442176870748,7.07482993197279,239.0,117.55751216204386,72.5918095108321,0.01904761904761905
SAI,46.0,97.844,Bahrain,2023,0.2260748959778086,2.4166666666666665,0.478502080443828,0.04022191400832178,6.796116504854369,250.66666666666666,121.80272918005387,73.0276569594863,0.008321775312066574
SAI,47.0,98.222,Bahrain,2023,0.2338935574229692,2.5806451612903225,0.49299719887955185,0.025210084033613446,7.002801120448179,233.0,123.04377741039437,70.5604115359612,0.0070028011204481795
SAI,48.0,97.897,Bahrain,2023,0.20272108843537415,2.3678474114441417,0.4925170068027211,0.027210884353741496,5.850340136054422,252.3760416,122.88025703422232,70.37237220225342,0.00816326530612245
SAI,49.0,97.765,Bahrain,2023,0.2018716577540107,2.3346720214190095,0.4879679144385027,0.0374331550802139,6.016042780748663,263.0,123.89647076023381,70.24558131189735,0.008021390374331552
SAI,50.0,97.604,Bahrain,2023,0.1908713692946058,2.443213296398892,0.5034578146611342,0.048409405255878286,5.809128630705394,276.0,125.81549723457223,70.21262250850813,0.008298755186721992
SAI,51.0,97.672,Bahrain,2023,0.20708446866485014,2.398362892223738,0.49591280653950953,0.043596730245231606,6.267029972752043,246.0,125.75845468092261,69.6664187013437,0.014986376021798364
SAI,52.0,97.49,Bahrain,2023,0.1912568306010929,2.3830369357045145,0.48770491803278687,0.03825136612021858,5.737704918032787,,126.41677991217472,70.19307448578208,0.001366120218579235
SAI,53.0,97.66,Bahrain,2023,0.19293478260869565,2.410884353741497,0.48233695652173914,0.03804347826086957,5.978260869565218,245.312496,123.0308773709909,70.80056159486251,0.009510869565217392
SAI,54.0,97.694,Bahrain,2023,0.1956521739130435,2.470748299319728,0.4891304347826087,0.04483695652173913,5.434782608695652,262.3333333333333,125.6173136824408,70.2121347318111,0.006793478260869565
SAI,55.0,97.821,Bahrain,2023,0.18193891102257637,2.3643617021276597,0.50066401062417,0.04648074369189907,5.843293492695882,282.2366025627847,125.29038973823518,70.2456649175847,0.01195219123505976
SAI,56.0,98.126,Bahrain,2023,0.19866666666666666,2.4485981308411215,0.4786666666666667,0.03866666666666667,5.866666666666666,270.7250048,125.99385122369843,69.45217077817229,0.006666666666666667
SAI,57.0,98.021,Bahrain,2023,0.19815059445178335,2.365079365079365,0.48877146631439894,0.036988110964332896,5.812417437252312,273.5513873777778,124.47300434322773,70.0529175335885,0.010568031704095112
VER,1.0,99.019,Bahrain,2023,0.1968503937007874,2.5913272010512483,0.4343832020997375,0.06824146981627296,6.824146981627297,262.89999957333333,129.80274312600736,65.5233455255112,0.0026246719160104987
VER,2.0,97.974,Bahrain,2023,0.1951219512195122,2.417910447761194,0.42953929539295393,0.08807588075880758,5.826558265582656,,133.91878683005243,63.91124360165941,0.0
VER,3.0,98.006,Bahrain,2023,0.1903485254691689,2.2899328859060404,0.4571045576407507,0.08981233243967829,4.825737265415549,272.8107144727273,132.81338761756857,64.11815091318441,0.0
VER,4.0,97.976,Bahrain,2023,0.19235836627140976,2.2189973614775726,0.4782608695652174,0.07905138339920949,5.138339920948617,290.0,132.44807608493272,63.941673437359825,0.0
VER,5.0,98.035,Bahrain,2023,0.19838056680161945,2.291891891891892,0.45479082321187586,0.08367071524966262,4.8582995951417,282.5,130.69307489727143,64.85437292853845,0.0
VER,6.0,97.986,Bahrain,2023,0.20110192837465565,2.3420689655172415,0.44352617079889806,0.07713498622589532,5.785123966942149,273.0874976,131.7514646679129,64.85284937197444,0.0
VER,7.0,98.021,Bahrain,2023,0.19863013698630136,2.403292181069959,0.4534246575342466,0.08356164383561644,4.931506849315069,250.79607843137254,132.20696533775268,64.57067087877019,0.0
VER,8.0,98.154,Bahrain,2023,0.18958611481975968,2.336898395721925,0.4485981308411215,0.08277703604806408,4.672897196261682,296.0,133.21088837751765,64.95627233604606,0.0
VER,9.0,98.278,Bahrain,2023,0.20388349514563106,2.45,0.4576976421636616,0.06657420249653259,5.270457697642163,289.88749973333336,132.44476163527432,65.24416009943255,0.0
VER,10.0,98.369,Bahrain,2023,0.18930041152263374,2.4148351648351647,0.4513031550068587,0.0823045267489712,5.075445816186557,261.0,132.24183653153202,65.50526317346471,0.0
VER,11.0,98.483,Bahrain,2023,0.20505992010652463,2.3466666666666667,0.43142476697736354,0.085219707057257,4.660452729693742,255.0,130.19502067404437,66.50222506181748,0.0
VER,12.0,98.591,Bahrain,2023,0.19594594594594594,2.4032476319350473,0.4540540540540541,0.08378378378378379,4.324324324324325,270.0,130.47481681226284,66.40345391584134,0.0
VER,13.0,98.482,Bahrain,2023,0.1959731543624161,2.3736559139784945,0.4684563758389262,0.0738255033557047,4.563758389261745,275.1928557714286,132.46550233102138,64.97879745440986,0.0
VER,14.0,101.295,Bahrain,2023,0.22148541114058357,2.5604249667994687,0.40716180371352784,0.07161803713527852,5.039787798408488,259.5,130.14864374819845,66.96985246446273,0.003978779840848806
VER,16.0,97.801,Bahrain,2023,0.21052631578947367,2.3324324324324324,0.4358974358974359,0.0728744939271255,4.993252361673414,,132.78296568496302,64.38623445358301,0.0
VER,17.0,97.648,Bahrain,2023,0.2129120879120879,2.354883081155433,0.42857142857142855,0.07692307692307693,5.4945054945054945,226.0,134.05850017354896,64.55050927172579,0.0
VER,18.0,97.614,Bahrain,2023,0.216,2.2777036048064088,0.4186666666666667,0.08,5.333333333333334,284.0613081904762,130.8402190849513,64.55248890614048,0.0
VER,19.0,97.712,Bahrain,2023,0.20380434782608695,2.3346938775510204,0.4361413043478261,0.08831521739130435,5.298913043478261,,132.6755440643465,64.83403771427395,0.0
VER,20.0,97.788,Bahrain,2023,0.2127371273712737,2.412483039348711,0.43224932249322495,0.07181571815718157,5.149051490514905,280.8625,132.1516947379626,63.93925430254307,0.0
VER,21.0,97.582,Bahrain,2023,0.20822281167108753,2.2895086321381144,0.4297082228116711,0.06896551724137931,5.039787798408488,,130.69910495163845,64.95062782252695,0.0
VER,22.0,97.651,Bahrain,2023,0.21081081081081082,2.3301759133964817,0.43783783783783786,0.07162162162162163,5.540540540540541,279.0812496,132.51722221475742,64.73788326013415,0.0
VER,23.0,97.552,Bahrain,2023,0.21081830790568654,2.361111111111111,0.43966712898751736,0.07489597780859916,5.131761442441054,,131.45800540422928,64.58212511128035,0.0
VER,24.0,97.387,Bahrain,2023,0.19835841313269495,2.334246575342466,0.4432284541723666,0.08344733242134063,4.7879616963064295,227.0,132.1477947872896,65.93144597017881,0.0
VER,25.0,97.372,Bahrain,2023,0.19669876203576342,2.435261707988981,0.43878954607977994,0.08803301237964237,5.089408528198074,,131.13669096128635,64.70735626752486,0.0
VER,26.0,97.682,Bahrain,2023,0.20272108843537415,2.4168937329700273,0.4435374149659864,0.07482993197278912,5.442176870748299,,132.41878957188752,65.38298766144045,0.0
VER,27.0,97.379,Bahrain,2023,0.20675675675675675,2.3328822733423547,0.43243243243243246,0.08783783783783784,5.0,257.07857188571427,130.90024769316355,66.19513117283391,0.0
VER,28.0,97.651,Bahrain,2023,0.18741450068399454,2.3589041095890413,0.44049247606019154,0.08891928864569083,4.651162790697675,,132.6113003076917,66.12222550709457,0.0
VER,29.0,97.571,Bahrain,2023,0.2096128170894526,2.427807486631016,0.4445927903871829,0.08277703604806408,5.2069425901201605,231.48333302857142,131.073734359103,67.10252043726321,0.0
VER,30.0,97.549,Bahrain,2023,0.2,2.4218958611481978,0.44,0.068,5.6000000000000005,281.0,132.1871263425122,66.91333638901573,0.0
VER,31.0,97.431,Bahrain,2023,0.2018970189701897,2.4477611940298507,0.45121951219512196,0.06639566395663957,5.284552845528456,238.0,135.09982133871233,66.42464425221702,0.0
VER,32.0,97.691,Bahrain,2023,0.2080536912751678,2.389784946236559,0.45369127516778524,0.0697986577181208,5.23489932885906,257.7041648,133.47179494029015,66.93336817306334,0.0013422818791946308
VER,33.0,97.686,Bahrain,2023,0.2086230876216968,2.4707520891364902,0.4506258692628651,0.06536856745479833,5.006954102920723,278.0,131.3412214586749,67.43802298502457,0.0
VER,34.0,97.839,Bahrain,2023,0.1940700808625337,2.437246963562753,0.4555256064690027,0.07816711590296496,4.986522911051213,272.07291680000003,130.95769560195538,67.61662151250692,0.0013477088948787063
VER,35.0,97.85,Bahrain,2023,0.20463847203274216,2.431693989071038,0.4665757162346521,0.06957708049113233,5.457025920873124,251.1545472,129.36056836943646,68.84537335253225,0.004092769440654843
VER,36.0,100.964,Bahrain,2023,0.21596858638743455,2.564875491480996,0.4306282722513089,0.06675392670157068,5.2356020942408374,266.0,125.89228745278886,70.25508920280816,0.006544502617801047
VER,38.0,96.297,Bahrain,2023,0.19918144611186903,2.401639344262295,0.45702592087312416,0.07366984993178717,5.320600272851296,260.5,131.85680156962738,65.82498411061832,0.0
VER,39.0,96.446,Bahrain,2023,0.22283356258596973,2.3636363636363638,0.4401650618982118,0.061898211829436035,5.364511691884457,283.5,133.23273823942736,64.06512503964706,0.0041265474552957355
VER,40.0,96.942,Bahrain,2023,0.20516304347826086,2.3020408163265307,0.4388586956521739,0.09239130434782608,5.298913043478261,282.1125,132.2885970821291,63.98529195677709,0.0
VER,43.0,96.89,Bahrain,2023,0.2033195020746888,2.4238227146814406,0.44813278008298757,0.07192254495159059,5.532503457814661,255.02000191999997,133.88975687309932,65.10826946493708,0.0
VER,44.0,96.236,Bahrain,2023,0.19421487603305784,2.4275862068965517,0.45867768595041325,0.081267217630854,5.922865013774105,299.0,133.33298789614685,65.15304974078711,0.0027548209366391185
VER,45.0,97.015,Bahrain,2023,0.19808743169398907,2.3556771545827635,0.4262295081967213,0.06693989071038252,5.327868852459016,235.5,131.63818131830996,66.4205521387274,0.0
VER,46.0,96.701,Bahrain,2023,0.18627450980392157,2.409537166900421,0.4565826330532213,0.08543417366946779,5.322128851540616,258.4428571428572,134.6164097507576,65.72979512586025,0.0
VER,47.0,97.009,Bahrain,2023,0.18376068376068377,2.4593437945791727,0.41737891737891736,0.09829059829059829,5.698005698005698,245.0,132.67982200757916,66.65170364225254,0.0
VER,48.0,96.918,Bahrain,2023,0.20473537604456823,2.4769874476987446,0.4387186629526462,0.07938718662952646,5.2924791086350975,262.5294326856525,128.98461488572144,67.24079384773509,0.0
VER,49.0,96.962,Bahrain,2023,0.20027247956403268,2.3956343792633015,0.43460490463215257,0.09809264305177112,5.313351498637602,267.5,130.86130163682486,66.77354422734855,0.0013623978201634877
VER,50.0,97.25,Bahrain,2023,0.17349726775956284,2.4076607387140903,0.43989071038251365,0.09972677595628415,5.327868852459016,264.0,130.11880764281915,66.81597943491744,0.0
VER,51.0,97.427,Bahrain,2023,0.1936813186813187,2.3961485557083906,0.4409340659340659,0.08791208791208792,5.769230769230769,,131.50868795765268,65.82923138755048,0.0013736263736263737
VER,52.0,96.919,Bahrain,2023,0.1813186813186813,2.390646492434663,0.43543956043956045,0.10027472527472528,5.631868131868132,,132.9548555500073,65.9239688521896,0.0
VER,53.0,96.89,Bahrain,2023,0.1813186813186813,2.385144429160935,0.42445054945054944,0.12225274725274725,5.21978021978022,231.0,134.27631116833248,65.12350003747368,0.0
VER,54.0,96.678,Bahrain,2023,0.1991701244813278,2.3795013850415514,0.43568464730290457,0.09405255878284924,5.670816044260028,266.14249856,133.43640702711954,65.80091344377885,0.0
VER,55.0,96.322,Bahrain,2023,0.18528610354223432,2.3465211459754434,0.45776566757493187,0.10490463215258855,5.449591280653951,,134.35680108817945,66.69720029784268,0.0
VER,56.0,97.205,Bahrain,2023,0.1952191235059761,2.226063829787234,0.43691899070385126,0.09827357237715803,5.3120849933598935,282.0125002666667,127.15270059057573,66.09754542195445,0.0
VER,57.0,96.373,Bahrain,2023,0.20350404312668463,2.539811066126856,0.4811320754716981,0.07412398921832884,5.929919137466308,255.61944462222223,130.93830216365106,67.75423282769803,0.0
ALO,2.0,79.646,Monaco,2023,0.2759170653907496,3.31629392971246,0.2822966507177033,0.11483253588516747,7.017543859649122,199.0,112.37562980937521,64.32800055654118,0.003189792663476874
ALO,3.0,79.113,Monaco,2023,0.25901639344262295,3.498123755501997,0.27704918032786885,0.12786885245901639,7.540983606557377,268.0,112.42057651543386,64.05330853992066,0.001639344262295082
ALO,4.0,78.776,Monaco,2023,0.2897822445561139,3.4205413303679255,0.2914572864321608,0.09212730318257957,7.705192629815745,215.44999808,112.80724366406817,63.98552038534176,0.0
ALO,5.0,77.939,Monaco,2023,0.26229508196721313,3.558938834811166,0.26885245901639343,0.10491803278688525,7.704918032786885,,112.60903647356675,63.584233075472206,0.001639344262295082
ALO,6.0,77.952,Monaco,2023,0.2791095890410959,3.5233383355060033,0.2928082191780822,0.10787671232876712,7.534246575342466,208.0,115.88793992405806,64.01038080221092,0.0017123287671232876
ALO,7.0,77.505,Monaco,2023,0.2707275803722504,3.739830508474576,0.3062605752961083,0.10152284263959391,7.7834179357022,199.33333333333334,112.61996061885453,64.5933146895423,0.008460236886632826
ALO,8.0,77.391,Monaco,2023,0.2830508474576271,3.757215619694397,0.3,0.09152542372881356,7.627118644067797,189.4818970822402,116.90951140218094,64.49083830650953,0.01694915254237288
ALO,9.0,77.783,Monaco,2023,0.26218487394957984,3.725589225589226,0.3058823529411765,0.08571428571428572,6.722689075630252,246.4,110.72517247187746,65.2912184974366,0.013445378151260505
ALO,10.0,77.324,Monaco,2023,0.26837606837606837,3.702929304109589,0.30085470085470084,0.09401709401709402,7.863247863247863,213.0,114.67162584708072,64.72705829792652,0.006837606837606838
ALO,11.0,77.249,Monaco,2023,0.2730318257956449,3.6535055140939594,0.3015075376884422,0.09212730318257957,7.705192629815745,228.95416640000002,115.03342388567282,63.931972885420755,0.008375209380234505
ALO,12.0,77.588,Monaco,2023,0.261986301369863,3.934819897084048,0.2979452054794521,0.0958904109589041,7.363013698630137,278.0,112.2308877959979,64.33022744136105,0.003424657534246575
ALO,13.0,78.443,Monaco,2023,0.2888146911519199,3.5066889632107023,0.31886477462437396,0.07011686143572621,7.345575959933222,199.51,112.08010647644456,65.16277455863495,0.008347245409015025
ALO,14.0,77.508,Monaco,2023,0.2533557046979866,3.73781512605042,0.3053691275167785,0.09563758389261745,7.718120805369128,246.61770693333332,114.94878082679128,64.8263974109705,0.0050335570469798654
ALO,15.0,77.444,Monaco,2023,0.2689075630252101,3.5540193589225586,0.31092436974789917,0.09915966386554621,7.899159663865546,244.39166613333336,113.71156979773532,65.19163050922113,0.005042016806722689
ALO,16.0,77.17,Monaco,2023,0.2512479201331115,3.5131875013333334,0.3261231281198003,0.09151414309484193,8.153078202995008,229.17573056382108,111.9533161232931,65.34586146063849,0.004991680532445923
ALO,17.0,77.699,Monaco,2023,0.2727272727272727,3.5818015742177254,0.3063973063973064,0.09427609427609428,7.575757575757576,207.13749874285713,113.3265184661258,64.25088334495808,0.008417508417508417
ALO,18.0,77.528,Monaco,2023,0.24662162162162163,3.5549774390674935,0.32094594594594594,0.10304054054054054,7.601351351351352,186.0,113.82883575588201,64.98675079353389,0.0
ALO,19.0,77.258,Monaco,2023,0.26182432432432434,3.563176818950931,0.3108108108108108,0.0777027027027027,7.939189189189189,,113.2521153622774,65.29293182123956,0.005067567567567568
ALO,20.0,77.13,Monaco,2023,0.2635135135135135,3.543735194043993,0.3108108108108108,0.08108108108108109,8.277027027027026,231.68943753019607,113.10336995952511,64.71151918524247,0.0016891891891891893
ALO,21.0,77.664,Monaco,2023,0.27879799666110183,3.4812959871571905,0.3088480801335559,0.07512520868113523,7.512520868113523,,113.84723003815508,64.95241725799805,0.001669449081803005
ALO,22.0,77.947,Monaco,2023,0.2706896551724138,3.6099317276511242,0.30689655172413793,0.08793103448275862,7.758620689655173,278.0,111.68996515399132,64.89999745466392,0.017241379310344827
ALO,23.0,77.272,Monaco,2023,0.27938671209540034,3.7096408356484627,0.30153321976149916,0.09028960817717206,7.836456558773425,261.0,113.4601971788195,64.11387363089581,0.018739352640545145
ALO,24.0,77.285,Monaco,2023,0.27521367521367524,3.5702054794520546,0.30085470085470084,0.08888888888888889,7.863247863247863,238.66666666666666,113.81414786247373,64.89914037489226,0.015384615384615385
ALO,25.0,77.182,Monaco,2023,0.2542372881355932,3.679685906689304,0.3,0.09661016949152543,7.966101694915253,260.67333333333335,112.55383104095257,65.72795165530005,0.003389830508474576
ALO,26.0,77.141,Monaco,2023,0.27107438016528923,3.6716307962913906,0.31900826446280994,0.0743801652892562,7.933884297520661,203.11428297142857,115.12883023096902,65.49200404933742,0.011570247933884297
ALO,27.0,77.228,Monaco,2023,0.27627118644067794,3.6196943972835314,0.3050847457627119,0.08813559322033898,7.457627118644068,266.4,113.81963596308861,64.60329857215788,0.001694915254237288
ALO,28.0,77.562,Monaco,2023,0.2815699658703072,3.636292734358974,0.30716723549488056,0.07508532423208192,7.337883959044368,228.0,111.39731575172577,66.49289279794013,0.0
ALO,29.0,77.111,Monaco,2023,0.27348993288590606,3.576081933445378,0.2986577181208054,0.07550335570469799,7.046979865771812,257.9645834666667,113.75450361755095,64.94209832461475,0.0016778523489932886
ALO,30.0,76.965,Monaco,2023,0.282312925170068,3.6320272572402046,0.32653061224489793,0.08503401360544217,8.16326530612245,153.57414091034482,111.84015428828016,66.3881125242708,0.011904761904761904
ALO,31.0,77.259,Monaco,2023,0.27946127946127947,3.4908410630691398,0.30808080808080807,0.08080808080808081,7.744107744107744,,111.99229513859225,66.88802279771807,0.011784511784511785
ALO,32.0,77.637,Monaco,2023,0.30405405405405406,3.6271256338409477,0.30067567567567566,0.08108108108108109,7.939189189189189,238.42749952,111.05755266535533,66.18358852232477,0.010135135135135136
ALO,33.0,77.816,Monaco,2023,0.2636986301369863,3.606209262435678,0.3099315068493151,0.0958904109589041,7.705479452054795,233.96840576,112.28320496009837,66.8040567885967,0.011986301369863013
ALO,34.0,79.297,Monaco,2023,0.3016393442622951,3.4464367816091954,0.2786885245901639,0.08196721311475409,7.377049180327869,244.0,110.76536675396247,64.97182692031143,0.003278688524590164
ALO,35.0,78.634,Monaco,2023,0.2934426229508197,3.4679802955665027,0.30327868852459017,0.06721311475409836,7.377049180327869,219.3937472,112.7622021301539,66.37551578849471,0.004918032786885246
ALO,36.0,77.876,Monaco,2023,0.2991596638655462,3.5474642262626257,0.292436974789916,0.06890756302521009,7.899159663865546,234.0,111.04412803315637,66.16182246476716,0.021848739495798318
ALO,37.0,77.974,Monaco,2023,0.2925170068027211,3.583997018057922,0.3299319727891156,0.05952380952380952,7.993197278911565,214.5,115.4475374828503,65.89272801780977,0.006802721088435374
ALO,38.0,77.141,Monaco,2023,0.2730318257956449,3.533688128859061,0.3232830820770519,0.07705192629815745,8.207705192629817,226.7124928,114.64504730366983,65.06061068169095,0.008375209380234505
ALO,39.0,77.705,Monaco,2023,0.2773972602739726,3.600209048370498,0.3287671232876712,0.0958904109589041,7.705479452054795,240.0,111.94937619757044,66.34563681377593,0.015410958904109588
ALO,40.0,77.63,Monaco,2023,0.27586206896551724,3.6718480138169256,0.32068965517241377,0.07931034482758621,7.586206896551724,240.51428388571426,115.63153155263049,65.63388472067228,0.027586206896551724
ALO,41.0,77.016,Monaco,2023,0.26607142857142857,3.8274821113893855,0.35714285714285715,0.08035714285714286,8.214285714285714,224.0,111.9208421963931,67.1989415982908,0.014285714285714285
ALO,42.0,76.719,Monaco,2023,0.29338103756708406,3.929704302031064,0.3184257602862254,0.08228980322003578,8.050089445438283,138.0,112.79950461751348,66.38373289440064,0.01967799642218247
ALO,43.0,76.674,Monaco,2023,0.2810344827586207,3.852256041450777,0.32413793103448274,0.0603448275862069,7.758620689655173,228.66666666666666,112.92359193124,66.64033218919799,0.0
ALO,44.0,76.919,Monaco,2023,0.27008547008547007,3.695021168645358,0.3435897435897436,0.0735042735042735,8.205128205128204,240.0,112.44767189339368,67.06869908140851,0.0
ALO,45.0,76.862,Monaco,2023,0.281195079086116,3.7910455787167443,0.34797891036906853,0.061511423550087874,7.5571177504393665,225.36249737142856,112.89177911545097,67.08902073750002,0.0035149384885764497
ALO,46.0,77.114,Monaco,2023,0.27759197324414714,3.629815745393635,0.3411371237458194,0.07692307692307693,8.02675585284281,202.0,112.72807493487662,67.24912193804677,0.005016722408026756
ALO,47.0,77.108,Monaco,2023,0.26825127334465193,3.641156462585034,0.34295415959252973,0.0831918505942275,7.130730050933787,231.6984396,112.43597737713299,67.43603824693334,0.011884550084889643
ALO,48.0,76.931,Monaco,2023,0.2687813021702838,3.6103678929765888,0.335559265442404,0.08013355592654424,7.345575959933222,226.43476089904763,111.84808649034835,67.32352443284809,0.011686143572621035
ALO,49.0,76.992,Monaco,2023,0.2826086956521739,3.6822864321608035,0.32274247491638797,0.07859531772575251,7.6923076923076925,238.79999825454544,112.4903365437847,67.06186144818265,0.005016722408026756
ALO,50.0,77.408,Monaco,2023,0.2619047619047619,3.6971484192893906,0.3469387755102041,0.08503401360544217,7.653061224489796,232.02458149333333,109.27394332427356,67.95351058415326,0.003401360544217687
ALO,51.0,79.991,Monaco,2023,0.29716193656093487,3.547873059806578,0.2921535893155259,0.07512520868113523,7.512520868113523,242.59166613333332,108.17920859373032,66.77722861426967,0.01669449081803005
HAM,2.0,80.527,Monaco,2023,0.2868462757527734,3.4126984126984126,0.2393026941362916,0.09033280507131537,6.814580031695722,,111.15467057245655,62.54565155063676,0.00792393026941363
HAM,3.0,80.105,Monaco,2023,0.28038897893030795,3.4092068690166974,0.233387358184765,0.12641815235008103,6.645056726094004,,106.01165269888429,63.3568652664118,0.012965964343598054
HAM,4.0,79.356,Monaco,2023,0.26655629139072845,3.4857853543710022,0.22847682119205298,0.10596026490066225,6.788079470198675,269.0,110.41538436407957,63.23090905922556,0.004966887417218543
HAM,5.0,78.736,Monaco,2023,0.2601626016260163,3.436889328990228,0.21951219512195122,0.13983739837398373,6.341463414634147,,110.93827916214774,63.63561015768762,0.004878048780487805
HAM,6.0,78.958,Monaco,2023,0.25510204081632654,3.546422405451448,0.23979591836734693,0.1292517006802721,6.122448979591836,205.48570697142858,107.11742604853083,63.123691218897825,0.00510204081632653
HAM,7.0,78.651,Monaco,2023,0.2751235584843493,3.547854785478548,0.22075782537067545,0.09555189456342669,6.589785831960461,,109.30243825802889,63.689187416877886,0.004942339373970346
HAM,8.0,79.051,Monaco,2023,0.30333333333333334,3.5125208681135227,0.24,0.10666666666666667,6.833333333333333,220.775,109.19021939638785,64.58756658371897,0.008333333333333333
HAM,9.0,78.829,Monaco,2023,0.26421404682274247,3.403685092127303,0.23411371237458195,0.10367892976588629,5.68561872909699,260.04583253333334,109.6998289667814,64.39848375905369,0.0
HAM,10.0,78.173,Monaco,2023,0.2826086956521739,3.4673366834170856,0.23244147157190637,0.09364548494983277,6.856187290969899,268.5,110.2103958105773,62.97743888767044,0.008361204013377926
HAM,11.0,77.926,Monaco,2023,0.2809364548494983,3.4639865996649917,0.23076923076923078,0.09364548494983277,7.190635451505016,,108.61213909535786,63.051524302714945,0.008361204013377926
HAM,12.0,78.23,Monaco,2023,0.2991596638655462,3.643097643097643,0.21512605042016808,0.07394957983193277,7.0588235294117645,278.0,110.22438706763694,62.98755419437985,0.01680672268907563
HAM,13.0,78.084,Monaco,2023,0.2859560067681895,3.6001535959322037,0.24196277495769883,0.07952622673434856,6.768189509306261,,111.03765103817045,64.1399086530915,0.01015228426395939
HAM,14.0,78.422,Monaco,2023,0.2838283828382838,3.500676658512397,0.24092409240924093,0.10396039603960396,7.2607260726072615,264.0,109.36013016726412,63.613141888658255,0.01155115511551155
HAM,15.0,78.189,Monaco,2023,0.27740863787375414,3.4608985024958403,0.24086378737541528,0.0946843853820598,6.4784053156146175,,108.40571941800096,63.74371058464123,0.0049833887043189366
HAM,16.0,78.31,Monaco,2023,0.30449251247920134,3.3566666666666665,0.22462562396006655,0.07986688851913477,6.988352745424292,260.6749984,112.33122892723199,64.06023704994756,0.016638935108153077
HAM,17.0,78.254,Monaco,2023,0.271523178807947,3.482587064676617,0.2533112582781457,0.09602649006622517,6.788079470198675,221.14999808000002,110.38300806497816,64.82696878399801,0.008278145695364239
HAM,18.0,78.37,Monaco,2023,0.28762541806020064,3.5209380234505865,0.21070234113712374,0.11538461538461539,6.688963210702341,,107.89021429065801,63.96991426628287,0.010033444816053512
HAM,19.0,78.207,Monaco,2023,0.27212020033388984,3.4949832775919734,0.22537562604340566,0.1018363939899833,6.3439065108514185,,108.26887209937817,63.46514433149596,0.01001669449081803
HAM,20.0,78.121,Monaco,2023,0.2779605263157895,3.4761120263591434,0.22697368421052633,0.08717105263157894,6.743421052631579,265.0,106.17139264988211,64.42997834257422,0.014802631578947368
HAM,21.0,78.311,Monaco,2023,0.27521367521367524,3.5547945205479454,0.2222222222222222,0.08888888888888889,6.3247863247863245,,104.02958067997429,64.59738384232655,0.006837606837606838
HAM,22.0,77.393,Monaco,2023,0.2687074829931973,3.574105621805792,0.272108843537415,0.09523809523809523,6.63265306122449,,108.64408378909725,64.9142564865105,0.015306122448979591
HAM,23.0,78.053,Monaco,2023,0.29180887372013653,3.638173534656262,0.22866894197952217,0.08532423208191127,6.313993174061433,,107.02946359848848,64.90800495975056,0.013651877133105802
HAM,24.0,77.431,Monaco,2023,0.2739495798319328,3.5314284212560385,0.27563025210084036,0.0957983193277311,6.890756302521009,,108.80305966101771,65.53901726349865,0.013445378151260505
HAM,25.0,77.643,Monaco,2023,0.2785234899328859,3.5294117647058822,0.2634228187919463,0.08557046979865772,7.046979865771812,282.0,107.50355718956448,65.2796312744245,0.006711409395973154
HAM,26.0,77.716,Monaco,2023,0.27887788778877887,3.507438016528926,0.264026402640264,0.10066006600660066,6.435643564356436,,109.49760169383363,64.88270858898736,0.01485148514851485
HAM,27.0,77.322,Monaco,2023,0.29914529914529914,3.6780821917808217,0.2905982905982906,0.08547008547008547,7.0085470085470085,249.2,111.29481981666403,65.56177151498646,0.020512820512820513
HAM,28.0,77.334,Monaco,2023,0.28547297297297297,3.6446700507614214,0.30236486486486486,0.07432432432432433,6.756756756756757,203.0,109.31709177936739,65.91963066668905,0.02027027027027027
HAM,29.0,77.372,Monaco,2023,0.27899159663865547,3.6161616161616164,0.3092436974789916,0.07394957983193277,7.226890756302522,209.0,109.77373787703236,66.3361932411487,0.013445378151260505
HAM,30.0,77.742,Monaco,2023,0.2719594594594595,3.6345177664974617,0.2939189189189189,0.07432432432432433,6.587837837837837,243.10417066666668,109.44051903098651,65.70700609319506,0.02702702702702703
HAM,32.0,78.165,Monaco,2023,0.2697594501718213,3.892211706712565,0.3230240549828179,0.05154639175257732,7.0446735395189,,117.02543653516378,62.58293513747279,0.04639175257731959
HAM,33.0,75.65,Monaco,2023,0.2719449225473322,3.8551724137931034,0.3373493975903614,0.058519793459552494,7.573149741824441,230.87186880000002,112.74599934402974,65.45474757747834,0.03442340791738382
HAM,34.0,78.357,Monaco,2023,0.28213689482470783,3.498392836566332,0.2621035058430718,0.08347245409015025,7.345575959933222,199.0,107.28786048662914,66.2963914351916,0.01669449081803005
HAM,35.0,77.159,Monaco,2023,0.2981574539363484,3.5871830263982103,0.25795644891122277,0.08877721943048576,6.700167504187604,284.0,109.5731782491554,65.27618996979524,0.02512562814070352
HAM,36.0,77.688,Monaco,2023,0.29333333333333333,3.4023372287145244,0.24833333333333332,0.08666666666666667,6.5,,104.54416469073571,64.67746439701169,0.013333333333333334
HAM,37.0,77.711,Monaco,2023,0.2920203735144312,3.5374149659863945,0.24787775891341257,0.09847198641765705,7.30050933786078,,111.25111980329089,64.10555705038158,0.011884550084889643
HAM,38.0,77.167,Monaco,2023,0.27843803056027167,3.738095238095238,0.24108658743633277,0.11035653650254669,6.791171477079796,,109.22775576106089,64.6968474299268,0.010186757215619695
HAM,39.0,77.293,Monaco,2023,0.27652173913043476,3.64808362369338,0.2591304347826087,0.10086956521739131,6.782608695652175,203.0,108.43053705110556,64.61012725934988,0.0052173913043478265
HAM,40.0,76.962,Monaco,2023,0.256140350877193,3.768014059753954,0.2807017543859649,0.10175438596491228,7.017543859649122,283.0,107.3075608749214,65.94081429947417,0.008771929824561403
HAM,41.0,76.588,Monaco,2023,0.2841918294849023,3.829181494661922,0.2753108348134991,0.08170515097690942,7.282415630550622,185.0,112.40769460018177,65.72790527902234,0.019538188277087035
HAM,42.0,76.58,Monaco,2023,0.2887323943661972,3.82010582010582,0.27992957746478875,0.08098591549295775,7.394366197183098,273.0,107.54148137574688,65.93305555792425,0.017605633802816902
HAM,43.0,76.529,Monaco,2023,0.27806563039723664,3.698961937716263,0.2867012089810017,0.0846286701208981,6.90846286701209,266.312496,109.93678545499117,65.70371202344583,0.010362694300518135
HAM,44.0,76.88,Monaco,2023,0.2754385964912281,3.73286467486819,0.26666666666666666,0.08421052631578947,6.666666666666667,215.0,105.78380777956208,65.63264315782816,0.007017543859649123
HAM,45.0,78.833,Monaco,2023,0.287375415282392,3.437603993344426,0.19601328903654486,0.0946843853820598,6.312292358803987,,104.628768705693,63.877010323287955,0.009966777408637873
HAM,46.0,76.85,Monaco,2023,0.2910958904109589,3.632933104631218,0.2825342465753425,0.08047945205479452,5.821917808219178,,105.30158515984944,64.66226670660754,0.0136986301369863
HAM,47.0,76.257,Monaco,2023,0.27348993288590606,3.5899159663865547,0.28523489932885904,0.08557046979865772,7.046979865771812,287.0,106.77288812486164,65.7295717029086,0.018456375838926176
HAM,48.0,76.86,Monaco,2023,0.2478920741989882,3.5520270270270276,0.2580101180438449,0.11129848229342328,6.913996627318718,268.2062488,107.69350769182483,66.01628924260667,0.008431703204047217
HAM,49.0,76.781,Monaco,2023,0.25,3.5448739495798325,0.22986577181208054,0.13758389261744966,6.208053691275168,,108.0714643712823,65.83999343842498,0.013422818791946308
HAM,50.0,77.11,Monaco,2023,0.25609756097560976,3.863874345549738,0.23867595818815332,0.1132404181184669,6.794425087108014,215.0,110.19029265598881,65.40071244358451,0.0017421602787456446
HAM,51.0,78.294,Monaco,2023,0.3025210084033613,3.632996632996633,0.22857142857142856,0.07563025210084033,6.386554621848739,265.0,110.55148452931218,65.09732908232567,0.03529411764705882
LEC,2.0,80.549,Monaco,2023,0.3333333333333333,3.602074544697609,0.2938388625592417,0.05055292259083728,6.9510268562401265,207.12499839999998,113.54500769602924,64.90251068962084,0.018957345971563982
LEC,3.0,80.021,Monaco,2023,0.3262987012987013,3.708577234211382,0.2840909090909091,0.05519480519480519,7.305194805194805,254.78408756363638,111.69755194669226,66.0356242511967,0.01461038961038961
LEC,4.0,79.468,Monaco,2023,0.32727272727272727,3.6887417218543046,0.29256198347107437,0.04628099173553719,7.2727272727272725,,115.56439247529741,65.19952384707923,0.01818181818181818
LEC,5.0,78.837,Monaco,2023,0.3006535947712418,3.6333878887070377,0.3022875816993464,0.0718954248366013,7.18954248366013,246.33333333333334,114.14779271931744,66.03750177447986,0.011437908496732025
LEC,6.0,78.829,Monaco,2023,0.3089983022071307,3.8503401360544216,0.298811544991511,0.06960950764006792,7.30050933786078,217.0,115.0164678908938,65.45490448720722,0.022071307300509338
LEC,7.0,78.645,Monaco,2023,0.3074380165289256,3.7218543046357615,0.2958677685950413,0.07768595041322314,7.43801652892562,198.0,113.76439047890302,65.89348128478423,0.03140495867768595
LEC,8.0,79.165,Monaco,2023,0.31840796019900497,3.7176079734219267,0.3034825870646766,0.05472636815920398,7.2968490878938645,206.0,112.40938607359423,66.83233743158789,0.006633499170812604
LEC,9.0,78.809,Monaco,2023,0.34338358458961477,3.664429530201342,0.2864321608040201,0.04355108877721943,7.035175879396985,279.0,113.23769128350638,65.72418472398013,0.031825795644891124
LEC,10.0,78.219,Monaco,2023,0.34003350083752093,3.778523489932886,0.2897822445561139,0.04355108877721943,7.035175879396985,201.33333333333334,112.58279472225787,65.61246890920542,0.03350083752093802
LEC,11.0,78.162,Monaco,2023,0.324459234608985,3.6866666666666665,0.3161397670549085,0.04658901830282862,7.154742096505824,195.78541253333333,115.40412080378131,65.68954587210031,0.03161397670549085
LEC,12.0,78.15,Monaco,2023,0.30976430976430974,3.8954468802698146,0.2946127946127946,0.06228956228956229,7.4074074074074066,181.67333333333332,115.56946058457457,64.79739001543119,0.02356902356902357
LEC,13.0,78.018,Monaco,2023,0.30677966101694915,3.803056027164686,0.3169491525423729,0.04745762711864407,7.627118644067797,192.5,115.07790244098436,65.99574641009583,0.030508474576271188
LEC,14.0,78.394,Monaco,2023,0.3250825082508251,3.5669421487603308,0.30033003300330036,0.041254125412541254,6.9306930693069315,,113.19238797877573,66.1338544719796,0.019801980198019802
LEC,15.0,78.312,Monaco,2023,0.3101160862354892,3.5847176079734218,0.28524046434494194,0.029850746268656716,7.2968490878938645,206.0,114.02009095223673,66.21432541046502,0.029850746268656716
LEC,16.0,78.316,Monaco,2023,0.30960264900662254,3.611940298507463,0.304635761589404,0.04966887417218543,7.450331125827815,,114.38342943306462,66.59865661656694,0.018211920529801324
LEC,17.0,78.234,Monaco,2023,0.3034825870646766,3.60797342192691,0.30016583747927034,0.04643449419568822,7.131011608623548,202.5,113.89786117154387,66.86177841523273,0.03482587064676617
LEC,18.0,78.361,Monaco,2023,0.313758389261745,3.653781512605042,0.2751677852348993,0.050335570469798654,7.2147651006711415,240.062496,112.14249447864451,66.55063131226095,0.03355704697986577
LEC,19.0,78.19,Monaco,2023,0.2888146911519199,3.57190635451505,0.2988313856427379,0.045075125208681135,7.345575959933222,243.25000106666667,115.04836785769386,65.8805668107138,0.021702838063439065
LEC,20.0,78.365,Monaco,2023,0.2754098360655738,3.5566502463054186,0.3114754098360656,0.05573770491803279,7.049180327868852,229.5076918891036,113.77099335660495,66.99784850504034,0.013114754098360656
LEC,21.0,78.127,Monaco,2023,0.3213675213675214,3.7294520547945207,0.28717948717948716,0.03076923076923077,7.863247863247863,217.0,112.00089839193099,67.34534254820132,0.020512820512820513
LEC,22.0,77.886,Monaco,2023,0.2905405405405405,3.712351945854484,0.2972972972972973,0.04054054054054054,7.094594594594595,235.5,115.34811052901374,66.09563960122522,0.02533783783783784
LEC,23.0,77.922,Monaco,2023,0.3098106712564544,3.8344827586206898,0.29259896729776247,0.04819277108433735,7.228915662650602,269.20833066666665,112.85418066611828,66.89726848096937,0.020654044750430294
LEC,24.0,77.586,Monaco,2023,0.2842809364548495,3.7018425460636517,0.3010033444816054,0.05016722408026756,7.357859531772576,,113.14821970330124,66.75976455368699,0.021739130434782608
LEC,25.0,77.619,Monaco,2023,0.31155778894472363,3.6476510067114094,0.31993299832495814,0.023450586264656615,7.202680067001675,179.5,116.10844504135642,66.5714965083053,0.04020100502512563
LEC,26.0,77.879,Monaco,2023,0.3069306930693069,3.732231404958678,0.297029702970297,0.034653465346534656,7.2607260726072615,274.0,113.22611049083231,66.4055660175088,0.024752475247524754
LEC,27.0,77.602,Monaco,2023,0.2808798646362098,3.7178995153510894,0.3248730964467005,0.023688663282571912,6.768189509306261,229.0,113.39975526238756,68.09713430545533,0.021996615905245348
LEC,28.0,77.48,Monaco,2023,0.2876480541455161,3.7668462473607747,0.3164128595600677,0.04060913705583756,7.4450084602368864,203.25,115.8718826088093,66.00218953422147,0.02030456852791878
LEC,29.0,77.065,Monaco,2023,0.2866779089376054,3.7162162162162162,0.33389544688026984,0.048903878583473864,6.913996627318718,232.0,117.34059525204523,66.96710358348254,0.03204047217537943
LEC,30.0,77.559,Monaco,2023,0.3073005093378608,3.7733772680272106,0.31239388794567063,0.03735144312393888,6.960950764006792,212.5,115.44874163659408,65.8500931354856,0.03225806451612903
LEC,31.0,77.876,Monaco,2023,0.2995008319467554,3.7254236106666667,0.3194675540765391,0.029950083194675542,7.154742096505824,189.0,115.73939519952415,65.90299895219168,0.024958402662229616
LEC,32.0,77.282,Monaco,2023,0.28125,3.763478260869565,0.3246527777777778,0.043402777777777776,7.638888888888889,185.8938845559144,114.42187694065258,66.91064568050245,0.03125
LEC,33.0,77.163,Monaco,2023,0.28547297297297297,3.7106598984771573,0.3277027027027027,0.037162162162162164,6.925675675675675,231.56623248555618,114.95436136656198,66.6581747785237,0.03885135135135135
LEC,34.0,77.461,Monaco,2023,0.2733333333333333,3.622704507512521,0.3233333333333333,0.03666666666666667,7.000000000000001,,113.02745399118936,66.92246716378982,0.023333333333333334
LEC,35.0,77.467,Monaco,2023,0.27364864864864863,3.63069777056359,0.3310810810810811,0.02533783783783784,7.094594594594595,203.8916664888889,113.90978670692984,66.81190956426002,0.030405405405405407
LEC,36.0,77.491,Monaco,2023,0.3005008347245409,3.5957485244095624,0.35225375626043404,0.03171953255425709,7.178631051752922,219.0,114.8096274527193,67.1385090790341,0.03005008347245409
LEC,37.0,77.361,Monaco,2023,0.28547008547008546,3.6763698630136985,0.3333333333333333,0.046153846153846156,7.6923076923076925,226.9437472,115.59358393705818,66.30440933006217,0.05982905982905983
LEC,38.0,77.483,Monaco,2023,0.28739495798319326,3.638047138047138,0.31932773109243695,0.04201680672268908,7.394957983193278,238.0,114.4505532981431,66.14922557000463,0.04201680672268908
LEC,39.0,77.213,Monaco,2023,0.28347826086956524,3.8546312436701506,0.3339130434782609,0.04695652173913043,7.304347826086957,220.16468238911634,114.1403219000414,68.06617236213089,0.029565217391304348
LEC,40.0,77.237,Monaco,2023,0.2864583333333333,3.7860376802318845,0.3142361111111111,0.024305555555555556,7.291666666666667,213.0,112.99958132118512,67.15330179125708,0.024305555555555556
LEC,41.0,78.328,Monaco,2023,0.24607329842931938,3.9466258741258744,0.31762652705061084,0.04363001745200698,7.853403141361256,180.0,112.30306576286556,68.74557787975158,0.034904013961605584
LEC,42.0,77.801,Monaco,2023,0.29772329246935203,3.807017543859649,0.3117338003502627,0.03502626970227671,7.705779334500876,253.97032904686316,112.26907799981039,66.76208371066951,0.03502626970227671
LEC,43.0,78.451,Monaco,2023,0.2826086956521739,3.6167127305862645,0.3060200668896321,0.028428093645484948,7.190635451505016,190.0,115.49017743078564,66.24563421320616,0.026755852842809364
LEC,45.0,79.563,Monaco,2023,0.3011456628477905,3.6722028668852453,0.3158756137479542,0.027823240589198037,8.01963993453355,179.89107794285712,116.30303320322878,65.10278935125345,0.04091653027823241
LEC,46.0,75.773,Monaco,2023,0.30017452006980805,3.924825174825175,0.3699825479930192,0.031413612565445025,6.806282722513089,205.49000021333333,117.85471557254797,66.48548940436712,0.034904013961605584
LEC,47.0,76.358,Monaco,2023,0.31385642737896496,3.882943143812709,0.33889816360601,0.021702838063439065,7.512520868113523,233.05416497777776,118.15900399580181,65.87751070220739,0.02337228714524207
LEC,48.0,76.971,Monaco,2023,0.3102866779089376,3.679054054054054,0.3220910623946037,0.03035413153456998,7.082630691399664,205.5,116.0945471951025,66.27200817541828,0.025295109612141653
LEC,49.0,76.283,Monaco,2023,0.30067567567567566,3.6345177664974617,0.32094594594594594,0.02702702702702703,7.601351351351352,248.68889315555555,116.61919753974514,66.74201659902472,0.013513513513513514
LEC,50.0,75.956,Monaco,2023,0.2682060390763766,3.800711743772242,0.33570159857904086,0.0497335701598579,7.63765541740675,228.5750048,117.35978285036158,66.87715084600322,0.012433392539964476
LEC,51.0,77.017,Monaco,2023,0.3174872665534805,3.6802721088435373,0.31918505942275044,0.022071307300509338,7.6400679117147705,230.6642902857143,117.56214169637921,66.29411485532572,0.03225806451612903
NOR,2.0,81.61,Monaco,2023,0.2732919254658385,3.144634525660964,0.2127329192546584,0.18012422360248448,6.366459627329192,242.67361048888887,115.41536728580205,63.78939083635093,0.004658385093167702
NOR,3.0,80.396,Monaco,2023,0.25365853658536586,3.433224755700326,0.23414634146341465,0.17886178861788618,6.504065040650407,248.5,116.52474352932965,63.94138536585273,0.0
NOR,4.0,80.209,Monaco,2023,0.23809523809523808,3.536184210526316,0.21018062397372742,0.17733990147783252,6.075533661740558,,115.39098795684495,62.88500325585969,0.003284072249589491
NOR,5.0,79.502,Monaco,2023,0.24110032362459546,3.461912479740681,0.215210355987055,0.1796116504854369,6.148867313915858,,117.89156398895283,63.556802841472475,0.0
NOR,6.0,79.045,Monaco,2023,0.2483221476510067,3.7176470588235295,0.2600671140939597,0.16275167785234898,6.375838926174497,229.8,116.19381285524476,63.082517976729804,0.0
NOR,7.0,78.652,Monaco,2023,0.2545454545454545,3.615894039735099,0.2462809917355372,0.15206611570247933,6.776859504132231,,117.40012826694702,64.46165989534771,0.006611570247933884
NOR,8.0,78.651,Monaco,2023,0.25549915397631134,3.549152542372881,0.22673434856175972,0.14213197969543148,6.768189509306261,186.0,117.17819672735467,64.39053411249579,0.0
NOR,9.0,79.065,Monaco,2023,0.26611570247933886,3.609271523178808,0.20826446280991737,0.15867768595041323,6.446280991735537,270.0,117.19793156019475,63.322297190104685,0.003305785123966942
NOR,10.0,79.053,Monaco,2023,0.24917491749174916,3.613223140495868,0.22112211221122113,0.17326732673267325,5.775577557755775,242.89250432,117.55399479482956,63.65541845249045,0.013201320132013201
NOR,11.0,79.148,Monaco,2023,0.26567656765676567,3.6231404958677684,0.21782178217821782,0.1485148514851485,6.435643564356436,208.0,117.85857642402267,64.37371117769878,0.0033003300330033004
NOR,12.0,80.277,Monaco,2023,0.25122349102773245,3.9411764705882355,0.19902120717781402,0.1500815660685155,6.525285481239804,,118.75272976441794,60.492689574394504,0.004893964110929853
NOR,13.0,78.978,Monaco,2023,0.24873949579831933,3.6094276094276094,0.24705882352941178,0.146218487394958,6.386554621848739,225.0,117.12988597868333,64.60996596482607,0.005042016806722689
NOR,14.0,78.856,Monaco,2023,0.2586490939044481,3.3894389438943895,0.2273476112026359,0.15650741350906094,7.0840197693574956,270.0,117.58717174719334,63.76130182860347,0.011532125205930808
NOR,15.0,78.855,Monaco,2023,0.24546952224052718,3.4818481848184817,0.2273476112026359,0.1515650741350906,6.260296540362438,185.0,117.09471856550867,64.80987110552138,0.0
NOR,16.0,78.988,Monaco,2023,0.26108374384236455,3.536184210526316,0.25287356321839083,0.1412151067323481,6.403940886699508,226.6083328,115.67241681140555,65.72553787106763,0.006568144499178982
NOR,17.0,78.937,Monaco,2023,0.24013157894736842,3.459637561779242,0.26644736842105265,0.14473684210526316,6.25,,115.7333427970313,65.99340700337306,0.009868421052631578
NOR,18.0,79.01,Monaco,2023,0.25370675453047775,3.4785478547854787,0.2471169686985173,0.14827018121911037,6.425041186161449,283.0,116.09649788104251,65.54001221223355,0.009884678747940691
NOR,19.0,79.504,Monaco,2023,0.24302134646962234,3.6052631578947367,0.24958949096880131,0.14942528735632185,6.075533661740558,227.79464182857143,115.6788939623401,64.63297981334429,0.006568144499178982
NOR,20.0,78.985,Monaco,2023,0.25245901639344265,3.5238095238095237,0.28524590163934427,0.16229508196721312,6.229508196721312,204.32812560000002,115.15823639693613,64.40408724939759,0.011475409836065573
NOR,21.0,79.074,Monaco,2023,0.2715008431703204,3.516891891891892,0.25295109612141653,0.1399662731871838,6.239460370994941,204.0,115.49952965781763,65.1347628969721,0.00505902192242833
NOR,22.0,78.882,Monaco,2023,0.2550335570469799,3.566386554621849,0.25838926174496646,0.12919463087248323,6.208053691275168,221.0,115.91531777866025,65.71771673648975,0.010067114093959731
NOR,23.0,78.657,Monaco,2023,0.2188034188034188,3.506849315068493,0.26324786324786326,0.15897435897435896,6.666666666666667,,114.28643682484568,65.53912261664914,0.015384615384615385
NOR,24.0,78.681,Monaco,2023,0.2561576354679803,3.473684210526316,0.29064039408866993,0.13628899835796388,6.239737274220033,213.0,116.28783783572214,65.53426647478986,0.0016420361247947454
NOR,25.0,78.78,Monaco,2023,0.25779967159277506,3.411184210526316,0.28078817733990147,0.13464696223316913,6.239737274220033,242.5,116.99926607100805,65.44675661174051,0.0049261083743842365
NOR,26.0,79.067,Monaco,2023,0.25205930807248766,3.3465346534653464,0.28665568369028005,0.15980230642504117,5.436573311367381,,117.3602658953985,65.28032921403499,0.023064250411861616
NOR,27.0,79.109,Monaco,2023,0.2369281045751634,3.4566284779050735,0.2777777777777778,0.17647058823529413,6.372549019607843,220.0,113.83889721708147,66.30618641151051,0.013071895424836602
NOR,28.0,78.771,Monaco,2023,0.23154362416107382,3.4285714285714284,0.27181208053691275,0.17114093959731544,5.87248322147651,185.0,114.7199095910296,65.9234781334482,0.003355704697986577
NOR,29.0,78.906,Monaco,2023,0.22913256955810146,3.442622950819672,0.2864157119476268,0.16366612111292964,5.400981996726677,246.0,116.51322621204743,65.98280743626421,0.009819967266775777
NOR,30.0,78.568,Monaco,2023,0.24033613445378152,3.5993265993265995,0.28403361344537814,0.14453781512605043,6.050420168067227,242.76993125905332,115.20673614889576,66.67189827962224,0.0016806722689075631
NOR,31.0,78.454,Monaco,2023,0.25370675453047775,3.5181518151815183,0.27677100494233936,0.15321252059308071,5.601317957166392,,115.9794185089928,65.55060586486815,0.004942339373970346
NOR,32.0,77.914,Monaco,2023,0.2367066895368782,3.670103092783505,0.3276157804459691,0.137221269296741,5.660377358490567,274.5,116.41238505618813,66.3702893710182,0.017152658662092625
NOR,33.0,78.042,Monaco,2023,0.23450586264656617,3.610738255033557,0.3082077051926298,0.1474036850921273,5.527638190954774,176.0,118.26317716623717,66.4245650502234,0.010050251256281407
NOR,34.0,78.026,Monaco,2023,0.24040066777963273,3.5551839464882944,0.2921535893155259,0.14357262103505844,6.51085141903172,209.73000192,114.68583574321892,67.29027115300057,0.00667779632721202
NOR,35.0,78.192,Monaco,2023,0.24212271973466004,3.395348837209302,0.2885572139303483,0.14925373134328357,6.301824212271974,,116.10925675999935,66.44315496723378,0.003316749585406302
NOR,36.0,78.05,Monaco,2023,0.2621035058430718,3.5652173913043477,0.27879799666110183,0.12687813021702837,6.010016694490818,223.0,114.68181927957822,66.6022677935385,0.0
NOR,37.0,78.303,Monaco,2023,0.2239057239057239,3.5379426644182126,0.3063973063973064,0.15993265993265993,5.723905723905724,178.4292984,114.70312975307766,67.0502385204767,0.005050505050505051
NOR,38.0,78.214,Monaco,2023,0.24455611390284757,3.4966442953020134,0.2897822445561139,0.135678391959799,6.532663316582915,272.0,116.83713521572652,66.95531968372379,0.010050251256281407
NOR,39.0,78.151,Monaco,2023,0.22508591065292097,3.6144578313253013,0.2972508591065292,0.15463917525773196,7.0446735395189,,115.33055354552657,67.84526987512933,0.001718213058419244
NOR,40.0,78.529,Monaco,2023,0.22837370242214533,3.604852686308492,0.2750865051903114,0.16608996539792387,6.228373702422145,214.4999978666667,113.9209414523898,66.6936979383745,0.005190311418685121
NOR,41.0,78.409,Monaco,2023,0.22916666666666666,3.648695652173913,0.2777777777777778,0.1684027777777778,6.25,,113.16162231780962,67.65733229320999,0.012152777777777778
NOR,42.0,78.149,Monaco,2023,0.23924268502581755,3.5827586206896553,0.27538726333907054,0.1514629948364888,6.884681583476763,213.33333333333334,115.63351001741738,66.54058069274222,0.0051635111876075735
NOR,43.0,78.045,Monaco,2023,0.23599320882852293,3.510204081632653,0.27504244482173174,0.15959252971137522,6.791171477079796,266.0,113.26587904054279,66.54701379430422,0.006791171477079796
NOR,44.0,77.991,Monaco,2023,0.23793103448275862,3.609671848013817,0.296551724137931,0.15862068965517243,7.241379310344828,230.19523900952382,114.98241205046511,66.63907535406142,0.008620689655172414
NOR,45.0,77.862,Monaco,2023,0.23880597014925373,3.471760797342193,0.30514096185737977,0.1625207296849088,6.135986733001658,233.28831782464647,113.10228135724049,66.8449651125364,0.004975124378109453
NOR,46.0,77.844,Monaco,2023,0.22241086587436332,3.5170068027210886,0.28862478777589134,0.15959252971137522,6.112054329371817,191.0,113.4815065534295,66.74295355165539,0.0
NOR,47.0,78.234,Monaco,2023,0.24177631578947367,3.443163097199341,0.2993421052631579,0.14638157894736842,6.4144736842105265,189.0,115.42598113400736,66.5567672812109,0.0
NOR,48.0,78.297,Monaco,2023,0.22549019607843138,3.397708674304419,0.27450980392156865,0.16666666666666666,6.372549019607843,248.28552391269747,116.07167831142233,66.14912129010955,0.0032679738562091504
NOR,49.0,78.152,Monaco,2023,0.23460898502495842,3.433333333333333,0.3194675540765391,0.15141430948419302,6.4891846921797,,113.14779450994338,67.7300682879353,0.024958402662229616
SAI,2.0,80.593,Monaco,2023,0.314873417721519,3.613312202852615,0.26424050632911394,0.06487341772151899,6.329113924050633,217.69999957333334,112.12870615761946,63.5756680894388,0.012658227848101266
SAI,3.0,79.958,Monaco,2023,0.32954545454545453,3.5934959349593494,0.288961038961039,0.037337662337662336,6.1688311688311686,203.0,111.56224936345785,64.42730375156738,0.022727272727272728
SAI,4.0,79.482,Monaco,2023,0.3201320132013201,3.6165289256198347,0.2871287128712871,0.052805280528052806,6.270627062706271,182.85872626858304,112.59128577977425,64.80429747022485,0.02145214521452145
SAI,5.0,78.723,Monaco,2023,0.3278955954323002,3.6013071895424837,0.2822185970636215,0.05872756933115824,6.36215334420881,,113.23416702460091,64.54928807173737,0.01631321370309951
SAI,6.0,78.764,Monaco,2023,0.32597623089983024,3.7789115646258504,0.3174872665534805,0.042444821731748725,6.621392190152801,206.0,113.38349850813802,64.71643682504744,0.030560271646859084
SAI,7.0,78.697,Monaco,2023,0.3333333333333333,3.617940199335548,0.30845771144278605,0.04975124378109453,6.965174129353234,243.0,112.84188911455827,63.82099451810679,0.026533996683250415
SAI,8.0,78.637,Monaco,2023,0.30333333333333334,3.622704507512521,0.285,0.07333333333333333,6.5,219.0,110.7352583821173,66.53840091029511,0.02
SAI,9.0,78.306,Monaco,2023,0.3468013468013468,3.767284991568297,0.3047138047138047,0.04713804713804714,6.397306397306397,167.50278712126777,112.30933445634362,65.55132138220685,0.037037037037037035
SAI,10.0,78.07,Monaco,2023,0.3210702341137124,3.6716917922948076,0.30267558528428096,0.05351170568561873,6.521739130434782,248.33333333333334,114.22311592528206,64.68315085399931,0.02508361204013378
SAI,11.0,78.265,Monaco,2023,0.34442595673876875,3.7466666666666666,0.2928452579034942,0.036605657237936774,7.154742096505824,232.0,115.21686288959066,64.88400033704174,0.048252911813643926
SAI,12.0,78.947,Monaco,2023,0.3427620632279534,3.8533333333333335,0.2795341098169717,0.03826955074875208,6.4891846921797,277.0,113.40180740207634,64.23306635315524,0.019966722129783693
SAI,13.0,78.286,Monaco,2023,0.33559322033898303,3.66044142614601,0.3152542372881356,0.0423728813559322,6.779661016949152,191.5,112.73143192830082,65.54439626566024,0.022033898305084745
SAI,14.0,78.107,Monaco,2023,0.3150912106135987,3.740863787375415,0.2935323383084577,0.04809286898839138,6.135986733001658,211.45125023999998,112.23010719263789,65.53313361582185,0.026533996683250415
SAI,15.0,77.883,Monaco,2023,0.3194675540765391,3.72,0.30615640599001664,0.03826955074875208,6.988352745424292,,115.17088483227475,66.44574282759434,0.024958402662229616
SAI,16.0,78.239,Monaco,2023,0.33222591362126247,3.670549084858569,0.30066445182724255,0.03820598006644518,6.64451827242525,212.0,110.79036732748433,66.87821116313287,0.02823920265780731
SAI,17.0,78.36,Monaco,2023,0.30564784053156147,3.590682196339434,0.2973421926910299,0.06478405315614617,5.813953488372093,245.0,112.32754497051313,66.3671505838185,0.014950166112956811
SAI,18.0,78.178,Monaco,2023,0.3210702341137124,3.6683417085427137,0.30434782608695654,0.043478260869565216,5.852842809364549,205.0,113.27985930173308,65.68098626051498,0.020066889632107024
SAI,19.0,77.999,Monaco,2023,0.32274247491638797,3.7554438860971526,0.3110367892976589,0.05016722408026756,6.856187290969899,263.7500032,113.5146838429208,66.09268047923938,0.021739130434782608
SAI,20.0,78.032,Monaco,2023,0.31518151815181517,3.5966942148760332,0.30528052805280526,0.04785478547854786,6.6006600660066,214.82250124799998,112.13908715647776,66.26051364172287,0.0165016501650165
SAI,21.0,78.006,Monaco,2023,0.3190394511149228,3.8625429553264605,0.3053173241852487,0.0548885077186964,6.689536878216123,271.0535707428571,112.2941969306442,66.44050939268892,0.02058319039451115
SAI,22.0,78.007,Monaco,2023,0.311336717428088,3.9457627118644067,0.3130287648054145,0.038917089678511,7.2758037225042305,,113.55256449690847,66.35296466105926,0.01015228426395939
SAI,23.0,78.006,Monaco,2023,0.31462585034013607,3.8091993185689947,0.3078231292517007,0.047619047619047616,6.462585034013606,,113.5588543806988,66.07520390688815,0.025510204081632654
SAI,24.0,77.912,Monaco,2023,0.3098827470686767,3.664429530201342,0.3132328308207705,0.04355108877721943,6.700167504187604,213.01339474285714,111.61617600602929,66.49207734973969,0.020100502512562814
SAI,25.0,77.464,Monaco,2023,0.3063973063973064,3.8279932546374367,0.3451178451178451,0.045454545454545456,6.7340067340067336,212.13333333333333,112.74364577639449,67.03631088111344,0.026936026936026935
SAI,26.0,77.366,Monaco,2023,0.30132450331125826,3.767827529021559,0.33112582781456956,0.052980132450331126,6.125827814569536,239.50520906666665,113.64361887157862,66.48533236859656,0.018211920529801324
SAI,27.0,77.318,Monaco,2023,0.3333333333333333,3.8047945205479454,0.3162393162393162,0.039316239316239315,6.837606837606838,279.0,112.82637767094354,66.19503576906226,0.02564102564102564
SAI,28.0,77.316,Monaco,2023,0.32491582491582494,3.81787521079258,0.33164983164983164,0.02356902356902357,7.23905723905724,235.9730286401404,115.27354791273797,65.63396999956638,0.013468013468013467
SAI,29.0,77.171,Monaco,2023,0.31864406779661014,3.9490662139219017,0.3338983050847458,0.0288135593220339,5.932203389830509,171.03250176,115.69213797485918,66.18968802128785,0.030508474576271188
SAI,30.0,77.22,Monaco,2023,0.3050847457627119,3.969439728353141,0.33728813559322035,0.04406779661016949,7.118644067796611,209.51047721931036,114.5575410139038,65.73448454016685,0.023728813559322035
SAI,31.0,77.465,Monaco,2023,0.3411371237458194,3.775544388609715,0.3377926421404682,0.026755852842809364,6.521739130434782,141.0,115.34220707871403,65.71203213444619,0.04180602006688963
SAI,32.0,77.18,Monaco,2023,0.3086206896551724,3.917098445595855,0.3448275862068966,0.04655172413793104,6.551724137931035,198.0,113.57171648157934,66.89472798043874,0.032758620689655175
SAI,34.0,80.767,Monaco,2023,0.3268608414239482,3.7795786061588332,0.2928802588996764,0.0372168284789644,5.9870550161812295,200.0,115.09747971330479,63.49146107269819,0.030744336569579287
SAI,35.0,76.628,Monaco,2023,0.3288135593220339,3.789473684210526,0.3101694915254237,0.03559322033898305,6.610169491525424,220.0,117.07074782430311,65.26139363759684,0.01694915254237288
SAI,36.0,77.979,Monaco,2023,0.3211920529801324,3.6185737976782755,0.31125827814569534,0.04304635761589404,6.456953642384105,202.0,113.08499128419196,66.23488832578735,0.009933774834437087
SAI,37.0,77.565,Monaco,2023,0.2981260647359455,3.887372013651877,0.32538330494037476,0.04088586030664395,5.621805792163544,206.2,112.74075442950996,67.05665079702888,0.017035775127768313
SAI,38.0,76.786,Monaco,2023,0.303236797274276,3.8532423208191124,0.3390119250425894,0.030664395229982964,7.155025553662692,271.7111104,114.19420934719186,66.37103620740058,0.010221465076660987
SAI,39.0,77.175,Monaco,2023,0.3095652173913043,3.8536585365853657,0.3339130434782609,0.03826086956521739,6.956521739130435,246.0,114.16668334071299,65.70789841029031,0.02608695652173913
SAI,40.0,77.023,Monaco,2023,0.30823117338003503,3.9403508771929823,0.3327495621716287,0.04553415061295972,6.304728546409807,,116.08955933796754,66.20748960139856,0.010507880910683012
SAI,41.0,76.651,Monaco,2023,0.30728241563055064,4.088967971530249,0.32326820603907636,0.04085257548845471,7.104795737122557,,116.28466159374615,66.38224013745634,0.02486678507992895
SAI,42.0,76.467,Monaco,2023,0.30973451327433627,4.0,0.3380530973451327,0.04070796460176991,7.256637168141593,253.5,114.58384882800893,66.19064970488593,0.03008849557522124
SAI,43.0,76.449,Monaco,2023,0.31841652323580033,3.793103448275862,0.3476764199655766,0.04819277108433735,6.712564543889846,213.22666922666667,114.46269142204495,67.12496447265096,0.03098106712564544
SAI,44.0,77.76,Monaco,2023,0.30103806228373703,3.8232235701906414,0.31833910034602075,0.058823529411764705,6.920415224913495,,112.59957960476194,67.66603546721129,0.01384083044982699
SAI,45.0,77.146,Monaco,2023,0.2979452054794521,3.9039451114922814,0.3321917808219178,0.0273972602739726,6.678082191780822,211.0,114.47725120201225,66.6494097789068,0.00684931506849315
SAI,46.0,77.22,Monaco,2023,0.3164128595600677,3.7322033898305085,0.32656514382402707,0.043993231810490696,6.091370558375635,220.83333333333334,112.30250017480796,67.06143180599892,0.021996615905245348
SAI,47.0,76.732,Monaco,2023,0.3093645484949833,3.9061976549413737,0.3311036789297659,0.038461538461538464,7.023411371237458,274.0,114.6722375818307,66.52283165479251,0.015050167224080268
SAI,48.0,76.561,Monaco,2023,0.32033898305084746,3.701188455008489,0.3220338983050847,0.02711864406779661,7.118644067796611,230.75,114.01879670073308,67.43404493854774,0.023728813559322035
SAI,49.0,77.014,Monaco,2023,0.3088480801335559,3.789297658862876,0.328881469115192,0.05175292153589316,6.51085141903172,,113.16463428314789,66.72705499364184,0.025041736227045076
SAI,50.0,76.917,Monaco,2023,0.31130434782608696,4.038327526132404,0.3182608695652174,0.05217391304347826,6.956521739130435,238.5,111.74624348106035,67.51602669488459,0.02434782608695652
SAI,51.0,79.013,Monaco,2023,0.34731543624161076,3.6941176470588237,0.2785234899328859,0.03859060402684564,6.208053691275168,218.68095481904763,111.96895025378612,66.52966557435698,0.0436241610738255
VER,2.0,79.367,Monaco,2023,0.23671497584541062,3.3,0.24798711755233493,0.1497584541062802,5.152979066022544,,118.11476435872586,61.67414832072414,0.00322061191626409
VER,3.0,79.074,Monaco,2023,0.265905383360522,3.310457516339869,0.27569331158238175,0.14192495921696574,5.383360522022838,238.5312496,116.33034157147162,62.45921313096592,0.0032626427406199023
VER,4.0,78.129,Monaco,2023,0.25506756756756754,3.563451776649746,0.2516891891891892,0.14864864864864866,6.418918918918918,262.1499968,116.4455817578675,61.65964938127252,0.0
VER,5.0,78.019,Monaco,2023,0.2360655737704918,3.4745484400656816,0.2721311475409836,0.1540983606557377,5.573770491803279,180.1562496,120.90128497988218,61.63243899280947,0.003278688524590164
VER,6.0,77.64,Monaco,2023,0.2689655172413793,3.5854922279792745,0.2637931034482759,0.12241379310344827,6.379310344827586,229.84374933333334,118.777726022664,61.086440044751185,0.0034482758620689655
VER,7.0,77.633,Monaco,2023,0.24620573355817876,3.47972972972973,0.2799325463743676,0.13490725126475547,6.745362563237774,255.08,118.00498744907748,61.707335812890506,0.0
VER,8.0,77.397,Monaco,2023,0.2516891891891892,3.5905245346869714,0.28040540540540543,0.14695945945945946,6.25,,117.96908880789445,61.894241032727,0.0033783783783783786
VER,9.0,77.031,Monaco,2023,0.2547008547008547,3.6027397260273974,0.28547008547008546,0.13333333333333333,6.837606837606838,231.0,119.68596883374107,61.12017930688109,0.0017094017094017094
VER,10.0,77.084,Monaco,2023,0.2453151618398637,3.5665529010238908,0.293015332197615,0.14310051107325383,6.643952299829642,205.0,118.06957017233138,61.98500918327147,0.0
VER,11.0,76.858,Monaco,2023,0.23986486486486486,3.6040609137055837,0.2956081081081081,0.15202702702702703,6.587837837837837,,118.1033038190844,62.36468164928181,0.010135135135135136
VER,12.0,76.993,Monaco,2023,0.2508591065292096,3.6179001721170394,0.29037800687285226,0.140893470790378,6.529209621993128,,117.10589461053121,62.57078380776152,0.0
VER,13.0,77.434,Monaco,2023,0.2516891891891892,3.786802030456853,0.26182432432432434,0.12837837837837837,5.912162162162162,241.0,119.2047221281282,60.4270593326941,0.006756756756756757
VER,14.0,77.065,Monaco,2023,0.23559322033898306,3.636672325976231,0.2864406779661017,0.16101694915254236,6.271186440677965,198.39642971428572,120.50652348057926,62.08546105530927,0.0
VER,15.0,77.079,Monaco,2023,0.24067796610169492,3.6264855687606112,0.2830508474576271,0.1440677966101695,6.610169491525424,236.97812679999998,118.59792502617798,62.01682435376165,0.0
VER,16.0,76.824,Monaco,2023,0.25,3.5459098497495827,0.2916666666666667,0.14666666666666667,6.5,219.4750048,120.16463658613613,63.24870922166375,0.0
VER,17.0,76.86,Monaco,2023,0.24444444444444444,3.636986301369863,0.294017094017094,0.13675213675213677,7.0085470085470085,226.38518471111112,117.82371689225107,63.49288056377315,0.003418803418803419
VER,18.0,76.712,Monaco,2023,0.25254237288135595,3.6061120543293717,0.29152542372881357,0.13050847457627118,6.440677966101695,245.66666666666666,118.98517836075702,62.63903466303767,0.0
VER,19.0,76.823,Monaco,2023,0.24701873935264054,3.627986348122867,0.28620102214650767,0.141396933560477,6.303236797274275,179.0,118.38593111277916,63.19367520511141,0.0068143100511073255
VER,20.0,77.214,Monaco,2023,0.2529313232830821,3.5604026845637584,0.2847571189279732,0.1390284757118928,6.532663316582915,237.5,116.55952243157614,63.747485700705894,0.0016750418760469012
VER,21.0,76.803,Monaco,2023,0.25463743676222594,3.581081081081081,0.29679595278246207,0.1281618887015177,6.408094435075886,,118.70022221648581,62.80275744347271,0.003372681281618887
VER,22.0,76.659,Monaco,2023,0.2530755711775044,3.7288732394366195,0.3022847100175747,0.13708260105448156,7.029876977152901,167.82111618385093,117.5699806144747,64.70306042843734,0.0017574692442882249
VER,23.0,76.604,Monaco,2023,0.24740484429065743,3.8370883882149047,0.31141868512110726,0.1314878892733564,6.5743944636678195,154.5624997818182,118.95444039200885,64.35551757095757,0.005190311418685121
VER,24.0,76.798,Monaco,2023,0.25894378194207834,3.696245733788396,0.29642248722316866,0.11754684838160136,6.814310051107325,203.0,118.86839886061722,63.34798954922916,0.0017035775127768314
VER,25.0,77.183,Monaco,2023,0.2597623089983022,3.5884353741496597,0.298811544991511,0.12903225806451613,7.130730050933787,246.0,116.24780408580634,64.35896786760715,0.001697792869269949
VER,26.0,77.212,Monaco,2023,0.24587458745874588,3.484297520661157,0.2887788778877888,0.15016501650165018,6.6006600660066,249.0,116.09621554899621,64.60600351073515,0.0
VER,27.0,77.259,Monaco,2023,0.25,3.677530017152659,0.2962328767123288,0.1386986301369863,7.363013698630137,268.5,116.74254976117291,65.1349387191745,0.005136986301369863
VER,28.0,77.77,Monaco,2023,0.24873096446700507,3.5966101694915253,0.28426395939086296,0.14890016920473773,6.937394247038917,,115.76118255670164,65.79329909440126,0.005076142131979695
VER,29.0,78.001,Monaco,2023,0.265,3.652754590984975,0.29833333333333334,0.14666666666666667,6.333333333333334,162.5,115.43482804630116,65.38681600066278,0.008333333333333333
VER,30.0,78.16,Monaco,2023,0.2683333333333333,3.626043405676127,0.2816666666666667,0.12833333333333333,7.333333333333333,219.0,113.57225014991496,65.93084210840794,0.008333333333333333
VER,31.0,78.741,Monaco,2023,0.24543946932006633,3.488372093023256,0.28524046434494194,0.15422885572139303,6.633499170812604,234.0,115.10272503940661,65.0931054021959,0.006633499170812604
VER,32.0,78.816,Monaco,2023,0.2786885245901639,3.4745484400656816,0.2901639344262295,0.10983606557377049,7.377049180327869,,116.55981586144983,65.21852901716143,0.003278688524590164
VER,33.0,78.946,Monaco,2023,0.27474402730375425,3.651282051282051,0.29180887372013653,0.12286689419795221,6.655290102389079,,114.48456937095641,64.81636005106415,0.0034129692832764505
VER,34.0,78.044,Monaco,2023,0.24212271973466004,3.5714285714285716,0.2902155887230514,0.12271973466003316,6.633499170812604,,117.13513908015871,64.30381760532977,0.003316749585406302
VER,35.0,78.024,Monaco,2023,0.24792013311148087,3.64,0.2895174708818636,0.1314475873544093,6.821963394342761,242.33333333333334,117.06925927161798,65.45940359220477,0.013311148086522463
VER,36.0,77.974,Monaco,2023,0.25418060200668896,3.681742043551089,0.2993311036789298,0.15384615384615385,7.190635451505016,,116.3163867106349,64.30361090234754,0.006688963210702341
VER,37.0,77.273,Monaco,2023,0.2585616438356164,3.639794168096055,0.3047945205479452,0.13527397260273974,7.363013698630137,232.33333333333334,116.82096978300558,64.29108191391205,0.0
VER,38.0,77.122,Monaco,2023,0.224283305227656,3.7466216216216215,0.32377740303541314,0.13827993254637436,6.745362563237774,215.35476358095238,117.09716156039647,64.3713914445052,0.003372681281618887
VER,39.0,76.966,Monaco,2023,0.2440273037542662,3.72991452991453,0.2986348122866894,0.14846416382252559,6.996587030716723,,117.7643697500096,64.86322676730812,0.010238907849829351
VER,40.0,77.161,Monaco,2023,0.2323943661971831,3.7742504409171076,0.29401408450704225,0.15845070422535212,7.746478873239436,197.33333333333334,118.33651494635355,64.77437042281645,0.0
VER,41.0,76.944,Monaco,2023,0.24381625441696114,3.8584070796460175,0.30212014134275617,0.12897526501766785,7.243816254416961,216.33333333333334,118.07199738971953,64.36621413948458,0.0
VER,42.0,76.8,Monaco,2023,0.26071428571428573,3.8461538461538463,0.29642857142857143,0.14107142857142857,7.142857142857142,173.35,117.64362368783478,66.26043450855711,0.0035714285714285713
VER,43.0,76.963,Monaco,2023,0.24742268041237114,3.882960413080895,0.29553264604810997,0.13745704467353953,7.216494845360824,237.82015251040986,116.80874816300383,65.44808120261368,0.0
VER,44.0,76.722,Monaco,2023,0.22719449225473323,3.8344827586206898,0.31497418244406195,0.13253012048192772,6.884681583476763,202.61428906666666,119.43087013752168,64.15332326620921,0.0034423407917383822
VER,45.0,76.701,Monaco,2023,0.2703180212014134,3.752212389380531,0.31095406360424027,0.10600706713780919,6.890459363957597,228.32605973415593,118.30277705863568,64.97166562482481,0.0017667844522968198
VER,46.0,77.075,Monaco,2023,0.24833333333333332,3.619365609348915,0.325,0.12833333333333333,6.333333333333334,221.00418490712764,117.60572349612978,66.41470296820721,0.005
VER,47.0,77.16,Monaco,2023,0.24232081911262798,3.6444444444444444,0.32081911262798635,0.12116040955631399,6.655290102389079,229.79270888888888,117.68361186696075,65.62475972110563,0.0
VER,48.0,77.065,Monaco,2023,0.2628951747088186,3.6,0.3178036605657238,0.12146422628951747,6.322795341098169,237.0035721142857,118.2243814062971,66.2292859294875,0.0033277870216306157
VER,49.0,77.428,Monaco,2023,0.24172185430463577,3.5323383084577116,0.30960264900662254,0.15728476821192053,6.456953642384105,232.63333352727273,116.05615506838664,66.79842003408537,0.0033112582781456954
VER,50.0,77.314,Monaco,2023,0.23946037099494097,3.625,0.3086003372681282,0.12647554806070826,6.745362563237774,271.0,115.76231498114447,66.94643680829198,0.003372681281618887
VER,51.0,77.427,Monaco,2023,0.2676056338028169,3.81657848324515,0.29401408450704225,0.10915492957746478,7.042253521126761,,117.0898829227675,65.60337910167699,0.0
ALO,2.0,94.419,Silverstone,2023,0.15637860082304528,2.8873626373626373,0.5486968449931413,0.07544581618655692,5.761316872427984,288.5140624,127.64409638288856,68.32990678841024,0.0054869684499314125
ALO,3.0,93.424,Silverstone,2023,0.16991643454038996,2.7698744769874475,0.5306406685236769,0.04596100278551532,5.710306406685237,254.0,127.81932243279901,70.08274783649975,0.0
ALO,4.0,93.156,Silverstone,2023,0.17777777777777778,2.787204450625869,0.5263888888888889,0.04722222222222222,5.694444444444445,291.07499946666667,129.26465109052617,71.73997211800891,0.006944444444444444
ALO,5.0,94.157,Silverstone,2023,0.1690340909090909,2.9046941678520626,0.5511363636363636,0.04971590909090909,5.5397727272727275,267.0,127.68071098790466,68.78754358835693,0.014204545454545454
ALO,6.0,94.636,Silverstone,2023,0.15782312925170067,2.9482288828337873,0.5782312925170068,0.04353741496598639,5.442176870748299,283.01388622222225,127.07458251390278,69.27442064805108,0.005442176870748299
ALO,7.0,94.645,Silverstone,2023,0.16991643454038996,2.903765690376569,0.5543175487465181,0.037604456824512536,5.2924791086350975,263.0,126.77908359661954,69.56595308764607,0.0
ALO,8.0,94.019,Silverstone,2023,0.16017316017316016,2.8583815028901736,0.5656565656565656,0.044733044733044736,5.483405483405483,270.35,127.82997106303607,69.46047430344454,0.002886002886002886
ALO,9.0,93.657,Silverstone,2023,0.15226939970717424,2.903225806451613,0.5622254758418741,0.043923865300146414,5.563689604685212,283.0,126.40346863357651,69.87823050473301,0.004392386530014641
ALO,10.0,93.711,Silverstone,2023,0.1512481644640235,2.929411764705882,0.5653450807635829,0.042584434654919234,5.726872246696035,237.18499456,127.90433435070483,69.11702808327799,0.002936857562408223
ALO,11.0,93.737,Silverstone,2023,0.1442857142857143,2.772532188841202,0.5471428571428572,0.047142857142857146,5.714285714285714,231.97856365714284,126.9701419952381,69.94530527866264,0.0014285714285714286
ALO,12.0,93.951,Silverstone,2023,0.16061452513966482,2.7216783216783216,0.5684357541899442,0.03910614525139665,5.4469273743016755,227.0229152,125.8577362473808,70.02399582714635,0.009776536312849162
ALO,13.0,93.565,Silverstone,2023,0.16246498599439776,2.788218793828892,0.5658263305322129,0.049019607843137254,5.46218487394958,240.08573074285715,125.60959038526686,70.19465694073658,0.0028011204481792717
ALO,14.0,93.88,Silverstone,2023,0.16619718309859155,2.710860366713681,0.5704225352112676,0.038028169014084505,5.915492957746479,,126.92074021869061,70.27057957600354,0.011267605633802818
ALO,15.0,93.736,Silverstone,2023,0.1599443671766342,2.487465181058496,0.5744089012517385,0.04728789986091794,5.006954102920723,272.5229181333333,125.80197432971755,70.24824829204695,0.004172461752433936
ALO,16.0,93.437,Silverstone,2023,0.15164520743919885,2.71919770773639,0.586552217453505,0.05007153075822604,5.436337625178827,224.5,127.72564434725128,70.39026283595695,0.002861230329041488
ALO,17.0,93.188,Silverstone,2023,0.1664355062413315,2.55,0.579750346740638,0.03467406380027739,5.270457697642163,286.0,125.65938816115887,70.90962383504184,0.0027739251040221915
ALO,18.0,93.317,Silverstone,2023,0.1545827633378933,2.5205479452054793,0.585499316005472,0.04240766073871409,5.06155950752394,,125.75063100744649,70.96968492285731,0.0027359781121751026
ALO,19.0,93.185,Silverstone,2023,0.14425770308123248,2.5610098176718092,0.5980392156862745,0.05182072829131653,5.602240896358544,291.0777827555556,125.74745540914161,70.57199093436066,0.012605042016806723
ALO,20.0,93.016,Silverstone,2023,0.1400560224089636,2.653576437587658,0.6022408963585434,0.056022408963585436,5.602240896358544,195.0,124.91851083667171,70.42120386502711,0.0056022408963585435
ALO,21.0,93.19,Silverstone,2023,0.15602836879432624,2.684659090909091,0.577304964539007,0.04822695035460993,5.531914893617021,282.5,124.27115454539168,70.70095898177848,0.005673758865248227
ALO,22.0,93.092,Silverstone,2023,0.14689265536723164,2.528995756718529,0.596045197740113,0.046610169491525424,5.2259887005649714,227.5,125.98327457616918,70.92382726801587,0.0014124293785310734
ALO,23.0,93.026,Silverstone,2023,0.17002881844380405,2.5916305916305915,0.6037463976945245,0.0446685878962536,5.619596541786744,206.0,125.7452969953288,70.74510465656633,0.01440922190201729
ALO,24.0,93.017,Silverstone,2023,0.1669024045261669,2.6062322946175636,0.6025459688826026,0.033946251768033946,5.516265912305516,219.5,124.67266717464481,70.89843013897412,0.009900990099009901
ALO,25.0,93.078,Silverstone,2023,0.1591549295774648,2.440056417489422,0.5887323943661972,0.05070422535211268,5.633802816901409,,123.73711033426964,71.60993637869187,0.009859154929577466
ALO,26.0,93.152,Silverstone,2023,0.1622002820874471,2.42090395480226,0.5994358251057827,0.03526093088857546,5.359661495063469,243.10000639999998,126.79303136041737,70.96887262923576,0.005641748942172073
ALO,27.0,92.914,Silverstone,2023,0.16453900709219857,2.4517045454545454,0.6127659574468085,0.04397163120567376,5.673758865248227,268.2864576,124.70264675699835,71.01723146142976,0.0070921985815602835
ALO,28.0,92.744,Silverstone,2023,0.1492329149232915,2.4972067039106145,0.596931659693166,0.05160390516039052,5.160390516039052,242.41759962074073,125.9315924486249,70.49705195693274,0.0041841004184100415
ALO,29.0,92.727,Silverstone,2023,0.1339031339031339,2.44793152639087,0.6239316239316239,0.04700854700854701,5.555555555555555,235.79821977142856,126.70193295569797,69.94798409737241,0.008547008547008548
ALO,30.0,92.686,Silverstone,2023,0.14992927864214992,2.5042492917847023,0.611032531824611,0.04950495049504951,5.374823196605375,275.0,125.74244100348704,71.41249500086674,0.005657708628005658
ALO,31.0,92.916,Silverstone,2023,0.1678520625889047,2.50997150997151,0.5832147937411095,0.03840682788051209,5.832147937411095,244.27045362424244,123.4441472712093,71.81894176300986,0.00995732574679943
ALO,39.0,92.32,Silverstone,2023,0.17755681818181818,2.972972972972973,0.5738636363636364,0.04971590909090909,5.5397727272727275,291.0,129.54672104672733,71.00768744523735,0.018465909090909092
ALO,40.0,91.691,Silverstone,2023,0.1638655462184874,2.771388499298738,0.6064425770308123,0.04481792717086835,5.46218487394958,283.0,126.1598599760004,71.11346601712509,0.00980392156862745
ALO,41.0,91.652,Silverstone,2023,0.15112994350282485,2.7185289957567185,0.577683615819209,0.052259887005649715,5.2259887005649714,233.0,126.16584477370685,72.79824521696793,0.009887005649717515
ALO,42.0,91.829,Silverstone,2023,0.14468085106382977,2.59375,0.6042553191489362,0.05390070921985816,5.531914893617021,273.0396850116402,126.08279998091133,71.33339654814499,0.0028368794326241137
ALO,43.0,91.747,Silverstone,2023,0.1585014409221902,2.5223665223665224,0.6080691642651297,0.040345821325648415,5.619596541786744,273.5833344,126.61548166275928,71.37441068461506,0.01585014409221902
ALO,44.0,92.131,Silverstone,2023,0.16279069767441862,2.5560407569141192,0.5915697674418605,0.03343023255813953,5.232558139534884,291.0,127.52990631235485,71.0188908094689,0.0014534883720930232
ALO,45.0,92.036,Silverstone,2023,0.16452074391988555,2.464183381088825,0.5851216022889842,0.03862660944206009,5.007153075822604,308.0458336,125.19901875135946,71.85677815364217,0.010014306151645207
ALO,46.0,92.891,Silverstone,2023,0.14548022598870056,2.528995756718529,0.6059322033898306,0.03672316384180791,5.084745762711865,270.0656184,125.58808077737346,71.99596015706207,0.00847457627118644
ALO,47.0,91.828,Silverstone,2023,0.14978601997146934,2.757142857142857,0.5663338088445078,0.047075606276747506,5.420827389443652,302.0,126.17830822945169,74.17061476221949,0.0042796005706134095
ALO,48.0,91.338,Silverstone,2023,0.1375886524822695,2.5454545454545454,0.5929078014184397,0.04680851063829787,5.24822695035461,286.46666666666664,125.19701107025229,74.1588945833136,0.00425531914893617
ALO,49.0,92.075,Silverstone,2023,0.14825174825174825,2.3417366946778713,0.5986013986013986,0.03776223776223776,4.895104895104895,276.0,125.49906815871084,72.27996305717316,0.009790209790209791
ALO,50.0,91.999,Silverstone,2023,0.15482954545454544,2.3613086770981506,0.5965909090909091,0.03835227272727273,4.829545454545454,251.0,125.04485205132859,72.87065969206475,0.009943181818181818
ALO,51.0,91.93,Silverstone,2023,0.1359773371104816,2.3375886524822693,0.5991501416430595,0.0453257790368272,4.957507082152975,272.46437216000004,126.16917670846439,72.28618136679533,0.0113314447592068
ALO,52.0,91.711,Silverstone,2023,0.14488636363636365,2.3669985775248934,0.6136363636363636,0.036931818181818184,4.6875,228.0,126.60871630893048,71.84708557787198,0.008522727272727272
HAM,2.0,94.361,Silverstone,2023,0.18381344307270234,2.6016483516483517,0.5185185185185185,0.02606310013717421,5.6241426611796985,276.5,126.65748261019797,68.54536282038363,0.08093278463648834
HAM,3.0,93.662,Silverstone,2023,0.16550764951321278,2.6267409470752088,0.5229485396383866,0.03616133518776078,5.285118219749652,261.0,127.38336016465706,69.90160248074362,0.019471488178025034
HAM,4.0,93.086,Silverstone,2023,0.16111111111111112,2.567454798331015,0.5083333333333333,0.04027777777777778,5.277777777777778,312.0,126.90817517854398,70.39860843702418,0.019444444444444445
HAM,5.0,93.718,Silverstone,2023,0.17,2.8698140200286124,0.5128571428571429,0.032857142857142856,5.428571428571429,,126.62831982404421,70.4577970619684,0.025714285714285714
HAM,6.0,94.556,Silverstone,2023,0.1891156462585034,2.784741144414169,0.5224489795918368,0.014965986394557823,5.3061224489795915,290.1124992,125.073037312256,71.21467256372839,0.0761904761904762
HAM,7.0,93.328,Silverstone,2023,0.16407355021216408,2.6260623229461757,0.5417256011315418,0.01272984441301273,5.091937765205092,,125.12345145101581,69.51448661776347,0.06082036775106082
HAM,8.0,93.483,Silverstone,2023,0.16110304789550073,2.4505813953488373,0.5399129172714079,0.047895500725689405,5.079825834542816,284.0,126.59435842485246,67.804173634442,0.02177068214804064
HAM,9.0,93.331,Silverstone,2023,0.16470588235294117,2.5390279823269513,0.5411764705882353,0.025,4.5588235294117645,,128.0097550078981,67.98386899084323,0.03235294117647059
HAM,10.0,93.624,Silverstone,2023,0.14348462664714495,2.565982404692082,0.5797950219619327,0.0424597364568082,5.124450951683748,272.5,122.13866651516494,68.2658980507262,0.014641288433382138
HAM,11.0,93.519,Silverstone,2023,0.1381294964028777,2.3861671469740635,0.5669064748201439,0.02877697841726619,4.460431654676259,,123.76843194491627,67.70748793916061,0.025899280575539568
HAM,12.0,93.908,Silverstone,2023,0.16178521617852162,2.368715083798883,0.5509065550906556,0.022315202231520222,4.602510460251046,282.0,123.24669961640582,67.5297073011694,0.040446304044630406
HAM,13.0,93.28,Silverstone,2023,0.14165497896213183,2.365168539325843,0.5708274894810659,0.030855539971949508,4.768583450210379,268.0232128,124.89305211890787,67.41096237917871,0.04067321178120617
HAM,14.0,93.324,Silverstone,2023,0.15527065527065528,2.5135520684736092,0.5769230769230769,0.03561253561253561,4.985754985754986,150.49500288000002,128.5506213803989,67.04966025884511,0.029914529914529916
HAM,15.0,93.156,Silverstone,2023,0.13370473537604458,2.2426778242677825,0.5905292479108635,0.025069637883008356,4.735376044568245,,126.57240807796853,68.83484921852737,0.011142061281337047
HAM,16.0,92.931,Silverstone,2023,0.14574314574314573,2.5491329479768785,0.5815295815295816,0.03896103896103896,4.473304473304474,203.23999744,127.41274956461716,69.17347838575353,0.023088023088023088
HAM,17.0,93.12,Silverstone,2023,0.14344827586206896,2.4005524861878453,0.5875862068965517,0.030344827586206897,5.379310344827586,225.0,127.87337131852459,68.31038060034867,0.004137931034482759
HAM,18.0,93.313,Silverstone,2023,0.15172413793103448,2.3922651933701657,0.5820689655172414,0.03586206896551724,4.275862068965517,,127.79825639690182,68.15089626321868,0.005517241379310344
HAM,19.0,93.201,Silverstone,2023,0.1527777777777778,2.2726008344923505,0.575,0.034722222222222224,4.583333333333333,265.30750336,124.68785691123705,68.69800328640667,0.022222222222222223
HAM,20.0,92.956,Silverstone,2023,0.141643059490085,2.348936170212766,0.5949008498583569,0.053824362606232294,4.2492917847025495,241.16001024,126.6227495346893,69.2968950350568,0.03541076487252125
HAM,21.0,92.779,Silverstone,2023,0.1497175141242938,2.3847241867043847,0.5918079096045198,0.043785310734463276,4.23728813559322,275.51000064,124.50747937711931,70.28418253368632,0.02401129943502825
HAM,22.0,92.821,Silverstone,2023,0.16335227272727273,2.466571834992888,0.5866477272727273,0.029829545454545456,5.3977272727272725,240.16667733333333,124.48108359933154,70.8235756753189,0.03125
HAM,23.0,92.974,Silverstone,2023,0.15129682997118155,2.5916305916305915,0.5806916426512968,0.03025936599423631,5.187319884726225,229.00833386666667,125.86775455999177,69.60557864375701,0.024495677233429394
HAM,24.0,92.703,Silverstone,2023,0.14935988620199148,2.319088319088319,0.5846372688477952,0.02844950213371266,5.120910384068279,,128.19988174939482,69.85381961321649,0.032716927453769556
HAM,25.0,93.087,Silverstone,2023,0.1589310829817159,2.4591549295774646,0.5780590717299579,0.03375527426160337,5.063291139240507,,124.95743035000625,70.72609005028193,0.01828410689170183
HAM,26.0,92.769,Silverstone,2023,0.15774647887323945,2.394922425952045,0.5816901408450704,0.02535211267605634,4.929577464788732,,129.28969461204213,70.4085928598699,0.0323943661971831
HAM,27.0,92.714,Silverstone,2023,0.1473533619456366,2.4097421203438394,0.5908440629470673,0.044349070100143065,4.86409155937053,262.5714329709982,126.96274375320509,68.94366455934605,0.01859799713876967
HAM,28.0,92.32,Silverstone,2023,0.1506276150627615,2.421787709497207,0.5941422594142259,0.03626220362622036,4.602510460251046,,127.50202349140551,68.7463260204963,0.030683403068340307
HAM,29.0,92.155,Silverstone,2023,0.1443001443001443,2.315028901734104,0.6204906204906205,0.031746031746031744,4.617604617604617,264.0,124.53726409631112,67.65137387928806,0.03463203463203463
HAM,30.0,92.246,Silverstone,2023,0.1456859971711457,2.31728045325779,0.6053748231966054,0.039603960396039604,4.526166902404526,,129.27250691690486,68.3956865991937,0.04809052333804809
HAM,31.0,92.744,Silverstone,2023,0.15647226173541964,2.584045584045584,0.5945945945945946,0.02844950213371266,4.978662873399715,257.3375008,128.70266665920892,68.41986691240454,0.012802275960170697
HAM,32.0,95.161,Silverstone,2023,0.1782312925170068,2.5319406600060548,0.5360544217687074,0.036734693877551024,5.034013605442176,,123.208279391513,72.7225769498568,0.029931972789115645
HAM,39.0,91.427,Silverstone,2023,0.18651362984218078,2.8994252873563218,0.593974175035868,0.014347202295552367,5.88235294117647,,131.18744842526542,69.16116952790732,0.09038737446197992
HAM,40.0,91.279,Silverstone,2023,0.1475177304964539,2.5170454545454546,0.5900709219858156,0.01702127659574468,4.680851063829787,,130.5072111927185,67.1671981202733,0.04964539007092199
HAM,41.0,90.673,Silverstone,2023,0.14042553191489363,2.4318181818181817,0.6198581560283688,0.02127659574468085,5.24822695035461,292.07142948571425,129.576431529903,68.51731443497889,0.04113475177304964
HAM,42.0,91.042,Silverstone,2023,0.15571428571428572,2.4206008583690988,0.6,0.017142857142857144,5.428571428571429,305.0,127.77843527101243,71.3395954599548,0.045714285714285714
HAM,43.0,90.545,Silverstone,2023,0.14970930232558138,2.579330422125182,0.5988372093023255,0.024709302325581394,5.087209302325581,286.0,129.02769742616098,72.05265037116448,0.04215116279069767
HAM,44.0,91.589,Silverstone,2023,0.16129032258064516,2.3906020558002936,0.5967741935483871,0.026392961876832845,4.9853372434017595,,125.11167999970496,71.25557833207634,0.04838709677419355
HAM,45.0,91.359,Silverstone,2023,0.14985590778097982,2.461760461760462,0.5850144092219021,0.0345821325648415,4.46685878962536,276.8708384,127.08062446411387,70.45410650117319,0.04899135446685879
HAM,46.0,91.559,Silverstone,2023,0.14693295292439373,2.454285714285714,0.5748930099857347,0.03138373751783167,4.70756062767475,142.31672644551077,128.17025662556148,68.85093042980901,0.04136947218259629
HAM,47.0,91.248,Silverstone,2023,0.14511494252873564,2.310791366906475,0.5890804597701149,0.04454022988505747,5.316091954022988,,127.8561515914366,69.4107660790867,0.035919540229885055
HAM,48.0,91.152,Silverstone,2023,0.14245014245014245,2.30527817403709,0.6168091168091168,0.02564102564102564,4.415954415954416,221.0,127.78704171131628,69.73483880887757,0.03418803418803419
HAM,49.0,91.286,Silverstone,2023,0.1347517730496454,2.2926136363636362,0.601418439716312,0.02127659574468085,4.680851063829787,171.0,128.3132912174026,70.22120757805101,0.03404255319148936
HAM,50.0,91.526,Silverstone,2023,0.12981455064194009,2.3771428571428572,0.5805991440798859,0.03281027104136947,4.70756062767475,,127.26495196886582,69.40940115892394,0.021398002853067047
HAM,51.0,91.703,Silverstone,2023,0.15168539325842698,2.2278481012658227,0.5688202247191011,0.02247191011235955,4.915730337078652,172.0812512,128.9002406000602,68.80869586463122,0.032303370786516857
HAM,52.0,91.823,Silverstone,2023,0.14978601997146934,2.335142857142857,0.550641940085592,0.028530670470756064,5.1355206847360915,273.5,128.28681428981446,69.85545702079823,0.04136947218259629
LEC,2.0,93.994,Silverstone,2023,0.16413793103448276,2.5939226519337018,0.5779310344827586,0.016551724137931035,5.379310344827586,270.20313,125.4612740655331,69.68697666867345,0.03310344827586207
LEC,3.0,92.934,Silverstone,2023,0.16946778711484595,2.687237026647966,0.5602240896358543,0.029411764705882353,5.182072829131653,285.7803570285714,128.67863124056947,69.50208517008268,0.0392156862745098
LEC,4.0,92.961,Silverstone,2023,0.16944444444444445,2.502086230876217,0.5722222222222222,0.025,5.0,268.0,128.61676144679038,69.60145144624097,0.04027777777777778
LEC,5.0,94.409,Silverstone,2023,0.14957264957264957,2.72753209700428,0.5997150997150997,0.024216524216524215,5.413105413105413,282.5,125.3810008866532,70.51175133649876,0.03561253561253561
LEC,6.0,93.761,Silverstone,2023,0.14500683994528044,2.326027397260274,0.5991792065663475,0.03967168262653899,4.651162790697675,264.0,127.09878715443521,68.63866220050099,0.028727770177838577
LEC,7.0,93.403,Silverstone,2023,0.16432584269662923,2.5682137834036567,0.5800561797752809,0.014044943820224719,4.634831460674158,240.0,127.50960653459511,68.62266451686426,0.03651685393258427
LEC,8.0,93.244,Silverstone,2023,0.14641288433382138,2.467548177963972,0.5885797950219619,0.03953147877013177,4.392386530014641,,129.99338868141282,68.72168797540492,0.036603221083455345
LEC,9.0,93.087,Silverstone,2023,0.14684287812041116,2.576664915630252,0.5829662261380323,0.022026431718061675,4.845814977973569,229.85750144000002,128.66286679213454,69.30498121034712,0.024963289280469897
LEC,10.0,93.167,Silverstone,2023,0.1487481590574374,2.545722713864307,0.5861561119293078,0.025036818851251842,5.44918998527246,225.45833244444444,127.5104373508205,68.83384211366172,0.025036818851251842
LEC,11.0,93.048,Silverstone,2023,0.1492753623188406,2.4847605224963716,0.5623188405797102,0.021739130434782608,4.9275362318840585,,128.59909368068875,68.68412430009398,0.01884057971014493
LEC,12.0,93.621,Silverstone,2023,0.15620641562064155,2.2625698324022347,0.5690376569037657,0.02789400278940028,4.602510460251046,,126.08959835220317,70.05011946709399,0.030683403068340307
LEC,13.0,93.214,Silverstone,2023,0.1440677966101695,2.423962752663838,0.5720338983050848,0.025423728813559324,4.378531073446328,271.0,128.9737271228766,69.2487836906888,0.03954802259887006
LEC,14.0,93.523,Silverstone,2023,0.16051136363636365,2.5885680420293977,0.5880681818181818,0.019886363636363636,4.403409090909091,,127.45695266449138,69.84393553916642,0.03835227272727273
LEC,15.0,93.542,Silverstone,2023,0.13687150837988826,2.417475524923077,0.5782122905027933,0.029329608938547486,4.189944134078212,272.9111153777778,128.66938402255576,68.9927432332727,0.0223463687150838
LEC,16.0,93.248,Silverstone,2023,0.16119828815977175,2.4771428571428573,0.5834522111269614,0.012838801711840228,4.850213980028531,,129.940594474562,68.14149622676892,0.03851640513552068
LEC,17.0,93.151,Silverstone,2023,0.15607734806629833,2.351313969571231,0.5911602209944752,0.034530386740331494,4.005524861878453,271.75,125.63578192301684,70.2617507799097,0.03729281767955801
LEC,18.0,92.475,Silverstone,2023,0.14881780250347706,2.3245125348189415,0.6050069541029207,0.03616133518776078,4.3115438108484,274.47878904242424,117.28338940475429,76.39965446313434,0.030598052851182198
LEC,20.0,92.87,Silverstone,2023,0.14245416078984485,2.610169491525424,0.5909732016925247,0.028208744710860368,4.372355430183357,,127.23772203712907,67.72753683415048,0.02538787023977433
LEC,21.0,92.848,Silverstone,2023,0.13783403656821377,2.676056338028169,0.5668073136427567,0.04360056258790436,4.641350210970464,283.5,128.70707484788153,68.81982442121169,0.015471167369901548
LEC,22.0,93.035,Silverstone,2023,0.1729106628242075,2.5353535353535355,0.5806916426512968,0.021613832853025938,4.178674351585014,285.9541642666666,127.515218691841,69.18295393441778,0.02881844380403458
LEC,23.0,92.554,Silverstone,2023,0.16547788873038516,2.5609702384761905,0.5734664764621968,0.03281027104136947,4.70756062767475,,129.19070041544052,69.48824330053732,0.024251069900142655
LEC,24.0,92.731,Silverstone,2023,0.17094017094017094,2.396795499952449,0.5655270655270656,0.024216524216524215,4.415954415954416,276.5,127.99567337347204,72.75775425414919,0.019943019943019943
LEC,25.0,92.798,Silverstone,2023,0.16784203102961917,2.381592072881356,0.5599435825105783,0.03526093088857546,5.500705218617771,305.125008,125.58930101496131,72.43448397591808,0.028208744710860368
LEC,26.0,92.794,Silverstone,2023,0.14747191011235955,2.388185654008439,0.574438202247191,0.033707865168539325,4.353932584269663,255.69618942222223,126.2943264223042,70.6775408524581,0.046348314606741575
LEC,27.0,92.942,Silverstone,2023,0.1673758865248227,2.3735795454545454,0.5858156028368794,0.02269503546099291,4.680851063829787,261.58335573333335,124.26782294772002,71.58052307519178,0.03829787234042553
LEC,28.0,92.814,Silverstone,2023,0.149025069637883,2.374012087401209,0.5766016713091922,0.02924791086350975,4.456824512534819,249.33035245714285,127.39359905153685,70.44265552264964,0.03203342618384401
LEC,29.0,92.658,Silverstone,2023,0.15736766809728184,2.330706781279847,0.5507868383404864,0.034334763948497854,4.86409155937053,,127.25642188938494,71.04004679437554,0.02861230329041488
LEC,30.0,92.464,Silverstone,2023,0.15384615384615385,2.2995720399429387,0.5954415954415955,0.02564102564102564,4.700854700854701,,129.45623487809516,69.88415381760035,0.042735042735042736
LEC,31.0,93.233,Silverstone,2023,0.15558698727015557,2.5311614730878187,0.5714285714285714,0.033946251768033946,5.657708628005658,297.65477457454546,128.69792304128433,72.71732441742549,0.031117397454031116
LEC,32.0,96.215,Silverstone,2023,0.20134228187919462,2.450268817204301,0.5114093959731544,0.01879194630872483,5.369127516778524,285.0,113.931694991726,85.26737795362946,0.03355704697986577
LEC,39.0,92.5,Silverstone,2023,0.18581560283687942,2.7045454545454546,0.5546099290780142,0.028368794326241134,5.815602836879433,272.7738115047619,126.44030018240824,72.3568650532779,0.04964539007092199
LEC,40.0,92.234,Silverstone,2023,0.15694444444444444,2.379694019471488,0.5625,0.029166666666666667,5.277777777777778,,127.15730197948814,72.53192804431448,0.04583333333333333
LEC,41.0,91.286,Silverstone,2023,0.17923186344238975,2.4444444444444446,0.5732574679943101,0.01849217638691323,5.689900426742532,,126.3498298588672,75.67513336726532,0.05405405405405406
LEC,42.0,91.926,Silverstone,2023,0.18271954674220964,2.374468085106383,0.5694050991501416,0.029745042492917848,5.524079320113314,289.01458608,125.04758481991783,74.17895323478406,0.053824362606232294
LEC,43.0,92.052,Silverstone,2023,0.17959770114942528,2.5870503597122303,0.5775862068965517,0.028735632183908046,5.603448275862069,300.0,126.38319033410099,74.81364438653249,0.05028735632183908
LEC,44.0,92.815,Silverstone,2023,0.16546762589928057,2.4293948126801155,0.5784172661870504,0.017266187050359712,5.323741007194244,,123.90660066787916,72.50337388304507,0.04028776978417266
LEC,45.0,91.9,Silverstone,2023,0.15450643776824036,2.336676217765043,0.5937052932761088,0.032904148783977114,5.436337625178827,265.0,127.83335305034944,70.84596325267192,0.031473533619456366
LEC,46.0,91.85,Silverstone,2023,0.15925394548063126,2.3505747126436782,0.593974175035868,0.03443328550932568,5.308464849354376,167.0,125.83468334974191,70.96824723444374,0.03443328550932568
LEC,47.0,91.36,Silverstone,2023,0.15977175463623394,2.2928571428571427,0.579172610556348,0.03566333808844508,5.420827389443652,290.0,128.12864581065878,71.80535554400909,0.037089871611982884
LEC,48.0,91.255,Silverstone,2023,0.16312056737588654,2.2982954545454546,0.5787234042553191,0.02127659574468085,5.390070921985815,273.5,127.98763297957744,74.2515936180872,0.02269503546099291
LEC,49.0,91.781,Silverstone,2023,0.16901408450704225,2.411847672778561,0.5464788732394367,0.01971830985915493,5.492957746478874,294.96999936,124.53830748831899,74.85989417206495,0.02112676056338028
LEC,50.0,91.716,Silverstone,2023,0.16216216216216217,2.472046379180609,0.5533428165007113,0.017069701280227598,5.405405405405405,295.0,126.25913704586655,75.85952990438793,0.02275960170697013
LEC,51.0,91.763,Silverstone,2023,0.16453900709219857,2.310544661669336,0.5531914893617021,0.03404255319148936,5.390070921985815,294.1546872,125.99642466052664,75.80728721076619,0.009929078014184398
LEC,52.0,92.257,Silverstone,2023,0.18053596614950634,2.6045197740112993,0.5289139633286318,0.014104372355430184,5.359661495063469,315.0,126.27722520518887,75.25241047048402,0.029619181946403384
NOR,1.0,96.551,Silverstone,2023,0.14266666666666666,2.6475300400534048,0.5546666666666666,0.032,5.2,,124.11776075622731,71.85442047404752,0.004
NOR,2.0,93.046,Silverstone,2023,0.13183730715287517,2.446629213483146,0.5610098176718092,0.05750350631136045,4.3478260869565215,266.0,133.93813433089437,66.09680876519148,0.002805049088359046
NOR,3.0,93.18,Silverstone,2023,0.15181058495821728,2.465829846582985,0.5738161559888579,0.033426183844011144,3.7604456824512535,214.5,130.78906198972325,66.2418055307567,0.001392757660167131
NOR,4.0,92.772,Silverstone,2023,0.1394700139470014,2.4385474860335195,0.5578800557880056,0.05718270571827057,4.044630404463041,,131.00829537805487,67.46423173954153,0.0
NOR,5.0,93.914,Silverstone,2023,0.13247863247863248,2.6504992867332384,0.5370370370370371,0.0641025641025641,4.415954415954416,,131.12725106009196,67.19540552216402,0.0014245014245014246
NOR,6.0,93.112,Silverstone,2023,0.14758620689655172,2.5386740331491713,0.5324137931034483,0.06482758620689655,4.413793103448276,171.0,127.93931369116035,70.55638611693564,0.002758620689655172
NOR,7.0,93.19,Silverstone,2023,0.1446629213483146,2.486638537271449,0.550561797752809,0.05056179775280899,4.915730337078652,,127.68260681055149,69.94825856840532,0.0028089887640449437
NOR,8.0,93.101,Silverstone,2023,0.14705882352941177,2.6244477172312224,0.5485294117647059,0.061764705882352944,4.705882352941177,278.58906160000004,127.9934129376715,70.2392445487121,0.0014705882352941176
NOR,9.0,92.612,Silverstone,2023,0.1430678466076696,2.466765140324963,0.5707964601769911,0.05309734513274336,5.014749262536873,222.5,129.27577282152157,69.3353263344604,0.0
NOR,10.0,92.977,Silverstone,2023,0.1437037037037037,2.456973293768546,0.5422222222222223,0.06222222222222222,5.185185185185185,276.6666666666667,128.1996556219824,69.9210027573119,0.0
NOR,11.0,92.978,Silverstone,2023,0.13997113997113997,2.4248554913294798,0.5800865800865801,0.047619047619047616,4.9062049062049065,261.0,127.25578202301723,68.84008713946878,0.002886002886002886
NOR,12.0,93.116,Silverstone,2023,0.1330532212885154,2.345021037868163,0.5532212885154062,0.056022408963585436,4.621848739495799,246.47916622222223,128.4839747950907,70.36272239102438,0.004201680672268907
NOR,13.0,92.986,Silverstone,2023,0.1326676176890157,2.479408730412698,0.5449358059914408,0.05135520684736091,4.9928673323823105,275.5,127.79411068317997,69.3662725187207,0.005706134094151213
NOR,14.0,93.67,Silverstone,2023,0.14486638537271448,2.45692097001565,0.5654008438818565,0.046413502109704644,4.50070323488045,,128.99942037616083,68.86354930834912,0.0028129395218002813
NOR,15.0,93.221,Silverstone,2023,0.1267605633802817,2.4231311706629053,0.547887323943662,0.0647887323943662,4.647887323943662,290.0,128.72451996702972,69.32283704912987,0.0
NOR,16.0,92.903,Silverstone,2023,0.12893982808022922,2.4390243902439024,0.5787965616045845,0.05730659025787966,4.7277936962750715,275.5,129.94671743173063,69.58890622646231,0.0014326647564469914
NOR,17.0,92.985,Silverstone,2023,0.13019390581717452,2.3855755894590844,0.5595567867036011,0.05678670360110803,4.43213296398892,,128.4194070682391,68.59072054148339,0.0
NOR,18.0,92.731,Silverstone,2023,0.11602209944751381,2.3070539419087135,0.585635359116022,0.05110497237569061,4.41988950276243,267.0,129.53653474565903,69.29823670755329,0.006906077348066298
NOR,19.0,92.5,Silverstone,2023,0.1404728789986092,2.3953603766016713,0.5744089012517385,0.05146036161335188,4.867872044506258,,127.32653220361159,69.8823657890182,0.0013908205841446453
NOR,20.0,92.77,Silverstone,2023,0.13161659513590845,2.4121228014729756,0.5722460658082976,0.05293276108726753,4.291845493562231,229.09317470209558,128.29039849381357,68.30742868690315,0.005722460658082976
NOR,21.0,92.604,Silverstone,2023,0.14447592067988668,2.508467424357253,0.5580736543909348,0.05099150141643059,4.957507082152975,266.0,129.2776770286966,69.14358677532141,0.0084985835694051
NOR,22.0,92.637,Silverstone,2023,0.1466854724964739,2.3772893122410546,0.5853314527503526,0.03526093088857546,4.795486600846263,287.0,130.12416625653333,68.54194093331185,0.0
NOR,23.0,92.619,Silverstone,2023,0.13642960812772134,2.4140685565891475,0.5674891146589259,0.055152394775036286,4.063860667634253,266.88,127.72892798197721,69.49197490498327,0.0
NOR,24.0,92.721,Silverstone,2023,0.140625,2.4338903716451186,0.5752840909090909,0.04403409090909091,4.119318181818182,246.14810804754362,128.1673900210922,69.72792240833748,0.002840909090909091
NOR,25.0,92.949,Silverstone,2023,0.1475177304964539,2.356498677178241,0.5702127659574469,0.031205673758865248,4.539007092198582,268.47000448,128.93609259057328,70.53817886756055,0.0070921985815602835
NOR,26.0,92.758,Silverstone,2023,0.15308988764044945,2.4800398492264417,0.5589887640449438,0.02949438202247191,4.213483146067416,288.0,129.1682710304056,69.52930176163326,0.0056179775280898875
NOR,27.0,92.734,Silverstone,2023,0.13068181818181818,2.469499763679469,0.5681818181818182,0.06392045454545454,4.403409090909091,289.0,129.300512843479,68.72467492188667,0.008522727272727272
NOR,28.0,92.714,Silverstone,2023,0.16944444444444445,2.3112772361613354,0.575,0.025,4.027777777777778,265.0,130.10736482085167,69.47259030346706,0.006944444444444444
NOR,29.0,92.806,Silverstone,2023,0.14942528735632185,2.435719425227818,0.5488505747126436,0.040229885057471264,4.454022988505748,281.02500096,128.19701507239398,69.71542327532383,0.0014367816091954023
NOR,30.0,92.609,Silverstone,2023,0.1471004243281471,2.3902063941723997,0.5756718528995757,0.03253182461103253,4.384724186704385,,127.95178554543212,70.24507671180727,0.005657708628005658
NOR,31.0,92.808,Silverstone,2023,0.16101694915254236,2.5257313486450688,0.5649717514124294,0.03672316384180791,3.954802259887006,,128.7668804515424,69.32438563880508,0.00423728813559322
NOR,32.0,92.571,Silverstone,2023,0.16265912305516267,2.385017311929493,0.57001414427157,0.03818953323903819,4.101838755304102,,130.01455189756447,69.15910385464855,0.009900990099009901
NOR,39.0,91.243,Silverstone,2023,0.14964028776978416,2.7002881844380404,0.5956834532374101,0.04316546762589928,5.755395683453238,298.6428544,133.97865829097157,68.28603002732322,0.004316546762589928
NOR,40.0,90.997,Silverstone,2023,0.13655761024182078,2.5541310541310542,0.6017069701280228,0.02418207681365576,3.982930298719772,178.32499712,132.75604296858234,67.83124497569592,0.001422475106685633
NOR,41.0,90.76,Silverstone,2023,0.1422475106685633,2.358974358974359,0.6130867709815079,0.031294452347083924,4.551920341394026,273.5208336,131.85422574473574,68.0350219975221,0.002844950213371266
NOR,42.0,90.922,Silverstone,2023,0.11714285714285715,2.3261802575107295,0.5957142857142858,0.055714285714285716,4.0,,129.75654114366725,69.47073564840318,0.0014285714285714286
NOR,43.0,90.543,Silverstone,2023,0.13333333333333333,2.452830188679245,0.5942028985507246,0.04057971014492753,4.3478260869565215,,132.54167125294504,68.73871865381132,0.005797101449275362
NOR,44.0,90.786,Silverstone,2023,0.14094955489614244,2.3714710252600297,0.5905044510385756,0.04599406528189911,4.302670623145401,,129.7354119655783,70.08651887313658,0.00741839762611276
NOR,45.0,91.301,Silverstone,2023,0.13793103448275862,2.3741007194244603,0.5775862068965517,0.033045977011494254,4.310344827586207,,131.15734215362332,70.66093266775376,0.004310344827586207
NOR,46.0,91.094,Silverstone,2023,0.14244604316546763,2.438040345821326,0.5755395683453237,0.04892086330935252,4.748201438848921,293.0,130.132007132073,70.22717141023782,0.0
NOR,47.0,91.593,Silverstone,2023,0.12893982808022922,2.7001434720229556,0.5702005730659025,0.044412607449856735,3.8681948424068766,295.05527675684993,130.9436035726927,70.0955937361027,0.0
NOR,48.0,91.36,Silverstone,2023,0.1276595744680851,2.2926136363636362,0.5843971631205673,0.06099290780141844,4.539007092198582,,130.29146173481104,70.92259428335716,0.0028368794326241137
NOR,49.0,91.02,Silverstone,2023,0.14366998577524892,2.358974358974359,0.5832147937411095,0.044096728307254626,4.551920341394026,,131.00459528833488,69.37451061143267,0.008534850640113799
NOR,50.0,91.56,Silverstone,2023,0.14407988587731813,2.3485714285714288,0.5777460770328102,0.047075606276747506,4.9928673323823105,291.0,128.67205803289596,70.98359609365339,0.009985734664764621
NOR,51.0,91.077,Silverstone,2023,0.1347517730496454,2.3693181818181817,0.5687943262411348,0.04964539007092199,4.680851063829787,294.0,129.64712886116993,70.47420855112588,0.0014184397163120568
NOR,52.0,91.251,Silverstone,2023,0.1398002853067047,2.3968124982857146,0.572039942938659,0.05135520684736091,4.850213980028531,291.0,130.59258475416746,70.68954551596701,0.0028530670470756064
SAI,2.0,94.177,Silverstone,2023,0.17379310344827587,2.6906077348066297,0.5489655172413793,0.04689655172413793,5.379310344827586,,125.99736178142165,68.92706403953429,0.020689655172413793
SAI,3.0,93.456,Silverstone,2023,0.19583333333333333,2.6397774687065367,0.5763888888888888,0.020833333333333332,5.138888888888888,172.0,127.21203706368692,70.11996711208492,0.043055555555555555
SAI,4.0,92.975,Silverstone,2023,0.2211404728789986,2.6128133704735377,0.5521557719054242,0.012517385257301807,4.867872044506258,228.0,128.91810814345345,71.78298632001547,0.04172461752433936
SAI,5.0,93.666,Silverstone,2023,0.17790530846484937,2.7902298850574714,0.5652797704447633,0.035868005738880916,5.0215208034433285,235.13095314285715,122.86887345178185,72.29434653030525,0.03012912482065997
SAI,6.0,94.215,Silverstone,2023,0.21934604904632152,2.758526603001364,0.5435967302452316,0.021798365122615803,5.040871934604905,278.6187504,123.9057878933402,71.95489308662516,0.03814713896457766
SAI,7.0,93.427,Silverstone,2023,0.20140845070422536,2.7334273624823697,0.543661971830986,0.028169014084507043,4.929577464788732,306.53958293333335,126.5498483540197,71.73085961826025,0.04929577464788732
SAI,8.0,93.442,Silverstone,2023,0.1950509461426492,2.871720116618076,0.5589519650655022,0.023289665211062592,5.531295487627365,279.0,125.63027010737318,71.23814028397483,0.03784570596797671
SAI,9.0,93.417,Silverstone,2023,0.16886930983847284,2.5823529411764707,0.5712187958883994,0.03671071953010279,5.286343612334802,284.5,126.24889977221721,70.1356652754797,0.01908957415565345
SAI,10.0,93.405,Silverstone,2023,0.19208211143695014,2.6784140969162995,0.5659824046920822,0.021994134897360705,5.278592375366569,290.0,128.2804316558137,68.96584089890935,0.04105571847507331
SAI,11.0,93.279,Silverstone,2023,0.16931982633863965,2.550724637681159,0.5759768451519537,0.024602026049204053,5.065123010130246,166.0,127.44191045379768,69.93316389450774,0.027496382054992764
SAI,12.0,93.323,Silverstone,2023,0.18207282913165265,2.5021037868162694,0.5672268907563025,0.03361344537815126,4.901960784313726,274.0,127.49831177692084,70.95630926450929,0.0350140056022409
SAI,13.0,93.105,Silverstone,2023,0.175561797752809,2.5316455696202533,0.5856741573033708,0.026685393258426966,4.775280898876404,222.0,127.25257433820036,70.99208644909635,0.04073033707865169
SAI,14.0,93.941,Silverstone,2023,0.18723404255319148,2.5170454545454546,0.5900709219858156,0.03404255319148936,5.106382978723404,262.0,125.18534666657521,70.3457159273996,0.04539007092198582
SAI,15.0,93.623,Silverstone,2023,0.16411682892906815,2.4233983286908076,0.5938803894297635,0.02920723226703755,5.006954102920723,170.0,126.30537115221242,70.33272251976406,0.02086230876216968
SAI,16.0,93.498,Silverstone,2023,0.18544935805991442,2.5314285714285716,0.5977175463623395,0.012838801711840228,4.70756062767475,274.0,127.05091771674142,69.50580109235942,0.03566333808844508
SAI,17.0,93.076,Silverstone,2023,0.1464088397790055,2.40387275242047,0.606353591160221,0.029005524861878452,4.972375690607735,,126.70275668211441,69.61491692379359,0.019337016574585635
SAI,18.0,93.302,Silverstone,2023,0.1856946354883081,2.399449035812672,0.6107290233837689,0.024759284731774415,4.814305364511692,279.5,128.72390834710023,69.75076189526273,0.0453920220082531
SAI,19.0,93.242,Silverstone,2023,0.1523545706371191,2.4909847434119277,0.6024930747922438,0.03185595567867036,4.847645429362881,292.74642925714284,127.71854619730732,69.7117747435271,0.01662049861495845
SAI,20.0,93.007,Silverstone,2023,0.14609929078014183,2.4801136363636362,0.6156028368794326,0.031205673758865248,4.964539007092199,,128.52109710893686,69.50066401440439,0.015602836879432624
SAI,21.0,93.261,Silverstone,2023,0.15049226441631505,2.4225352112676055,0.6019690576652602,0.035161744022503515,4.781997187060478,285.43654307975413,127.96045070156863,69.36814830324687,0.02812939521800281
SAI,22.0,92.871,Silverstone,2023,0.16855524079320114,2.4879432624113473,0.5764872521246459,0.026912181303116147,5.099150141643059,270.0,125.62782214175684,70.99888156110244,0.028328611898016998
SAI,23.0,92.755,Silverstone,2023,0.14057971014492754,2.4063860667634254,0.5927536231884057,0.03333333333333333,5.217391304347826,177.0,125.07000734650485,70.51801559889758,0.013043478260869565
SAI,24.0,92.77,Silverstone,2023,0.16619318181818182,2.2617354196301567,0.5951704545454546,0.018465909090909092,4.971590909090909,,126.42670300850455,70.24209108167489,0.026988636363636364
SAI,25.0,93.133,Silverstone,2023,0.3056338028169014,2.293370944992948,0.6028169014084507,0.030985915492957747,5.211267605633803,,124.63510936073286,71.37572874290035,0.176056338028169
SAI,26.0,93.181,Silverstone,2023,0.19327731092436976,2.4319775596072932,0.6204481792717087,0.018207282913165267,5.042016806722689,171.0,112.0671121588167,78.61196663970864,0.03081232492997199
SAI,28.0,92.22,Silverstone,2023,0.15471167369901548,2.574647887323944,0.5822784810126582,0.029535864978902954,5.20393811533052,291.0,127.06305108050971,68.805284975243,0.009845288326300985
SAI,29.0,91.945,Silverstone,2023,0.17191977077363896,2.5968436154949783,0.5888252148997135,0.03151862464183381,5.157593123209169,289.0,129.68642226602697,70.0425468683948,0.022922636103151862
SAI,30.0,92.129,Silverstone,2023,0.18220946915351507,2.4367816091954024,0.5710186513629842,0.03012912482065997,5.4519368723099,287.0,125.75096915289316,71.87629152190792,0.02582496413199426
SAI,31.0,92.494,Silverstone,2023,0.16524216524216523,2.288159771754636,0.5925925925925926,0.027065527065527065,5.555555555555555,,127.1932465661444,70.43323494701845,0.017094017094017096
SAI,39.0,92.459,Silverstone,2023,0.22443181818181818,2.728307254623044,0.5653409090909091,0.007102272727272727,5.255681818181818,240.33333333333334,125.40309680520178,72.77066976929018,0.036931818181818184
SAI,40.0,91.783,Silverstone,2023,0.18016759776536312,2.413986013986014,0.61731843575419,0.018156424581005588,5.027932960893855,304.0,128.47188132093282,70.29335661145157,0.040502793296089384
SAI,41.0,91.427,Silverstone,2023,0.18156028368794327,2.5795454545454546,0.5801418439716312,0.02269503546099291,5.24822695035461,290.55000064,127.32795562054795,73.71527268276634,0.03404255319148936
SAI,42.0,91.643,Silverstone,2023,0.20567375886524822,2.616477272727273,0.5758865248226951,0.02695035460992908,5.106382978723404,215.5,126.3777284699257,72.5872749282222,0.05815602836879433
SAI,43.0,92.89,Silverstone,2023,0.2336182336182336,2.7845934379457917,0.5484330484330484,0.011396011396011397,4.985754985754986,298.3437544,123.72985684951338,76.18485813184287,0.04700854700854701
SAI,44.0,94.622,Silverstone,2023,0.21923620933521923,3.2011331444759206,0.5388967468175389,0.02263083451202263,5.374823196605375,,123.14773055534492,72.49264657641474,0.056577086280056574
SAI,45.0,92.606,Silverstone,2023,0.17963224893917965,2.5722379603399435,0.57001414427157,0.016973125884016973,5.516265912305516,283.5187552,125.5759575809363,72.57116245245238,0.04809052333804809
SAI,46.0,91.906,Silverstone,2023,0.16546762589928057,2.397694524495677,0.5884892086330935,0.015827338129496403,4.892086330935252,172.0,130.13949012969422,69.77049840252107,0.025899280575539568
SAI,47.0,91.592,Silverstone,2023,0.16216216216216217,2.4017094017094016,0.6230440967283073,0.007112375533428165,4.836415362731152,205.44625056,128.34541133881555,70.04503386557417,0.03556187766714083
SAI,48.0,91.438,Silverstone,2023,0.1471004243281471,2.254957507082153,0.5912305516265912,0.036775106082036775,4.809052333804809,290.83333333333337,128.7829605287848,71.38362424489668,0.02263083451202263
SAI,49.0,91.723,Silverstone,2023,0.15254237288135594,2.28005657708628,0.5932203389830508,0.03531073446327684,4.378531073446328,271.0,126.83710223145972,71.5204461204774,0.022598870056497175
SAI,50.0,91.408,Silverstone,2023,0.16119828815977175,2.3085714285714287,0.5905848787446505,0.025677603423680456,4.9928673323823105,,125.80555612232469,72.70595986346147,0.03281027104136947
SAI,51.0,91.366,Silverstone,2023,0.16975748930099857,2.2342857142857144,0.5948644793152639,0.015691868758915834,4.850213980028531,247.33333333333334,127.40151590767917,72.5467140501266,0.029957203994293864
SAI,52.0,91.88,Silverstone,2023,0.16831683168316833,2.3852691218130313,0.5898161244695899,0.02263083451202263,5.091937765205092,286.9109408,126.90713621166994,72.59582806277562,0.031117397454031116
VER,2.0,93.433,Silverstone,2023,0.15877437325905291,2.730822873082287,0.5807799442896936,0.06406685236768803,3.7604456824512535,292.0,133.27877082559507,65.4878370172512,0.004178272980501393
VER,3.0,92.73,Silverstone,2023,0.15589887640449437,2.807313642756681,0.5702247191011236,0.06179775280898876,3.651685393258427,297.06428617142853,131.30348542701725,69.0478294452721,0.007022471910112359
VER,4.0,92.78,Silverstone,2023,0.16295264623955433,2.7419804741980474,0.5584958217270195,0.055710306406685235,3.8997214484679668,,130.08674848183395,70.83899556042591,0.005571030640668524
VER,5.0,92.582,Silverstone,2023,0.1370851370851371,2.745664739884393,0.6147186147186147,0.049062049062049064,3.751803751803752,283.0,131.1028692201855,68.27298103862638,0.004329004329004329
VER,6.0,93.027,Silverstone,2023,0.14265927977839335,2.604715672676838,0.5858725761772853,0.05263157894736842,3.739612188365651,,132.41987105535682,66.56650987542793,0.002770083102493075
VER,7.0,93.1,Silverstone,2023,0.15427769985974754,2.432584269662921,0.6016830294530154,0.04628330995792426,3.506311360448808,289.0,131.98370034107614,66.79923086725861,0.001402524544179523
VER,8.0,92.884,Silverstone,2023,0.14390602055800295,2.611764705882353,0.5947136563876652,0.05726872246696035,4.258443465491924,279.0,131.7893332442988,67.53518144872112,0.0014684287812041115
VER,9.0,92.822,Silverstone,2023,0.15952732644017725,2.621301775147929,0.6144756277695717,0.04579025110782865,3.9881831610044314,215.625,131.46470473653076,66.50130417210336,0.007385524372230428
VER,10.0,92.594,Silverstone,2023,0.14561664190193166,2.6011904761904763,0.6047548291233283,0.0638930163447251,3.4175334323922733,277.0,133.07409489386413,66.59146238620497,0.0014858841010401188
VER,11.0,92.597,Silverstone,2023,0.12209302325581395,2.60844250363901,0.5959302325581395,0.08430232558139535,3.343023255813953,273.0,130.45203986019027,67.11808308817326,0.0029069767441860465
VER,12.0,92.687,Silverstone,2023,0.13202247191011235,2.5625879043600563,0.5912921348314607,0.06460674157303371,3.3707865168539324,285.5249984,131.94289205145913,67.69854462278872,0.0014044943820224719
VER,13.0,92.678,Silverstone,2023,0.14142857142857143,2.6380543633762517,0.5957142857142858,0.04428571428571428,3.0,262.7095228952381,132.23042549750068,66.6734304160091,0.002857142857142857
VER,14.0,93.046,Silverstone,2023,0.1434659090909091,2.608819345661451,0.5852272727272727,0.052556818181818184,3.4090909090909087,282.0,131.03546186076503,67.37998812770073,0.005681818181818182
VER,15.0,92.99,Silverstone,2023,0.14325842696629212,2.5738396624472575,0.5786516853932584,0.05056179775280899,3.089887640449438,287.0687504,130.63510122068442,67.61624457150079,0.0014044943820224719
VER,16.0,92.808,Silverstone,2023,0.1510791366906475,2.7031700288184437,0.5510791366906475,0.058992805755395686,3.741007194244604,,131.65418189880785,67.60429345946469,0.0014388489208633094
VER,17.0,92.603,Silverstone,2023,0.14545454545454545,2.5210084033613445,0.5846153846153846,0.05174825174825175,3.3566433566433567,287.0,130.5418877042673,67.77969055863957,0.002797202797202797
VER,18.0,92.507,Silverstone,2023,0.1310344827586207,2.4281767955801103,0.5917241379310345,0.060689655172413794,3.5862068965517238,243.84999893333335,131.75647142012033,67.10434684485824,0.006896551724137931
VER,19.0,92.338,Silverstone,2023,0.1452513966480447,2.4727272727272727,0.5879888268156425,0.05865921787709497,3.35195530726257,177.0,130.85263457792252,67.7881097109388,0.0111731843575419
VER,20.0,92.295,Silverstone,2023,0.12661870503597122,2.4236311239193085,0.6158273381294964,0.05611510791366906,3.4532374100719423,227.0,131.56657434947476,66.87466897323172,0.007194244604316547
VER,21.0,92.494,Silverstone,2023,0.13578500707213578,2.6062322946175636,0.5643564356435643,0.06082036775106082,3.536067892503536,285.09583253333335,129.49053865831198,68.69243026515672,0.0014144271570014145
VER,22.0,92.184,Silverstone,2023,0.15220483641536273,2.381766381766382,0.6145092460881935,0.04836415362731152,3.4139402560455197,229.662001152,133.68787993787433,66.72462217694832,0.002844950213371266
VER,23.0,92.272,Silverstone,2023,0.14680232558139536,2.4017467248908297,0.5973837209302325,0.040697674418604654,3.77906976744186,233.07500032000002,131.49505317101165,67.31397781679254,0.0014534883720930232
VER,24.0,92.35,Silverstone,2023,0.14978601997146934,2.4771428571428573,0.5905848787446505,0.05135520684736091,3.566333808844508,280.4611111111111,129.4102232957671,68.18130746373878,0.0028530670470756064
VER,25.0,92.295,Silverstone,2023,0.14756446991404013,2.505021520803443,0.5974212034383954,0.054441260744985676,3.5816618911174785,274.5,130.47779489592023,68.03495559135021,0.015759312320916905
VER,26.0,92.276,Silverstone,2023,0.14950634696755993,2.463276836158192,0.5980253878702397,0.0465444287729196,3.244005641748942,269.0,131.413121549944,66.5268691782887,0.00846262341325811
VER,27.0,92.138,Silverstone,2023,0.14857142857142858,2.432045779685265,0.5771428571428572,0.06428571428571428,3.1428571428571432,226.0,133.4370248353858,67.90791015238938,0.005714285714285714
VER,28.0,92.215,Silverstone,2023,0.13986013986013987,2.4061624649859943,0.5958041958041959,0.05034965034965035,3.4965034965034967,267.9642843428571,132.79582421634143,67.85604449319932,0.002797202797202797
VER,29.0,92.251,Silverstone,2023,0.14680232558139536,2.448326055312955,0.5843023255813954,0.04796511627906977,3.1976744186046515,284.9843744,131.4174469146262,67.66557804235195,0.00436046511627907
VER,30.0,92.363,Silverstone,2023,0.13783403656821377,2.484507042253521,0.5752461322081576,0.05485232067510549,3.2348804500703237,,132.04822139639344,67.41441995779354,0.004219409282700422
VER,31.0,92.388,Silverstone,2023,0.16005665722379603,2.329078014184397,0.5779036827195467,0.05524079320113314,3.2577903682719547,,131.04078794750836,67.73054609028385,0.0084985835694051
VER,32.0,92.21,Silverstone,2023,0.14589235127478753,2.428368794326241,0.5920679886685553,0.046742209631728045,3.2577903682719547,,131.55888160201772,67.99439411987728,0.0084985835694051
VER,39.0,90.348,Silverstone,2023,0.13828238719068414,2.8425655976676385,0.6200873362445415,0.039301310043668124,4.366812227074235,293.9532712180977,136.26873005004956,63.64363678291474,0.008733624454148471
VER,40.0,90.547,Silverstone,2023,0.12571428571428572,2.429184549356223,0.6157142857142858,0.05,4.142857142857142,283.5,134.23865977471957,65.83780917953955,0.004285714285714286
VER,41.0,90.688,Silverstone,2023,0.2034139402560455,2.364672364672365,0.6287339971550497,0.03840682788051209,3.698435277382646,268.14285897142855,133.44985220999337,66.05936928888532,0.06116642958748222
VER,42.0,90.275,Silverstone,2023,0.13525179856115108,2.3342939481268012,0.637410071942446,0.04028776978417266,3.597122302158273,256.5937496,133.6808978332427,66.31778032948088,0.0014388489208633094
VER,43.0,90.535,Silverstone,2023,0.12790697674418605,2.3231441048034935,0.625,0.04505813953488372,3.6337209302325584,249.37395759999998,131.35882144295837,67.28837632616614,0.007267441860465116
VER,44.0,90.648,Silverstone,2023,0.1274074074074074,2.4391691394658754,0.6148148148148148,0.054814814814814816,3.5555555555555554,,132.62344197319018,67.3775785194284,0.005925925925925926
VER,45.0,91.342,Silverstone,2023,0.1440922190201729,2.27994227994228,0.6037463976945245,0.05763688760806916,3.025936599423631,275.42500053333333,132.1325313206318,67.96824380094054,0.010086455331412104
VER,46.0,91.114,Silverstone,2023,0.13773314203730272,2.3764367816091956,0.6169296987087518,0.05021520803443329,3.443328550932568,227.5,133.6037474653099,69.03201965045298,0.007173601147776184
VER,47.0,91.148,Silverstone,2023,0.14634146341463414,2.3620689655172415,0.6255380200860832,0.028694404591104734,3.1563845050215207,268.2124992,130.36781692377733,68.14869275977745,0.00860832137733142
VER,48.0,91.4,Silverstone,2023,0.14184397163120568,2.2954545454545454,0.6085106382978723,0.04680851063829787,3.546099290780142,285.5,131.18785235762195,68.16701323754184,0.005673758865248227
VER,49.0,91.218,Silverstone,2023,0.14756446991404013,2.4017216642754664,0.6174785100286533,0.04871060171919771,3.29512893982808,291.3000064,131.6448109219642,67.27373159354399,0.011461318051575931
VER,50.0,91.292,Silverstone,2023,0.14793741109530584,2.358974358974359,0.620199146514936,0.04836415362731152,3.4139402560455197,,131.47757571175146,68.76223414283787,0.01422475106685633
VER,51.0,91.397,Silverstone,2023,0.1485148514851485,2.2606232294617565,0.6011315417256011,0.04809052333804809,3.253182461103253,,130.83014288549745,68.75861651840734,0.014144271570014143
VER,52.0,90.975,Silverstone,2023,0.12893982808022922,2.284074605451937,0.6361031518624641,0.04871060171919771,3.5816618911174785,213.5,133.01390546919026,67.99210664181963,0.01002865329512894
ALO,2.0,88.012,Monza,2023,0.1702127659574468,2.103500761035008,0.5820668693009119,0.06990881458966565,6.079027355623101,293.2687504,128.52360670483833,74.21228879360174,0.00303951367781155
ALO,3.0,87.546,Monza,2023,0.15476190476190477,2.1520119225037257,0.6026785714285714,0.05952380952380952,5.803571428571429,322.0,130.41746036080988,75.67982061258596,0.002976190476190476
ALO,4.0,87.221,Monza,2023,0.15326251896813353,2.2279635258358663,0.6145675265553869,0.04704097116843703,6.0698027314112295,322.7077370107344,135.09500913141798,75.74454986747304,0.0030349013657056147
ALO,5.0,87.033,Monza,2023,0.16539050535987748,2.1196319018404908,0.6094946401225115,0.0444104134762634,6.278713629402756,324.0,129.81349381124946,77.50306041567113,0.004594180704441042
ALO,6.0,87.175,Monza,2023,0.1506849315068493,2.201219512195122,0.593607305936073,0.0563165905631659,5.6316590563165905,294.5562505142857,130.6227448578552,77.19890940183372,0.0
ALO,7.0,86.929,Monza,2023,0.16114457831325302,2.1870286576168927,0.625,0.046686746987951805,6.024096385542169,267.0,129.02903505785432,77.40324341416017,0.004518072289156626
ALO,8.0,86.943,Monza,2023,0.15758468335787923,2.1238938053097347,0.6318114874815906,0.026509572901325478,6.0382916053019144,319.0,125.56682598673011,76.08349861046341,0.005891016200294551
ALO,9.0,87.383,Monza,2023,0.13864306784660768,1.9852289512555392,0.6312684365781711,0.051622418879056046,5.3097345132743365,284.3333333333333,120.65521684680894,73.56210624371288,0.008849557522123894
ALO,10.0,87.368,Monza,2023,0.14871016691957512,2.148936170212766,0.6100151745068285,0.05614567526555387,5.614567526555387,278.0,123.63117432970593,74.61491115116192,0.0015174506828528073
ALO,11.0,87.343,Monza,2023,0.14871016691957512,2.13677811550152,0.5918057663125948,0.057663125948406675,5.614567526555387,271.06363636363636,123.85131748875496,73.70867852140736,0.0030349013657056147
ALO,12.0,87.339,Monza,2023,0.13230769230769232,2.1540832049306626,0.6184615384615385,0.06923076923076923,5.6923076923076925,270.8386954478568,131.73949656068734,74.69442117587488,0.0
ALO,13.0,87.158,Monza,2023,0.1296875,2.269170579029734,0.63125,0.053125,5.46875,273.32749952,123.25904564662093,74.15743114339591,0.003125
ALO,14.0,87.607,Monza,2023,0.15926493108728942,2.11051131918988,0.6278713629402757,0.036753445635528334,5.66615620214395,283.98611093333335,121.37794241472591,76.93569366314766,0.006125574272588055
ALO,15.0,86.929,Monza,2023,0.15303030303030302,2.1061405461125924,0.6363636363636364,0.03636363636363636,5.303030303030303,,128.21748306019782,73.10364444838366,0.0
ALO,16.0,87.164,Monza,2023,0.15203761755485892,2.100470957613815,0.6504702194357367,0.03605015673981191,5.956112852664576,307.0,130.86207551936474,74.2850288326093,0.0
ALO,17.0,87.156,Monza,2023,0.1518796992481203,2.2349397590361444,0.637593984962406,0.042105263157894736,5.714285714285714,302.90000384,125.90144673193957,74.29173721573723,0.004511278195488722
ALO,18.0,87.275,Monza,2023,0.1409295352323838,2.015015015015015,0.6446776611694153,0.049475262368815595,5.697151424287856,262.81666666666666,126.10883798184337,74.52610642950539,0.0074962518740629685
ALO,19.0,87.318,Monza,2023,0.14736842105263157,2.147590361445783,0.631578947368421,0.03609022556390978,5.864661654135339,287.8952380952381,127.43814011797058,76.52345638589213,0.009022556390977444
ALO,20.0,88.284,Monza,2023,0.12030075187969924,2.183734939759036,0.6300751879699248,0.05263157894736842,5.56390977443609,293.91249919999996,128.07832275418937,76.65074235557775,0.0030075187969924814
ALO,23.0,86.849,Monza,2023,0.1461187214611872,2.1219512195121952,0.6118721461187214,0.0532724505327245,5.47945205479452,318.0,122.38720121085012,73.75324501237137,0.0015220700152207
ALO,24.0,86.949,Monza,2023,0.1527777777777778,2.080370942812983,0.6111111111111112,0.06172839506172839,5.864197530864197,,122.87971183170262,74.62089017282574,0.0015432098765432098
ALO,25.0,86.899,Monza,2023,0.13943028485757122,2.033033033033033,0.6146926536731634,0.05697151424287856,5.247376311844078,275.3249984,123.94429093784753,74.10023871762026,0.0
ALO,26.0,86.792,Monza,2023,0.15692307692307692,2.0708782742681047,0.6153846153846154,0.046153846153846156,5.384615384615385,236.0,120.94854378483653,73.72903983390292,0.0015384615384615385
ALO,27.0,86.666,Monza,2023,0.1484848484848485,2.1153262518968132,0.6151515151515151,0.05454545454545454,5.606060606060606,270.99207174764564,124.07074249717185,73.87296166884236,0.0
ALO,28.0,86.723,Monza,2023,0.1476407914764079,2.0213414634146343,0.6179604261796042,0.0380517503805175,5.78386605783866,318.0,122.6976394274703,74.8696353354821,0.0030441400304414
ALO,29.0,86.997,Monza,2023,0.17043740573152338,2.1419939577039275,0.6244343891402715,0.030165912518853696,6.184012066365008,310.5,130.42538016976786,77.39887683533271,0.0015082956259426848
ALO,30.0,86.915,Monza,2023,0.13692307692307693,2.12326656394453,0.6353846153846154,0.04153846153846154,5.846153846153846,242.62187839999999,129.2612879139428,75.53842801320292,0.004615384615384616
ALO,31.0,86.848,Monza,2023,0.15220700152207,2.0640243902439024,0.619482496194825,0.0426179604261796,5.47945205479452,235.632814,121.1266060302517,75.1577410819795,0.0
ALO,32.0,86.747,Monza,2023,0.1544461778471139,2.178125,0.608424336973479,0.0436817472698908,6.084243369734789,288.5236842105263,120.42464108574522,75.09312360378014,0.0
ALO,33.0,86.769,Monza,2023,0.16591928251121077,2.12874251497006,0.6337817638266069,0.03736920777279522,5.680119581464873,303.92857142857144,121.43576108776348,74.80094663961829,0.01046337817638266
ALO,34.0,86.563,Monza,2023,0.15109034267912771,2.1154446177847115,0.6433021806853583,0.04205607476635514,6.230529595015576,273.06,125.57994376287661,74.55199343455419,0.0
ALO,35.0,86.517,Monza,2023,0.1559633027522936,2.1010719754977027,0.6269113149847095,0.04128440366972477,5.963302752293578,236.3464256,120.40617670076666,75.1201613899552,0.0045871559633027525
ALO,36.0,86.457,Monza,2023,0.14106583072100312,2.1161695447409734,0.6394984326018809,0.04075235109717868,5.799373040752351,234.3,123.0672150415039,75.4398083826693,0.0
ALO,37.0,86.38,Monza,2023,0.14893617021276595,2.0913242009132422,0.6352583586626139,0.028875379939209727,5.775075987841945,292.6666666666667,123.26814962687337,75.49811661969063,0.00303951367781155
ALO,38.0,86.574,Monza,2023,0.14440993788819875,2.3529160186625195,0.6211180124223602,0.03881987577639751,5.900621118012422,280.5407898844973,123.34555434004301,75.32656355484549,0.0
ALO,39.0,86.707,Monza,2023,0.13517665130568357,2.152423076923077,0.6298003072196621,0.04915514592933948,5.683563748079877,312.3107163428571,119.37744880454079,75.4998223967083,0.0
ALO,40.0,86.61,Monza,2023,0.16049382716049382,2.151468315301391,0.6265432098765432,0.040123456790123455,6.018518518518518,315.5,117.59827900532635,75.41978716976392,0.0030864197530864196
ALO,41.0,86.815,Monza,2023,0.1573373676248109,2.0484848484848484,0.6308623298033282,0.03479576399394856,6.202723146747353,314.8125008,127.25372205895877,75.75325353032333,0.0
ALO,42.0,86.403,Monza,2023,0.141321044546851,2.116923076923077,0.6712749615975423,0.03533026113671275,5.837173579109063,273.0,128.34420363786472,75.17954811894191,0.009216589861751152
ALO,43.0,86.105,Monza,2023,0.14088820826952528,2.074179447361963,0.6370597243491577,0.030627871362940276,6.431852986217458,285.60803634285713,125.89147614452375,75.9814162619847,0.0
ALO,44.0,86.155,Monza,2023,0.16019417475728157,2.193897893549433,0.6585760517799353,0.014563106796116505,5.9870550161812295,281.4315195755704,122.13491202153341,74.92812508259247,0.0016181229773462784
ALO,45.0,86.277,Monza,2023,0.1360759493670886,2.1659112509667193,0.6455696202531646,0.030063291139240507,5.69620253164557,285.2125056,120.25080556705288,75.96946019495302,0.0031645569620253164
ALO,46.0,86.453,Monza,2023,0.15022761760242792,2.0992553201215807,0.6282245827010622,0.03490136570561457,5.918057663125948,,123.86910782135351,75.93184646170916,0.0015174506828528073
ALO,47.0,86.912,Monza,2023,0.15303030303030302,2.100151745068285,0.6106060606060606,0.04090909090909091,6.666666666666667,304.5,132.11014404705887,79.21943401088765,0.0015151515151515152
ALO,48.0,87.183,Monza,2023,0.16248153618906944,2.07396449704142,0.6292466765140325,0.03988183161004431,6.20384047267356,313.0,129.04135495102236,78.90350226016574,0.005908419497784343
ALO,49.0,87.245,Monza,2023,0.1562043795620438,2.0672514619883042,0.6233576642335766,0.0364963503649635,6.423357664233577,251.0812496,131.32995838504235,78.06070921238273,0.0072992700729927005
ALO,50.0,87.36,Monza,2023,0.1600609756097561,2.122137404580153,0.6265243902439024,0.025914634146341462,5.945121951219512,291.44278589223035,134.78736498705837,79.54267744581465,0.001524390243902439
ALO,51.0,87.395,Monza,2023,0.15384615384615385,2.205438066465257,0.6093514328808446,0.03469079939668175,6.485671191553545,,130.79714599111296,81.24170215734479,0.0015082956259426848
HAM,2.0,87.837,Monza,2023,0.19054878048780488,2.0061068702290075,0.5701219512195121,0.053353658536585365,4.878048780487805,,110.93717505812171,74.69630666327795,0.004573170731707317
HAM,3.0,87.289,Monza,2023,0.15970149253731344,1.9641255605381165,0.5776119402985075,0.07313432835820896,4.477611940298507,313.5,111.196782720881,74.12011886032397,0.005970149253731343
HAM,4.0,87.233,Monza,2023,0.16944024205748864,1.996969696969697,0.573373676248109,0.057488653555219364,4.387291981845689,,112.34495276656905,71.53871789064826,0.0030257186081694403
HAM,5.0,87.015,Monza,2023,0.16897081413210446,2.1046153846153848,0.565284178187404,0.055299539170506916,4.6082949308755765,317.0,114.48797503449235,73.1368083711159,0.006144393241167435
HAM,6.0,86.711,Monza,2023,0.17457886676875958,2.0552147239263805,0.5650842266462481,0.05666156202143951,4.44104134762634,,114.90388683873034,75.4772279412056,0.0015313935681470138
HAM,7.0,86.7,Monza,2023,0.17095310136157338,2.003030303030303,0.5794251134644478,0.057488653555219364,4.53857791225416,,111.4121964635314,76.01164028940379,0.007564296520423601
HAM,8.0,86.643,Monza,2023,0.17551622418879056,1.9556868537666174,0.5781710914454278,0.051622418879056046,4.71976401179941,313.0434770856058,113.36015596694304,75.75187176323861,0.0014749262536873156
HAM,9.0,86.756,Monza,2023,0.18032786885245902,2.0417910447761196,0.5752608047690015,0.038748137108792845,4.321907600596125,310.0,109.19522387678573,76.11656608644347,0.0029806259314456036
HAM,10.0,86.995,Monza,2023,0.15582450832072617,2.006060606060606,0.5763993948562783,0.0529500756429652,4.387291981845689,324.0,115.98207608934469,76.6945125440326,0.0015128593040847202
HAM,11.0,87.119,Monza,2023,0.1633587786259542,2.0489296636085625,0.5709923664122137,0.059541984732824425,5.038167938931298,318.0,111.9720024328061,76.25211986877785,0.0
HAM,12.0,87.194,Monza,2023,0.18125960061443933,2.04,0.5852534562211982,0.04608294930875576,4.45468509984639,,111.78490003252574,77.05296262823619,0.006144393241167435
HAM,13.0,87.292,Monza,2023,0.1806853582554517,2.1185647425897036,0.5747663551401869,0.040498442367601244,4.517133956386292,,112.15179208998056,78.18494010771212,0.004672897196261682
HAM,14.0,87.526,Monza,2023,0.18404907975460122,2.0737327188940093,0.553680981595092,0.05214723926380368,5.061349693251533,,104.38678525764391,78.9748927650755,0.004601226993865031
HAM,15.0,88.085,Monza,2023,0.17761194029850746,2.0657698056801195,0.5567164179104478,0.06119402985074627,4.626865671641791,,120.18201683939623,78.6118777927275,0.005970149253731343
HAM,16.0,87.24,Monza,2023,0.16536661466458658,2.06875,0.5507020280811232,0.06396255850234009,4.83619344773791,310.0,106.79801763436213,77.08113890329672,0.0
HAM,17.0,87.585,Monza,2023,0.1815431164901664,2.018181818181818,0.5612708018154312,0.036308623298033284,5.143721633888049,309.74896250395716,107.96189419198231,78.03889443713221,0.0015128593040847202
HAM,18.0,87.279,Monza,2023,0.15671641791044777,1.9820627802690582,0.5656716417910448,0.06716417910447761,4.626865671641791,266.5958336,111.2065375960025,75.79955638941601,0.0014925373134328358
HAM,19.0,87.449,Monza,2023,0.15082956259426847,2.0422960725075527,0.5580693815987934,0.0693815987933635,4.675716440422323,235.093752,110.79765605435531,77.0505908116959,0.0
HAM,20.0,87.83,Monza,2023,0.14177978883861236,2.096676737160121,0.555052790346908,0.07088989441930618,4.524886877828054,,114.88616212602435,74.15020669388893,0.0030165912518853697
HAM,21.0,87.399,Monza,2023,0.1626865671641791,1.9701046337817638,0.5597014925373134,0.06567164179104477,4.328358208955224,,111.22115098797244,76.3203915788063,0.007462686567164179
HAM,22.0,87.154,Monza,2023,0.1617873651771957,2.0555555555555554,0.5716486902927581,0.05855161787365177,4.314329738058552,316.0,110.15160096189672,77.68118248313257,0.0030816640986132513
HAM,23.0,87.267,Monza,2023,0.15337423312883436,2.064516129032258,0.5828220858895705,0.03680981595092025,4.601226993865031,271.5892854857143,114.65802978346115,73.73203784592032,0.0015337423312883436
HAM,24.0,87.311,Monza,2023,0.1452599388379205,2.1439509954058193,0.6116207951070336,0.03669724770642202,4.434250764525994,314.5,118.7057058943014,71.94158037158964,0.0030581039755351682
HAM,25.0,87.791,Monza,2023,0.15861027190332327,2.118003025718608,0.5891238670694864,0.03172205438066465,4.531722054380665,226.5,113.69426399964047,74.96046065546898,0.0015105740181268882
HAM,26.0,87.407,Monza,2023,0.1540785498489426,2.066565809379728,0.5845921450151057,0.045317220543806644,4.078549848942599,232.0,111.63549180837764,74.44060336054156,0.0030211480362537764
HAM,29.0,85.582,Monza,2023,0.1452599388379205,2.0735068912710566,0.581039755351682,0.07033639143730887,4.281345565749235,,112.67300821021871,74.70090923060542,0.0045871559633027525
HAM,30.0,86.34,Monza,2023,0.11993769470404984,2.0280811232449296,0.5778816199376947,0.10124610591900311,4.049844236760125,302.0,117.46267351084337,70.68677230190596,0.0
HAM,31.0,86.404,Monza,2023,0.13587786259541984,2.021406727828746,0.5526717557251909,0.0900763358778626,3.5114503816793894,,115.5625704847216,71.83206433080998,0.0
HAM,32.0,86.62,Monza,2023,0.13707165109034267,2.0436817472698907,0.543613707165109,0.08255451713395638,4.049844236760125,318.4375,114.57972685514629,71.7732440220913,0.0
HAM,33.0,86.584,Monza,2023,0.13213213213213212,1.9338345864661655,0.5525525525525525,0.08708708708708708,4.354354354354354,,115.24939361797148,72.38764008087757,0.003003003003003003
HAM,34.0,86.236,Monza,2023,0.1310452418096724,2.040625,0.5787831513260531,0.06708268330733229,4.99219968798752,,113.0708351097008,72.5952443196792,0.0031201248049922
HAM,35.0,86.016,Monza,2023,0.14615384615384616,2.00924499229584,0.5723076923076923,0.06153846153846154,4.153846153846154,,114.12135831788093,73.33082851062929,0.003076923076923077
HAM,36.0,86.205,Monza,2023,0.15141955835962145,2.1011058451816744,0.5694006309148265,0.055205047318611984,4.2586750788643535,,110.82842730606916,74.19342678099376,0.006309148264984227
HAM,37.0,85.999,Monza,2023,0.14045801526717558,2.0336391437308867,0.5557251908396946,0.07633587786259542,4.122137404580153,,101.93631872690916,72.45367465680191,0.007633587786259542
HAM,38.0,86.274,Monza,2023,0.14440993788819875,2.105754276827372,0.577639751552795,0.05124223602484472,4.3478260869565215,,104.96582214341132,73.43994843719916,0.0
HAM,39.0,86.249,Monza,2023,0.16024653312788906,2.1296296296296298,0.5824345146379045,0.03543913713405239,4.160246533127889,275.20873211936504,106.17387855139833,73.53161338343502,0.0030816640986132513
HAM,40.0,86.658,Monza,2023,0.17928902627511592,2.015479876160991,0.5687789799072643,0.027820710973724884,5.255023183925812,216.85000832,109.07817244161637,80.11761089380968,0.04791344667697063
HAM,41.0,87.501,Monza,2023,0.15015015015015015,1.9909774436090226,0.581081081081081,0.04054054054054054,4.504504504504505,297.0,108.91654464735629,79.47601366291399,0.028528528528528527
HAM,42.0,86.216,Monza,2023,0.15301391035548687,2.003095975232198,0.5749613601236476,0.0571870170015456,4.636785162287481,,111.48530837734226,72.75465014276472,0.0061823802163833074
HAM,43.0,86.093,Monza,2023,0.14854517611026033,2.003067484662577,0.6033690658499234,0.05053598774885146,3.828483920367534,277.24750144,103.6288037900439,72.85405822151486,0.004594180704441042
HAM,44.0,87.152,Monza,2023,0.15764331210191082,2.1339712918660285,0.5796178343949044,0.050955414012738856,4.2993630573248405,,112.91877024100677,76.44823084725259,0.009554140127388535
HAM,45.0,86.333,Monza,2023,0.15555555555555556,2.146263910969793,0.5984126984126984,0.03015873015873016,4.603174603174604,264.5,105.58644976609284,76.56530765373601,0.011111111111111112
HAM,46.0,87.193,Monza,2023,0.17117117117117117,2.0240601503759397,0.6066066066066066,0.016516516516516516,4.504504504504505,,107.42833304186628,77.92511749700412,0.03153153153153153
HAM,47.0,86.12,Monza,2023,0.15160796324655437,2.0122699386503067,0.6339969372128637,0.018376722817764167,4.747320061255743,,108.83356481861907,76.33887397475766,0.021439509954058193
HAM,48.0,85.815,Monza,2023,0.13943028485757122,2.015015015015015,0.6221889055472264,0.031484257871064465,4.3478260869565215,304.5,113.40092365160501,72.41753384530934,0.005997001499250375
HAM,49.0,85.888,Monza,2023,0.12965722801788376,2.011940298507463,0.6348733233979136,0.037257824143070044,4.023845007451564,282.69124672,111.42764130256498,72.79250545863142,0.005961251862891207
HAM,50.0,85.927,Monza,2023,0.1437308868501529,2.119448698315467,0.6192660550458715,0.0290519877675841,4.281345565749235,,112.8249596242832,73.04117247740938,0.012232415902140673
HAM,51.0,86.093,Monza,2023,0.14570552147239263,2.1960061793480117,0.5904907975460123,0.03680981595092025,4.447852760736196,,110.89010180043375,74.22426537962421,0.015337423312883436
LEC,1.0,88.755,Monza,2023,0.15692307692307692,2.3605546995377504,0.6092307692307692,0.018461538461538463,6.3076923076923075,,112.7422136664055,78.01796102717232,0.018461538461538463
LEC,2.0,86.312,Monza,2023,0.15396578538102643,2.1542056074766354,0.6500777604976672,0.03421461897356143,5.443234836702955,232.5333376,120.05967940411435,70.92294394493052,0.003110419906687403
LEC,3.0,85.719,Monza,2023,0.15045592705167174,2.097412480974125,0.6519756838905775,0.030395136778115502,5.015197568389058,277.0,124.30556868346532,72.82256331155945,0.0121580547112462
LEC,4.0,86.025,Monza,2023,0.1579754601226994,2.2872503840245777,0.647239263803681,0.027607361963190184,5.368098159509203,273.75,112.4370335346872,73.91992846262161,0.003067484662576687
LEC,5.0,86.266,Monza,2023,0.15254237288135594,2.0185185185185186,0.6317411402157165,0.04930662557781202,5.3929121725731894,294.61583370666665,113.76770607873502,74.15278245436089,0.004622496147919877
LEC,6.0,86.483,Monza,2023,0.15170278637770898,2.24031007751938,0.6222910216718266,0.03715170278637771,5.263157894736842,,111.22196485759841,73.59139953544533,0.0046439628482972135
LEC,7.0,86.473,Monza,2023,0.14630467571644043,2.1661631419939575,0.6274509803921569,0.043740573152337855,5.429864253393665,284.6666666666667,115.77639913452656,75.26034071189493,0.004524886877828055
LEC,8.0,85.972,Monza,2023,0.15963855421686746,2.060331825037707,0.6325301204819277,0.03614457831325301,4.969879518072289,278.67000064,113.49771002218066,74.86874162793364,0.0
LEC,9.0,86.678,Monza,2023,0.14688427299703263,2.069836552748886,0.629080118694362,0.03560830860534125,5.489614243323442,317.0,119.1536098056847,76.31028042514518,0.001483679525222552
LEC,10.0,86.787,Monza,2023,0.15512048192771086,2.105580693815988,0.6144578313253012,0.03162650602409638,5.421686746987952,270.0,117.18749849312479,77.16509322787373,0.006024096385542169
LEC,11.0,86.838,Monza,2023,0.1527777777777778,2.1346445126429674,0.654320987654321,0.027777777777777776,5.555555555555555,307.0,122.64950206073708,73.4772258090232,0.010802469135802469
LEC,12.0,86.694,Monza,2023,0.14837712519319937,2.24130805003096,0.6476043276661515,0.02009273570324575,5.7187017001545595,,120.3846101110025,74.33267672434206,0.0077279752704791345
LEC,13.0,86.557,Monza,2023,0.146875,2.2503912363067293,0.6109375,0.040625,5.46875,308.0,111.48404195542624,74.30100467996958,0.0046875
LEC,14.0,86.94,Monza,2023,0.16049382716049382,2.2519319938176197,0.6188271604938271,0.026234567901234566,5.709876543209877,307.0,124.59695242197566,73.53285387542559,0.015432098765432098
LEC,15.0,87.314,Monza,2023,0.17018072289156627,2.1372549019607843,0.6219879518072289,0.024096385542168676,5.72289156626506,232.12083413333335,120.56560165592617,76.20198599994652,0.009036144578313253
LEC,16.0,87.155,Monza,2023,0.17209302325581396,2.231366459627329,0.5906976744186047,0.034108527131782945,5.891472868217054,324.5,121.02344659555439,77.95941181953522,0.010852713178294573
LEC,17.0,87.67,Monza,2023,0.15514592933947774,2.249230769230769,0.6098310291858678,0.03379416282642089,5.683563748079877,318.1428567365079,122.10222448121898,75.97733112640456,0.0030721966205837174
LEC,18.0,87.498,Monza,2023,0.17327459618208516,2.151470588235294,0.580029368575624,0.03524229074889868,5.139500734214391,228.0,120.8111839517772,77.32556230361126,0.00881057268722467
LEC,19.0,87.702,Monza,2023,0.1648854961832061,2.243119266055046,0.5862595419847328,0.025954198473282442,6.106870229007633,,130.89254533542186,76.43591398019444,0.0015267175572519084
LEC,20.0,91.155,Monza,2023,0.17630057803468208,2.434153400868307,0.5924855491329479,0.02601156069364162,5.780346820809249,325.0312496,111.72975824292058,81.15981591527782,0.015895953757225433
LEC,22.0,85.742,Monza,2023,0.15944272445820434,2.125581395348837,0.6455108359133127,0.018575851393188854,5.727554179566564,320.0,121.62689053879492,76.57055312295263,0.007739938080495356
LEC,23.0,85.807,Monza,2023,0.15109034267912771,2.1622464898595943,0.6246105919003115,0.045171339563862926,5.607476635514018,293.3333333333333,123.2981365941038,74.82583749435814,0.003115264797507788
LEC,24.0,85.933,Monza,2023,0.16352201257861634,2.1559055118110235,0.6352201257861635,0.02830188679245283,5.660377358490567,313.75921787733336,120.93067677019945,76.48366895666157,0.0015723270440251573
LEC,25.0,86.061,Monza,2023,0.15853658536585366,2.114503816793893,0.6326219512195121,0.03201219512195122,5.487804878048781,251.91590458181818,123.65719954588833,76.5191012289101,0.009146341463414634
LEC,26.0,85.763,Monza,2023,0.16512345679012347,2.142194744976816,0.6481481481481481,0.016975308641975308,5.709876543209877,266.33611261194216,123.73906253946508,76.6767784799067,0.016975308641975308
LEC,27.0,86.234,Monza,2023,0.167427701674277,2.1036585365853657,0.6149162861491628,0.0243531202435312,5.93607305936073,304.52088469083526,124.43622588167933,76.68667884240412,0.0121765601217656
LEC,28.0,85.663,Monza,2023,0.1557632398753894,2.154446177847114,0.6495327102803738,0.017133956386292833,5.763239875389408,278.61250026666664,121.67767285077011,75.22107448126741,0.01557632398753894
LEC,29.0,85.814,Monza,2023,0.16036308623298035,2.1378787878787877,0.6354009077155824,0.02723146747352496,5.446293494704992,288.70396830476193,119.76363433869273,76.07107376932991,0.01059001512859304
LEC,30.0,85.782,Monza,2023,0.17391304347826086,2.1181959564541213,0.6506211180124224,0.015527950310559006,5.745341614906832,261.3111139555556,116.29233706579936,75.34270775979259,0.012422360248447204
LEC,31.0,86.496,Monza,2023,0.15123456790123457,2.052550231839258,0.6404320987654321,0.023148148148148147,5.246913580246913,236.1295907636954,115.95589734624984,75.07603492900469,0.012345679012345678
LEC,32.0,86.869,Monza,2023,0.18433179723502305,2.0756648355164837,0.6190476190476191,0.013824884792626729,5.376344086021505,,117.90043073455615,76.67973894183535,0.006144393241167435
LEC,33.0,85.962,Monza,2023,0.1620795107033639,2.1053872234521984,0.6116207951070336,0.02599388379204893,5.5045871559633035,283.01666666666665,120.7375675431074,77.0336512283057,0.016819571865443424
LEC,34.0,85.851,Monza,2023,0.1606864274570983,2.109375,0.6162246489859594,0.0218408736349454,5.61622464898596,,117.33639783949367,77.09506091331356,0.0062402496099844
LEC,35.0,85.85,Monza,2023,0.16408668730650156,2.116279069767442,0.6300309597523219,0.018575851393188854,5.727554179566564,307.0,122.18754274389163,76.95691531568262,0.007739938080495356
LEC,36.0,85.631,Monza,2023,0.17823343848580442,2.1248025276461298,0.6261829652996845,0.012618296529968454,5.83596214511041,266.5,120.23118542581395,75.95379741349394,0.015772870662460567
LEC,37.0,85.671,Monza,2023,0.1579754601226994,2.1044546850998462,0.6334355828220859,0.02147239263803681,4.9079754601226995,278.3624992,110.90958919009789,76.90268737228742,0.018404907975460124
LEC,38.0,85.58,Monza,2023,0.15109034267912771,2.0652983613104525,0.6401869158878505,0.03115264797507788,5.607476635514018,300.0,116.57462617869693,78.93234563848839,0.00778816199376947
LEC,39.0,85.629,Monza,2023,0.16408668730650156,2.025029070387597,0.6145510835913313,0.020123839009287926,5.41795665634675,,121.04083360911248,77.0121889813353,0.007739938080495356
LEC,40.0,85.728,Monza,2023,0.18167456556082148,2.1123417721518987,0.617693522906793,0.022116903633491312,5.845181674565561,,123.41263529453174,77.6914838537334,0.017377567140600316
LEC,41.0,86.511,Monza,2023,0.1613394216133942,2.028963414634146,0.6270928462709284,0.0273972602739726,5.78386605783866,327.0,125.5469177193632,76.73777309381562,0.0060882800608828
LEC,42.0,86.448,Monza,2023,0.1562021439509954,2.104294478527607,0.6003062787136294,0.027565084226646247,5.972434915773354,258.1057020631579,128.4978385089735,77.89761911210067,0.013782542113323124
LEC,43.0,86.597,Monza,2023,0.1679506933744222,2.0987654320987654,0.6117103235747303,0.023112480739599383,6.163328197226503,,123.95014569961391,80.75139869955697,0.01694915254237288
LEC,44.0,86.586,Monza,2023,0.16329704510108864,2.161993769470405,0.6034214618973561,0.024883359253499222,6.2208398133748055,,122.86198718008488,79.5919619632433,0.007776049766718507
LEC,45.0,86.321,Monza,2023,0.1523809523809524,2.1287758346581875,0.6047619047619047,0.02857142857142857,5.714285714285714,243.73394102857142,119.27075391773158,80.39478419134181,0.011111111111111112
LEC,46.0,86.58,Monza,2023,0.17204301075268819,2.146153846153846,0.6159754224270353,0.01228878648233487,5.837173579109063,277.0,126.75180573915671,78.87697884648891,0.021505376344086023
LEC,47.0,87.371,Monza,2023,0.16289592760180996,2.1276718283987917,0.6214177978883861,0.02262443438914027,5.128205128205128,278.0,113.6103931479044,81.88060758838107,0.015082956259426848
LEC,48.0,86.828,Monza,2023,0.16119402985074627,2.0829316137518683,0.6253731343283582,0.013432835820895522,5.074626865671641,283.0,119.26014461618476,78.58127602509737,0.014925373134328358
LEC,49.0,86.633,Monza,2023,0.13864306784660768,2.090103397341211,0.612094395280236,0.017699115044247787,4.867256637168142,279.6666666666667,116.72716100584363,80.77272925092291,0.01032448377581121
LEC,50.0,86.961,Monza,2023,0.15813253012048192,2.0452488687782804,0.6219879518072289,0.009036144578313253,5.572289156626506,230.0,111.45445208222601,81.66610759221015,0.012048192771084338
LEC,51.0,86.783,Monza,2023,0.1649016641452345,2.262121212121212,0.6111951588502269,0.025718608169440244,5.597579425113464,295.6666666666667,120.60789504455069,80.4153842165068,0.007564296520423601
NOR,1.0,91.513,Monza,2023,0.15396113602391628,2.163173652694611,0.5635276532137519,0.06278026905829596,7.623318385650224,303.6172224711111,132.04831424302745,78.95555792379926,0.0
NOR,2.0,87.575,Monza,2023,0.15902140672782875,2.0857580398162328,0.5779816513761468,0.0764525993883792,6.8807339449541285,,141.83965439255076,73.5303113721011,0.0
NOR,3.0,87.105,Monza,2023,0.1634182908545727,1.9639639639639639,0.6011994002998501,0.0704647676161919,6.746626686656672,313.0928576,142.9944217640707,72.60499622324781,0.0
NOR,4.0,87.069,Monza,2023,0.16363636363636364,2.084977238239757,0.5909090909090909,0.07424242424242425,6.515151515151516,,138.64488526287673,71.38666060449832,0.0
NOR,5.0,87.142,Monza,2023,0.16232771822358347,2.1134969325153374,0.5849923430321593,0.07350689127105667,6.891271056661561,,141.71257397119166,72.77982159994666,0.0030627871362940277
NOR,6.0,86.796,Monza,2023,0.15137614678899083,1.9601837672281777,0.5764525993883792,0.0963302752293578,6.8807339449541285,317.0,143.22452616886667,72.5757450196414,0.0
NOR,7.0,86.864,Monza,2023,0.16289592760180996,1.957703927492447,0.5882352941176471,0.07541478129713423,6.033182503770739,316.0,137.1119242739463,72.75149686623267,0.004524886877828055
NOR,8.0,86.628,Monza,2023,0.15657311669128507,2.0502958579881656,0.5568685376661743,0.07533234859675036,6.056129985228951,323.0,137.3013267504505,73.1287354836102,0.0029542097488921715
NOR,9.0,86.893,Monza,2023,0.15029761904761904,2.0178837555886737,0.5788690476190477,0.07886904761904762,6.25,321.0,142.88330961331675,74.63521504895627,0.0
NOR,10.0,86.965,Monza,2023,0.14350453172205438,2.0393343419062027,0.6042296072507553,0.06948640483383686,6.042296072507553,312.0,142.31984812175713,74.37695899973795,0.0015105740181268882
NOR,11.0,87.066,Monza,2023,0.1529051987767584,2.01531393568147,0.5840978593272171,0.06880733944954129,6.269113149847094,,141.76928642995063,73.93018385147482,0.0
NOR,12.0,87.438,Monza,2023,0.15950920245398773,2.0952380952380953,0.5736196319018405,0.07668711656441718,6.748466257668712,233.1,141.38864574760706,74.74870927717106,0.0
NOR,13.0,87.359,Monza,2023,0.1557632398753894,2.093603744149766,0.5669781931464174,0.07476635514018691,6.230529595015576,325.2531304,145.20401740353648,75.65994129519724,0.0
NOR,14.0,87.478,Monza,2023,0.17665130568356374,2.08,0.5714285714285714,0.05222734254992319,6.912442396313365,322.5,142.22808222777238,76.58096159831574,0.0030721966205837174
NOR,15.0,87.796,Monza,2023,0.16041979010494753,1.990990990990991,0.5787106446776612,0.06446776611694154,5.997001499250374,,141.6227047024957,76.71711651597599,0.0
NOR,16.0,87.199,Monza,2023,0.15241057542768274,2.102803738317757,0.5754276827371695,0.07465007776049767,6.6874027993779155,,141.63726730961753,75.1228240008568,0.0
NOR,17.0,87.597,Monza,2023,0.15757575757575756,2.0424886191198786,0.5757575757575758,0.0696969696969697,6.0606060606060606,315.5,139.17579536303495,74.83225054861157,0.0015151515151515152
NOR,18.0,87.272,Monza,2023,0.15522388059701492,1.9910313901345291,0.5850746268656717,0.06417910447761194,6.26865671641791,312.0,141.39220352887475,74.31167509219125,0.0
NOR,19.0,87.28,Monza,2023,0.13636363636363635,2.009104704097117,0.593939393939394,0.07878787878787878,5.909090909090909,,137.7416657866621,74.09015285801593,0.0030303030303030303
NOR,20.0,87.716,Monza,2023,0.14909638554216867,2.033182503770739,0.5933734939759037,0.06475903614457831,6.626506024096386,313.0,143.04847940285825,73.67286918023407,0.0
NOR,21.0,87.718,Monza,2023,0.1589895988112927,2.0089285714285716,0.5809806835066865,0.0638930163447251,6.092124814264487,314.8035702857143,141.02231396347102,75.98089271323312,0.0
NOR,22.0,91.647,Monza,2023,0.17715959004392387,2.260670488296454,0.5241581259150805,0.0629575402635432,6.295754026354319,309.0,127.93700373710898,82.12419087069246,0.0014641288433382138
NOR,24.0,86.144,Monza,2023,0.13333333333333333,2.1335403726708075,0.6232558139534884,0.04961240310077519,5.891472868217054,318.562496,140.53965864674583,75.38196556051362,0.0
NOR,25.0,86.424,Monza,2023,0.14696969696969697,2.0121396054628224,0.6212121212121212,0.06060606060606061,6.212121212121212,303.43434257239056,140.51095413077098,71.56133000942975,0.0015151515151515152
NOR,26.0,86.402,Monza,2023,0.1476923076923077,2.061633281972265,0.6153846153846154,0.06153846153846154,6.769230769230769,,140.89441827450312,72.46980853203496,0.0
NOR,27.0,86.485,Monza,2023,0.14634146341463414,2.112977099236641,0.6128048780487805,0.0625,6.097560975609756,,134.49736846744514,72.6095558835316,0.0
NOR,28.0,86.396,Monza,2023,0.15337423312883436,2.0798771121351765,0.6288343558282209,0.03834355828220859,6.288343558282208,318.0,142.14362586476204,71.21075499528983,0.0015337423312883436
NOR,29.0,86.472,Monza,2023,0.13595166163141995,2.0302571860816943,0.6193353474320241,0.054380664652567974,6.042296072507553,,143.0848679000487,74.06531531792885,0.0015105740181268882
NOR,30.0,86.968,Monza,2023,0.17050691244239632,2.08,0.6359447004608295,0.03225806451612903,6.1443932411674345,236.2,140.41468779320502,75.15674350551578,0.007680491551459293
NOR,31.0,86.909,Monza,2023,0.1567732115677321,2.0548780487804876,0.5844748858447488,0.0669710806697108,6.54490106544901,229.12250112,138.72945067057694,74.8667538027316,0.0
NOR,32.0,86.586,Monza,2023,0.15479876160990713,2.13953488372093,0.608359133126935,0.05572755417956656,6.191950464396285,277.5,139.1468889663971,75.07572643162891,0.0046439628482972135
NOR,33.0,86.455,Monza,2023,0.1519756838905775,2.106544901065449,0.5957446808510638,0.06534954407294832,6.382978723404255,238.76666666666668,141.78505264423967,74.72349424446824,0.0
NOR,34.0,86.366,Monza,2023,0.15241057542768274,2.046728971962617,0.6158631415241057,0.05443234836702955,6.531881804043546,,138.82541493897907,75.73918876217832,0.003110419906687403
NOR,35.0,86.464,Monza,2023,0.1669218989280245,2.1319018404907975,0.6018376722817764,0.06125574272588055,6.1255742725880555,266.5,138.87507087818352,75.42050787189768,0.0015313935681470138
NOR,36.0,87.06,Monza,2023,0.15085536547433903,2.196261682242991,0.6065318818040435,0.05909797822706065,6.531881804043546,233.0,139.8407966204435,75.07131913322405,0.003110419906687403
NOR,37.0,86.595,Monza,2023,0.1474164133738602,2.015220700152207,0.5911854103343465,0.05927051671732523,6.079027355623101,,139.9144582475713,76.24649120994759,0.0
NOR,38.0,87.567,Monza,2023,0.15926493108728942,2.1226993865030677,0.5880551301684533,0.033690658499234305,6.431852986217458,305.0,139.41542499610708,76.27558451891007,0.0
NOR,39.0,86.792,Monza,2023,0.17557251908396945,2.051987767584098,0.5969465648854961,0.04580152671755725,6.412213740458015,324.0,136.94267786252664,75.91350477388256,0.007633587786259542
NOR,40.0,86.761,Monza,2023,0.15479876160990713,2.105426356589147,0.6052631578947368,0.05572755417956656,6.3467492260061915,274.5,138.5418077820153,76.13796945880507,0.0015479876160990713
NOR,41.0,86.562,Monza,2023,0.17095310136157338,2.081818181818182,0.5915279878971256,0.046898638426626324,6.051437216338881,325.03500288,138.1409393629826,75.87428376881603,0.0015128593040847202
NOR,42.0,86.623,Monza,2023,0.15716486902927582,2.049382716049383,0.6240369799691834,0.04776579352850539,6.00924499229584,313.1875008,136.25022274813054,76.58237054728778,0.004622496147919877
NOR,43.0,86.81,Monza,2023,0.17397881996974282,2.0393939393939395,0.5975794251134644,0.05143721633888049,6.051437216338881,227.0,139.58819233805826,76.4253512886433,0.0015128593040847202
NOR,44.0,87.991,Monza,2023,0.16455696202531644,2.2725832012678286,0.5854430379746836,0.04272151898734177,6.487341772151899,323.975,136.77547495120194,78.83118484670544,0.007911392405063292
NOR,45.0,87.466,Monza,2023,0.165625,2.05320813771518,0.5921875,0.040625,6.5625,337.0,138.68044104011156,77.26125785402044,0.0015625
NOR,46.0,87.017,Monza,2023,0.1779788838612368,2.084592145015106,0.5987933634992458,0.04675716440422323,6.033182503770739,286.5443213374974,140.63838932597562,76.37397695215589,0.006033182503770739
NOR,47.0,87.886,Monza,2023,0.17339312406576982,2.0449101796407185,0.5665171898355755,0.04633781763826607,6.128550074738415,239.0,135.94408404028562,80.23726248947581,0.01195814648729447
NOR,48.0,86.733,Monza,2023,0.16071428571428573,1.9701937406855439,0.6130952380952381,0.049107142857142856,5.654761904761905,240.0,134.37108810834093,76.75108604018341,0.002976190476190476
NOR,49.0,87.661,Monza,2023,0.1744186046511628,2.1601164483260553,0.5450581395348837,0.029069767441860465,6.25,238.08214034285714,142.26235022684844,75.04469512255154,0.0014534883720930232
NOR,50.0,87.174,Monza,2023,0.1722560975609756,2.2076335877862596,0.5853658536585366,0.042682926829268296,6.707317073170732,,137.0875338499552,77.07446802923172,0.003048780487804878
NOR,51.0,87.425,Monza,2023,0.17647058823529413,2.211480362537764,0.6048265460030166,0.0196078431372549,5.580693815987934,232.0,133.10272676648566,81.53878848031277,0.007541478129713424
SAI,1.0,87.117,Monza,2023,0.14330708661417324,2.3422712933753944,0.6503937007874016,0.01889763779527559,5.826771653543307,218.0,111.36353186093973,75.11143078630025,0.012598425196850394
SAI,2.0,86.006,Monza,2023,0.14263565891472868,2.1552795031055902,0.6790697674418604,0.03875968992248062,4.8062015503875966,270.0,115.97361953334513,69.15967550046598,0.0015503875968992248
SAI,3.0,85.976,Monza,2023,0.14545454545454545,2.215477996965099,0.6757575757575758,0.022727272727272728,4.545454545454546,268.9562496,116.924490584554,68.19290434264295,0.010606060606060607
SAI,4.0,86.067,Monza,2023,0.1549079754601227,2.270353302611367,0.6503067484662577,0.023006134969325152,4.9079754601226995,299.0,112.04050490042538,70.95743428829157,0.015337423312883436
SAI,5.0,86.423,Monza,2023,0.1510015408320493,2.2685185185185186,0.6687211093990755,0.01694915254237288,4.930662557781202,277.0,122.23119083536592,70.1253312203863,0.01848998459167951
SAI,6.0,86.615,Monza,2023,0.16279069767441862,2.059006211180124,0.6806201550387597,0.012403100775193798,5.116279069767442,,117.11445399221678,71.04775714943771,0.013953488372093023
SAI,7.0,86.358,Monza,2023,0.15963855421686746,2.024132730015083,0.677710843373494,0.015060240963855422,5.120481927710843,231.0,112.70078516575968,71.41566000389392,0.025602409638554216
SAI,8.0,86.224,Monza,2023,0.14586466165413534,2.2018072289156625,0.6601503759398496,0.02706766917293233,4.962406015037594,262.6700563503781,118.19175581739195,71.50462325655695,0.009022556390977444
SAI,9.0,86.476,Monza,2023,0.1515601783060921,2.2232142857142856,0.6612184249628529,0.01634472511144131,4.3090638930163445,231.0,113.8866579126534,72.08627140076742,0.022288261515601784
SAI,10.0,86.511,Monza,2023,0.16716867469879518,2.171945701357466,0.6581325301204819,0.007530120481927711,4.969879518072289,232.06363694545453,111.06964708134787,72.04647389201912,0.02108433734939759
SAI,11.0,86.691,Monza,2023,0.1476923076923077,2.2526964560862868,0.6738461538461539,0.015384615384615385,4.461538461538462,252.05,115.60226347164874,70.15630809286229,0.015384615384615385
SAI,12.0,86.408,Monza,2023,0.1596244131455399,2.2539184952978055,0.6494522691705791,0.017214397496087636,4.851330203442879,280.0,113.31058020225562,72.64343699235191,0.014084507042253521
SAI,13.0,86.887,Monza,2023,0.14551083591331268,2.26046511627907,0.6563467492260062,0.02631578947368421,5.108359133126935,,113.54721947946841,72.2890014352022,0.015479876160990712
SAI,14.0,86.972,Monza,2023,0.14307931570762053,2.29595015576324,0.6547433903576982,0.026438569206842923,4.976671850699844,272.4194439111111,112.07574329664081,73.36977871281567,0.01088646967340591
SAI,15.0,88.219,Monza,2023,0.1800595238095238,2.2831594634873325,0.6264880952380952,0.00744047619047619,5.357142857142857,252.5625030153846,111.10319023535182,78.28548387894966,0.026785714285714284
SAI,16.0,87.323,Monza,2023,0.15301391035548687,2.2755417956656347,0.6383307573415765,0.021638330757341576,5.4095826893353935,258.92055544833505,114.12948762175486,75.1531220214088,0.0061823802163833074
SAI,17.0,87.721,Monza,2023,0.14877300613496933,2.248847926267281,0.6457055214723927,0.009202453987730062,4.754601226993866,233.6249984,116.93276030568757,71.84369108634911,0.007668711656441718
SAI,18.0,87.512,Monza,2023,0.15542521994134897,2.2055800293685754,0.6348973607038123,0.021994134897360705,4.69208211143695,260.0,111.29075344132282,74.77794148293499,0.016129032258064516
SAI,21.0,86.146,Monza,2023,0.1617873651771957,2.243827160493827,0.6656394453004623,0.01694915254237288,4.930662557781202,235.0,109.41036027715084,72.49439836753557,0.02157164869029276
SAI,22.0,85.558,Monza,2023,0.14906832298136646,2.208398133748056,0.6692546583850931,0.017080745341614908,4.968944099378882,235.0,117.0264318250247,71.91983603492064,0.007763975155279503
SAI,23.0,85.793,Monza,2023,0.14774494556765164,2.2398753894080996,0.6640746500777605,0.01088646967340591,4.976671850699844,262.5,116.76435391209276,71.56733081977504,0.00933125972006221
SAI,24.0,85.902,Monza,2023,0.16113744075829384,2.161392405063291,0.660347551342812,0.014218009478672985,5.213270142180095,300.0,114.52788224841464,72.96575987286293,0.014218009478672985
SAI,25.0,86.005,Monza,2023,0.1567732115677321,2.198170731707317,0.649923896499239,0.0136986301369863,5.0228310502283104,,115.97260395075561,73.04864384589015,0.0167427701674277
SAI,26.0,85.836,Monza,2023,0.1419753086419753,2.2225656877897992,0.654320987654321,0.021604938271604937,4.78395061728395,,112.72852672483872,73.09814667141465,0.012345679012345678
SAI,27.0,86.165,Monza,2023,0.1841704718417047,2.222560975609756,0.6377473363774734,0.0060882800608828,5.0228310502283104,,123.20601503221201,76.44464159906678,0.0197869101978691
SAI,28.0,85.77,Monza,2023,0.15683229813664595,2.1586314152410577,0.6677018633540373,0.017080745341614908,4.658385093167702,274.5,114.43886929969756,72.66325391839956,0.017080745341614908
SAI,29.0,85.72,Monza,2023,0.13808801213960548,2.2006079027355625,0.6555386949924128,0.030349013657056147,4.855842185128983,208.93096045714285,114.03998168469056,73.15206600018134,0.013657056145675266
SAI,30.0,85.501,Monza,2023,0.1419656786271451,2.28125,0.6614664586583463,0.0234009360374415,5.14820592823713,284.0,110.45467404098501,71.95267697805802,0.015600624024960999
SAI,31.0,85.718,Monza,2023,0.14596273291925466,2.245723172628305,0.6630434782608695,0.020186335403726708,4.813664596273292,285.5,109.66838687467748,72.86413060032616,0.017080745341614908
SAI,32.0,85.896,Monza,2023,0.16304347826086957,2.230171073094868,0.65527950310559,0.013975155279503106,5.279503105590062,304.56,109.87886078517991,74.33109956336898,0.007763975155279503
SAI,33.0,85.926,Monza,2023,0.16153846153846155,2.1602465331278893,0.6538461538461539,0.016923076923076923,4.615384615384616,276.5857142857143,113.86394194053526,72.85038923475832,0.009230769230769232
SAI,34.0,86.126,Monza,2023,0.15789473684210525,2.2790697674418605,0.6625386996904025,0.015479876160990712,5.263157894736842,299.0,110.47735660900945,72.86666795281846,0.006191950464396285
SAI,35.0,85.789,Monza,2023,0.16124031007751938,2.3229813664596275,0.6527131782945736,0.023255813953488372,4.961240310077519,308.0,109.97488527872397,74.92634181362406,0.018604651162790697
SAI,36.0,86.011,Monza,2023,0.1486697965571205,2.3197492163009406,0.6431924882629108,0.023474178403755867,4.851330203442879,263.9083328,107.6742209432588,74.8791937979887,0.009389671361502348
SAI,37.0,85.886,Monza,2023,0.1443932411674347,2.36,0.6482334869431644,0.026113671274961597,5.0691244239631335,258.7229162666667,111.60288352393611,74.78223095962616,0.013824884792626729
SAI,38.0,85.705,Monza,2023,0.16124031007751938,2.298136645962733,0.6697674418604651,0.024806201550387597,5.116279069767442,306.0,115.13748184662782,75.07636541747254,0.020155038759689922
SAI,39.0,85.924,Monza,2023,0.16718266253869968,2.282170542635659,0.6439628482972136,0.018575851393188854,4.953560371517028,299.28571794285716,111.3189931466293,73.92445145056946,0.007739938080495356
SAI,40.0,86.122,Monza,2023,0.15855572998430142,2.30188679245283,0.6593406593406593,0.018838304552590265,4.866562009419153,284.7500032,111.68451484042671,74.96525010556586,0.006279434850863423
SAI,41.0,86.738,Monza,2023,0.1780821917808219,2.2896341463414633,0.6331811263318112,0.0091324200913242,4.87062404870624,299.0,108.8144804690523,75.40177819942868,0.0167427701674277
SAI,42.0,86.479,Monza,2023,0.1450381679389313,2.2660550458715596,0.665648854961832,0.013740458015267175,4.885496183206107,249.68,110.84370037607023,75.76167523031371,0.00916030534351145
SAI,43.0,86.589,Monza,2023,0.1527777777777778,2.2225656877897992,0.6450617283950617,0.018518518518518517,5.092592592592593,314.5645834666667,108.6649561769285,76.22671623807422,0.015432098765432098
SAI,44.0,86.43,Monza,2023,0.14930015552099535,2.4049844236760123,0.6345256609642301,0.029548989113530325,4.665629860031104,273.0,115.03549162880823,75.9167353379588,0.01088646967340591
SAI,45.0,86.632,Monza,2023,0.15847860538827258,2.212698412698413,0.6450079239302694,0.02377179080824089,4.595879556259905,,108.99273001966053,77.80117481011389,0.014263074484944533
SAI,46.0,87.303,Monza,2023,0.17933130699088146,2.2161339421613393,0.6519756838905775,0.007598784194528876,4.711246200607903,242.0,109.49318937625888,77.10746220442857,0.022796352583586626
SAI,47.0,87.096,Monza,2023,0.1696969696969697,2.154779969650986,0.6303030303030303,0.007575757575757576,5.303030303030303,,102.23601888018375,78.29640399848635,0.015151515151515152
SAI,48.0,86.8,Monza,2023,0.16244411326378538,2.225514095655058,0.6527570789865872,0.014903129657228018,4.619970193740686,249.8,110.20013351391188,73.93311299998913,0.019374068554396422
SAI,49.0,86.77,Monza,2023,0.13716814159292035,2.154956507992779,0.6563421828908554,0.022123893805309734,4.71976401179941,258.75,110.3509421490534,76.950749977111,0.01327433628318584
SAI,50.0,86.776,Monza,2023,0.1661631419939577,2.1255673222390317,0.6374622356495468,0.00906344410876133,4.682779456193353,,106.88070060370457,78.1870449516941,0.01812688821752266
SAI,51.0,87.044,Monza,2023,0.1689291101055807,2.1797583081570995,0.6485671191553545,0.021116138763197588,5.128205128205128,267.249984,105.53972127372819,76.51574827315018,0.02262443438914027
VER,1.0,87.905,Monza,2023,0.17546583850931677,2.2737169517884914,0.6164596273291926,0.06366459627329192,6.211180124223603,304.04090996363635,112.95163211782328,76.13294408534229,0.009316770186335404
VER,2.0,86.163,Monza,2023,0.16174183514774496,2.040498442367601,0.6469673405909798,0.06220839813374806,5.132192846034215,273.9739606666667,125.30256890033219,70.34254661446536,0.0
VER,3.0,85.702,Monza,2023,0.1582952815829528,2.1463414634146343,0.6605783866057838,0.045662100456621,4.87062404870624,314.5,119.78750822891595,70.37632138934775,0.0
VER,4.0,86.05,Monza,2023,0.15773353751914243,2.205521472392638,0.6493108728943339,0.04747320061255743,5.206738131699847,276.3708355809524,118.76973263456576,73.8550474033163,0.0030627871362940277
VER,5.0,86.176,Monza,2023,0.16049382716049382,2.2565687789799074,0.6342592592592593,0.06172839506172839,5.401234567901234,268.03958293333335,120.4604484893081,73.76616235083232,0.0
VER,6.0,86.837,Monza,2023,0.16253869969040247,2.0403100775193797,0.6486068111455109,0.04024767801857585,5.108359133126935,311.0,116.35069517122035,75.60202054856494,0.0030959752321981426
VER,7.0,86.368,Monza,2023,0.1566265060240964,2.147812971342383,0.6581325301204819,0.046686746987951805,4.66867469879518,274.0,119.72782374947133,73.35242415308507,0.0015060240963855422
VER,8.0,85.99,Monza,2023,0.17345399698340874,2.099697885196375,0.6410256410256411,0.049773755656108594,4.97737556561086,279.0,117.87699782598449,74.37550190996315,0.0030165912518853697
VER,9.0,86.605,Monza,2023,0.14985163204747776,2.2823179791976225,0.6364985163204748,0.04896142433234421,4.599406528189911,,117.31174652864468,75.3712380613148,0.004451038575667656
VER,10.0,86.603,Monza,2023,0.16090225563909774,2.2439759036144578,0.6255639097744361,0.05413533834586466,5.263157894736842,290.45,117.48565208987539,74.85176569608453,0.0
VER,11.0,86.643,Monza,2023,0.15538461538461537,2.357473035439137,0.6430769230769231,0.046153846153846156,4.769230769230769,284.6666666666667,118.63234618735217,73.304347010645,0.0
VER,12.0,86.442,Monza,2023,0.16118935837245696,2.2789968652037618,0.6244131455399061,0.06103286384976526,5.320813771517996,310.0,115.51312563001098,74.57991235424333,0.001564945226917058
VER,13.0,86.666,Monza,2023,0.16459627329192547,2.4510108864696734,0.6024844720496895,0.06521739130434782,4.813664596273292,329.5,116.73315960539941,75.37109624178201,0.003105590062111801
VER,14.0,87.028,Monza,2023,0.16925465838509315,2.2830482115085537,0.59472049689441,0.07142857142857142,5.124223602484472,275.6531248,117.92324009539497,75.94356821798053,0.0015527950310559005
VER,15.0,86.782,Monza,2023,0.15128593040847202,2.087878787878788,0.6520423600605144,0.024205748865355523,4.841149773071105,258.2916685948718,114.9815253252877,75.91343109037602,0.006051437216338881
VER,16.0,86.718,Monza,2023,0.13975155279503104,2.2674961119751167,0.6661490683229814,0.046583850931677016,5.124223602484472,253.0156248,122.70169254017092,70.26912548220658,0.0
VER,17.0,86.733,Monza,2023,0.15015479876160992,2.2170542635658914,0.6346749226006192,0.06346749226006192,4.953560371517028,236.85869467826086,117.75871332680248,69.40732405632713,0.0
VER,18.0,86.273,Monza,2023,0.14820359281437126,2.0839580209895052,0.6497005988023952,0.0374251497005988,5.089820359281437,305.0,121.85368251671753,70.78629291285485,0.0
VER,19.0,86.438,Monza,2023,0.16049382716049382,2.2380216383307574,0.625,0.05092592592592592,4.62962962962963,290.575,120.04366555598325,72.39013179396379,0.0
VER,20.0,90.849,Monza,2023,0.14410480349344978,2.3620894429999875,0.5778748180494906,0.07132459970887918,5.094614264919942,230.44642651428572,109.54670574126231,80.06982879293945,0.0
VER,22.0,85.885,Monza,2023,0.1640625,2.15962441314554,0.596875,0.0640625,5.0,312.5214285714286,120.74262318096943,72.50243818729588,0.003125
VER,23.0,86.159,Monza,2023,0.14440993788819875,2.161741835147745,0.6242236024844721,0.062111801242236024,4.658385093167702,320.0,114.6511378708838,71.66857849408268,0.0015527950310559005
VER,24.0,86.327,Monza,2023,0.17364341085271318,2.124223602484472,0.6062015503875969,0.06511627906976744,4.651162790697675,,123.68080871294522,72.89675256882717,0.0
VER,25.0,85.914,Monza,2023,0.15870570107858242,2.2191358024691357,0.6224961479198767,0.04776579352850539,5.238828967642527,,114.13172587893355,73.14866387683806,0.0015408320493066256
VER,26.0,85.786,Monza,2023,0.1441717791411043,2.162826420890937,0.6426380368098159,0.05214723926380368,4.9079754601226995,275.0,117.09428716011564,71.12640899542045,0.0
VER,27.0,85.501,Monza,2023,0.14854517611026033,2.0950920245398774,0.6385911179173047,0.06125574272588055,5.053598774885145,310.03412897218743,121.24993154117136,70.74236685378999,0.0015313935681470138
VER,28.0,85.434,Monza,2023,0.14733542319749215,2.169544740973312,0.6253918495297806,0.050156739811912224,5.329153605015674,240.0,119.55647821597631,70.82145565785467,0.003134796238244514
VER,29.0,85.471,Monza,2023,0.15053763440860216,2.1846153846153844,0.631336405529954,0.055299539170506916,5.0691244239631335,275.974572417094,118.31763679939527,71.291478452151,0.0
VER,30.0,85.398,Monza,2023,0.15348837209302327,2.1801242236024843,0.6387596899224807,0.05426356589147287,4.8062015503875966,279.76499968,116.91922750935476,71.81929224279195,0.0
VER,31.0,85.502,Monza,2023,0.14330218068535824,2.15600624024961,0.632398753894081,0.0514018691588785,5.14018691588785,266.0857142857143,120.41215620690183,71.03796409247343,0.003115264797507788
VER,32.0,85.41,Monza,2023,0.1561051004636785,2.2136222910216716,0.6398763523956723,0.03863987635239567,5.255023183925812,307.04,119.98115220054142,71.13364270528464,0.0030911901081916537
VER,33.0,85.24,Monza,2023,0.1596244131455399,2.122257053291536,0.6338028169014085,0.04381846635367762,5.007824726134586,292.6437496888889,116.8423471625099,70.62068966945279,0.001564945226917058
VER,34.0,85.683,Monza,2023,0.15217391304347827,2.146189735614308,0.6226708074534162,0.05434782608695652,5.124223602484472,308.67,116.02990543283774,72.53098051649478,0.0
VER,35.0,85.815,Monza,2023,0.14570552147239263,2.2211981566820276,0.6211656441717791,0.0598159509202454,5.368098159509203,308.4726598422148,118.36510457375266,71.45283065324242,0.0015337423312883436
VER,36.0,85.598,Monza,2023,0.14873417721518986,2.180665610142631,0.6075949367088608,0.06329113924050633,5.2215189873417724,273.10357120000003,121.44539465953503,72.21306699858279,0.0
VER,37.0,85.683,Monza,2023,0.14285714285714285,2.2332814930015554,0.6304347826086957,0.062111801242236024,4.813664596273292,264.0625008,115.46228838052699,72.06597886124834,0.0
VER,38.0,85.585,Monza,2023,0.1419753086419753,2.1638330757341575,0.6126543209876543,0.06481481481481481,4.78395061728395,239.5,119.37916200873623,72.41236200356197,0.0
VER,39.0,85.486,Monza,2023,0.1643192488262911,2.1598746081504703,0.6275430359937402,0.03912363067292645,4.851330203442879,262.4374994285714,116.78136589870381,73.33557977940133,0.003129890453834116
VER,40.0,85.901,Monza,2023,0.15023474178403756,2.166144200626959,0.6322378716744914,0.046948356807511735,5.007824726134586,,120.65411306515924,71.36965657033313,0.001564945226917058
VER,41.0,85.779,Monza,2023,0.15348837209302327,2.0869565217391304,0.6139534883720931,0.06046511627906977,5.271317829457364,292.0,115.84175230988409,72.92685504882908,0.0
VER,42.0,85.912,Monza,2023,0.1636085626911315,2.0245022970903523,0.599388379204893,0.05963302752293578,5.198776758409786,313.0,118.04698786357515,73.31930838473458,0.0015290519877675841
VER,43.0,85.994,Monza,2023,0.15015479876160992,2.1953488372093024,0.5959752321981424,0.07275541795665634,4.643962848297214,,116.60908189148455,73.38640342058936,0.0
VER,44.0,85.751,Monza,2023,0.15912636505460218,2.20625,0.5850234009360374,0.08892355694227769,4.83619344773791,314.0,116.32751862033133,73.77320242958166,0.0
VER,45.0,85.916,Monza,2023,0.15151515151515152,2.2044728434504792,0.6220095693779905,0.07814992025518341,5.103668261562999,,113.54746477917446,72.36011582603453,0.001594896331738437
VER,46.0,86.185,Monza,2023,0.16174183514774496,2.190031152647975,0.609642301710731,0.06220839813374806,5.132192846034215,237.0,115.21520476729529,73.50656094898834,0.004665629860031105
VER,47.0,86.137,Monza,2023,0.16129032258064516,2.147692307692308,0.5867895545314901,0.07373271889400922,5.0691244239631335,317.5,123.04675757434657,70.12455880272879,0.0015360983102918587
VER,48.0,87.235,Monza,2023,0.15350223546944858,2.1044776119402986,0.4947839046199702,0.11177347242921014,4.918032786885246,312.0,117.08597315279094,73.23502596679172,0.0
VER,49.0,87.907,Monza,2023,0.17302052785923755,2.0088105726872247,0.5175953079178885,0.11290322580645161,4.9853372434017595,,123.44712418346674,71.84237070252044,0.0
VER,50.0,88.393,Monza,2023,0.16152716593245228,1.9558823529411764,0.5212922173274597,0.11600587371512482,4.698972099853157,,115.56875801594872,72.16410361272644,0.004405286343612335
VER,51.0,87.525,Monza,2023,0.14157973174366617,2.000000038208955,0.5648286140089419,0.12518628912071536,5.365126676602086,,117.14728865850489,72.39641129915002,0.0014903129657228018
ALO,2.0,102.255,Singapore,2023,0.24444444444444444,3.031413612565445,0.32679738562091504,0.09934640522875816,7.973856209150326,229.75,126.23332093660613,62.719949619548714,0.0
ALO,3.0,101.349,Singapore,2023,0.24871794871794872,2.9566688073940948,0.38076923076923075,0.06153846153846154,8.461538461538462,249.0,127.0853663654395,64.24966970424552,0.001282051282051282
ALO,4.0,101.356,Singapore,2023,0.24015748031496062,3.052240471800263,0.3805774278215223,0.05774278215223097,7.742782152230972,211.1892506133333,128.028007473152,63.34549590629677,0.0013123359580052493
ALO,5.0,101.194,Singapore,2023,0.2613784135240572,3.03125,0.3381014304291287,0.0858257477243173,7.932379713914174,244.6997610057143,127.13248128381632,64.44545323295532,0.011703511053315995
ALO,6.0,100.686,Singapore,2023,0.24320827943078913,3.125306170513424,0.36351875808538164,0.08408796895213454,8.796895213454075,272.50803565714284,128.67342641948045,64.69983147371795,0.0
ALO,7.0,100.774,Singapore,2023,0.23404255319148937,3.1541385891511657,0.3816489361702128,0.06914893617021277,7.9787234042553195,237.7616667022222,127.05928494028402,63.34459595793254,0.005319148936170213
ALO,8.0,100.21,Singapore,2023,0.23412698412698413,3.1423914647829285,0.36243386243386244,0.08333333333333333,7.142857142857142,253.30785685333336,129.696486517842,63.686809276651054,0.007936507936507936
ALO,9.0,100.422,Singapore,2023,0.22845953002610966,3.1137254901960785,0.35900783289817234,0.08877284595300261,7.5718015665796345,233.6,127.0977055507095,62.99054393973059,0.0
ALO,10.0,100.555,Singapore,2023,0.22845953002610966,3.1414161220043573,0.3433420365535248,0.08485639686684072,7.702349869451696,240.0714294857143,126.32528368803611,63.54465210919323,0.0
ALO,11.0,100.147,Singapore,2023,0.22559366754617413,3.1805882472599176,0.3654353562005277,0.08311345646437995,8.443271767810026,225.1071424,130.23877108407686,63.05414926894016,0.00395778364116095
ALO,12.0,100.383,Singapore,2023,0.24497991967871485,3.1931787714355346,0.36813922356091033,0.060240963855421686,8.56760374832664,212.05472670399257,126.4326332950358,63.45308753166719,0.004016064257028112
ALO,13.0,100.554,Singapore,2023,0.23178807947019867,3.2055702917771884,0.3615894039735099,0.0847682119205298,8.47682119205298,235.54523794285714,125.74655245337163,63.58600240728443,0.005298013245033113
ALO,14.0,100.18,Singapore,2023,0.2440944881889764,3.140604467805519,0.34908136482939633,0.07349081364829396,7.874015748031496,232.1378787878788,130.3562535892183,63.152103735555386,0.007874015748031496
ALO,15.0,100.095,Singapore,2023,0.23790322580645162,3.2301480484522207,0.3844086021505376,0.06989247311827956,8.198924731182796,268.54049861752105,126.96935311481376,64.30537604234522,0.0
ALO,16.0,100.238,Singapore,2023,0.22933333333333333,3.3337783711615487,0.38133333333333336,0.064,7.866666666666666,230.5343752,126.4305831564175,64.60937405802414,0.004
ALO,17.0,100.499,Singapore,2023,0.23067010309278352,3.213681003354839,0.38402061855670105,0.06443298969072164,6.958762886597938,228.64643108571428,127.38250500924521,64.34383562283918,0.00902061855670103
ALO,18.0,100.316,Singapore,2023,0.23482849604221637,3.180181271334214,0.39050131926121373,0.055408970976253295,7.9155672823219,203.53632711007302,128.36364526692216,63.61696814003876,0.0013192612137203166
ALO,19.0,100.346,Singapore,2023,0.22769640479360853,3.223662500266667,0.4047936085219707,0.0559254327563249,7.989347536617843,273.91904853333335,128.41846584184574,64.38966251130107,0.007989347536617843
ALO,24.0,103.137,Singapore,2023,0.25158831003811943,3.1259541984732824,0.3634053367217281,0.05844980940279543,8.89453621346887,250.03914577973427,126.73996735825517,63.72535095981213,0.0063532401524777635
ALO,25.0,100.689,Singapore,2023,0.25033288948069243,3.248,0.3794940079893475,0.05725699067909454,8.655126498002662,230.66666666666666,126.43689233942858,66.0540596268189,0.002663115845539281
ALO,26.0,100.896,Singapore,2023,0.24258064516129033,3.2611757119724376,0.37548387096774194,0.05548387096774193,8.0,266.8999994514286,123.37705843153827,67.81645350394159,0.0
ALO,27.0,100.185,Singapore,2023,0.2608125819134993,3.2386482925634295,0.36959370904325034,0.04980340760157274,8.387942332896461,238.8,124.18241920339527,66.06653640076318,0.003931847968545216
ALO,28.0,101.931,Singapore,2023,0.24511082138200782,3.1894215070496084,0.3767926988265971,0.0651890482398957,7.822685788787484,253.0,121.76357428850447,67.51838207265783,0.007822685788787484
ALO,29.0,101.292,Singapore,2023,0.24675324675324675,3.155150358595579,0.36493506493506495,0.06883116883116883,8.311688311688311,247.38333333333333,125.97496167872497,66.10173862761516,0.007792207792207792
ALO,30.0,100.128,Singapore,2023,0.23415265200517466,3.119938471295337,0.36222509702457956,0.08796895213454076,7.632600258732213,189.0,128.45280052892554,64.27542553527445,0.00129366106080207
ALO,31.0,100.049,Singapore,2023,0.21675531914893617,3.2568060769398377,0.37367021276595747,0.09308510638297872,7.579787234042554,233.75,127.08863906196355,65.14374753580172,0.0
ALO,32.0,100.39,Singapore,2023,0.2166446499339498,3.182723063780664,0.36856010568031705,0.08982826948480846,7.397622192866579,247.41280777582554,127.69097802648733,64.7304058736775,0.002642007926023778
ALO,33.0,99.636,Singapore,2023,0.2169934640522876,3.1596858638743455,0.38562091503267976,0.06666666666666667,7.18954248366013,240.32222293333334,128.58229637253285,65.395026220702,0.00130718954248366
ALO,34.0,100.578,Singapore,2023,0.2473404255319149,3.318242343541944,0.37632978723404253,0.05319148936170213,8.24468085106383,260.571872,125.5851699918253,66.71223211326486,0.007978723404255319
ALO,35.0,100.626,Singapore,2023,0.24178712220762155,3.318421052631579,0.39816031537450725,0.04993429697766097,8.409986859395532,232.32083093333335,126.36475580639281,66.50590815400534,0.005256241787122208
ALO,36.0,101.265,Singapore,2023,0.255659121171771,3.236,0.3422103861517976,0.07856191744340879,7.723035952063914,237.78333269333334,123.09834437411051,66.29341115959045,0.006657789613848202
ALO,38.0,101.208,Singapore,2023,0.22281167108753316,3.2071713147410357,0.3448275862068966,0.09283819628647215,7.6923076923076925,213.75,125.03674682953944,67.7064012045693,0.0
ALO,39.0,102.062,Singapore,2023,0.25170998632010944,3.3107876705022834,0.36662106703146374,0.057455540355677154,9.165526675786593,249.5,122.51696466136954,68.65071469318042,0.006839945280437756
ALO,40.0,100.154,Singapore,2023,0.2108843537414966,3.3212619211625793,0.39727891156462586,0.0707482993197279,8.299319727891156,235.7205629229437,128.1375858470078,65.26513450022438,0.0
ALO,41.0,100.18,Singapore,2023,0.21887287024901703,3.1871719160104988,0.3656618610747051,0.07863695937090433,7.732634338138926,212.0,127.39570192916405,64.87895786099455,0.005242463958060288
ALO,42.0,100.146,Singapore,2023,0.2189119170984456,3.1454847598789457,0.3873056994818653,0.07253886010362694,7.772020725388601,233.0,125.79995586660316,65.85312743587326,0.006476683937823834
ALO,47.0,96.456,Singapore,2023,0.22814207650273224,3.368055826877728,0.4672131147540984,0.04781420765027322,9.153005464480875,219.0,130.48756525643984,64.00724527691385,0.00819672131147541
ALO,48.0,99.79,Singapore,2023,0.20866141732283464,2.9973624923596773,0.34908136482939633,0.12992125984251968,7.217847769028872,238.14732114285712,128.55038795676802,62.10763104740984,0.0026246719160104987
ALO,49.0,98.787,Singapore,2023,0.23004059539918809,3.140921409214092,0.36535859269282817,0.11502029769959404,7.983761840324763,,128.50538429641273,62.90558813484917,0.010825439783491205
ALO,50.0,98.088,Singapore,2023,0.1935483870967742,3.2328398384925974,0.3951612903225806,0.12231182795698925,8.46774193548387,244.385263401029,129.79186442682254,63.652525180491956,0.0
ALO,51.0,98.463,Singapore,2023,0.2225201072386059,3.2497114098255033,0.3605898123324397,0.1193029490616622,8.713136729222521,257.8,126.96530027946113,63.13198546803589,0.0
ALO,52.0,97.943,Singapore,2023,0.21584699453551912,3.307749657564979,0.36475409836065575,0.13114754098360656,8.469945355191257,258.0,128.97447048541335,63.276010163104246,0.001366120218579235
ALO,53.0,98.559,Singapore,2023,0.223841059602649,3.2406332880636604,0.38675496688741723,0.10198675496688742,7.81456953642384,214.75,127.91179267876336,64.00530502982042,0.003973509933774834
ALO,54.0,98.179,Singapore,2023,0.23045822102425875,3.293606613765182,0.3504043126684636,0.10512129380053908,7.547169811320755,219.42187456,127.44095643722811,63.822195975025956,0.0
ALO,55.0,98.012,Singapore,2023,0.23868312757201646,3.300938644688644,0.3936899862825789,0.0877914951989026,8.093278463648835,232.55833386666666,127.44454740613995,63.4256295007716,0.00411522633744856
ALO,56.0,98.436,Singapore,2023,0.240473061760841,3.1814692982456143,0.3771353482260184,0.08672798948751642,7.752956636005257,250.6347223111111,128.658851807014,64.12202837312775,0.001314060446780552
ALO,57.0,98.303,Singapore,2023,0.24217687074829933,3.281326635422343,0.3782312925170068,0.08299319727891157,8.707482993197278,244.46388906666667,127.4573396809264,64.79795783445611,0.0013605442176870747
ALO,58.0,98.941,Singapore,2023,0.24697986577181208,3.2232330867383516,0.41073825503355704,0.056375838926174496,8.724832214765101,217.8796884,125.95193454991175,65.96527823467851,0.004026845637583893
ALO,59.0,98.518,Singapore,2023,0.24796747967479674,3.32350180877431,0.4146341463414634,0.044715447154471545,8.807588075880759,216.1555823765686,128.92807389158816,64.89960076895285,0.006775067750677507
ALO,60.0,98.728,Singapore,2023,0.24410540915395285,3.427881944444444,0.39528432732316227,0.052704576976421634,8.460471567267684,238.2937504,126.30792159612038,65.17882888161553,0.005547850208044383
ALO,61.0,101.542,Singapore,2023,0.24806201550387597,3.309087968952135,0.36563307493540054,0.059431524547803614,9.17312661498708,271.8678814710454,124.86321276588926,67.9324475787209,0.0012919896640826874
HAM,3.0,101.088,Singapore,2023,0.24387096774193548,2.9198966408268734,0.31483870967741934,0.1367741935483871,6.96774193548387,213.35454526060607,123.66960710922866,63.940721435857164,0.0012903225806451613
HAM,5.0,100.978,Singapore,2023,0.24869791666666666,2.941329856584094,0.33203125,0.09895833333333333,7.552083333333333,190.0,126.39847217369382,63.46365501164231,0.006510416666666667
HAM,6.0,100.126,Singapore,2023,0.22756827048114434,2.9375,0.33029908972691807,0.12613784135240572,6.8920676202860855,255.0,124.73840252231258,62.15062676427254,0.0039011703511053317
HAM,7.0,99.918,Singapore,2023,0.21285140562248997,3.1072386058981234,0.321285140562249,0.13386880856760375,7.362784471218206,,126.26976283580866,61.91847451209635,0.0
HAM,8.0,100.166,Singapore,2023,0.22739361702127658,3.0119840213049267,0.32313829787234044,0.1276595744680851,6.648936170212766,237.66666666666666,124.65759789107081,61.94209814207203,0.0026595744680851063
HAM,9.0,100.312,Singapore,2023,0.2242503259452412,2.9347258485639687,0.31681877444589307,0.13689700130378096,6.258148631029988,248.07142948571428,121.67697790807803,62.49332751492127,0.005215123859191656
HAM,10.0,100.144,Singapore,2023,0.20657894736842106,2.9881422924901186,0.3355263157894737,0.13815789473684212,6.578947368421052,186.9444408888889,124.7534483304553,61.86010303726284,0.006578947368421052
HAM,11.0,100.241,Singapore,2023,0.20789473684210527,2.9881422924901186,0.3447368421052632,0.12368421052631579,6.447368421052632,271.0,124.34536269604935,62.480438933993426,0.0
HAM,12.0,100.218,Singapore,2023,0.2192513368983957,2.998661311914324,0.3315508021390374,0.12433155080213903,6.283422459893048,239.0343752,124.32039989500171,62.75357268789751,0.004010695187165776
HAM,13.0,100.081,Singapore,2023,0.23209549071618038,3.0199203187250996,0.363395225464191,0.10344827586206896,6.763925729442971,265.5,125.25203630329601,63.26385690368091,0.005305039787798408
HAM,14.0,100.273,Singapore,2023,0.23451910408432147,3.0765171503957784,0.3425559947299078,0.11330698287220026,6.324110671936759,,125.20141306360179,64.727436554213,0.007905138339920948
HAM,15.0,100.394,Singapore,2023,0.2295302013422819,3.10752688172043,0.33422818791946307,0.12483221476510067,6.442953020134229,254.0,122.63812122179579,65.24818635983179,0.008053691275167786
HAM,16.0,100.785,Singapore,2023,0.19337748344370861,2.9257294429708223,0.32317880794701986,0.16821192052980133,6.490066225165562,232.0,122.87291403178088,63.77085330995099,0.0
HAM,17.0,100.38,Singapore,2023,0.18652849740932642,2.9623865110246435,0.31994818652849744,0.19170984455958548,5.569948186528497,230.0,123.76183368711402,62.1822883377809,0.0025906735751295338
HAM,18.0,100.364,Singapore,2023,0.19788918205804748,3.022457067371202,0.3403693931398417,0.13984168865435356,6.200527704485488,261.0,124.44009653224393,63.00198334420027,0.0
HAM,19.0,99.394,Singapore,2023,0.21552878179384202,3.1662198391420913,0.34404283801874164,0.13386880856760375,6.5595716198125835,271.50467419407835,127.61912452992692,62.94090174299334,0.0
HAM,24.0,100.957,Singapore,2023,0.23766233766233766,3.139141742522757,0.37922077922077924,0.06233766233766234,7.532467532467532,296.0,122.88896456331479,65.62642181467233,0.011688311688311689
HAM,25.0,100.442,Singapore,2023,0.23293172690763053,3.0241286863270775,0.3319946452476573,0.12182061579651941,6.827309236947792,,124.13741917362668,63.305751395061534,0.0
HAM,26.0,99.954,Singapore,2023,0.2503259452411995,2.9973890339425586,0.3428943937418514,0.11082138200782268,6.388526727509778,251.17999872,123.64954611379116,65.31599961505891,0.003911342894393742
HAM,27.0,99.226,Singapore,2023,0.2222222222222222,3.0119205298013245,0.3584656084656085,0.09788359788359788,6.613756613756613,209.73149373506493,123.72066948819469,66.0582446825141,0.0026455026455026454
HAM,28.0,99.679,Singapore,2023,0.18508655126498003,3.048,0.33422103861517977,0.17177097203728361,5.9920106524633825,232.22678537142858,125.08242214037347,61.71482425710051,0.0
HAM,29.0,99.52,Singapore,2023,0.1889763779527559,3.0433639947437583,0.3215223097112861,0.17585301837270342,5.511811023622047,248.0,124.85468080605314,61.61375084754901,0.0
HAM,30.0,99.142,Singapore,2023,0.21438082556591212,3.0986666666666665,0.35419440745672437,0.12250332889480692,6.25832223701731,241.0,125.0446729027964,63.81811882342744,0.0013315579227696406
HAM,31.0,99.32,Singapore,2023,0.23904382470119523,3.140957446808511,0.33067729083665337,0.12749003984063745,6.241699867197875,152.0,121.80951903831583,67.11133578084095,0.0013280212483399733
HAM,32.0,99.186,Singapore,2023,0.21837549933422104,3.058666666666667,0.33288948069241014,0.1278295605858855,5.9920106524633825,252.5791664,120.9527896749794,65.9369658844322,0.0
HAM,33.0,100.62,Singapore,2023,0.2095730918499353,2.8419689119170983,0.2936610608020699,0.14877102199223805,5.692108667529108,,122.338899294388,65.39835182856788,0.0
HAM,34.0,99.545,Singapore,2023,0.21045576407506703,3.065771812080537,0.3257372654155496,0.13270777479892762,5.495978552278821,240.5,121.62295711486134,63.31406662924619,0.0
HAM,35.0,99.51,Singapore,2023,0.19518716577540107,2.9772423025435075,0.3342245989304813,0.14705882352941177,5.481283422459892,279.0,120.09009355095006,63.41485098946441,0.0
HAM,36.0,99.362,Singapore,2023,0.20754716981132076,3.1093117408906883,0.31536388140161725,0.15498652291105122,6.46900269541779,243.40185220740742,124.8486461683125,65.85930909924633,0.0
HAM,37.0,99.959,Singapore,2023,0.2021709633649932,3.0869565217391304,0.26594301221166894,0.14925373134328357,7.462686567164178,287.06785737142854,118.71888108289374,66.18951583606743,0.0027137042062415195
HAM,38.0,99.86,Singapore,2023,0.22133333333333333,3.0654205607476634,0.2866666666666667,0.136,6.266666666666667,239.0,116.97161901946917,64.76114335049402,0.0026666666666666666
HAM,39.0,99.264,Singapore,2023,0.22377622377622378,3.3557422969187676,0.3230769230769231,0.11328671328671329,6.993006993006993,164.0,121.90655674678789,64.90180997289045,0.002797202797202797
HAM,40.0,99.472,Singapore,2023,0.24171270718232044,3.131396957123098,0.32044198895027626,0.10773480662983426,6.49171270718232,244.5,121.22834961343402,66.0420526332333,0.006906077348066298
HAM,41.0,99.698,Singapore,2023,0.2297476759628154,3.0398936170212765,0.3107569721115538,0.13545816733067728,6.108897742363878,236.12878787878788,116.87922069913938,64.67628267645729,0.006640106241699867
HAM,42.0,99.686,Singapore,2023,0.2109375,2.910039113428944,0.2994791666666667,0.14453125,5.598958333333334,,122.28990520952014,64.6898088131682,0.0026041666666666665
HAM,43.0,99.291,Singapore,2023,0.2381578947368421,3.0250329380764165,0.3355263157894737,0.09868421052631579,5.921052631578947,,120.61831377991324,65.07253948967359,0.0013157894736842105
HAM,46.0,96.953,Singapore,2023,0.2078272604588394,3.056756756756757,0.3738191632928475,0.10256410256410256,6.0728744939271255,,124.53098910458486,62.94984767544226,0.005398110661268556
HAM,47.0,95.867,Singapore,2023,0.22268907563025211,3.338008415147265,0.40476190476190477,0.08403361344537816,5.88235294117647,,128.29229345132785,62.96838094033489,0.0028011204481792717
HAM,48.0,96.122,Singapore,2023,0.2198100407055631,3.2119565217391304,0.4151967435549525,0.08955223880597014,6.512890094979647,,128.6176537705018,63.47110114766766,0.008141112618724558
HAM,49.0,96.22,Singapore,2023,0.22776280323450135,3.233468286099865,0.42452830188679247,0.07412398921832884,6.064690026954178,211.8166666666667,127.57338761271113,64.26371896903053,0.01078167115902965
HAM,50.0,96.462,Singapore,2023,0.2013986013986014,3.330532212885154,0.4,0.11188811188811189,6.293706293706294,189.25,128.77540234880348,63.335800039614554,0.002797202797202797
HAM,51.0,96.479,Singapore,2023,0.18904109589041096,3.2674897119341564,0.40136986301369865,0.11095890410958904,6.027397260273973,278.6857142857143,125.56048571923755,63.52847882810269,0.005479452054794521
HAM,52.0,96.555,Singapore,2023,0.1994535519125683,3.244870041039672,0.3989071038251366,0.10245901639344263,6.0109289617486334,281.0,125.11912520072866,64.60956046651486,0.001366120218579235
HAM,53.0,97.698,Singapore,2023,0.22911051212938005,3.182186234817814,0.3935309973045822,0.06334231805929919,5.660377358490567,261.0,124.87126624743304,65.24834865480543,0.03504043126684636
HAM,54.0,97.924,Singapore,2023,0.22899728997289973,3.2618724559023065,0.35772357723577236,0.0948509485094851,5.9620596205962055,232.56249856,124.83557719940575,66.42971453991365,0.014905149051490514
HAM,55.0,97.221,Singapore,2023,0.19972826086956522,3.2680272108843536,0.3804347826086957,0.12092391304347826,5.570652173913043,261.55681803636367,125.82123886213269,64.02364029617556,0.002717391304347826
HAM,56.0,96.411,Singapore,2023,0.22513812154696133,3.330567081604426,0.4240331491712707,0.06077348066298342,6.077348066298343,253.12499733333334,130.82751513105262,64.02678282862263,0.008287292817679558
HAM,57.0,97.111,Singapore,2023,0.2303595206391478,3.2213333333333334,0.38881491344873503,0.08655126498002663,5.858854860186418,198.61666773333334,128.34193499956697,65.0135707297269,0.005326231691078562
HAM,58.0,97.982,Singapore,2023,0.24005486968449932,3.3104395604395602,0.3717421124828532,0.06584362139917696,6.447187928669409,,124.48994008832686,68.60282658314266,0.00411522633744856
HAM,59.0,100.167,Singapore,2023,0.24966974900924702,3.2037037037037037,0.35402906208718626,0.06737120211360634,6.869220607661823,240.5,124.2333391832446,69.24032613582513,0.015852047556142668
HAM,60.0,99.772,Singapore,2023,0.25806451612903225,3.3082099596231496,0.3763440860215054,0.03763440860215054,7.258064516129033,162.0,122.9574165170166,69.09891132502347,0.020161290322580645
HAM,61.0,99.096,Singapore,2023,0.2558139534883721,3.317808219178082,0.3693570451436389,0.0506155950752394,6.566347469220246,239.89584,126.36205157586885,68.02333252096875,0.016415868673050615
HAM,62.0,99.347,Singapore,2023,0.244,3.443202043613707,0.356,0.05333333333333334,6.266666666666667,264.77708586666665,124.67489536058612,68.97704057803399,0.013333333333333334
LEC,1.0,104.544,Singapore,2023,0.24253731343283583,2.978829389788294,0.35323383084577115,0.07462686567164178,7.462686567164178,222.8375,121.71534012505681,63.55854498845492,0.008706467661691543
LEC,2.0,101.338,Singapore,2023,0.23289473684210527,3.067193675889328,0.3631578947368421,0.06973684210526315,6.578947368421052,250.33333333333334,127.98098499310898,61.978759254622034,0.0
LEC,3.0,100.752,Singapore,2023,0.23285899094437257,2.9326424870466323,0.36610608020698576,0.0724450194049159,6.468305304010349,237.4,125.65492674301481,63.82160652558444,0.00646830530401035
LEC,4.0,100.661,Singapore,2023,0.2463768115942029,2.9973614775725594,0.37417654808959155,0.052700922266139656,7.246376811594203,241.84801994666668,127.97064766180665,63.503711163949795,0.0013175230566534915
LEC,5.0,100.328,Singapore,2023,0.25394736842105264,2.9881422924901186,0.3828947368421053,0.05131578947368421,7.236842105263158,237.03000064000003,126.79081177564083,63.48019622956528,0.009210526315789473
LEC,6.0,100.165,Singapore,2023,0.24611398963730569,3.0038910505836576,0.3626943005181347,0.07383419689119171,7.124352331606218,255.91630206072642,126.86386939096931,64.56476252972843,0.0038860103626943004
LEC,7.0,100.279,Singapore,2023,0.2446524064171123,3.0977242302543506,0.3516042780748663,0.07085561497326204,7.4866310160427805,232.0,127.15291497586266,63.54704117223895,0.008021390374331552
LEC,8.0,100.396,Singapore,2023,0.2509907529722589,3.0555555555555554,0.36856010568031705,0.07001321003963012,7.26552179656539,254.822916,126.64481552139962,62.580856828018206,0.0066050198150594455
LEC,9.0,99.646,Singapore,2023,0.2519788918205805,3.072655217965654,0.3759894459102902,0.05013192612137203,7.387862796833773,288.5,126.9361945651112,63.923155288264034,0.011873350923482849
LEC,10.0,100.79,Singapore,2023,0.25098039215686274,3.0026178010471205,0.35555555555555557,0.06666666666666667,6.928104575163399,254.65476175238095,127.30777691681969,63.899071287412795,0.011764705882352941
LEC,11.0,100.403,Singapore,2023,0.2402088772845953,3.0248366013071895,0.381201044386423,0.05352480417754569,7.180156657963447,194.0458336,128.88173207024374,62.27650549220344,0.0026109660574412533
LEC,12.0,100.392,Singapore,2023,0.25500667556742324,3.072192513368984,0.37783711615487314,0.044058744993324434,7.209612817089453,226.25,127.50676135002227,62.555510738456086,0.004005340453938585
LEC,13.0,100.154,Singapore,2023,0.24069148936170212,3.0652463382157125,0.37367021276595747,0.05452127659574468,7.3138297872340425,258.5,128.45005354271882,62.661543832919754,0.009308510638297872
LEC,14.0,101.622,Singapore,2023,0.23346303501945526,2.8753246753246753,0.34889753566796367,0.0648508430609598,7.003891050583658,247.0,125.14934825654495,63.49520772537839,0.005188067444876783
LEC,15.0,99.613,Singapore,2023,0.22941970310391363,3.1594594594594594,0.37786774628879893,0.058029689608636977,7.422402159244265,179.0,128.31660935955335,63.09825880954376,0.010796221322537112
LEC,16.0,99.625,Singapore,2023,0.2389261744966443,3.099462365591398,0.3718120805369127,0.06442953020134229,6.97986577181208,209.4,127.59015566561021,62.34570077915422,0.0026845637583892616
LEC,17.0,99.8,Singapore,2023,0.25097529258777634,3.0,0.38751625487646296,0.036410923276983094,7.152145643693109,244.22678537142858,127.94912440892234,63.11753110225052,0.013003901170351105
LEC,18.0,99.613,Singapore,2023,0.22830440587449932,3.064171122994652,0.37917222963951935,0.036048064085447265,7.076101468624834,207.5,127.96571793786215,63.021583843202635,0.0053404539385847796
LEC,19.0,100.236,Singapore,2023,0.23677248677248677,3.0754966887417217,0.38756613756613756,0.042328042328042326,7.2751322751322745,222.99545367272728,126.64910256456949,63.89965382701352,0.011904761904761904
LEC,23.0,103.955,Singapore,2023,0.2729591836734694,3.0804597701149423,0.3494897959183674,0.04081632653061224,8.16326530612245,206.53333418666668,121.51473969216636,66.95330290641108,0.011479591836734694
LEC,24.0,102.668,Singapore,2023,0.25637755102040816,3.0268199233716473,0.3482142857142857,0.06760204081632654,8.290816326530612,241.15,123.14119738576365,64.66748944540268,0.008928571428571428
LEC,25.0,99.748,Singapore,2023,0.24258760107816713,3.1309041835357623,0.35175202156334234,0.0673854447439353,7.008086253369273,251.0,128.1320538117101,65.37418226089048,0.008086253369272238
LEC,26.0,99.892,Singapore,2023,0.2542372881355932,3.052219321148825,0.3663624511082138,0.05215123859191656,7.301173402868318,238.5,127.86809043370948,64.20336427699205,0.003911342894393742
LEC,27.0,99.899,Singapore,2023,0.2585301837270341,3.0959264126149804,0.3753280839895013,0.047244094488188976,7.480314960629922,256.6666666666667,126.43249731460386,64.94344019941187,0.009186351706036745
LEC,28.0,99.562,Singapore,2023,0.2570281124497992,3.1474530831099194,0.3507362784471218,0.04685408299866131,7.764390896921017,241.9,126.88434089057304,65.44931038205702,0.002677376171352075
LEC,29.0,99.683,Singapore,2023,0.2398427260812582,2.9993328957880263,0.3761467889908257,0.0563564875491481,7.077326343381389,282.0,128.2698808399827,62.973145161763064,0.005242463958060288
LEC,30.0,99.208,Singapore,2023,0.25495376486129456,3.072100970118418,0.38309114927344784,0.03963011889035667,6.340819022457067,233.0,127.65503995278398,63.88591913639073,0.007926023778071334
LEC,31.0,99.433,Singapore,2023,0.24601063829787234,3.089214380825566,0.38430851063829785,0.0398936170212766,7.446808510638298,215.7374992,127.60102421074853,64.28732464588458,0.010638297872340425
LEC,32.0,99.391,Singapore,2023,0.2436750998668442,3.058666666666667,0.3648468708388815,0.06258322237017311,6.92410119840213,289.0,124.630944565932,64.64993254370357,0.011984021304926764
LEC,33.0,99.485,Singapore,2023,0.25392670157068065,3.074705111402359,0.3756544502617801,0.04581151832460733,7.068062827225131,261.75,126.61864504298966,64.43681434737566,0.003926701570680628
LEC,34.0,99.518,Singapore,2023,0.2389853137516689,3.1470588235294117,0.35246995994659547,0.05473965287049399,7.076101468624834,229.51770853333332,127.21556635993592,64.95123558075421,0.0053404539385847796
LEC,35.0,99.747,Singapore,2023,0.25301204819277107,3.1096280167292223,0.3614457831325301,0.03480589022757698,6.827309236947792,253.6,125.82336791967843,63.61877458839774,0.002677376171352075
LEC,36.0,99.443,Singapore,2023,0.24663072776280323,3.109605262510122,0.37735849056603776,0.05525606469002695,6.873315363881402,226.34140639999998,127.34816808206766,64.31057644319114,0.0
LEC,37.0,99.639,Singapore,2023,0.2639455782312925,3.155313351498638,0.36054421768707484,0.04625850340136054,6.938775510204081,288.0,126.29853543244123,64.4068465868376,0.005442176870748299
LEC,38.0,99.946,Singapore,2023,0.252,3.0947930574098796,0.3546666666666667,0.048,6.933333333333333,,127.73589545484423,64.72244986786772,0.004
LEC,39.0,99.448,Singapore,2023,0.23636363636363636,3.257703081232493,0.36643356643356645,0.04895104895104895,6.993006993006993,185.875,128.50186974141516,64.32073140391365,0.004195804195804196
LEC,40.0,99.557,Singapore,2023,0.2324621733149931,3.2258953168044076,0.390646492434663,0.048143053645116916,6.87757909215956,215.1818181818182,125.50639249834302,66.06181556664696,0.0068775790921595595
LEC,41.0,99.368,Singapore,2023,0.24766977363515313,3.104,0.374167776298269,0.045272969374167776,7.323568575233022,283.41999872,128.4322360289782,65.19895418575771,0.009320905459387484
LEC,42.0,99.888,Singapore,2023,0.247074122236671,3.015625,0.3602080624187256,0.05721716514954486,7.022106631989597,266.5035712,126.90043284728365,64.98854561913805,0.006501950585175552
LEC,43.0,99.996,Singapore,2023,0.265625,3.1477075191655803,0.3567708333333333,0.052083333333333336,7.161458333333333,,127.14314144103088,63.88306750240793,0.010416666666666666
LEC,46.0,98.275,Singapore,2023,0.239247311827957,3.1251682368775238,0.3951612903225806,0.03225806451612903,7.39247311827957,264.9562467047619,128.307209065057,64.98272580231774,0.008064516129032258
LEC,47.0,98.403,Singapore,2023,0.2416555407209613,3.1737967914438503,0.40720961281708945,0.028037383177570093,7.209612817089453,231.66666666666666,127.57974463597952,65.36289664042653,0.01602136181575434
LEC,48.0,98.496,Singapore,2023,0.2479892761394102,3.1946308724832213,0.3967828418230563,0.02546916890080429,7.238605898123325,241.77499840000002,126.97312620289287,64.78485182021589,0.0160857908847185
LEC,49.0,98.453,Singapore,2023,0.22691292875989447,3.0620871862615586,0.3997361477572559,0.04353562005277045,7.255936675461741,250.33291626666664,127.77658060257565,66.10692381945324,0.0079155672823219
LEC,50.0,98.439,Singapore,2023,0.24180327868852458,3.233926128590971,0.3825136612021858,0.03278688524590164,7.240437158469945,,130.74454968773586,64.55144733202403,0.009562841530054645
LEC,51.0,98.803,Singapore,2023,0.252,3.1401869158878504,0.4,0.032,7.199999999999999,275.0,126.26440108158937,66.06097763263936,0.02266666666666667
LEC,52.0,98.848,Singapore,2023,0.23087248322147652,3.0806451612903225,0.3906040268456376,0.028187919463087248,6.845637583892618,235.52777813333333,128.2210837252289,65.18000042460027,0.024161073825503355
LEC,53.0,100.213,Singapore,2023,0.24214659685863874,3.106159895150721,0.3795811518324607,0.02617801047120419,7.329842931937172,257.38349006308243,125.76953525247923,66.13066046338952,0.01832460732984293
LEC,54.0,101.831,Singapore,2023,0.25,3.066349934049803,0.3390052356020942,0.02356020942408377,7.591623036649215,238.28333333333333,124.52928707926831,66.0927130283613,0.005235602094240838
LEC,55.0,100.617,Singapore,2023,0.2595520421607378,3.058542216781003,0.37681159420289856,0.03557312252964427,6.851119894598155,256.5,124.40866665058601,65.49894695413909,0.005270092226613966
LEC,56.0,100.298,Singapore,2023,0.2536327608982827,3.060846560846561,0.3725231175693527,0.02774108322324967,7.133421400264201,254.5,126.09839328091843,65.49841361355996,0.003963011889035667
LEC,57.0,100.043,Singapore,2023,0.2532299741602067,3.060802069857697,0.3708010335917313,0.029715762273901807,6.2015503875969,258.0,127.49456839127664,64.29847782208299,0.00904392764857881
LEC,58.0,100.222,Singapore,2023,0.2386058981233244,3.1302013422818793,0.3646112600536193,0.03485254691689008,7.238605898123325,226.5,126.54078276292407,64.56874565722494,0.010723860589812333
LEC,59.0,100.545,Singapore,2023,0.24174372523117568,3.0846560846560847,0.3764861294583884,0.036988110964332896,7.133421400264201,,126.31598228042189,64.86866026855472,0.013210039630118891
LEC,60.0,100.105,Singapore,2023,0.24287652645861602,3.1875,0.383989145183175,0.031207598371777476,7.055630936227951,186.9562496,127.13104982277176,64.00270887640984,0.017639077340569877
LEC,61.0,100.615,Singapore,2023,0.24966622162883845,3.171122994652406,0.3484646194926569,0.042723631508678236,7.076101468624834,262.80833539047615,126.33357234190844,64.34686999923963,0.020026702269692925
LEC,62.0,100.946,Singapore,2023,0.24481865284974094,3.0595654972762643,0.36139896373056996,0.02849740932642487,7.253886010362693,241.1555569777778,126.2963944424495,64.42720718445912,0.015544041450777202
NOR,2.0,101.826,Singapore,2023,0.2680683311432326,3.207894736842105,0.3455978975032852,0.08672798948751642,7.227332457293036,264.0857142857143,130.3704397568824,63.32096228246878,0.0
NOR,3.0,101.124,Singapore,2023,0.2805662805662806,3.0283505154639174,0.305019305019305,0.1093951093951094,7.5933075933075935,248.5,130.75149734346067,64.97645376860622,0.002574002574002574
NOR,4.0,101.678,Singapore,2023,0.24934725848563968,3.01437908496732,0.3642297650130548,0.097911227154047,7.049608355091384,218.0249952,128.62557047983995,66.80882478403583,0.0013054830287206266
NOR,5.0,100.285,Singapore,2023,0.24015748031496062,3.0512483574244413,0.33989501312335957,0.1194225721784777,7.086614173228346,198.66666666666666,133.76631914360038,62.265948088389436,0.0
NOR,6.0,99.992,Singapore,2023,0.24348958333333334,3.126466753585398,0.3203125,0.11458333333333333,6.901041666666667,274.4839286857143,133.10095220581547,62.75835458623722,0.0
NOR,7.0,99.972,Singapore,2023,0.2556894243641232,3.1662198391420913,0.31994645247657294,0.10843373493975904,6.425702811244979,289.0,133.62734739625776,62.42783762384824,0.0
NOR,8.0,100.301,Singapore,2023,0.22559366754617413,3.1651254953764862,0.33509234828496043,0.11609498680738786,6.728232189973616,231.80803634285715,132.67502160779927,63.13704431016567,0.0
NOR,9.0,100.13,Singapore,2023,0.2516382699868938,3.031496062992126,0.3328964613368283,0.10615989515072084,6.422018348623854,231.71428632380955,132.2952477812872,63.17021680381312,0.002621231979030144
NOR,10.0,99.974,Singapore,2023,0.24010554089709762,3.1756935270805813,0.33641160949868076,0.10949868073878628,6.33245382585752,192.11000064,132.42822860629806,62.887923503797936,0.002638522427440633
NOR,11.0,100.355,Singapore,2023,0.24934383202099739,3.109067017082786,0.33858267716535434,0.09580052493438321,6.4304461942257225,285.24999893333336,132.32229195530851,64.00161588787137,0.003937007874015748
NOR,12.0,100.466,Singapore,2023,0.25066666666666665,3.116154873164219,0.31466666666666665,0.09733333333333333,6.533333333333332,228.8861115259259,132.36314717288235,63.42678085231222,0.0013333333333333333
NOR,13.0,100.372,Singapore,2023,0.2423841059602649,3.0583554376657824,0.33112582781456956,0.11920529801324503,6.754966887417218,291.5,132.50051862877507,62.88170779372913,0.0
NOR,14.0,100.421,Singapore,2023,0.2812089356110381,3.1210526315789475,0.32063074901445465,0.09329829172141918,6.701708278580814,269.0,132.4647181623637,63.41984989866206,0.005256241787122208
NOR,15.0,100.247,Singapore,2023,0.2657718120805369,3.1263440860215055,0.3422818791946309,0.08590604026845637,7.38255033557047,292.6500032,132.0569164918045,65.70030806910259,0.004026845637583893
NOR,16.0,100.342,Singapore,2023,0.2579787234042553,3.1438082556591214,0.3390957446808511,0.08111702127659574,7.3138297872340425,287.0,132.65742270941638,64.16037092203975,0.005319148936170213
NOR,17.0,100.024,Singapore,2023,0.26329442282749677,3.1545454545454548,0.3540856031128405,0.07911802853437094,7.392996108949417,203.19583253333332,131.62565961232065,64.88597644826817,0.0025940337224383916
NOR,18.0,99.693,Singapore,2023,0.2590120160213618,3.216577540106952,0.3591455273698264,0.08411214953271028,7.076101468624834,193.0,131.1180475145323,63.76187883368411,0.004005340453938585
NOR,19.0,99.88,Singapore,2023,0.2646276595744681,3.219707057256991,0.3377659574468085,0.08111702127659574,6.781914893617021,263.0785712761905,130.63145095499067,64.21667017652054,0.0
NOR,23.0,102.789,Singapore,2023,0.28314028314028317,3.216494845360825,0.36293436293436293,0.06692406692406692,7.979407979407979,256.0,126.86724416902403,67.36668832854461,0.019305019305019305
NOR,24.0,100.32,Singapore,2023,0.2650918635170604,3.211563731931669,0.37270341207349084,0.07217847769028872,7.349081364829396,233.94642834285713,131.66363396067752,64.55089479766235,0.0013123359580052493
NOR,25.0,100.24,Singapore,2023,0.2389853137516689,3.1470588235294117,0.32977303070761016,0.1068090787716956,6.942590120160213,261.0,133.20878397651725,63.053292929190796,0.0
NOR,26.0,99.484,Singapore,2023,0.24342105263157895,3.1620553359683794,0.32105263157894737,0.10789473684210527,6.578947368421052,215.0689651021512,132.2413658546853,62.99897385142734,0.0
NOR,27.0,99.406,Singapore,2023,0.2483574244415243,3.1157894736842104,0.31537450722733246,0.09592641261498029,6.57030223390276,,134.28791522581935,62.8681094620671,0.0
NOR,28.0,100.267,Singapore,2023,0.2285336856010568,2.9788359788359786,0.31704095112285335,0.14002642007926025,6.472919418758257,253.73416597333335,130.63253521319345,63.57269721397244,0.002642007926023778
NOR,29.0,100.097,Singapore,2023,0.2604712041884817,3.0484927916120577,0.3102094240837696,0.11649214659685864,6.675392670157068,285.0,131.71902963690752,62.5127288825753,0.0
NOR,30.0,99.736,Singapore,2023,0.24635761589403973,3.114058355437666,0.31920529801324504,0.10860927152317881,6.754966887417218,,131.40792903328946,63.747947954872096,0.0
NOR,31.0,99.367,Singapore,2023,0.2609271523178808,3.1007957559681696,0.32847682119205296,0.09668874172185431,7.28476821192053,,129.98835757304087,67.16790340008212,0.0
NOR,32.0,99.291,Singapore,2023,0.26728723404255317,3.1904127829560585,0.3271276595744681,0.07180851063829788,6.781914893617021,215.5761907809524,132.9408794909767,65.99174570021107,0.0013297872340425532
NOR,33.0,99.663,Singapore,2023,0.23468057366362452,3.0704960835509136,0.3089960886571056,0.10430247718383312,6.910039113428944,185.5,130.7296877244059,65.85584623416499,0.003911342894393742
NOR,34.0,100.06,Singapore,2023,0.24096385542168675,3.1018766756032172,0.3253012048192771,0.11378848728246319,6.693440428380187,,131.78920164564872,64.36071844005201,0.0
NOR,35.0,99.701,Singapore,2023,0.2630173564753004,3.090909090909091,0.30574098798397864,0.0814419225634179,6.675567423230974,181.0,130.54088765260235,64.6498195663431,0.0
NOR,36.0,99.462,Singapore,2023,0.2657718120805369,3.129032258064516,0.31543624161073824,0.09261744966442953,7.114093959731544,189.0,129.10217482087208,66.77302674473884,0.0
NOR,37.0,99.838,Singapore,2023,0.25237449118046135,3.1291406243478264,0.2903663500678426,0.1044776119402985,7.734056987788331,292.5,128.67123419762876,67.14474757260564,0.0
NOR,38.0,99.72,Singapore,2023,0.27102803738317754,3.1376370327272727,0.2897196261682243,0.08945260347129506,7.209612817089453,276.0,129.30889803744893,65.63603381925917,0.0
NOR,39.0,99.271,Singapore,2023,0.27170868347338933,3.3305092914446006,0.3487394957983193,0.07142857142857142,7.563025210084033,234.53142857142856,134.4934633246936,64.16350702448209,0.0
NOR,40.0,99.346,Singapore,2023,0.27008310249307477,3.216847261026352,0.3254847645429363,0.07479224376731301,6.786703601108034,243.61428502857143,131.7697683176035,64.59783662041022,0.004155124653739612
NOR,41.0,99.662,Singapore,2023,0.26063829787234044,3.1211717709720372,0.31117021276595747,0.07579787234042554,6.914893617021277,283.0,128.96728641465265,66.00519067368877,0.0
NOR,42.0,99.606,Singapore,2023,0.2756827048114434,3.0494140629629634,0.293888166449935,0.09362808842652796,7.152145643693109,270.5,129.54671152511037,66.65399466176986,0.009102730819245773
NOR,43.0,99.56,Singapore,2023,0.2755905511811024,3.118289332897968,0.2900262467191601,0.07217847769028872,6.561679790026247,234.57916693333334,129.78596109972025,67.4490114844583,0.0
NOR,46.0,98.046,Singapore,2023,0.261455525606469,3.357624831309042,0.38140161725067384,0.0646900269541779,6.60377358490566,251.5,132.696852897118,64.68773523889358,0.005390835579514825
NOR,47.0,98.157,Singapore,2023,0.24966442953020135,3.2795698924731185,0.3785234899328859,0.07248322147651007,6.97986577181208,255.31291397333337,132.63148086116647,64.91923125212773,0.005369127516778523
NOR,48.0,98.049,Singapore,2023,0.2540322580645161,3.2220726783310902,0.3790322580645161,0.07123655913978495,6.989247311827956,286.5750016,129.63827503051735,65.39377610888975,0.0013440860215053765
NOR,49.0,98.173,Singapore,2023,0.2506631299734748,3.2666851121145046,0.3726790450928382,0.07161803713527852,5.968169761273209,288.0,131.1128795489992,65.12816765312618,0.002652519893899204
NOR,50.0,98.148,Singapore,2023,0.2561307901907357,3.3972525383052905,0.37193460490463215,0.0681198910081744,5.858310626702997,209.5847256888889,130.86562098461084,64.90927937733375,0.0
NOR,51.0,98.124,Singapore,2023,0.25471698113207547,3.248777927725296,0.37601078167115903,0.057951482479784364,6.199460916442049,280.5,131.0999542862205,64.9757830272553,0.004043126684636119
NOR,52.0,98.25,Singapore,2023,0.24797843665768193,3.311633677780777,0.37735849056603776,0.06873315363881402,6.60377358490566,230.74617604617606,129.82795967988523,65.62620702905797,0.009433962264150943
NOR,53.0,98.392,Singapore,2023,0.239247311827957,3.3334253032570658,0.37768817204301075,0.07123655913978495,6.586021505376344,204.5,132.48931245765257,65.47771368505975,0.005376344086021506
NOR,54.0,98.423,Singapore,2023,0.24396782841823056,3.2724256951102584,0.3739946380697051,0.06970509383378017,5.7640750670241285,263.0,131.32159591704382,65.44698505795962,0.005361930294906166
NOR,55.0,98.492,Singapore,2023,0.24230254350736277,3.266079262755475,0.3855421686746988,0.07095046854082998,5.756358768406962,277.0833322666667,130.20483403704318,66.07304567318221,0.0
NOR,56.0,98.473,Singapore,2023,0.23537414965986395,3.408103170473124,0.37551020408163266,0.05714285714285714,5.714285714285714,231.0,129.14971497495154,65.9751834281827,0.0
NOR,57.0,98.617,Singapore,2023,0.2503276539973788,3.1758530183727034,0.36041939711664484,0.06422018348623854,5.897771952817824,244.5,129.54036596921654,65.752044004387,0.0
NOR,58.0,99.16,Singapore,2023,0.26902173913043476,3.2653061224489797,0.3423913043478261,0.06385869565217392,6.657608695652175,234.0,126.96562789861314,69.04219955122801,0.010869565217391304
NOR,59.0,100.416,Singapore,2023,0.2683246073298429,3.312005242463958,0.36387434554973824,0.051047120418848166,5.890052356020942,240.45999872000002,125.75890688225296,69.72359536315045,0.010471204188481676
NOR,60.0,99.396,Singapore,2023,0.25609756097560976,3.3445590230664863,0.3699186991869919,0.05420054200542006,6.097560975609756,,128.50536739096108,67.04642696984055,0.008130081300813009
NOR,61.0,99.51,Singapore,2023,0.2391304347826087,3.364625850340136,0.37228260869565216,0.06385869565217392,6.929347826086957,246.203126,127.49224099886023,68.09313915056295,0.001358695652173913
NOR,62.0,99.677,Singapore,2023,0.255659121171771,3.2786666666666666,0.3595206391478029,0.05725699067909454,6.391478029294275,257.7309730324639,126.19281656634587,68.10884963441552,0.0
SAI,1.0,103.309,Singapore,2023,0.23929471032745592,3.0416141235813368,0.3589420654911839,0.04785894206549118,5.415617128463476,273.0,124.1477044769179,63.96458249631704,0.007556675062972292
SAI,2.0,101.383,Singapore,2023,0.24967148488830487,3.068421052631579,0.38370565045992117,0.0657030223390276,4.993429697766097,257.34285714285716,129.41878590958797,61.98704109841076,0.00788436268068331
SAI,3.0,100.962,Singapore,2023,0.22868217054263565,3.0504527813712805,0.3708010335917313,0.06976744186046512,5.167958656330749,230.45,128.62187955747592,61.72934742610417,0.0103359173126615
SAI,4.0,100.58,Singapore,2023,0.240473061760841,3.0605263157894735,0.3902759526938239,0.07095926412614981,5.124835742444152,195.0,128.2176421556475,62.47810347882737,0.017082785808147174
SAI,5.0,100.551,Singapore,2023,0.24473684210526317,3.1251646903820816,0.3881578947368421,0.075,4.736842105263158,232.44151782857145,128.93708266395083,62.18553765632757,0.003947368421052632
SAI,6.0,100.113,Singapore,2023,0.22409326424870465,3.0687418936446176,0.38341968911917096,0.07253886010362694,4.922279792746114,236.76250016,128.95318191262223,62.31174224881604,0.009067357512953367
SAI,7.0,100.178,Singapore,2023,0.23324396782841822,3.1865771812080537,0.3914209115281501,0.06568364611260054,5.630026809651475,,128.69034742613317,62.38016843463594,0.012064343163538873
SAI,8.0,100.503,Singapore,2023,0.25691699604743085,3.108179419525066,0.380764163372859,0.052700922266139656,4.874835309617918,247.24999893333333,128.82597107438625,62.63536661361851,0.00922266139657444
SAI,9.0,99.626,Singapore,2023,0.2430647291941876,3.134920634920635,0.40158520475561427,0.05548216644649934,5.284015852047556,233.5,130.1840586363724,62.672684919347645,0.01453104359313078
SAI,10.0,100.369,Singapore,2023,0.23097112860892388,3.090670170827858,0.3779527559055118,0.05905511811023622,4.986876640419948,279.0,129.64018391041566,63.08980344682745,0.010498687664041995
SAI,11.0,100.297,Singapore,2023,0.22905759162303665,3.0773263433813893,0.3769633507853403,0.06675392670157068,5.2356020942408374,236.0,128.6574897761491,62.751169702261016,0.002617801047120419
SAI,12.0,100.53,Singapore,2023,0.24,3.1401869158878504,0.368,0.06133333333333333,4.666666666666667,260.0,128.1906363176498,62.49886222409909,0.013333333333333334
SAI,13.0,100.356,Singapore,2023,0.246684350132626,3.094289508632138,0.39655172413793105,0.0649867374005305,5.039787798408488,274.3333333333333,128.4128999083749,62.82616835947084,0.006631299734748011
SAI,14.0,100.398,Singapore,2023,0.25065616797900264,3.0959264126149804,0.37401574803149606,0.05511811023622047,5.118110236220472,194.0,129.47993219471408,62.646683083803374,0.003937007874015748
SAI,15.0,99.937,Singapore,2023,0.26174496644295303,3.1451612903225805,0.40134228187919463,0.03758389261744966,5.100671140939597,,129.38324502119795,62.36039447707262,0.0174496644295302
SAI,16.0,99.398,Singapore,2023,0.23418573351278602,3.1994609164420487,0.3997308209959623,0.04845222072678331,5.248990578734858,283.0,129.2432752973252,62.97131539692837,0.004037685060565276
SAI,17.0,99.448,Singapore,2023,0.24444444444444444,3.1335078534031413,0.39738562091503266,0.043137254901960784,5.228758169934641,,128.85281253871375,63.25915948138434,0.01568627450980392
SAI,18.0,98.992,Singapore,2023,0.23466666666666666,3.177570093457944,0.42133333333333334,0.04,5.333333333333334,,128.9404549520158,63.57957165844163,0.010666666666666666
SAI,19.0,99.029,Singapore,2023,0.24091520861372812,3.188679245283019,0.39030955585464333,0.04172274562584118,5.248990578734858,166.0,128.99010965283986,63.565445718850704,0.009421265141318977
SAI,23.0,102.423,Singapore,2023,0.26064516129032256,3.0645994832041343,0.37032258064516127,0.03225806451612903,5.67741935483871,241.5,125.03301624459723,63.82371103989487,0.0064516129032258064
SAI,24.0,99.792,Singapore,2023,0.2318840579710145,3.1978891820580473,0.4005270092226614,0.05401844532279315,5.928853754940711,237.6875008,127.92993361656688,63.25152957794188,0.003952569169960474
SAI,25.0,99.726,Singapore,2023,0.24966442953020135,3.2311827956989245,0.39731543624161075,0.05771812080536913,5.503355704697987,236.22562794863458,125.77724035694358,63.67357706418296,0.013422818791946308
SAI,26.0,99.185,Singapore,2023,0.24174372523117568,3.1613756613756614,0.42668428005284015,0.034346103038309116,5.5482166446499335,244.0,128.64774926824225,63.963332687130155,0.01453104359313078
SAI,27.0,99.835,Singapore,2023,0.24675324675324675,3.1859557867360206,0.4012987012987013,0.03896103896103896,5.844155844155844,267.5,127.65208755192135,64.32999122274944,0.014285714285714285
SAI,28.0,101.23,Singapore,2023,0.2430647291941876,3.0396825396825395,0.3513870541611625,0.0726552179656539,5.680317040951123,226.0,126.68336551388994,62.96793730898767,0.011889035667107
SAI,29.0,100.225,Singapore,2023,0.24348958333333334,3.0795306388526726,0.3567708333333333,0.06380208333333333,5.208333333333334,211.0,126.28243507535772,64.04293258371405,0.006510416666666667
SAI,30.0,100.217,Singapore,2023,0.23746701846965698,3.151915455746367,0.39313984168865435,0.047493403693931395,5.145118733509235,,128.31583931514365,64.03018474945237,0.0079155672823219
SAI,31.0,99.633,Singapore,2023,0.247682119205298,3.156498673740053,0.38145695364238413,0.03708609271523179,5.033112582781457,231.0,128.53730651959398,63.16330882650842,0.010596026490066225
SAI,32.0,99.184,Singapore,2023,0.23803191489361702,3.251664447403462,0.3949468085106383,0.05585106382978723,5.452127659574469,249.93333173333335,130.40278728551496,62.53030186191919,0.011968085106382979
SAI,33.0,99.235,Singapore,2023,0.2526178010471204,3.1507208387942334,0.41361256544502617,0.04581151832460733,4.973821989528796,282.4500032,129.61981648265964,62.77706233756713,0.01963350785340314
SAI,34.0,100.025,Singapore,2023,0.25634178905206945,3.1524064171122994,0.3965287049399199,0.03471295060080107,5.740987983978639,263.6666666666667,127.39769920647866,63.701447461391936,0.020026702269692925
SAI,35.0,99.97,Singapore,2023,0.24966622162883845,3.165775401069519,0.3885180240320427,0.049399198931909215,5.34045393858478,231.0,127.5214716584734,63.81502074396561,0.006675567423230975
SAI,36.0,99.544,Singapore,2023,0.2442953020134228,3.0806451612903225,0.3825503355704698,0.056375838926174496,5.771812080536913,288.0,128.24250988737518,63.410741472335026,0.009395973154362415
SAI,37.0,99.884,Singapore,2023,0.23076923076923078,3.1783783783783783,0.38191632928475033,0.06477732793522267,5.802968960863698,239.0,128.1864219196695,63.440604235799086,0.006747638326585695
SAI,38.0,99.519,Singapore,2023,0.2442953020134228,3.153225806451613,0.3946308724832215,0.042953020134228186,6.0402684563758395,261.0,127.5650579884583,64.37757575379415,0.008053691275167786
SAI,39.0,99.253,Singapore,2023,0.24578651685393257,3.3445850914205346,0.40730337078651685,0.05337078651685393,5.758426966292135,282.0,127.02787084682164,63.91435455938202,0.014044943820224719
SAI,40.0,99.393,Singapore,2023,0.24862637362637363,3.276478679504814,0.3956043956043956,0.04120879120879121,5.631868131868132,185.0,128.38354538342927,64.67337671923178,0.012362637362637362
SAI,41.0,99.798,Singapore,2023,0.244,3.041388518024032,0.384,0.034666666666666665,6.133333333333333,,126.60930268295495,64.16190607774193,0.010666666666666666
SAI,42.0,99.939,Singapore,2023,0.2445019404915912,3.051813471502591,0.36869340232858994,0.0517464424320828,5.433376455368694,,128.14093607646495,64.14871894874244,0.01034928848641656
SAI,43.0,99.248,Singapore,2023,0.2503293807641634,3.1662269129287597,0.4031620553359684,0.03293807641633729,5.665349143610013,,128.50340441122304,64.02215117707051,0.017127799736495388
SAI,46.0,97.913,Singapore,2023,0.2395693135935397,3.22911051212938,0.43203230148048455,0.03230148048452221,5.652759084791386,284.479168,129.60394644680522,64.7095827109361,0.013458950201884253
SAI,47.0,97.666,Singapore,2023,0.2327469553450609,3.227642276422764,0.43031123139377536,0.04059539918809202,5.818673883626523,210.257812,128.47726975166069,65.57540879431106,0.02029769959404601
SAI,48.0,98.2,Singapore,2023,0.2339572192513369,3.285140562248996,0.4184491978609626,0.0374331550802139,5.347593582887701,249.66666666666666,128.34823733805706,65.42013250939692,0.014705882352941176
SAI,49.0,98.221,Singapore,2023,0.23638778220451528,3.1861702127659575,0.4302788844621514,0.02656042496679947,5.710491367861885,269.9589289142857,128.3055079647364,64.5343377686723,0.01859229747675963
SAI,50.0,98.637,Singapore,2023,0.23035230352303523,3.310719131614654,0.4241192411924119,0.028455284552845527,6.097560975609756,219.406,127.20285481653407,65.64801523207024,0.009485094850948509
SAI,51.0,98.04,Singapore,2023,0.22432432432432434,3.280108254397835,0.42702702702702705,0.03513513513513514,5.540540540540541,266.5,128.12916200645762,65.17038159795898,0.013513513513513514
SAI,52.0,98.218,Singapore,2023,0.23751686909581646,3.291891891891892,0.41970310391363025,0.03508771929824561,5.668016194331984,200.57142765714286,128.4886731333293,66.02126428104528,0.01349527665317139
SAI,53.0,98.327,Singapore,2023,0.24128686327077747,3.1731543624161076,0.43029490616621985,0.02680965147453083,5.630026809651475,270.2861111111111,128.55932528886896,65.01571672512955,0.012064343163538873
SAI,54.0,98.707,Singapore,2023,0.24866310160427807,3.2423025435073627,0.41310160427807485,0.03074866310160428,6.283422459893048,287.0,127.64545033325726,65.57383848933183,0.01871657754010695
SAI,55.0,98.541,Singapore,2023,0.2647849462365591,3.2113055181695827,0.4274193548387097,0.028225806451612902,6.317204301075269,210.62045387636363,126.97842233470811,66.08101092992116,0.028225806451612902
SAI,56.0,98.52,Singapore,2023,0.23233695652173914,3.3904761904761904,0.43342391304347827,0.02717391304347826,5.842391304347826,285.0,129.80501485219852,64.80254417116117,0.025815217391304348
SAI,57.0,98.909,Singapore,2023,0.24641460234680573,3.143603133159269,0.409387222946545,0.02346805736636245,5.736636245110821,225.0,126.70907239475981,66.22613520743764,0.01303780964797914
SAI,58.0,99.337,Singapore,2023,0.24423337856173677,3.279891304347826,0.4056987788331072,0.032564450474898234,6.377204884667571,274.874992,126.25910953134571,66.46182621554075,0.028493894165535955
SAI,59.0,99.575,Singapore,2023,0.25725593667546176,3.3077939233817704,0.40633245382585753,0.017150395778364115,5.804749340369393,181.0,127.88408085850531,66.61045542904506,0.030343007915567283
SAI,60.0,100.042,Singapore,2023,0.2540322580645161,3.203230148048452,0.3978494623655914,0.025537634408602152,5.779569892473118,258.0,126.08713118245797,65.75914418961331,0.021505376344086023
SAI,61.0,99.292,Singapore,2023,0.24283765347885403,3.3143637782982047,0.41336971350613916,0.03274215552523874,6.412005457025921,237.0,127.51606504218216,65.69693030578897,0.021828103683492497
SAI,62.0,99.958,Singapore,2023,0.246684350132626,3.245532157085942,0.3952254641909814,0.022546419098143235,5.968169761273209,254.0,125.87846955455504,66.49583710776479,0.014588859416445624
VER,2.0,101.596,Singapore,2023,0.25098554533508544,3.3157894736842106,0.3876478318002628,0.07621550591327202,7.095926412614981,261.0,129.46943237794693,63.951105466424345,0.0
VER,3.0,101.51,Singapore,2023,0.25384615384615383,3.214377406931964,0.37948717948717947,0.06666666666666667,6.41025641025641,243.5,131.27784816343336,65.37949371686126,0.002564102564102564
VER,4.0,101.143,Singapore,2023,0.2381578947368421,3.2569169960474307,0.375,0.1013157894736842,5.657894736842105,263.0,130.2317231040982,64.19704644348093,0.0
VER,5.0,101.308,Singapore,2023,0.2445019404915912,3.209844559585492,0.36093143596377747,0.09961190168175937,6.0802069857697285,272.4067709777778,129.585379746256,64.88265099611009,0.0038809831824062097
VER,6.0,101.313,Singapore,2023,0.25802310654685495,3.2185089974293057,0.39537869062901154,0.07702182284980745,5.905006418485238,232.8,129.24031417387718,65.22912420657867,0.005134788189987163
VER,7.0,100.423,Singapore,2023,0.23190348525469168,3.2161073825503355,0.3739946380697051,0.10187667560321716,5.630026809651475,230.86388835555556,130.33601106595768,62.828848795577365,0.0013404825737265416
VER,8.0,100.177,Singapore,2023,0.23778071334214002,3.2857142857142856,0.38837516512549536,0.06472919418758256,5.416116248348745,275.10344857011495,130.8561826599424,62.69120071975701,0.0
VER,9.0,100.264,Singapore,2023,0.24078947368421053,3.254281949934124,0.3736842105263158,0.08421052631578947,5.394736842105264,217.0,130.48702121822106,63.09295258028623,0.007894736842105263
VER,10.0,100.408,Singapore,2023,0.24348958333333334,3.282920469361147,0.38671875,0.078125,5.46875,202.0,129.7690944724267,63.378691132446995,0.0
VER,11.0,100.423,Singapore,2023,0.25428194993412384,3.187335092348285,0.3583662714097497,0.07509881422924901,6.324110671936759,244.8749984,128.42601017100486,64.63083407615773,0.002635046113306983
VER,12.0,100.602,Singapore,2023,0.24101198402130491,3.1653333333333333,0.3754993342210386,0.08921438082556592,5.459387483355526,246.33333333333334,128.90595662710322,63.52952557412192,0.0
VER,13.0,100.693,Singapore,2023,0.25165562913907286,3.2334217506631298,0.3536423841059603,0.08874172185430464,5.298013245033113,,129.3608119635211,63.21763091695271,0.0
VER,14.0,100.633,Singapore,2023,0.24738219895287958,3.1218872870249017,0.3717277486910995,0.08507853403141362,5.49738219895288,283.5,129.4250031722524,63.00922134186887,0.0
VER,15.0,100.206,Singapore,2023,0.24331550802139038,3.2717536813922354,0.3836898395721925,0.07219251336898395,5.347593582887701,221.111608,132.07464613048074,63.05405539871001,0.001336898395721925
VER,16.0,100.39,Singapore,2023,0.23866666666666667,3.196261682242991,0.36933333333333335,0.076,5.733333333333333,253.0,129.58610395517363,63.83799199607302,0.0013333333333333333
VER,17.0,100.481,Singapore,2023,0.23483870967741935,3.1627906976744184,0.3793548387096774,0.09419354838709677,6.193548387096774,231.65499946666668,131.48345919444876,63.47488453987342,0.0
VER,18.0,100.464,Singapore,2023,0.2352168199737188,3.2157894736842105,0.37844940867279897,0.07621550591327202,5.387647831800263,220.78281333333334,130.0416847616945,63.422479520176275,0.002628120893561104
VER,19.0,100.746,Singapore,2023,0.24069148936170212,3.318242343541944,0.3962765957446808,0.07313829787234043,6.117021276595745,290.0,131.4919286548737,63.709365552573765,0.0
VER,24.0,101.971,Singapore,2023,0.24097938144329897,3.3161290322580643,0.3917525773195876,0.07860824742268041,5.670103092783505,259.67999871999996,130.70519892348764,63.68208980271415,0.002577319587628866
VER,25.0,100.7,Singapore,2023,0.23670212765957446,3.3981358189081226,0.4015957446808511,0.07313829787234043,5.718085106382978,241.6282086520924,129.93781312288624,63.7411109493314,0.0026595744680851063
VER,26.0,100.244,Singapore,2023,0.23859191655801826,3.357702349869452,0.39765319426336376,0.06910039113428944,5.345501955671447,,130.81908981547718,63.89549192168319,0.003911342894393742
VER,27.0,101.18,Singapore,2023,0.21761658031088082,3.2736705577172502,0.41321243523316065,0.07512953367875648,5.310880829015544,228.97613476363637,128.9990292766598,65.1651314374126,0.0
VER,28.0,101.431,Singapore,2023,0.24342105263157895,3.2674571805006587,0.3763157894736842,0.07631578947368421,5.394736842105264,207.66666666666666,128.13996297466267,64.57073138656068,0.002631578947368421
VER,29.0,100.437,Singapore,2023,0.22496749024707413,3.2265625,0.4057217165149545,0.07802340702210664,5.331599479843954,185.35339094857142,128.64910004990696,64.48667470193372,0.007802340702210663
VER,30.0,100.326,Singapore,2023,0.23865110246433205,3.212987012987013,0.4098573281452659,0.0622568093385214,5.317769130998703,265.0,129.7807214234598,63.914605101065376,0.010376134889753566
VER,31.0,100.247,Singapore,2023,0.22324966974900926,3.2962962962962963,0.42800528401585203,0.08586525759577279,5.151915455746367,240.55282158952207,130.37409378294322,64.24823572901259,0.001321003963011889
VER,32.0,100.033,Singapore,2023,0.22486772486772486,3.3350993377483444,0.40343915343915343,0.07539682539682539,5.158730158730158,200.76436872,131.51390963158892,63.880388073733684,0.0026455026455026454
VER,33.0,100.087,Singapore,2023,0.21671018276762402,3.3333333333333335,0.39947780678851175,0.08093994778067885,5.221932114882506,213.7250008,130.29875890073598,64.4168050163923,0.0
VER,34.0,100.378,Singapore,2023,0.21657754010695188,3.352074966532798,0.4077540106951872,0.07887700534759358,5.481283422459892,188.5437488,132.11142492672442,63.4804559605304,0.0053475935828877
VER,35.0,100.266,Singapore,2023,0.21973684210526315,3.2990777338603428,0.4039473684210526,0.075,5.526315789473684,253.63928594285716,129.92100489078393,64.558260437666,0.0013157894736842105
VER,36.0,100.372,Singapore,2023,0.23655913978494625,3.332436069986541,0.39919354838709675,0.06720430107526881,5.10752688172043,220.66666666666666,131.00097172540933,63.78391779851521,0.002688172043010753
VER,37.0,100.224,Singapore,2023,0.21954484605087016,3.359249329758713,0.4042838018741633,0.06693440428380187,5.4886211512717535,281.0,131.77970923749268,63.74999781815131,0.008032128514056224
VER,38.0,100.61,Singapore,2023,0.21390374331550802,3.319946452476573,0.39037433155080214,0.08021390374331551,5.614973262032086,182.49999786666666,131.00049120287616,64.6446707062063,0.00267379679144385
VER,39.0,101.173,Singapore,2023,0.2348901098901099,3.4167812929848695,0.3942307692307692,0.08379120879120878,5.769230769230769,247.5,131.0170296037503,63.91854510282886,0.006868131868131868
VER,42.0,97.713,Singapore,2023,0.232,3.241655540720961,0.4186666666666667,0.06266666666666666,5.333333333333334,262.45749952,131.62530081659855,63.34878250107302,0.0013333333333333333
VER,46.0,97.57,Singapore,2023,0.2371967654986523,3.330634278002699,0.41778975741239893,0.06199460916442048,5.929919137466308,228.90958111999998,133.88486395768427,63.78370457560819,0.004043126684636119
VER,47.0,98.09,Singapore,2023,0.24864864864864866,3.550744248985115,0.40540540540540543,0.05675675675675676,6.081081081081082,241.5,132.68606570407638,65.99880211883526,0.005405405405405406
VER,48.0,98.333,Singapore,2023,0.2503311258278146,3.350132625994695,0.42649006622516555,0.06225165562913907,5.960264900662252,232.64166826666667,132.49445099994142,66.05200114481062,0.003973509933774834
VER,49.0,97.085,Singapore,2023,0.23337856173677068,3.358695652173913,0.43283582089552236,0.06105834464043419,5.834464043419267,214.34499712000002,134.569118589314,63.818264633063194,0.0013568521031207597
VER,50.0,99.006,Singapore,2023,0.2389261744966443,3.368279569892473,0.41879194630872485,0.049664429530201344,6.0402684563758395,253.0,129.74320271781366,65.85218440288943,0.0
VER,51.0,97.144,Singapore,2023,0.22888283378746593,3.369713506139154,0.444141689373297,0.05313351498637602,5.5858310626703,192.0,134.79012166673863,63.58155733036989,0.0
VER,52.0,96.835,Singapore,2023,0.23401360544217686,3.3596730245231607,0.43945578231292515,0.053061224489795916,5.986394557823129,238.21571428571428,134.90251985004696,63.31768151111489,0.004081632653061225
VER,53.0,97.132,Singapore,2023,0.2336065573770492,3.4227086183310536,0.4453551912568306,0.05327868852459016,5.8743169398907105,222.5718744,136.10596553373986,64.11656180295995,0.00819672131147541
VER,54.0,98.196,Singapore,2023,0.23783783783783785,3.480378890392422,0.40540540540540543,0.06486486486486487,6.351351351351352,235.0,130.592572471077,66.93873274503812,0.0
VER,55.0,96.899,Singapore,2023,0.21212121212121213,3.4013793103448275,0.44214876033057854,0.05922865013774105,6.198347107438017,235.4166656,133.11964254926895,64.36130786014148,0.004132231404958678
VER,56.0,97.519,Singapore,2023,0.2371967654986523,3.3684210526315788,0.40970350404312667,0.05525606469002695,6.064690026954178,284.26785645714284,132.22067888104775,64.91011538940229,0.006738544474393531
VER,57.0,99.299,Singapore,2023,0.2780678851174935,3.3437908496732027,0.41383812010443866,0.037859007832898174,6.396866840731071,232.20832952888887,131.21387410284396,67.48220560375081,0.013054830287206266
VER,58.0,96.912,Singapore,2023,0.22253129346314326,3.4289693593314765,0.4422809457579972,0.054242002781641166,6.397774687065369,247.05999872,134.3650532534954,62.64841385528521,0.0
VER,59.0,96.748,Singapore,2023,0.23448275862068965,3.414364640883978,0.44413793103448274,0.04275862068965517,5.931034482758621,,133.96334960059255,63.48845372305283,0.009655172413793104
VER,60.0,96.758,Singapore,2023,0.2164804469273743,3.513286713286713,0.44273743016759776,0.051675977653631286,6.145251396648044,238.0,133.41607659498519,64.49393249619861,0.0013966480446927375
VER,61.0,96.575,Singapore,2023,0.2315202231520223,3.5614525139664805,0.4211994421199442,0.05578800557880056,6.136680613668061,248.9119489159451,133.45984734004466,64.19190784297349,0.008368200836820083
VER,62.0,98.197,Singapore,2023,0.23107569721115537,3.5123170872340426,0.4169986719787517,0.05179282868525897,6.374501992031872,211.23212762474088,131.19564297175634,65.53993390970294,0.0
ALO,5.0,99.508,Suzuka,2023,0.18315508021390375,3.1218206157965196,0.4852941176470588,0.07219251336898395,6.417112299465241,256.37249952,134.790144300018,65.07685174931672,0.012032085561497326
ALO,6.0,99.488,Suzuka,2023,0.1680327868852459,3.0725034199726404,0.4890710382513661,0.06693989071038252,5.601092896174864,205.5,132.30423178803116,65.56896821490488,0.004098360655737705
ALO,7.0,99.138,Suzuka,2023,0.16916780354706684,3.191256830601093,0.4979536152796726,0.08321964529331514,5.866302864938609,255.82575903030303,131.6688918370565,65.93007625045769,0.010914051841746248
ALO,8.0,99.15,Suzuka,2023,0.18243243243243243,2.9851150202976995,0.5094594594594595,0.05540540540540541,6.081081081081082,276.0,132.6840593455684,67.36092600727684,0.0
ALO,9.0,99.884,Suzuka,2023,0.1911170928667564,2.9622641509433962,0.4737550471063257,0.06864064602960969,6.056527590847914,276.02812608,133.66656147721324,68.00433474501787,0.0013458950201884253
ALO,10.0,99.697,Suzuka,2023,0.18518518518518517,2.9748344370860926,0.5052910052910053,0.05291005291005291,5.952380952380952,294.0,133.5879686354959,65.81719193883004,0.007936507936507936
ALO,11.0,102.32,Suzuka,2023,0.19872611464968154,3.145699136734694,0.44331210191082804,0.048407643312101914,5.859872611464969,254.72340692077842,127.92779346392923,69.5730004248665,0.014012738853503185
ALO,15.0,98.126,Suzuka,2023,0.17158931082981715,3.0619718309859154,0.5147679324894515,0.06329113924050633,6.188466947960619,253.6156248,131.1031214046543,64.5893267567446,0.005625879043600563
ALO,16.0,98.651,Suzuka,2023,0.16016713091922005,3.0599721059972107,0.5097493036211699,0.06128133704735376,6.128133704735376,,136.21355972188354,64.24050168460396,0.002785515320334262
ALO,17.0,98.412,Suzuka,2023,0.15746971736204576,2.8787061994609164,0.5262449528936743,0.05518169582772544,5.652759084791386,242.5,135.0497873191272,65.51356870746775,0.0
ALO,18.0,99.263,Suzuka,2023,0.1897018970189702,3.050203527815468,0.483739837398374,0.06639566395663957,5.9620596205962055,264.9781216,130.88348642634568,66.7342029215258,0.0
ALO,19.0,100.092,Suzuka,2023,0.19973544973544974,3.0543046357615893,0.4801587301587302,0.056878306878306875,5.952380952380952,274.8166656,133.39332663827173,67.250364629874,0.005291005291005291
ALO,20.0,101.133,Suzuka,2023,0.19576719576719576,3.0410596026490064,0.4669312169312169,0.046296296296296294,6.613756613756613,269.421876,130.53393495949203,68.69250907373096,0.007936507936507936
ALO,21.0,101.105,Suzuka,2023,0.2,3.338709677419355,0.45369127516778524,0.03355704697986577,5.906040268456376,190.0,130.65774027214457,68.3937734624693,0.008053691275167786
ALO,22.0,100.041,Suzuka,2023,0.19363395225464192,3.0677290836653386,0.46949602122015915,0.04907161803713528,6.23342175066313,277.0,130.32973817768226,69.41488136370438,0.007957559681697613
ALO,23.0,101.023,Suzuka,2023,0.205607476635514,3.628342245989305,0.49132176234979974,0.044058744993324434,7.076101468624834,224.84147723636363,128.72424842947254,70.26033310991785,0.028037383177570093
ALO,24.0,99.754,Suzuka,2023,0.20821917808219179,3.3607681755829906,0.4808219178082192,0.03972602739726028,6.438356164383562,240.75,131.18203750680053,69.62507548465182,0.00684931506849315
ALO,25.0,103.68,Suzuka,2023,0.21604139715394566,3.698186528497409,0.3777490297542044,0.056921086675291076,5.5627425614489,232.0,128.78622910270795,69.65138582485673,0.02457956015523933
ALO,27.0,97.308,Suzuka,2023,0.18624641833810887,3.2510760401721663,0.5085959885386819,0.050143266475644696,6.446991404011461,293.0,133.81967077892915,66.38064733661476,0.0071633237822349575
ALO,28.0,97.203,Suzuka,2023,0.18055555555555555,3.109874826147427,0.5291666666666667,0.05138888888888889,6.388888888888888,284.4447912,135.6621889608556,64.61228037616148,0.002777777777777778
ALO,29.0,98.749,Suzuka,2023,0.16356382978723405,2.948069241011984,0.5013297872340425,0.057180851063829786,5.585106382978723,234.0,129.28438308399225,65.16778575544903,0.011968085106382979
ALO,30.0,97.273,Suzuka,2023,0.1628838451268358,2.8502673796791442,0.5180240320427236,0.056074766355140186,6.008010680907877,253.0,134.20917013096116,65.2066850946916,0.004005340453938585
ALO,31.0,97.582,Suzuka,2023,0.15838926174496645,2.9381720430107525,0.5315436241610738,0.07114093959731543,5.771812080536913,290.46000128,134.3808891420576,64.9502881819425,0.005369127516778523
ALO,32.0,97.628,Suzuka,2023,0.16573033707865167,3.1251758087201127,0.5112359550561798,0.04915730337078652,6.179775280898876,260.63000320000003,133.70158947704567,65.53461781235313,0.0056179775280898875
ALO,33.0,97.335,Suzuka,2023,0.18169398907103826,2.9384404924760603,0.5218579234972678,0.04644808743169399,6.0109289617486334,260.5899011920726,134.41212449805136,65.82428056346077,0.00546448087431694
ALO,34.0,97.461,Suzuka,2023,0.17379679144385027,3.0575635876840694,0.516042780748663,0.045454545454545456,6.016042780748663,289.06000128,133.75778721916032,66.47647231219224,0.0053475935828877
ALO,35.0,98.27,Suzuka,2023,0.1657754010695187,3.0254350736278446,0.48663101604278075,0.05748663101604278,5.88235294117647,290.0,134.39409282883858,66.15131565757324,0.004010695187165776
ALO,36.0,98.009,Suzuka,2023,0.16893732970027248,3.1159618008185537,0.5068119891008175,0.05449591280653951,6.267029972752043,293.9625,134.248804361003,65.84587987715486,0.0
ALO,37.0,98.139,Suzuka,2023,0.18449197860962566,2.9076305220883536,0.5347593582887701,0.0481283422459893,6.016042780748663,257.45551166038445,133.61621236780948,65.67037975426737,0.0
ALO,38.0,98.0,Suzuka,2023,0.16511318242343542,2.896,0.4993342210386152,0.07323568575233022,5.858854860186418,292.0178569142857,134.29956554492927,66.17018072313356,0.007989347536617843
ALO,39.0,98.036,Suzuka,2023,0.19733333333333333,2.923898531375167,0.52,0.03866666666666667,5.866666666666666,280.0,134.08304241068652,66.59843098470029,0.008
ALO,40.0,98.059,Suzuka,2023,0.16888297872340424,2.9134487350199736,0.5093085106382979,0.05186170212765957,5.98404255319149,282.1041660444444,136.0257563785434,66.41979399761193,0.009308510638297872
ALO,41.0,98.182,Suzuka,2023,0.1738544474393531,2.7908232118758436,0.5107816711590296,0.05390835579514825,5.929919137466308,293.87749909333337,133.25264536656192,66.43133813751837,0.005390835579514825
ALO,42.0,98.357,Suzuka,2023,0.1590909090909091,2.789825970548862,0.5106951871657754,0.06149732620320856,6.149732620320856,267.2594104075219,136.1478684621902,65.59879652741289,0.0053475935828877
ALO,43.0,98.413,Suzuka,2023,0.16373477672530445,2.926829268292683,0.5047361299052774,0.07171853856562922,5.818673883626523,268.75171648,130.8933386983373,67.39891764211261,0.0
ALO,44.0,98.699,Suzuka,2023,0.15725806451612903,2.9421265141318975,0.5161290322580645,0.07258064516129033,5.779569892473118,258.02499946666666,130.16447951405738,67.4018311474044,0.0013440860215053765
ALO,45.0,98.432,Suzuka,2023,0.15332428765264586,2.9130434782608696,0.5183175033921302,0.06105834464043419,5.970149253731343,,134.0762218592913,66.42835275548096,0.0013568521031207597
ALO,46.0,98.413,Suzuka,2023,0.16733601070950468,2.935656836461126,0.5180722891566265,0.05220883534136546,5.8902275769745644,283.3937509333333,135.77572897189782,66.08424266551044,0.004016064257028112
ALO,47.0,98.637,Suzuka,2023,0.18383311603650587,2.793733681462141,0.5345501955671447,0.05084745762711865,5.9973924380704045,209.33852352969697,132.29180006974903,66.44565296305906,0.027379400260756193
ALO,48.0,98.406,Suzuka,2023,0.17012448132780084,2.9529085872576175,0.5034578146611342,0.05255878284923928,6.224066390041494,254.74881107301587,134.14094012721853,65.62345229788795,0.0027662517289073307
ALO,49.0,98.809,Suzuka,2023,0.1700404858299595,2.894633343011551,0.5182186234817814,0.05398110661268556,6.0728744939271255,251.42222222222222,130.32619806570548,67.52183796112116,0.002699055330634278
ALO,50.0,99.155,Suzuka,2023,0.1845949535192563,2.8802810188450163,0.5059760956175299,0.057104913678618856,6.241699867197875,258.3333333333333,130.7763393072638,68.4395955677225,0.00796812749003984
ALO,51.0,99.221,Suzuka,2023,0.16558861578266496,2.795336787564767,0.49029754204398446,0.056921086675291076,6.338939197930142,263.7472209777778,130.36381041456957,67.2035909683672,0.0038809831824062097
ALO,52.0,99.232,Suzuka,2023,0.16733067729083664,3.0997340425531914,0.4807436918990704,0.055776892430278883,5.9760956175298805,289.2142848,132.99733248463485,67.25790623103077,0.0026560424966799467
ALO,53.0,99.65,Suzuka,2023,0.17553191489361702,3.018641810918775,0.49601063829787234,0.06515957446808511,6.515957446808511,,129.11531808473157,68.90389023128074,0.006648936170212766
HAM,5.0,100.176,Suzuka,2023,0.1904127829560586,2.76,0.46604527296937415,0.043941411451398134,5.459387483355526,258.5,125.59264148522249,67.00899649576243,0.02529960053262317
HAM,6.0,98.786,Suzuka,2023,0.19015047879616964,3.084931506849315,0.466484268125855,0.030095759233926128,5.06155950752394,205.41750912,127.06966751865941,66.10096251942554,0.03556771545827633
HAM,7.0,99.274,Suzuka,2023,0.16530054644808742,2.744186046511628,0.4385245901639344,0.045081967213114756,5.191256830601093,,126.19063563732418,64.90641915390299,0.01366120218579235
HAM,8.0,99.077,Suzuka,2023,0.1472972972972973,2.7686062246278755,0.4486486486486487,0.06351351351351352,4.72972972972973,316.0,126.9716688404485,65.96017474595261,0.00945945945945946
HAM,9.0,99.706,Suzuka,2023,0.1862348178137652,2.6810810810810812,0.4089068825910931,0.058029689608636977,4.318488529014845,294.26563039999996,120.68531966828814,67.08927619619072,0.010796221322537112
HAM,10.0,99.952,Suzuka,2023,0.1809775429326288,2.619047619047619,0.42932628797886396,0.06605019815059446,4.491413474240423,248.0,123.04634610097395,66.7141221207021,0.017173051519154558
HAM,11.0,99.65,Suzuka,2023,0.17516339869281045,2.5104712041884816,0.4627450980392157,0.04183006535947712,4.836601307189543,260.4444472888889,121.84555447275544,67.89253045488385,0.02091503267973856
HAM,12.0,99.129,Suzuka,2023,0.15586206896551724,2.772099447513812,0.46206896551724136,0.05379310344827586,4.827586206896552,211.0,125.61268691949466,67.1845595143799,0.008275862068965517
HAM,13.0,99.532,Suzuka,2023,0.16423841059602648,2.5716180371352784,0.4688741721854305,0.05033112582781457,5.033112582781457,,126.5294874160405,66.87567969910098,0.018543046357615896
HAM,15.0,99.055,Suzuka,2023,0.1713091922005571,2.7336122733612274,0.4818941504178273,0.057103064066852366,5.2924791086350975,215.0,124.86896115236148,66.51515686944984,0.034818941504178275
HAM,18.0,97.489,Suzuka,2023,0.14794520547945206,2.625514403292181,0.5136986301369864,0.03561643835616438,4.794520547945205,,126.84459545140908,63.73164952396965,0.0273972602739726
HAM,19.0,97.878,Suzuka,2023,0.15654520917678813,2.572972972972973,0.4709851551956815,0.048582995951417005,4.723346828609987,,120.27224631344038,63.959367656036214,0.016194331983805668
HAM,20.0,98.519,Suzuka,2023,0.17391304347826086,2.6285714285714286,0.45516304347826086,0.043478260869565216,5.0271739130434785,,124.80670361470611,65.55342582207126,0.019021739130434784
HAM,21.0,99.752,Suzuka,2023,0.1836734693877551,2.8664850136239783,0.45034013605442175,0.03945578231292517,5.034013605442176,249.0,117.41254689446887,70.69977447944196,0.02040816326530612
HAM,22.0,98.12,Suzuka,2023,0.15768194070080863,2.5883940620782724,0.46495956873315364,0.0646900269541779,4.5822102425876015,278.0,119.30259654419545,66.38566529850057,0.01752021563342318
HAM,23.0,98.568,Suzuka,2023,0.15321477428180574,2.56986301369863,0.45690834473324216,0.0560875512995896,4.1039671682626535,,116.30776589119137,65.53344796855859,0.009575923392612859
HAM,24.0,98.225,Suzuka,2023,0.16503496503496504,2.630252100840336,0.47132867132867134,0.04195804195804196,5.034965034965035,175.0,125.97361482048788,64.9367020036383,0.023776223776223775
HAM,25.0,97.905,Suzuka,2023,0.14188267394270124,2.587431693989071,0.495225102319236,0.04365620736698499,4.502046384720328,,121.77954487079381,63.569196389701695,0.017735334242837655
HAM,26.0,98.296,Suzuka,2023,0.14794520547945206,2.680384087791495,0.4657534246575342,0.0547945205479452,4.794520547945205,217.0,117.172969767541,65.66184096965915,0.015068493150684932
HAM,27.0,98.337,Suzuka,2023,0.1492329149232915,2.653631284916201,0.45327754532775455,0.07112970711297072,5.02092050209205,271.0,123.80311347832792,65.4833214366424,0.016736401673640166
HAM,28.0,98.665,Suzuka,2023,0.16462585034013605,2.5912806539509536,0.4435374149659864,0.06394557823129252,4.625850340136054,277.0,119.46824054697173,65.93065820811991,0.031292517006802724
HAM,29.0,98.542,Suzuka,2023,0.16644295302013423,2.532258064516129,0.48590604026845635,0.05503355704697987,4.966442953020135,295.43749866666667,119.48946603758098,65.76117954295165,0.021476510067114093
HAM,30.0,98.333,Suzuka,2023,0.15086782376502003,2.5106951871657754,0.4739652870493992,0.0520694259012016,4.939919893190922,,123.91185197908189,65.23515715976417,0.01602136181575434
HAM,31.0,98.866,Suzuka,2023,0.15984147952443858,2.494708994708995,0.4795244385733157,0.043593130779392336,4.623513870541611,,117.24878186613208,65.38853338271012,0.02509907529722589
HAM,32.0,98.605,Suzuka,2023,0.16666666666666666,2.604651162790698,0.46994535519125685,0.056010928961748634,4.918032786885246,,114.77396148687328,65.62813825555965,0.02459016393442623
HAM,33.0,98.377,Suzuka,2023,0.1724137931034483,2.638121546961326,0.4896551724137931,0.044137931034482755,4.827586206896552,271.0,111.91727430180039,66.49625983587974,0.027586206896551724
HAM,34.0,100.853,Suzuka,2023,0.19921875,2.730103370907059,0.4518229166666667,0.0390625,4.6875,,114.60851674728093,69.02237787577867,0.0390625
HAM,36.0,95.611,Suzuka,2023,0.1368124118476728,2.6638418079096047,0.5021156558533145,0.036671368124118475,4.513399153737659,,118.71355648832542,63.35088779151421,0.018335684062059238
HAM,37.0,96.182,Suzuka,2023,0.15582655826558264,2.4667571234735415,0.4742547425474255,0.05420054200542006,4.471544715447155,272.09523775915983,115.45045450411976,63.80263276601448,0.006775067750677507
HAM,38.0,96.736,Suzuka,2023,0.15020297699594046,2.4634146341463414,0.45331529093369416,0.05142083897158322,4.7361299052774015,,120.61310988391153,63.32265974552353,0.010825439783491205
HAM,39.0,96.509,Suzuka,2023,0.14150943396226415,2.48582995951417,0.48787061994609165,0.05121293800539083,4.31266846361186,,116.91282580190384,64.73011517267807,0.018867924528301886
HAM,40.0,97.118,Suzuka,2023,0.14227642276422764,2.4694708276797828,0.470189701897019,0.05962059620596206,4.742547425474255,290.0,115.98451358864519,65.02367938141693,0.01084010840108401
HAM,41.0,97.243,Suzuka,2023,0.14148351648351648,2.4291609353507564,0.37225274725274726,0.06593406593406594,4.807692307692308,,117.07430293446556,64.44299292288866,0.02197802197802198
HAM,42.0,97.47,Suzuka,2023,0.17195767195767195,2.4397350993377485,0.4775132275132275,0.04497354497354497,4.62962962962963,247.15710294776704,119.17682051495368,64.6907937214452,0.017195767195767195
HAM,43.0,97.293,Suzuka,2023,0.16918844566712518,2.5454545454545454,0.4497936726272352,0.04264099037138927,4.676753782668501,222.0,115.7973731495246,65.45573557921689,0.017881705639614855
HAM,44.0,97.265,Suzuka,2023,0.1623108665749656,2.5702479338842976,0.49105914718019256,0.039889958734525444,4.814305364511692,215.0537009777778,116.92554847176842,66.69449715507345,0.02200825309491059
HAM,45.0,97.217,Suzuka,2023,0.16986301369863013,2.5459533607681757,0.4863013698630137,0.038356164383561646,4.794520547945205,209.0,115.41191394104557,67.37354892819128,0.0273972602739726
HAM,46.0,97.999,Suzuka,2023,0.18673883626522328,2.5745257452574526,0.4709066305818674,0.03247631935047361,5.548037889039242,287.0,112.72742007807432,67.88315418114401,0.035182679296346414
HAM,47.0,98.451,Suzuka,2023,0.17425227568270482,2.5885416666666665,0.36540962288686607,0.03901170351105332,4.9414824447334205,,116.54457785494245,69.7288234176783,0.02600780234070221
HAM,48.0,98.416,Suzuka,2023,0.18119891008174388,2.892223738062756,0.4591280653950954,0.04087193460490463,5.177111716621254,258.5,125.6269749513955,68.64564467967773,0.04632152588555858
HAM,49.0,98.74,Suzuka,2023,0.1646090534979424,2.9175824175824174,0.2962962962962963,0.02880658436213992,5.349794238683128,279.3454545454546,124.41269472011487,65.31566905431905,0.04526748971193416
HAM,50.0,97.417,Suzuka,2023,0.17503392130257803,2.635869565217391,0.4789687924016282,0.037991858887381276,4.884667571234735,237.0,117.97239308459159,65.37303135152182,0.04341926729986431
HAM,51.0,97.531,Suzuka,2023,0.16688567674113008,2.5631578947368423,0.4888304862023653,0.03153745072273324,4.336399474375821,283.0,118.09344251969142,66.4853926838725,0.04467805519053877
HAM,52.0,97.352,Suzuka,2023,0.1686746987951807,2.5951742627345844,0.48728246318607765,0.040160642570281124,4.685408299866131,284.0,118.24996980236746,66.78305668083807,0.041499330655957165
HAM,53.0,97.353,Suzuka,2023,0.16986301369863013,2.7568097247893397,0.4863013698630137,0.045205479452054796,4.931506849315069,237.0,128.6348831426751,67.52691161525998,0.04657534246575343
LEC,5.0,98.805,Suzuka,2023,0.1970310391363023,2.80817849009009,0.46153846153846156,0.059379217273954114,5.53306342780027,290.0,134.13231421601986,65.3552141936904,0.020242914979757085
LEC,6.0,98.924,Suzuka,2023,0.16301369863013698,2.8333957972957085,0.4684931506849315,0.07260273972602739,5.205479452054795,,131.73293442794528,66.24169929042968,0.015068493150684932
LEC,7.0,99.093,Suzuka,2023,0.1598360655737705,2.7487834678131717,0.46584699453551914,0.08060109289617487,5.327868852459016,249.0,127.96635185966355,66.42977374251973,0.004098360655737705
LEC,8.0,99.086,Suzuka,2023,0.18181818181818182,2.817934782608696,0.4735413839891452,0.06648575305291723,5.291723202170964,290.859376,130.65419465133107,65.55466579197046,0.016282225237449117
LEC,9.0,99.083,Suzuka,2023,0.1774193548387097,2.666462743178759,0.4475806451612903,0.056451612903225805,5.510752688172043,,133.25143439588044,66.73073101558127,0.013440860215053764
LEC,10.0,99.31,Suzuka,2023,0.17780748663101603,2.657052452233175,0.45454545454545453,0.04411764705882353,5.481283422459892,,131.5052589452635,67.02061761335739,0.0106951871657754
LEC,11.0,99.562,Suzuka,2023,0.1874180865006553,2.5984251968503935,0.47182175622542594,0.03669724770642202,5.242463958060288,242.5,131.98485537909724,67.65121623649279,0.01834862385321101
LEC,12.0,99.641,Suzuka,2023,0.18381344307270234,2.70467032967033,0.4773662551440329,0.02880658436213992,5.761316872427984,222.23447629378455,133.9670026944525,66.17035782500518,0.019204389574759947
LEC,13.0,99.375,Suzuka,2023,0.19205298013245034,2.6591511936339525,0.45695364238410596,0.060927152317880796,5.033112582781457,267.5,131.29856842547304,68.19687701420055,0.02781456953642384
LEC,15.0,99.479,Suzuka,2023,0.17679558011049723,2.767634854771784,0.4723756906077348,0.04281767955801105,5.801104972375691,252.78645786666667,133.8153639541361,66.35168016765925,0.022099447513812154
LEC,16.0,99.648,Suzuka,2023,0.18095238095238095,2.6634877384196187,0.4421768707482993,0.04897959183673469,5.714285714285714,,128.22332635468206,67.72003218668011,0.010884353741496598
LEC,17.0,101.825,Suzuka,2023,0.21212121212121213,2.8852242744063323,0.4479578392621871,0.026350461133069828,5.665349143610013,,129.3162324242766,69.86417489617493,0.023715415019762844
LEC,19.0,98.574,Suzuka,2023,0.192722371967655,2.757085020242915,0.4474393530997305,0.0431266846361186,5.660377358490567,260.2366647466667,130.50399782576747,68.5425571937495,0.018867924528301886
LEC,20.0,98.169,Suzuka,2023,0.18639455782312925,2.7697547683923704,0.46122448979591835,0.047619047619047616,5.3061224489795915,255.25,131.81735106501324,64.83710605502374,0.024489795918367346
LEC,21.0,98.166,Suzuka,2023,0.17704011065006917,2.7650484760110805,0.45643153526970953,0.048409405255878286,5.670816044260028,259.34916672,132.28417819190776,64.822658276624,0.022130013831258646
LEC,22.0,97.945,Suzuka,2023,0.16059379217273953,2.6197770274594596,0.48313090418353577,0.05668016194331984,5.398110661268556,235.2375008,128.14383285832545,66.65261668588309,0.022941970310391364
LEC,23.0,98.005,Suzuka,2023,0.17397260273972603,2.802469135802469,0.46301369863013697,0.0410958904109589,5.616438356164384,269.67164147422085,134.86847026261086,65.732254878511,0.019178082191780823
LEC,24.0,97.88,Suzuka,2023,0.17207334273624825,2.8742937853107344,0.4767277856135402,0.036671368124118475,5.782792665726375,256.0,133.89449623172115,66.17769807130712,0.014104372355430184
LEC,25.0,98.12,Suzuka,2023,0.14986376021798364,2.8867667121418825,0.48501362397820164,0.051771117166212535,5.5858310626703,,135.32374520912006,66.37391808450971,0.013623978201634877
LEC,26.0,98.385,Suzuka,2023,0.17871759890859482,2.778950365027322,0.4829467939972715,0.03819918144611187,5.457025920873124,220.0,133.26961634707143,67.18484637581803,0.017735334242837655
LEC,27.0,99.317,Suzuka,2023,0.19262295081967212,2.7018103052257185,0.4603825136612022,0.031420765027322405,5.737704918032787,234.00909995911243,127.95595621302596,68.24095179299921,0.025956284153005466
LEC,28.0,98.586,Suzuka,2023,0.17079889807162535,2.712806896110345,0.48484848484848486,0.03443526170798898,5.5096418732782375,,133.1347047406699,66.6612707548006,0.026170798898071626
LEC,29.0,98.523,Suzuka,2023,0.17338709677419356,2.643337819650067,0.47580645161290325,0.03225806451612903,5.241935483870968,263.6666666666667,132.18427247500475,67.42888999801363,0.03225806451612903
LEC,30.0,98.476,Suzuka,2023,0.1768617021276596,2.719041278295606,0.4867021276595745,0.0425531914893617,5.319148936170213,,133.7115332420515,67.61881977012465,0.022606382978723406
LEC,31.0,98.889,Suzuka,2023,0.17989417989417988,2.581960263205298,0.46296296296296297,0.041005291005291,5.423280423280423,282.0,133.37209556843442,67.82637380719878,0.03306878306878307
LEC,32.0,98.661,Suzuka,2023,0.16102841677943167,2.782682928563686,0.4790257104194858,0.04194857916102842,5.412719891745602,257.67417432888885,131.4161006191937,67.37319126503606,0.03247631935047361
LEC,33.0,98.703,Suzuka,2023,0.19667590027700832,2.651872399445215,0.4667590027700831,0.03185595567867036,5.540166204986149,,132.40366502557023,67.82665034242343,0.0332409972299169
LEC,34.0,101.129,Suzuka,2023,0.18961038961038962,2.886866059817945,0.43246753246753245,0.033766233766233764,5.454545454545454,277.0821430857143,129.09261505897356,70.98643842755197,0.03116883116883117
LEC,36.0,96.781,Suzuka,2023,0.17198335644937587,2.820514218835979,0.4812760055478502,0.03744798890429958,5.547850208044383,256.5,134.84645951657848,64.04681723760632,0.023578363384188627
LEC,37.0,96.891,Suzuka,2023,0.15696887686062247,2.558362369337979,0.469553450608931,0.05412719891745602,5.2774018944519625,296.0,130.86213823583475,66.34341010588014,0.02029769959404601
LEC,38.0,96.493,Suzuka,2023,0.1560379918588874,2.6999320658385093,0.4626865671641791,0.05698778833107191,5.291723202170964,274.08333333333337,134.98857438610193,66.73607318298201,0.018995929443690638
LEC,39.0,96.672,Suzuka,2023,0.16285329744279947,2.6547843659607238,0.4845222072678331,0.06056527590847914,4.979811574697174,,132.76620017881132,66.2019178488352,0.024226110363391656
LEC,40.0,96.362,Suzuka,2023,0.15416098226466576,2.7472677595628414,0.4924965893587995,0.05184174624829468,4.774897680763983,297.0624992,125.1361230765848,67.3230954281944,0.023192360163710776
LEC,41.0,96.921,Suzuka,2023,0.17123287671232876,2.6384332754850086,0.4726027397260274,0.05342465753424658,5.342465753424658,,126.67422498247133,67.49246325803347,0.024657534246575342
LEC,42.0,97.355,Suzuka,2023,0.18850267379679145,2.7263482492254734,0.47593582887700536,0.03877005347593583,5.347593582887701,276.99749952,129.34420462089994,68.1629240058316,0.017379679144385027
LEC,43.0,98.056,Suzuka,2023,0.17027027027027028,2.7280108254397835,0.4648648648648649,0.062162162162162166,5.675675675675676,275.0,129.3626106043942,70.64975498830887,0.006756756756756757
LEC,44.0,98.401,Suzuka,2023,0.18144611186903137,2.791255696674599,0.45702592087312416,0.061391541609822645,5.866302864938609,267.5,128.89614194678876,70.92147015947268,0.03137789904502047
LEC,45.0,97.234,Suzuka,2023,0.17695473251028807,3.1453370546423733,0.46776406035665297,0.03292181069958848,6.172839506172839,259.0624992,131.72386369852308,67.27789605046759,0.04252400548696845
LEC,46.0,97.196,Suzuka,2023,0.16124661246612465,2.60786357429382,0.48644986449864497,0.04607046070460705,5.691056910569105,,134.64828411701376,66.23546906998287,0.025745257452574527
LEC,47.0,97.34,Suzuka,2023,0.15984147952443858,2.605559688888889,0.48877146631439894,0.046235138705416116,5.284015852047556,226.0,129.16321757703452,66.47263289407955,0.02906208718626156
LEC,48.0,97.518,Suzuka,2023,0.15818431911966988,2.6546214986225896,0.4814305364511692,0.0343878954607978,5.364511691884457,270.0,128.38471791731865,67.18076901391936,0.017881705639614855
LEC,49.0,97.608,Suzuka,2023,0.17852161785216178,2.624220205586592,0.48535564853556484,0.03626220362622036,5.997210599721059,246.0,134.3710239462108,66.96054298907086,0.023709902370990237
LEC,50.0,97.604,Suzuka,2023,0.16756756756756758,2.746955345060893,0.4743243243243243,0.043243243243243246,5.27027027027027,,128.1652002364993,67.41627357716513,0.025675675675675677
LEC,51.0,97.563,Suzuka,2023,0.1598951507208388,2.7433480965879267,0.4927916120576671,0.045871559633027525,5.6356487549148095,252.1273798095238,133.7589619181867,66.98759673532011,0.03145478374836173
LEC,52.0,97.773,Suzuka,2023,0.18242343541944075,2.564986112711111,0.46604527296937415,0.03861517976031957,5.725699067909454,287.0,132.81838722880616,67.45398010818526,0.02796271637816245
LEC,53.0,98.049,Suzuka,2023,0.17185385656292287,2.727120437527423,0.435723951285521,0.044654939106901215,5.818673883626523,259.0,131.9427236704538,67.15869128060301,0.03112313937753721
NOR,5.0,97.66,Suzuka,2023,0.1664392905866303,3.0204918032786887,0.47066848567530695,0.09686221009549795,5.729877216916781,285.43611093333334,139.62645883983953,62.92074904544357,0.0
NOR,6.0,98.158,Suzuka,2023,0.1499312242090784,3.0303030303030303,0.46354883081155435,0.13067400275103164,5.502063273727647,,140.76769455728444,63.7895696278561,0.002751031636863824
NOR,7.0,98.394,Suzuka,2023,0.162534435261708,2.803246304472906,0.4559228650137741,0.11983471074380166,4.958677685950414,237.46499968,138.5279691478632,63.36121250075876,0.0013774104683195593
NOR,8.0,98.506,Suzuka,2023,0.1519674355495251,2.9315848223602483,0.451831750339213,0.12754409769335143,5.291723202170964,,137.61246916736374,65.08568754385902,0.0
NOR,9.0,98.578,Suzuka,2023,0.15489130434782608,3.0775510204081633,0.46195652173913043,0.10461956521739131,5.570652173913043,285.0,138.3462964518669,64.14760264968626,0.0
NOR,10.0,99.012,Suzuka,2023,0.15053763440860216,2.9421265141318975,0.46102150537634407,0.1303763440860215,5.510752688172043,275.0,136.71592665987305,64.27612766638741,0.0
NOR,11.0,99.069,Suzuka,2023,0.16094986807387862,2.8348745046235138,0.46701846965699206,0.12532981530343007,5.145118733509235,268.0,136.827647041865,65.28446684856975,0.002638522427440633
NOR,12.0,99.213,Suzuka,2023,0.16643741403026135,2.9889807162534434,0.45254470426409904,0.11691884456671252,5.639614855570839,262.62552351450415,140.47899338671422,65.92198746180168,0.002751031636863824
NOR,13.0,99.156,Suzuka,2023,0.15803452855245684,2.9070573714285715,0.46613545816733065,0.11288180610889774,5.444887118193891,261.55805546666664,134.6346355898008,65.99867163077084,0.0
NOR,15.0,99.107,Suzuka,2023,0.1678224687933426,2.9865786215873014,0.47434119278779474,0.10957004160887657,5.825242718446602,265.18,140.6369376726398,64.53280522928041,0.0
NOR,16.0,99.226,Suzuka,2023,0.16916780354706684,2.6812926907103822,0.4461118690313779,0.11323328785811733,5.457025920873124,254.0,133.87321422877108,66.98860779290622,0.004092769440654843
NOR,17.0,101.24,Suzuka,2023,0.17397078353253653,3.086163564255319,0.42363877822045154,0.11553784860557768,4.913678618857902,200.0,132.1437247116425,69.37049768985683,0.005312084993359893
NOR,19.0,96.689,Suzuka,2023,0.1584022038567493,3.044816091218391,0.4559228650137741,0.11294765840220386,5.234159779614325,300.3863621818182,139.0593766537245,65.19349110758684,0.0
NOR,20.0,97.776,Suzuka,2023,0.16168478260869565,2.994557823129252,0.43342391304347827,0.11956521739130435,5.570652173913043,276.0,138.843447835417,65.06815721892119,0.002717391304347826
NOR,21.0,97.553,Suzuka,2023,0.1589310829817159,3.0309859154929577,0.4613220815752461,0.1209563994374121,5.625879043600563,264.7585375692307,135.251079773381,65.42481218584871,0.0014064697609001407
NOR,22.0,97.646,Suzuka,2023,0.15415549597855227,2.9295541703547463,0.43967828418230565,0.1126005361930295,5.495978552278821,290.0,140.90119811100945,64.07693403037496,0.0
NOR,23.0,98.064,Suzuka,2023,0.16137931034482758,3.2479035125493287,0.42758620689655175,0.1296551724137931,5.793103448275862,253.0,139.7790186964698,65.88943036565183,0.004137931034482759
NOR,24.0,98.137,Suzuka,2023,0.17440225035161744,2.9943661971830986,0.4669479606188467,0.11392405063291139,5.766526019690577,285.5,141.7859324869755,65.96599913633747,0.0028129395218002813
NOR,25.0,98.372,Suzuka,2023,0.17702702702702702,2.9607577807848444,0.4540540540540541,0.0972972972972973,5.675675675675676,298.0,137.63854791608125,67.75043668751863,0.0
NOR,26.0,98.793,Suzuka,2023,0.17783857729138167,3.0821917808219177,0.4473324213406293,0.1039671682626539,5.60875512995896,222.0,139.66577700287365,68.89992688682591,0.0013679890560875513
NOR,27.0,97.402,Suzuka,2023,0.15702479338842976,3.017931034482759,0.4738292011019284,0.1115702479338843,5.096418732782369,229.3843744,135.1401643853331,68.93480221495079,0.004132231404958678
NOR,28.0,98.019,Suzuka,2023,0.1484593837535014,3.0406732117812063,0.4803921568627451,0.11764705882352941,5.602240896358544,266.0,134.60269302548775,66.82530527186229,0.0056022408963585435
NOR,29.0,97.757,Suzuka,2023,0.1608108108108108,2.8470906630581867,0.4797297297297297,0.10270270270270271,5.540540540540541,261.35937333333334,132.6233309118216,67.4847311355352,0.0013513513513513514
NOR,30.0,98.037,Suzuka,2023,0.16622340425531915,2.993342210386152,0.47606382978723405,0.09707446808510638,5.452127659574469,,132.8374108182791,66.83628227240187,0.006648936170212766
NOR,31.0,97.7,Suzuka,2023,0.16198125836680052,2.93029490616622,0.47925033467202144,0.09906291834002677,5.220883534136546,293.85000106666666,136.43743923423062,66.40883414336018,0.006693440428380187
NOR,32.0,98.445,Suzuka,2023,0.1547945205479452,2.943758573388203,0.45616438356164385,0.10410958904109589,5.205479452054795,283.01500288,135.82012082288827,66.89105946783768,0.0013698630136986301
NOR,33.0,97.952,Suzuka,2023,0.15373961218836565,2.8932038834951457,0.4709141274238227,0.1038781163434903,5.263157894736842,301.0,134.78509104910577,68.15812342986837,0.0
NOR,34.0,98.003,Suzuka,2023,0.15746971736204576,2.826145552560647,0.47106325706594887,0.0955585464333782,5.248990578734858,,132.90117575376613,68.06710932457302,0.0
NOR,35.0,97.86,Suzuka,2023,0.15678524374176547,2.887862796833773,0.4756258234519104,0.11725955204216074,5.006587615283268,296.0,134.06263201806235,66.97402119322702,0.003952569169960474
NOR,36.0,100.106,Suzuka,2023,0.16069057104913678,3.0875491896653124,0.4342629482071713,0.10756972111553785,5.046480743691899,,133.95597455589078,69.12700643444823,0.005312084993359893
NOR,38.0,96.003,Suzuka,2023,0.15247252747252749,3.102535858149437,0.46291208791208793,0.12362637362637363,5.357142857142857,286.0,140.5482639574177,65.37118154331135,0.0
NOR,39.0,95.972,Suzuka,2023,0.13802435723951287,2.9083759236567652,0.4790257104194858,0.12449255751014884,5.548037889039242,287.0,137.4185114252591,64.5335268637402,0.0013531799729364006
NOR,40.0,95.247,Suzuka,2023,0.14384508990318118,3.0028739604801475,0.5089903181189488,0.09820193637621023,5.394190871369295,281.516303026087,139.35908759612306,64.97696252674632,0.0027662517289073307
NOR,41.0,95.823,Suzuka,2023,0.13434903047091412,3.0097087378640777,0.4806094182825485,0.11772853185595568,5.263157894736842,285.9704851555556,139.28336386230103,66.01004130248836,0.0013850415512465374
NOR,42.0,95.844,Suzuka,2023,0.1453804347826087,2.8640184648396505,0.48097826086956524,0.12092391304347826,5.434782608695652,,139.22567404111544,65.26709813396856,0.005434782608695652
NOR,43.0,96.052,Suzuka,2023,0.14344827586206896,2.9524294594054195,0.5020689655172413,0.12,5.379310344827586,194.85636562480153,138.79820474613086,64.78438844541955,0.004137931034482759
NOR,44.0,96.059,Suzuka,2023,0.1617440225035162,2.959700703849765,0.4838255977496484,0.09985935302390998,5.344585091420535,,140.05711962473632,66.32741081362738,0.004219409282700422
NOR,45.0,96.078,Suzuka,2023,0.1599443671766342,2.9916434540389973,0.4965229485396384,0.0890125173852573,5.4242002781641165,267.85,141.68369343971304,63.68648380602846,0.0027816411682892906
NOR,46.0,96.378,Suzuka,2023,0.15114709851551958,2.881081081081081,0.49527665317139,0.09986504723346828,4.8582995951417,,139.50924688433784,66.09530582349346,0.0
NOR,47.0,96.411,Suzuka,2023,0.16238159675236807,2.772357723577236,0.4736129905277402,0.08660351826792964,5.142083897158322,264.18134615231503,137.91772355091203,66.39798387853385,0.0013531799729364006
NOR,48.0,96.587,Suzuka,2023,0.16326530612244897,2.880108991825613,0.4925170068027211,0.08299319727891157,5.714285714285714,295.14999893333334,141.26126674722835,65.94378023023658,0.004081632653061225
NOR,49.0,97.728,Suzuka,2023,0.1596045197740113,3.0127298444130126,0.480225988700565,0.11016949152542373,5.508474576271186,,137.37013631154355,67.47212690425961,0.005649717514124294
NOR,50.0,96.942,Suzuka,2023,0.13630229419703105,2.9824324324324323,0.47233468286099867,0.12280701754385964,5.398110661268556,276.99,136.76916670956803,66.83029331332735,0.001349527665317139
NOR,51.0,96.741,Suzuka,2023,0.16266666666666665,2.895861148197597,0.48133333333333334,0.096,5.733333333333333,,136.49451602222118,66.77994738396077,0.0013333333333333333
NOR,52.0,96.71,Suzuka,2023,0.1524966261808367,2.9135135135135135,0.4817813765182186,0.09716599190283401,5.802968960863698,296.0,137.48409335279567,66.28755418740641,0.001349527665317139
NOR,53.0,96.755,Suzuka,2023,0.1440329218106996,2.8763736263736264,0.4869684499314129,0.09327846364883402,5.212620027434842,293.0,140.02780368332017,65.91852435353722,0.0013717421124828531
SAI,5.0,98.962,Suzuka,2023,0.20295698924731181,3.0013458950201883,0.47580645161290325,0.02956989247311828,5.10752688172043,252.5,133.52466771661707,66.05935203037515,0.036290322580645164
SAI,6.0,99.17,Suzuka,2023,0.18244170096021947,2.9972527472527473,0.4897119341563786,0.05486968449931413,4.38957475994513,279.07954618181816,129.40011798376813,66.99847838940225,0.012345679012345678
SAI,7.0,99.189,Suzuka,2023,0.19754768392370572,3.001364256480218,0.49182561307901906,0.03814713896457766,4.904632152588556,257.5,126.50991334686702,67.22896266628298,0.013623978201634877
SAI,8.0,99.108,Suzuka,2023,0.19810040705563092,2.994565217391304,0.48032564450474896,0.033921302578018994,4.74898236092266,246.0,128.02658741158822,67.92843339786019,0.025780189959294438
SAI,9.0,99.168,Suzuka,2023,0.21774193548387097,2.7860026917900402,0.46236559139784944,0.03763440860215054,4.56989247311828,,125.32091008147204,68.6523032074824,0.04704301075268817
SAI,10.0,99.441,Suzuka,2023,0.18375499334221038,2.7626666666666666,0.48202396804260983,0.041278295605858856,4.793608521970706,,125.82578896589058,67.39660958773395,0.033288948069241014
SAI,11.0,99.677,Suzuka,2023,0.18872870249017037,2.595800524934383,0.4875491480996068,0.053735255570117955,4.193971166448231,251.0,126.47750455775422,67.86820832572131,0.01834862385321101
SAI,12.0,99.614,Suzuka,2023,0.19478737997256515,3.131868131868132,0.4924554183813443,0.03017832647462277,4.663923182441701,236.0,129.59607002683245,66.83903393292728,0.037037037037037035
SAI,13.0,99.579,Suzuka,2023,0.176158940397351,2.793103448275862,0.4847682119205298,0.04900662251655629,4.503311258278146,294.0,125.75629561283034,67.91119836059275,0.03708609271523179
SAI,15.0,99.398,Suzuka,2023,0.1955617198335645,2.9833333333333334,0.4812760055478502,0.024965325936199722,4.2995839112343965,225.0,125.80025160992142,67.904266404084,0.047156726768377254
SAI,16.0,99.513,Suzuka,2023,0.18885869565217392,3.1891156462585033,0.4986413043478261,0.03260869565217391,4.211956521739131,249.0,126.12113487308629,67.12482146310961,0.03940217391304348
SAI,17.0,99.548,Suzuka,2023,0.20350404312668463,2.7719298245614037,0.4865229110512129,0.02425876010781671,4.716981132075472,,125.670089086535,67.55048066388413,0.05256064690026954
SAI,18.0,101.804,Suzuka,2023,0.21494102228047182,3.099737532808399,0.4705111402359109,0.03014416775884666,4.587155963302752,228.36440678666503,123.55757006935585,70.19719982770643,0.05897771952817824
SAI,20.0,99.188,Suzuka,2023,0.21159029649595687,3.079622132253711,0.48517520215633425,0.03234501347708895,4.716981132075472,293.0,126.09497155075717,67.67501567245402,0.03504043126684636
SAI,21.0,97.987,Suzuka,2023,0.1808066759388039,2.9944289693593316,0.4659248956884562,0.05006954102920723,4.450625869262865,,128.7895679112818,66.70734759210671,0.009735744089012517
SAI,22.0,97.879,Suzuka,2023,0.16981132075471697,2.7233468286099867,0.5148247978436657,0.04043126684636118,4.44743935309973,,128.5908206486484,65.79836595125114,0.026954177897574125
SAI,23.0,97.859,Suzuka,2023,0.17881705639614856,2.9449035812672175,0.5185694635488308,0.039889958734525444,4.401650618982118,187.0,129.43960571473795,65.57894593163263,0.0343878954607978
SAI,24.0,97.889,Suzuka,2023,0.16736990154711673,2.9380281690140846,0.4880450070323488,0.04922644163150492,4.922644163150492,208.625,125.93091733332552,67.23739391262082,0.01969057665260197
SAI,25.0,97.753,Suzuka,2023,0.1815680880330124,2.8539944903581267,0.4896836313617607,0.030261348005502064,4.401650618982118,,127.17266937892941,66.57750379143855,0.037138927097661624
SAI,26.0,98.177,Suzuka,2023,0.1891156462585034,2.790190735694823,0.5183673469387755,0.02312925170068027,4.353741496598639,241.73750080000002,127.92398214773058,66.02026577303974,0.044897959183673466
SAI,27.0,98.819,Suzuka,2023,0.16689655172413792,2.8232044198895028,0.49379310344827587,0.04689655172413793,4.275862068965517,,123.96530592145608,67.27918327951313,0.022068965517241378
SAI,28.0,98.681,Suzuka,2023,0.17534246575342466,2.8065843621399176,0.5027397260273972,0.031506849315068496,4.657534246575342,274.0,129.39428170102767,66.27720387882725,0.03561643835616438
SAI,29.0,98.537,Suzuka,2023,0.18733153638814015,2.866396761133603,0.49326145552560646,0.03908355795148248,4.44743935309973,238.76249919999998,126.36958337438924,68.00799367681715,0.03908355795148248
SAI,30.0,98.715,Suzuka,2023,0.19230769230769232,2.637450199203187,0.4973474801061008,0.023872679045092837,4.376657824933687,291.0,127.85597570650843,67.8053187261545,0.033156498673740056
SAI,31.0,98.716,Suzuka,2023,0.19337748344370861,2.7320954907161803,0.4847682119205298,0.026490066225165563,4.635761589403973,226.0,127.16526285600035,67.4742633034988,0.02781456953642384
SAI,32.0,98.726,Suzuka,2023,0.1945578231292517,2.7220708446866486,0.49115646258503404,0.04217687074829932,4.761904761904762,260.0,124.63787063011469,67.7734631086386,0.044897959183673466
SAI,33.0,98.634,Suzuka,2023,0.19034482758620688,2.776243093922652,0.4731034482758621,0.037241379310344824,4.551724137931035,290.03000576,126.89357868731477,68.87384819396453,0.04689655172413793
SAI,34.0,98.588,Suzuka,2023,0.21675531914893617,2.6870838881491346,0.48271276595744683,0.02526595744680851,4.388297872340425,251.0,126.8370446861515,68.69808858091463,0.0598404255319149
SAI,35.0,98.702,Suzuka,2023,0.203125,2.7457627118644066,0.49609375,0.036458333333333336,4.557291666666666,286.8071433142857,127.95268148448012,67.45004746133003,0.045572916666666664
SAI,36.0,98.452,Suzuka,2023,0.19754768392370572,2.7312414733969987,0.5068119891008175,0.025885558583106268,4.35967302452316,,127.95316462340323,67.56051465363235,0.06130790190735695
SAI,37.0,99.098,Suzuka,2023,0.17748344370860927,2.7188328912466844,0.5152317880794702,0.033112582781456956,4.105960264900662,,129.08467058294727,66.59861093057414,0.04370860927152318
SAI,38.0,101.42,Suzuka,2023,0.2108667529107374,2.849740932642487,0.48124191461837,0.018111254851228976,4.139715394566624,227.0,123.18009697296728,70.24066749729901,0.05821474773609314
SAI,40.0,96.187,Suzuka,2023,0.16076294277929154,2.6821282401091406,0.5245231607629428,0.039509536784741145,4.768392370572207,,128.7465115039737,65.77226726178726,0.0326975476839237
SAI,41.0,96.364,Suzuka,2023,0.17517241379310344,2.68232044198895,0.5186206896551724,0.037241379310344824,4.827586206896552,288.0,131.36688361916106,65.45967240383301,0.038620689655172416
SAI,42.0,96.378,Suzuka,2023,0.17408906882591094,2.772972972972973,0.5344129554655871,0.033738191632928474,4.4534412955465585,296.0,127.70134561834458,66.0828349211244,0.032388663967611336
SAI,43.0,96.677,Suzuka,2023,0.18406593406593408,2.737276478679505,0.510989010989011,0.03708791208791209,4.670329670329671,,125.38486358760454,67.5145373893813,0.028846153846153848
SAI,44.0,96.724,Suzuka,2023,0.17679558011049723,2.788381742738589,0.5151933701657458,0.022099447513812154,4.696132596685083,296.0,129.13138305971148,66.21471153728362,0.03867403314917127
SAI,45.0,96.798,Suzuka,2023,0.1763085399449036,2.7917241379310345,0.5165289256198347,0.03581267217630854,4.958677685950414,243.5,128.68085924303293,67.05243077822256,0.049586776859504134
SAI,46.0,96.783,Suzuka,2023,0.18818681318681318,2.6629986244841817,0.4958791208791209,0.023351648351648352,4.945054945054945,,127.40727542843072,67.04453992982945,0.04120879120879121
SAI,47.0,97.516,Suzuka,2023,0.20630749014454666,2.794736842105263,0.5019710906701709,0.01576872536136662,5.387647831800263,299.6750016,124.01815449600065,69.80711364733882,0.05387647831800263
SAI,48.0,98.346,Suzuka,2023,0.2100954979536153,2.9945355191256833,0.4761255115961801,0.03137789904502047,5.0477489768076405,,125.37656028257686,70.81769133830508,0.03819918144611187
SAI,49.0,99.668,Suzuka,2023,0.2073170731707317,3.0773405698778835,0.45799457994579945,0.01084010840108401,5.013550135501355,279.1928576,120.51115944129111,72.66288954933941,0.05420054200542006
SAI,50.0,97.349,Suzuka,2023,0.21331521739130435,2.963265306122449,0.4891304347826087,0.012228260869565218,5.298913043478261,269.0,132.8472512436186,69.33621811116163,0.06657608695652174
SAI,51.0,97.118,Suzuka,2023,0.2073976221928666,2.8981481481481484,0.5165125495376486,0.013210039630118891,4.887714663143989,,126.64831589833464,68.36272907044716,0.06472919418758256
SAI,52.0,97.389,Suzuka,2023,0.21862348178137653,2.787837837837838,0.4939271255060729,0.014844804318488529,4.8582995951417,,128.69318470765757,69.52021170309361,0.0620782726045884
SAI,53.0,97.259,Suzuka,2023,0.2163265306122449,2.8283378746594003,0.4993197278911565,0.02040816326530612,5.578231292517007,,126.67024691267078,70.81617852178361,0.0653061224489796
VER,5.0,96.748,Suzuka,2023,0.16071428571428573,2.9353507565337003,0.48214285714285715,0.08104395604395605,4.532967032967033,279.94166613333334,134.0701479587936,61.706464498136896,0.0013736263736263737
VER,6.0,97.837,Suzuka,2023,0.1715076071922545,2.966759002770083,0.45643153526970953,0.07745504840940526,4.426002766251729,269.56167103999996,128.05846823487866,62.18435036942517,0.0027662517289073307
VER,7.0,98.033,Suzuka,2023,0.18194444444444444,2.9123783031988872,0.44305555555555554,0.08333333333333333,4.305555555555555,277.33500032,128.4041322834025,62.71167618978333,0.002777777777777778
VER,8.0,98.148,Suzuka,2023,0.16032608695652173,2.9006802721088434,0.4592391304347826,0.10326086956521739,4.3478260869565215,,128.2284759270933,64.03890673716678,0.0
VER,9.0,98.241,Suzuka,2023,0.17920656634746923,3.0191780821917806,0.4432284541723666,0.08755129958960328,4.1039671682626535,194.6249984,129.95033940203336,61.80673495684128,0.0013679890560875513
VER,10.0,98.301,Suzuka,2023,0.13802435723951287,2.859078590785908,0.46414073071718537,0.11231393775372124,3.924221921515562,,131.05882005165742,62.361749322173,0.0013531799729364006
VER,11.0,98.519,Suzuka,2023,0.17350993377483442,2.8514588859416445,0.45827814569536424,0.08344370860927153,4.105960264900662,267.0,127.85196768692354,63.48112625053874,0.003973509933774834
VER,12.0,98.651,Suzuka,2023,0.16897506925207756,2.9875173370319,0.45429362880886426,0.10110803324099724,4.016620498614958,235.23087023460744,131.02544280762373,62.88709385969682,0.004155124653739612
VER,13.0,98.689,Suzuka,2023,0.19328859060402684,2.911290322580645,0.46174496644295304,0.07919463087248323,4.429530201342282,,126.18465884429368,64.52843308573908,0.006711409395973154
VER,15.0,98.373,Suzuka,2023,0.18975069252077562,3.0679611650485437,0.44598337950138506,0.07202216066481995,4.1551246537396125,250.01428525714286,127.06958459941455,64.44249199456723,0.0013850415512465374
VER,18.0,97.399,Suzuka,2023,0.16574585635359115,3.0013831258644537,0.4544198895027624,0.08287292817679558,4.41988950276243,287.5437488,126.84282666115064,63.77960828119801,0.0013812154696132596
VER,19.0,97.769,Suzuka,2023,0.15081521739130435,2.895238095238095,0.4796195652173913,0.08831521739130435,4.211956521739131,,126.95568260030619,65.14923711440512,0.004076086956521739
VER,20.0,97.344,Suzuka,2023,0.16483516483516483,2.855570839064649,0.45604395604395603,0.08104395604395605,4.258241758241758,226.5,126.98836693480769,61.79754428864072,0.009615384615384616
VER,21.0,97.565,Suzuka,2023,0.19134078212290503,2.8,0.4581005586592179,0.05027932960893855,4.050279329608938,243.93863738181818,128.36871160911792,63.43567587068463,0.0013966480446927375
VER,22.0,97.592,Suzuka,2023,0.17718120805369128,2.827956989247312,0.4577181208053691,0.07651006711409396,4.563758389261745,281.5,129.50861499395674,62.04571023901925,0.0013422818791946308
VER,23.0,97.722,Suzuka,2023,0.17475728155339806,2.888888888888889,0.46879334257975036,0.059639389736477116,4.2995839112343965,,127.28206394810248,63.670985386726905,0.0013869625520110957
VER,24.0,97.714,Suzuka,2023,0.18513323983169705,3.014044943820225,0.4628330995792426,0.07152875175315568,4.3478260869565215,211.0,130.31159470200225,63.286735692133554,0.002805049088359046
VER,25.0,97.946,Suzuka,2023,0.17297297297297298,2.736129905277402,0.4648648648648649,0.06621621621621622,3.9189189189189193,301.0,128.64964802959767,64.27381085509695,0.008108108108108109
VER,26.0,97.903,Suzuka,2023,0.16457461645746166,2.893854748603352,0.4476987447698745,0.1101813110181311,4.323570432357044,285.08541653333333,126.27348830243044,64.53691121773416,0.00697350069735007
VER,27.0,97.865,Suzuka,2023,0.18699186991869918,2.8765264586160106,0.45799457994579945,0.07046070460704607,4.200542005420054,250.0,129.60661661224106,63.43540622197691,0.0013550135501355014
VER,28.0,97.558,Suzuka,2023,0.1742857142857143,3.0529327610872676,0.46285714285714286,0.07571428571428572,4.571428571428571,274.5343748,128.10066348020004,64.65364535237595,0.007142857142857143
VER,29.0,97.424,Suzuka,2023,0.17027027027027028,2.8876860622462788,0.4810810810810811,0.07432432432432433,4.054054054054054,,124.8595760460579,65.08127707215898,0.0
VER,30.0,97.599,Suzuka,2023,0.15951742627345844,2.8161073825503355,0.47989276139410186,0.08310991957104558,4.1554959785522785,252.5713395012549,129.4231547555815,65.37181620732086,0.005361930294906166
VER,31.0,97.599,Suzuka,2023,0.18194070080862534,2.8987854251012144,0.4811320754716981,0.07277628032345014,4.177897574123989,208.0,130.50897618215174,65.394227852881,0.009433962264150943
VER,32.0,97.92,Suzuka,2023,0.16779431664411368,2.907859078590786,0.469553450608931,0.08389715832205684,4.330175913396482,235.92666624,130.7340935282923,65.96615795887874,0.0027063599458728013
VER,33.0,97.655,Suzuka,2023,0.182328190743338,3.0252808988764044,0.4684431977559607,0.06872370266479663,4.067321178120617,277.0,125.29755655392704,65.87109228444753,0.0070126227208976155
VER,34.0,97.733,Suzuka,2023,0.17273954116059378,2.9135135135135135,0.46558704453441296,0.08232118758434548,4.048582995951417,243.44249983999998,125.18379535526599,65.95244992617059,0.002699055330634278
VER,35.0,97.788,Suzuka,2023,0.17904509283819628,2.8233731739707837,0.46949602122015915,0.10212201591511937,3.978779840848806,249.3302856594286,126.03142586983343,65.78227103261992,0.006631299734748011
VER,36.0,97.82,Suzuka,2023,0.18046132971506107,2.722826086956522,0.47218453188602444,0.07191316146540028,4.341926729986431,198.47222222222223,124.93477924836235,66.2332608157214,0.004070556309362279
VER,37.0,100.264,Suzuka,2023,0.1926605504587156,3.098138869005011,0.43905635648754915,0.08387942332896461,3.669724770642202,,124.55650996786216,69.64511084090381,0.01310615989515072
VER,39.0,94.183,Suzuka,2023,0.1634349030470914,2.8155339805825244,0.5166204986149584,0.06371191135734072,4.293628808864266,278.0535707428571,130.35902613859685,64.22165124822106,0.00554016620498615
VER,40.0,95.914,Suzuka,2023,0.16895604395604397,2.938101788170564,0.4642857142857143,0.08379120879120878,4.532967032967033,288.4310782666942,128.57523007432712,62.7222728406687,0.0013736263736263737
VER,41.0,95.433,Suzuka,2023,0.1696551724137931,2.9005524861878453,0.4510344827586207,0.08413793103448276,4.689655172413794,,127.36080223489775,63.719851617739145,0.004137931034482759
VER,42.0,95.248,Suzuka,2023,0.16827586206896553,2.8259668508287294,0.4993103448275862,0.08827586206896551,4.827586206896552,299.05555484444443,132.5178557743218,63.538540363561005,0.009655172413793104
VER,43.0,95.969,Suzuka,2023,0.16804407713498623,2.9048275862068964,0.5041322314049587,0.07851239669421488,4.545454545454546,275.3888877037037,126.45545300938223,65.58667501365005,0.0027548209366391185
VER,44.0,95.462,Suzuka,2023,0.16477272727272727,2.9587482219061165,0.4914772727272727,0.08522727272727272,4.6875,274.21296237037035,129.52454624220832,64.01306361668858,0.002840909090909091
VER,45.0,95.915,Suzuka,2023,0.17379310344827587,2.8535911602209945,0.5089655172413793,0.05241379310344828,4.551724137931035,259.0,124.0319146052939,66.13279387652369,0.004137931034482759
VER,46.0,95.983,Suzuka,2023,0.17208672086720866,2.9362279511533242,0.4959349593495935,0.07181571815718157,4.200542005420054,246.44583306666667,126.81705593731569,66.08617663766302,0.0013550135501355014
VER,47.0,96.22,Suzuka,2023,0.1546811397557666,2.777173913043478,0.5156037991858887,0.08955223880597014,4.884667571234735,202.5,128.71402645282092,65.24295677116055,0.004070556309362279
VER,48.0,96.198,Suzuka,2023,0.1619047619047619,2.7465940054495914,0.4965986394557823,0.08299319727891157,4.217687074829931,275.61750079999996,126.21976786370121,66.26005531196883,0.004081632653061225
VER,49.0,96.689,Suzuka,2023,0.16548797736916548,3.0708215297450425,0.4908062234794908,0.07355021216407355,4.9504950495049505,251.0,126.97817043969351,66.92550050639443,0.002828854314002829
VER,50.0,96.877,Suzuka,2023,0.17534246575342466,2.8998628257887518,0.48356164383561645,0.06438356164383562,4.794520547945205,,126.78912966016154,67.06193533082111,0.005479452054794521
VER,51.0,96.64,Suzuka,2023,0.17338709677419356,2.826379542395693,0.5080645161290323,0.06182795698924731,4.435483870967742,283.7875,129.09159590620567,67.47421591767288,0.0013440860215053765
VER,52.0,97.05,Suzuka,2023,0.1675531914893617,2.81491344873502,0.4853723404255319,0.07313829787234043,4.521276595744681,246.945312,125.60277461135507,68.30159024667755,0.009308510638297872
VER,53.0,96.3,Suzuka,2023,0.16804407713498623,2.893793103448276,0.5192837465564738,0.05234159779614325,4.820936639118457,232.42750016,130.10177687803605,65.30219884887055,0.011019283746556474
ALO,2.0,98.02,Bahrain,2024,0.19505851755526657,2.1979166666666665,0.46423927178153446,0.08192457737321196,6.241872561768531,269.36874757333334,128.6821960529497,66.29027063486728,0.0
ALO,3.0,99.046,Bahrain,2024,0.2162883845126836,2.307486631016043,0.4699599465954606,0.06675567423230974,7.209612817089453,269.0229168,125.26422927767074,68.5220708589448,0.0
ALO,4.0,97.776,Bahrain,2024,0.20496083550913838,2.2405228758169935,0.4765013054830287,0.048302872062663184,7.049608355091384,296.0,125.67517617909623,70.45784116723785,0.0026109660574412533
ALO,5.0,99.292,Bahrain,2024,0.22589167767503301,2.2936507936507935,0.47556142668428003,0.05151915455746367,7.133421400264201,257.7303571428571,126.06528339650866,68.63153428170969,0.0066050198150594455
ALO,6.0,98.053,Bahrain,2024,0.23002754820936638,2.413793103448276,0.4903581267217631,0.045454545454545456,7.988980716253444,260.35803634285713,125.64945670792879,70.4857705370972,0.005509641873278237
ALO,7.0,98.008,Bahrain,2024,0.23350923482849603,2.293262879788639,0.48812664907651715,0.036939313984168866,7.12401055408971,275.42857142857144,126.39268649118469,71.38547605073606,0.009234828496042216
ALO,8.0,98.103,Bahrain,2024,0.2253711201079622,2.380989381930502,0.47638326585695007,0.03508771929824561,7.422402159244265,215.9092502569111,123.82572294560752,70.60640800150397,0.009446693657219974
ALO,9.0,98.896,Bahrain,2024,0.204,2.303812225774048,0.47733333333333333,0.05733333333333333,6.666666666666667,245.4483416226523,127.3261830770536,66.71126318894896,0.0026666666666666666
ALO,10.0,99.325,Bahrain,2024,0.20866141732283464,2.2600755584056067,0.45013123359580054,0.06955380577427822,7.480314960629922,271.6666666666667,124.23844200678468,68.85675708571894,0.0
ALO,11.0,98.554,Bahrain,2024,0.1945578231292517,2.390456403705722,0.48435374149659866,0.06802721088435375,7.482993197278912,243.0,126.28699829431538,71.54540373743579,0.0027210884353741495
ALO,12.0,98.543,Bahrain,2024,0.19174434087882822,2.288,0.5179760319573902,0.05059920106524634,6.25832223701731,230.9374977777778,124.46980290374074,71.43272223597722,0.0
ALO,13.0,98.587,Bahrain,2024,0.17861799217731422,2.161879895561358,0.5136897001303781,0.06910039113428944,6.910039113428944,257.72910669714287,127.21592753738265,67.47669415464019,0.0
ALO,14.0,98.612,Bahrain,2024,0.19525065963060687,2.2294253632760896,0.5013192612137203,0.06068601583113457,6.860158311345646,234.6822441235627,126.49279609956095,67.41282660065525,0.005277044854881266
ALO,17.0,96.97,Bahrain,2024,0.19337016574585636,2.3722337482710927,0.4544198895027624,0.0856353591160221,6.767955801104971,300.0,128.9256079910747,68.56568195545239,0.0
ALO,18.0,97.361,Bahrain,2024,0.19337016574585636,2.3220954356846475,0.4447513812154696,0.08977900552486189,6.906077348066299,,129.91951675042597,65.02580957462673,0.0027624309392265192
ALO,19.0,97.072,Bahrain,2024,0.18741633199464525,2.2931174595174264,0.4605087014725569,0.08032128514056225,6.157965194109773,268.3333333333333,128.83241534003224,66.41314961045734,0.0013386880856760374
ALO,20.0,97.357,Bahrain,2024,0.19298245614035087,2.2801815881081082,0.46153846153846156,0.08097165991902834,6.342780026990553,285.5,129.02472286021174,66.44171287598131,0.001349527665317139
ALO,21.0,97.342,Bahrain,2024,0.17804551539491298,2.254691689008043,0.4578313253012048,0.09504685408299866,5.8902275769745644,267.6100002133333,129.17367765310033,65.85282796180047,0.0
ALO,22.0,97.122,Bahrain,2024,0.20671140939597316,2.2876344086021505,0.4684563758389262,0.05771812080536913,6.308724832214765,267.0,131.3151570432556,65.70185468445099,0.0013422818791946308
ALO,23.0,97.265,Bahrain,2024,0.18438761776581428,2.2964959568733154,0.4508748317631225,0.07537012113055182,6.594885598923284,233.0,129.5658890428227,66.49826673408522,0.0
ALO,24.0,97.046,Bahrain,2024,0.20220082530949107,2.3140495867768593,0.44566712517193946,0.07290233837689133,6.740027510316368,278.2830349714286,126.65420108215636,66.08206426095406,0.005502063273727648
ALO,25.0,97.179,Bahrain,2024,0.21122994652406418,2.281124497991968,0.47058823529411764,0.04946524064171123,6.550802139037433,228.13999616,127.65353041597761,66.2126647155007,0.0066844919786096255
ALO,26.0,97.638,Bahrain,2024,0.17842876165113183,2.2293333333333334,0.45139813581890814,0.09986684420772303,6.391478029294275,269.96666453333336,124.70682750543429,66.91214745705597,0.0013315579227696406
ALO,27.0,96.945,Bahrain,2024,0.17647058823529413,2.1737617135207494,0.4532085561497326,0.09491978609625669,6.417112299465241,297.0,128.18242758412435,65.87989681263072,0.0
ALO,28.0,97.256,Bahrain,2024,0.20473537604456823,2.3322175732217576,0.46518105849582175,0.05988857938718663,6.8245125348189415,286.7062501333333,126.71128214573764,67.37254243052972,0.0
ALO,29.0,97.104,Bahrain,2024,0.18256130790190736,2.2783083219645293,0.47002724795640327,0.07901907356948229,6.539509536784741,289.0,127.98478764030064,65.96651628355697,0.0
ALO,30.0,96.982,Bahrain,2024,0.203778677462888,2.245945945945946,0.46558704453441296,0.0728744939271255,6.0728744939271255,266.0,124.95613527921908,67.02233765856978,0.002699055330634278
ALO,31.0,96.957,Bahrain,2024,0.19972260748959778,2.334045137777778,0.4854368932038835,0.05131761442441054,6.796116504854369,284.0,128.01657409286685,66.62111509277445,0.0013869625520110957
ALO,32.0,97.056,Bahrain,2024,0.20757363253856942,2.374280197752809,0.5329593267882188,0.04488078541374474,6.872370266479663,262.73333333333335,127.61437587697249,67.67645186090654,0.004207573632538569
ALO,33.0,97.202,Bahrain,2024,0.1949509116409537,2.394662921348315,0.47124824684431976,0.06591865357643759,6.872370266479663,295.0,128.10194501078843,66.90451248732279,0.002805049088359046
ALO,34.0,97.601,Bahrain,2024,0.22130013831258644,2.3102493074792245,0.5172890733056709,0.03872752420470263,7.468879668049793,270.55170414545455,126.82010541230547,68.83805576376541,0.009681881051175657
ALO,35.0,97.273,Bahrain,2024,0.20110192837465565,2.292413793103448,0.5289256198347108,0.03994490358126722,7.300275482093664,257.0,127.72359866541046,67.75002010732796,0.008264462809917356
ALO,36.0,98.343,Bahrain,2024,0.2019099590723056,2.4153005464480874,0.4733969986357435,0.05593451568894952,7.776261937244201,,126.16778947642167,69.40995969806393,0.0
ALO,37.0,96.799,Bahrain,2024,0.22868741542625168,2.2872628726287263,0.5087956698240866,0.03247631935047361,7.442489851150203,248.0,125.44401581649075,71.03179657054338,0.0013531799729364006
ALO,38.0,97.297,Bahrain,2024,0.2178619756427605,2.2613211386449863,0.5142083897158322,0.035182679296346414,7.171853856562922,255.26999872000002,127.54933068726842,68.72328489132413,0.0040595399188092015
ALO,39.0,97.946,Bahrain,2024,0.20410958904109588,2.2896364879012343,0.5136986301369864,0.0547945205479452,7.123287671232877,260.27488494285717,125.47043977131604,69.86725813423979,0.005479452054794521
ALO,40.0,98.061,Bahrain,2024,0.20105820105820105,2.226575213472091,0.5013227513227513,0.06481481481481481,7.4074074074074066,257.5,123.01692572085835,70.0068575272562,0.0026455026455026454
ALO,41.0,100.261,Bahrain,2024,0.21837549933422104,2.460566323661511,0.46604527296937415,0.05992010652463382,7.057256990679095,268.3333333333333,121.43873355317447,70.64422637655356,0.0039946737683089215
ALO,43.0,95.107,Bahrain,2024,0.1989100817438692,2.289222373806276,0.47002724795640327,0.07084468664850137,7.084468664850137,281.0,127.14176104774876,67.61372740747429,0.0
ALO,44.0,94.981,Bahrain,2024,0.1780821917808219,2.2898765432098767,0.4712328767123288,0.07534246575342465,6.986301369863014,291.264,125.38730655213516,68.35266149687273,0.0013698630136986301
ALO,45.0,94.872,Bahrain,2024,0.19134078212290503,2.288814296814297,0.4860335195530726,0.09636871508379888,7.402234636871509,252.12273357940748,126.06271789197224,65.44032394590373,0.0
ALO,46.0,95.126,Bahrain,2024,0.1863013698630137,2.2347525319809898,0.510958904109589,0.08493150684931507,6.438356164383562,262.90104133333335,129.07019578725541,66.06491608721817,0.0
ALO,47.0,95.225,Bahrain,2024,0.19041095890410958,2.2648054622272107,0.5232876712328767,0.07397260273972603,7.671232876712329,254.0,126.57216891253034,68.42328286163662,0.0027397260273972603
ALO,48.0,94.199,Bahrain,2024,0.18714285714285714,2.3860574626609443,0.56,0.04428571428571428,7.571428571428572,253.0,128.21310497303773,68.66118889572726,0.004285714285714286
ALO,49.0,94.571,Bahrain,2024,0.18899858956276447,2.3194150192090395,0.5599435825105783,0.0465444287729196,7.6163610719323,266.8912163054733,126.60133601792629,66.96413407968251,0.0
ALO,50.0,94.677,Bahrain,2024,0.17541436464088397,2.2655601659751037,0.5580110497237569,0.04834254143646409,7.734806629834254,273.0,127.16190535136533,67.58844621942765,0.004143646408839779
ALO,51.0,94.916,Bahrain,2024,0.17916666666666667,2.2726008344923505,0.525,0.07083333333333333,7.5,249.34032727619046,126.40112864020566,67.55525176985253,0.0
ALO,52.0,94.862,Bahrain,2024,0.17565698478561548,2.263157894736842,0.5408022130013831,0.06639004149377593,7.745504840940526,260.8034091636364,127.07509389033062,67.68024199392462,0.0013831258644536654
ALO,53.0,95.249,Bahrain,2024,0.1888111888111888,2.3053221288515404,0.5146853146853146,0.08671328671328671,7.2727272727272725,260.00511364848484,125.89356871260225,68.37527496053853,0.0
ALO,54.0,95.745,Bahrain,2024,0.17896174863387979,2.2489740082079344,0.505464480874317,0.09153005464480875,7.103825136612022,256.0,123.22329885411713,68.16199748843967,0.00546448087431694
ALO,55.0,95.066,Bahrain,2024,0.17902097902097902,2.2717086834733893,0.5594405594405595,0.055944055944055944,7.2727272727272725,244.80299722840783,125.91315134853383,68.63842591870049,0.002797202797202797
ALO,56.0,95.014,Bahrain,2024,0.19835841313269495,2.227594176438356,0.5157318741450069,0.07250341997264022,7.113543091655266,260.6804991682653,126.63812302051086,67.53512463018825,0.0013679890560875513
ALO,57.0,95.276,Bahrain,2024,0.1933240611961057,2.3655031346332405,0.5201668984700973,0.06397774687065369,8.066759388038943,283.3333333333333,127.18397610888309,67.38030565518723,0.0
HAM,2.0,98.273,Bahrain,2024,0.25684485006518903,2.2532637075718016,0.4106910039113429,0.03911342894393742,6.6492829204693615,217.0718776,124.93068987632962,68.75561838197173,0.00651890482398957
HAM,3.0,98.303,Bahrain,2024,0.2637215528781794,2.364611260053619,0.40160642570281124,0.06559571619812583,6.827309236947792,240.0,125.03408108820001,70.70987601580897,0.008032128514056224
HAM,4.0,98.287,Bahrain,2024,0.24805194805194805,2.2522756827048114,0.4,0.05454545454545454,6.493506493506493,,125.1114602770708,69.59070725474068,0.0012987012987012987
HAM,5.0,98.35,Bahrain,2024,0.24833110814419226,2.2754010695187166,0.3965287049399199,0.050734312416555405,6.408544726301736,276.0,126.74650486646821,67.84737377713193,0.0053404539385847796
HAM,6.0,98.183,Bahrain,2024,0.24725274725274726,2.4181568088033014,0.41208791208791207,0.05631868131868132,5.906593406593406,304.05,124.65342992367995,69.36231769045888,0.004120879120879121
HAM,7.0,97.839,Bahrain,2024,0.22721268163804492,2.2830687830687832,0.42800528401585203,0.06472919418758256,6.737120211360634,287.0,126.34304024619671,70.14284075679565,0.005284015852047556
HAM,8.0,98.221,Bahrain,2024,0.215633423180593,2.3670715249662617,0.4191374663072776,0.06873315363881402,5.929919137466308,,126.57479162312285,70.26764087460023,0.0013477088948787063
HAM,9.0,98.645,Bahrain,2024,0.24598930481283424,2.3319946452476574,0.4358288770053476,0.034759358288770054,6.684491978609626,,125.67892444402963,69.6260897231105,0.012032085561497326
HAM,10.0,98.037,Bahrain,2024,0.22872340425531915,2.436750998668442,0.43617021276595747,0.02127659574468085,5.98404255319149,254.0,126.58403245557611,67.90509807785065,0.009308510638297872
HAM,11.0,98.236,Bahrain,2024,0.22540983606557377,2.432284541723666,0.4426229508196721,0.045081967213114756,6.0109289617486334,256.5,127.22173521653191,66.60192594447335,0.006830601092896175
HAM,12.0,100.889,Bahrain,2024,0.23116883116883116,2.5591677503250976,0.4077922077922078,0.03766233766233766,5.584415584415584,275.0,121.92313188838273,68.33113029421216,0.007792207792207792
HAM,14.0,97.178,Bahrain,2024,0.248,2.3044058744993325,0.43733333333333335,0.03866666666666667,6.133333333333333,,128.33564334005789,64.1481271341957,0.0026666666666666666
HAM,15.0,97.264,Bahrain,2024,0.2253711201079622,2.308108108108108,0.4291497975708502,0.044534412955465584,6.342780026990553,285.0,129.277360235335,64.27602996511183,0.008097165991902834
HAM,16.0,97.091,Bahrain,2024,0.22933333333333333,2.3097463284379174,0.428,0.04666666666666667,6.533333333333332,,126.96210715506626,65.01644079232956,0.0026666666666666666
HAM,17.0,97.111,Bahrain,2024,0.23578363384188628,2.411111111111111,0.43411927877947293,0.05131761442441054,5.9639389736477115,,127.68512436558049,65.9709340715431,0.006934812760055479
HAM,18.0,96.85,Bahrain,2024,0.22517482517482518,2.4481792717086837,0.4727272727272727,0.039160839160839164,5.594405594405594,261.5,128.98516589499624,66.21364040835361,0.006993006993006993
HAM,19.0,96.694,Bahrain,2024,0.21159029649595687,2.3454790823211877,0.4757412398921833,0.04986522911051213,6.46900269541779,291.0,127.82880002880304,66.97791054192412,0.004043126684636119
HAM,20.0,96.264,Bahrain,2024,0.22493224932249323,2.366350067842605,0.47831978319783197,0.036585365853658534,6.233062330623306,291.225,127.34260223418606,67.32201262876518,0.01084010840108401
HAM,21.0,96.51,Bahrain,2024,0.22432432432432434,2.4979702300405955,0.4702702702702703,0.03513513513513514,6.351351351351352,270.0,127.4684031986599,67.5613015547365,0.008108108108108109
HAM,22.0,96.633,Bahrain,2024,0.21515561569688768,2.3983739837398375,0.44925575101488496,0.05548037889039242,6.2246278755074425,259.5,128.15070842760838,66.61392953367539,0.0027063599458728013
HAM,23.0,96.717,Bahrain,2024,0.20974289580514208,2.3848238482384825,0.4722598105548038,0.04330175913396482,6.359945872801083,,126.20256313584179,67.32354330463592,0.0040595399188092015
HAM,24.0,96.666,Bahrain,2024,0.2190082644628099,2.463448275862069,0.5027548209366391,0.03305785123966942,6.198347107438017,273.56374976,128.6948757400465,66.94991891303314,0.005509641873278237
HAM,25.0,96.919,Bahrain,2024,0.2222222222222222,2.316353887399464,0.4524765729585007,0.03748326639892905,6.5595716198125835,250.0,126.98749514696401,68.25713922089223,0.006693440428380187
HAM,26.0,96.714,Bahrain,2024,0.21908602150537634,2.3956931359353972,0.4879032258064516,0.03763440860215054,6.317204301075269,252.79999786666667,127.886169721077,68.49977721571427,0.006720430107526882
HAM,27.0,97.201,Bahrain,2024,0.23624161073825503,2.3655913978494625,0.4389261744966443,0.020134228187919462,6.577181208053691,220.107136,128.46661235995808,67.910294255746,0.010738255033557046
HAM,28.0,96.692,Bahrain,2024,0.21606648199445982,2.4438280166435504,0.4778393351800554,0.04155124653739612,6.64819944598338,296.0,128.29756663808124,69.0403778309299,0.002770083102493075
HAM,29.0,96.786,Bahrain,2024,0.22853185595567868,2.4133148404993063,0.48337950138504154,0.036011080332409975,6.9252077562326875,255.8265636,128.26679491709012,67.75434685093263,0.008310249307479225
HAM,30.0,97.244,Bahrain,2024,0.2151394422310757,2.3324468085106385,0.4674634794156706,0.0398406374501992,6.241699867197875,270.3333333333333,124.6301207566923,68.67119149663266,0.006640106241699867
HAM,31.0,96.975,Bahrain,2024,0.22531293463143254,2.4094707520891365,0.47705146036161333,0.03477051460361613,6.536856745479833,235.5,124.63242150933493,68.43210457535241,0.011126564673157162
HAM,32.0,97.325,Bahrain,2024,0.22128851540616246,2.524544179523142,0.4789915966386555,0.037815126050420166,6.442577030812324,278.0,125.17891933250571,69.52831645223603,0.0070028011204481795
HAM,33.0,99.696,Bahrain,2024,0.24693042291950887,2.648907103825137,0.4392905866302865,0.017735334242837655,6.8212824010914055,,123.6749483756218,70.36523384464722,0.021828103683492497
HAM,35.0,95.489,Bahrain,2024,0.23098591549295774,2.5049365303244007,0.4676056338028169,0.035211267605633804,6.478873239436619,,124.95814869748261,67.78001296420308,0.016901408450704224
HAM,36.0,95.279,Bahrain,2024,0.23098591549295774,2.411847672778561,0.4563380281690141,0.03943661971830986,7.183098591549296,,123.57857850016086,67.1643244599572,0.008450704225352112
HAM,37.0,95.597,Bahrain,2024,0.23192360163710776,2.3442622950819674,0.4733969986357435,0.027285129604365622,6.548431105047749,261.0,123.72456101936679,68.37247248591879,0.009549795361527967
HAM,38.0,94.966,Bahrain,2024,0.22809457579972184,2.4122562674094707,0.48261474269819193,0.03616133518776078,6.397774687065369,233.02999808,126.84676149205715,69.36614522213952,0.009735744089012517
HAM,39.0,94.722,Bahrain,2024,0.22048364153627312,2.4188034188034186,0.4879089615931721,0.02275960170697013,6.258890469416785,275.5249984,123.73183018303655,69.55129283052761,0.004267425320056899
HAM,40.0,95.041,Bahrain,2024,0.21496598639455783,2.343324250681199,0.4925170068027211,0.031292517006802724,6.258503401360545,237.90356388571428,129.46210689080397,67.62874026388911,0.010884353741496598
HAM,41.0,94.94,Bahrain,2024,0.20279720279720279,2.3781512605042017,0.5034965034965035,0.043356643356643354,6.433566433566433,259.8953092,131.4602452151605,67.472384680494,0.009790209790209791
HAM,42.0,94.996,Bahrain,2024,0.2203626220362622,2.368715083798883,0.49372384937238495,0.029288702928870293,5.997210599721059,281.0,125.2250995084484,67.03054817787623,0.011157601115760111
HAM,43.0,94.935,Bahrain,2024,0.21418826739427013,2.371584699453552,0.49386084583901774,0.036834924965893585,5.184174624829468,292.0,124.7945258152025,67.43004559474771,0.008185538881309686
HAM,44.0,95.169,Bahrain,2024,0.22373806275579808,2.3360655737704916,0.5061391541609823,0.017735334242837655,6.139154160982264,290.0,124.52089958928494,67.73393686026702,0.010914051841746248
HAM,45.0,95.184,Bahrain,2024,0.21349862258953167,2.380689655172414,0.4972451790633609,0.023415977961432508,6.473829201101928,224.3,126.17074585291245,67.75661631249419,0.005509641873278237
HAM,46.0,95.285,Bahrain,2024,0.22145804676753783,2.366391184573003,0.4896836313617607,0.033012379642365884,6.189821182943604,247.26785645714287,125.55107012482394,68.76335191015689,0.005502063273727648
HAM,47.0,95.226,Bahrain,2024,0.20889487870619947,2.2860998650472335,0.5053908355795148,0.03504043126684636,6.064690026954178,,131.18686997575236,67.2767742952873,0.013477088948787063
HAM,48.0,96.165,Bahrain,2024,0.20956399437412096,2.4225352112676055,0.4936708860759494,0.030942334739803096,6.610407876230662,231.0,125.12037122739223,68.94677652086008,0.004219409282700422
HAM,49.0,95.914,Bahrain,2024,0.22191011235955055,2.4472573839662446,0.49859550561797755,0.016853932584269662,7.02247191011236,,127.50050575406856,67.01557129004438,0.009831460674157303
HAM,50.0,95.612,Bahrain,2024,0.2181571815718157,2.3419267299864317,0.491869918699187,0.036585365853658534,5.9620596205962055,261.203124,125.38541565832928,68.54734699717802,0.009485094850948509
HAM,51.0,95.532,Bahrain,2024,0.20193637621023514,2.365650969529086,0.5159059474412172,0.040110650069156296,6.085753803596127,254.69681378909092,126.15683325880538,68.27631867307811,0.011065006915629323
HAM,52.0,95.479,Bahrain,2024,0.21606648199445982,2.3828016643550622,0.49584487534626037,0.03462603878116344,5.955678670360111,,127.27550195055538,68.46145060114063,0.009695290858725761
HAM,53.0,95.55,Bahrain,2024,0.2116991643454039,2.410041841004184,0.48467966573816157,0.03064066852367688,6.545961002785515,222.4613597090909,126.47926143439717,70.31278346767176,0.004178272980501393
HAM,54.0,95.974,Bahrain,2024,0.2219178082191781,2.3950617283950617,0.4767123287671233,0.03561643835616438,6.712328767123288,,125.90828301655411,69.02283214476027,0.01643835616438356
HAM,55.0,95.633,Bahrain,2024,0.20689655172413793,2.3480662983425415,0.4924137931034483,0.037241379310344824,6.344827586206897,274.5,126.52719002439086,69.41934047740477,0.009655172413793104
HAM,56.0,95.706,Bahrain,2024,0.20844686648501362,2.3547066848567533,0.49318801089918257,0.035422343324250684,5.994550408719346,279.92857142857144,126.97352704154439,70.07790682418862,0.010899182561307902
HAM,57.0,96.138,Bahrain,2024,0.1994459833795014,2.514736506597979,0.4778393351800554,0.0443213296398892,6.3711911357340725,219.35,124.6688447492625,70.55416726107123,0.009695290858725761
LEC,1.0,98.271,Bahrain,2024,0.21646746347941567,2.401595744680851,0.47808764940239046,0.01859229747675963,7.3041168658698545,242.85250176,122.29748794859731,67.69670887015378,0.02656042496679947
LEC,2.0,96.862,Bahrain,2024,0.21212121212121213,2.127968337730871,0.5322793148880105,0.028985507246376812,6.192358366271409,254.48611306666666,128.33302682383115,66.87463789203953,0.022397891963109356
LEC,3.0,98.062,Bahrain,2024,0.22684563758389262,2.27615163714565,0.5181208053691275,0.016107382550335572,7.248322147651007,271.6666666666667,130.15242360111162,67.60703924728126,0.012080536912751677
LEC,4.0,97.752,Bahrain,2024,0.225130890052356,2.1304628859287504,0.506544502617801,0.0274869109947644,6.020942408376963,,126.75197056826465,69.92754879592196,0.028795811518324606
LEC,5.0,98.131,Bahrain,2024,0.2222222222222222,2.1970509383378016,0.5087014725568942,0.029451137884872823,6.291834002677376,,127.80517482007382,68.54335242085061,0.025435073627844713
LEC,6.0,97.782,Bahrain,2024,0.22145804676753783,2.3103190998469545,0.5240715268225584,0.026134800550206328,6.87757909215956,279.3333333333333,125.37221903533288,70.90006772846901,0.015130674002751032
LEC,7.0,98.957,Bahrain,2024,0.21830065359477124,2.3255344679464804,0.47581699346405226,0.03529411764705882,6.928104575163399,200.2855592641431,123.46810743535268,70.90674728752643,0.01568627450980392
LEC,8.0,98.136,Bahrain,2024,0.21862348178137653,2.2621621621621624,0.5020242914979757,0.029689608636977057,7.017543859649122,218.5,125.71111323773758,71.45320666706128,0.020242914979757085
LEC,9.0,97.844,Bahrain,2024,0.2327469553450609,2.3214430891900033,0.4884979702300406,0.018944519621109608,6.901217861975644,,125.18020815949265,70.68063697770914,0.03382949932341001
LEC,10.0,97.884,Bahrain,2024,0.2103861517976032,2.2623943290742585,0.5033288948069241,0.03861517976031957,6.524633821571238,264.0,127.53199254323879,70.79794876071693,0.018641810918774968
LEC,13.0,96.432,Bahrain,2024,0.2244355909694555,2.2047872340425534,0.4860557768924303,0.033200531208499334,6.241699867197875,275.8333318095238,128.10221755697333,69.82066023931138,0.025232403718459494
LEC,14.0,96.756,Bahrain,2024,0.215633423180593,2.2564102564102564,0.5188679245283019,0.03908355795148248,6.46900269541779,260.0,128.99973534137283,68.62172023679166,0.029649595687331536
LEC,15.0,96.813,Bahrain,2024,0.22056833558863329,2.2601626016260163,0.516914749661705,0.029769959404600813,6.630581867388363,257.75,129.090968951352,68.97545966033636,0.016238159675236806
LEC,16.0,96.673,Bahrain,2024,0.2446236559139785,2.2530282637954238,0.4986559139784946,0.01747311827956989,6.720430107526881,321.0,129.3025203495567,71.0159017004502,0.036290322580645164
LEC,17.0,97.302,Bahrain,2024,0.22845417236662108,2.2261594915068494,0.506155950752394,0.023255813953488372,6.703146374829001,262.5,126.51444800824099,70.79238023832177,0.030095759233926128
LEC,18.0,97.438,Bahrain,2024,0.22549019607843138,2.323847925946704,0.5210084033613446,0.02661064425770308,7.002801120448179,301.0,129.96406291564594,66.48004595649547,0.02100840336134454
LEC,19.0,96.821,Bahrain,2024,0.21983914209115282,2.163758389261745,0.514745308310992,0.02680965147453083,6.568364611260054,218.0,128.99130956514696,67.77219064295522,0.029490616621983913
LEC,20.0,96.794,Bahrain,2024,0.2078804347826087,2.2231292517006804,0.5040760869565217,0.016304347826086956,6.385869565217392,228.0,129.87118479921622,68.0588820613325,0.021739130434782608
LEC,21.0,96.977,Bahrain,2024,0.216,2.1655540720961284,0.52,0.029333333333333333,6.133333333333333,246.0,127.7440996630642,68.59003495858697,0.034666666666666665
LEC,22.0,96.796,Bahrain,2024,0.21179624664879357,2.1879194630872485,0.5080428954423593,0.0160857908847185,6.434316353887399,271.0,127.59724208844614,69.02405872723892,0.021447721179624665
LEC,23.0,96.987,Bahrain,2024,0.2185792349726776,2.2298221614227085,0.4890710382513661,0.01639344262295082,6.0109289617486334,277.0,125.97838139741137,69.08537427794887,0.0273224043715847
LEC,24.0,96.924,Bahrain,2024,0.2054421768707483,2.196185286103542,0.5102040816326531,0.02585034013605442,6.938775510204081,257.8683319466667,126.48655449690224,69.20004529598478,0.024489795918367346
LEC,25.0,96.76,Bahrain,2024,0.21610738255033557,2.1908602150537635,0.5033557046979866,0.016107382550335572,6.442953020134229,291.9499968,126.9332954264539,68.66636246153627,0.040268456375838924
LEC,26.0,96.81,Bahrain,2024,0.21351351351351353,2.243572395128552,0.5,0.01891891891891892,6.216216216216217,280.0,125.46444037893588,68.99398215332604,0.02837837837837838
LEC,27.0,96.831,Bahrain,2024,0.205607476635514,2.144385026737968,0.5126835781041389,0.01335113484646195,6.5420560747663545,254.15833386666668,126.67883338978797,69.59406218881334,0.020026702269692925
LEC,28.0,96.907,Bahrain,2024,0.200836820083682,2.2681564245810057,0.49372384937238495,0.026499302649930265,6.694560669456067,,126.50742396879382,69.7125288961548,0.043235704323570434
LEC,29.0,96.963,Bahrain,2024,0.2231404958677686,2.259310344827586,0.5013774104683195,0.009641873278236915,6.336088154269973,249.38889007407406,125.56037463781061,70.13482792121036,0.048209366391184574
LEC,30.0,97.158,Bahrain,2024,0.196,2.1949265687583446,0.492,0.030666666666666665,6.4,242.78541706666667,126.5819302599782,69.96426684188121,0.02266666666666667
LEC,31.0,97.031,Bahrain,2024,0.2154696132596685,2.2295988934993085,0.42265193370165743,0.013812154696132596,6.2154696132596685,247.0,127.09511218173853,69.98515620931076,0.022099447513812154
LEC,32.0,96.941,Bahrain,2024,0.20253164556962025,2.295774647887324,0.5232067510548524,0.02250351617440225,6.751054852320674,250.74074074074073,127.99216230845147,67.89009445519292,0.02390998593530239
LEC,33.0,96.741,Bahrain,2024,0.19859154929577466,2.307475317348378,0.5028169014084507,0.023943661971830985,6.478873239436619,230.12954007272728,126.62947461004855,68.82820320392143,0.022535211267605635
LEC,34.0,99.614,Bahrain,2024,0.22237380627557982,2.4894782466582597,0.48840381991814463,0.02592087312414734,7.094133697135062,277.0,123.38237192772266,70.2133485923661,0.03137789904502047
LEC,36.0,94.09,Bahrain,2024,0.21652421652421652,2.3737517831669046,0.5056980056980057,0.027065527065527065,6.837606837606838,301.0,130.28530408809203,69.12357370684126,0.02849002849002849
LEC,37.0,94.897,Bahrain,2024,0.20689655172413793,2.2209944751381214,0.5241379310344828,0.028965517241379312,6.482758620689655,291.0071424,127.83809505683497,68.32421174807374,0.030344827586206897
LEC,38.0,94.783,Bahrain,2024,0.20723226703755215,2.2423398328690807,0.4993045897079277,0.01808066759388039,6.397774687065369,257.0124992,130.11482843053207,68.28289785028785,0.02920723226703755
LEC,39.0,95.087,Bahrain,2024,0.2059238363892807,2.3079096045197742,0.5077574047954866,0.01692524682651622,6.770098730606488,259.40237805714287,127.37956973360367,68.91968427912659,0.039492242595204514
LEC,40.0,94.859,Bahrain,2024,0.21379310344827587,2.154696132596685,0.4689655172413793,0.011034482758620689,7.1724137931034475,267.39499711999997,126.7890915849541,68.75751226558991,0.020689655172413793
LEC,41.0,95.028,Bahrain,2024,0.19972067039106145,2.206993006993007,0.520949720670391,0.012569832402234637,6.70391061452514,,128.88138718890588,68.67418191529178,0.0335195530726257
LEC,42.0,94.982,Bahrain,2024,0.20083102493074792,2.205270457697642,0.5249307479224377,0.02077562326869806,7.063711911357341,245.0999936,125.91203638872375,70.77738634237558,0.03185595567867036
LEC,43.0,95.192,Bahrain,2024,0.22298221614227087,2.265753424657534,0.5102599179206566,0.016415868673050615,6.976744186046512,268.0,123.32468958830809,71.803984285344,0.03146374829001368
LEC,44.0,95.051,Bahrain,2024,0.21282401091405184,2.26775956284153,0.5170532060027285,0.027285129604365622,6.2755798090040935,,123.08282568039839,71.06382804536007,0.0286493860845839
LEC,45.0,95.22,Bahrain,2024,0.22527472527472528,2.247592847317744,0.5137362637362637,0.020604395604395604,7.0054945054945055,254.65050505050507,125.26190227618994,72.88970574811054,0.027472527472527472
LEC,46.0,95.058,Bahrain,2024,0.21349862258953167,2.2482758620689656,0.5316804407713499,0.013774104683195593,6.749311294765841,273.76249984000003,127.02267225153194,71.45295726951811,0.024793388429752067
LEC,47.0,95.057,Bahrain,2024,0.2125340599455041,2.169167803547067,0.5231607629427792,0.01634877384196185,6.267029972752043,262.7857097142857,128.98123043463806,68.12558529832336,0.027247956403269755
LEC,48.0,95.308,Bahrain,2024,0.19074333800841514,2.2219101123595504,0.5525946704067322,0.023842917251051893,6.5918653576437585,267.37499648,127.43939814919275,68.82211709420136,0.04488078541374474
LEC,49.0,95.302,Bahrain,2024,0.20170454545454544,2.2816500711237553,0.5184659090909091,0.015625,6.676136363636363,272.9481339613302,128.46065588614312,67.770404999455,0.024147727272727272
LEC,50.0,95.383,Bahrain,2024,0.1994535519125683,2.1942544459644324,0.5300546448087432,0.020491803278688523,6.420765027322404,260.7497297269842,127.86022980560905,69.56477498461963,0.020491803278688523
LEC,51.0,95.418,Bahrain,2024,0.19696969696969696,2.242758620689655,0.5413223140495868,0.01790633608815427,6.198347107438017,256.0,127.41215446644014,69.90911327224079,0.01928374655647383
LEC,52.0,95.394,Bahrain,2024,0.18662952646239556,2.228730822873082,0.5334261838440112,0.023676880222841225,5.8495821727019495,280.0,129.30120826794845,69.26396739357291,0.012534818941504178
LEC,53.0,95.48,Bahrain,2024,0.20584144645340752,2.245125348189415,0.5090403337969402,0.013908205841446454,6.675938803894297,247.95694506666666,127.82534933976409,69.29833856799587,0.02086230876216968
LEC,54.0,95.265,Bahrain,2024,0.2032967032967033,2.22283356258597,0.5206043956043956,0.013736263736263736,6.318681318681318,256.0,126.05752358115484,69.56233063029272,0.03021978021978022
LEC,55.0,95.785,Bahrain,2024,0.19337016574585636,2.1742738589211617,0.48756906077348067,0.031767955801104975,6.906077348066299,251.218752,127.45455425638784,69.41333665992124,0.03038674033149171
LEC,56.0,95.924,Bahrain,2024,0.19538670284938942,2.2119565217391304,0.4993215739484396,0.028493894165535955,6.241519674355495,255.57500373333335,125.74407170347271,69.67124976420637,0.033921302578018994
LEC,57.0,96.324,Bahrain,2024,0.20082530949105915,2.3980716253443526,0.4401650618982118,0.026134800550206328,6.740027510316368,259.75,126.34638426570187,68.99914663858388,0.02063273727647868
NOR,2.0,98.01,Bahrain,2024,0.22685788787483702,2.2872062663185377,0.4576271186440678,0.0560625814863103,7.431551499348108,296.0,132.19625348859154,68.96821438516936,0.0
NOR,3.0,97.787,Bahrain,2024,0.20512820512820512,2.3513513513513513,0.46153846153846156,0.06477732793522267,7.017543859649122,223.0,131.69932368185576,68.3930104753789,0.001349527665317139
NOR,4.0,97.45,Bahrain,2024,0.2,2.2277486910994764,0.469281045751634,0.06013071895424837,6.928104575163399,234.0,131.8682152080287,66.94837935811876,0.00130718954248366
NOR,5.0,97.794,Bahrain,2024,0.20592193808882908,2.334231805929919,0.47644683714670255,0.04979811574697174,6.998654104979811,227.0,131.58634985801686,66.81958162655381,0.004037685060565276
NOR,6.0,97.896,Bahrain,2024,0.19972451790633608,2.466206896551724,0.45867768595041325,0.0674931129476584,7.024793388429752,245.35135467980297,129.2411784316745,67.27963434150287,0.0027548209366391185
NOR,7.0,97.86,Bahrain,2024,0.19920844327176782,2.332892998678996,0.46437994722955145,0.05672823218997362,6.068601583113456,227.2,130.77314370898551,67.02057900512723,0.0
NOR,8.0,98.134,Bahrain,2024,0.20647773279352227,2.4486486486486485,0.45479082321187586,0.04993252361673414,6.747638326585695,274.0,129.78026832526774,67.37481299795755,0.002699055330634278
NOR,9.0,98.064,Bahrain,2024,0.20754716981132076,2.3562753036437245,0.4582210242587601,0.057951482479784364,6.738544474393531,254.37428534857145,130.349631300013,67.00051418828507,0.0026954177897574125
NOR,10.0,97.936,Bahrain,2024,0.19680851063829788,2.3462050599201065,0.4853723404255319,0.0598404255319149,6.515957446808511,259.74545454545455,126.83975631578866,68.33862268713098,0.0
NOR,11.0,98.172,Bahrain,2024,0.19727891156462585,2.4005449591280654,0.47619047619047616,0.05170068027210884,6.394557823129252,293.0,129.80220188724275,67.10483502440796,0.0013605442176870747
NOR,12.0,98.082,Bahrain,2024,0.18463611859838275,2.329284750337382,0.4555256064690027,0.0673854447439353,6.46900269541779,295.1812472,130.4363882939448,66.92641097007689,0.0
NOR,13.0,100.635,Bahrain,2024,0.22193877551020408,2.4521072796934864,0.45408163265306123,0.04081632653061224,6.122448979591836,262.0,125.39929579508073,69.25185377094263,0.003826530612244898
NOR,15.0,96.912,Bahrain,2024,0.18860244233378562,2.3152173913043477,0.4355495251017639,0.08276797829036635,6.648575305291724,254.0,131.623287300693,66.30084612115076,0.0
NOR,16.0,96.565,Bahrain,2024,0.2034805890227577,2.4075067024128685,0.4484605087014726,0.060240963855421686,6.5595716198125835,216.63636014545455,132.2597914390667,66.49121394505366,0.0
NOR,17.0,96.776,Bahrain,2024,0.20193637621023514,2.418282548476454,0.4633471645919779,0.05255878284923928,6.639004149377594,261.6125,131.3346328339408,67.50624318781401,0.0
NOR,18.0,96.508,Bahrain,2024,0.2132768361581921,2.4752475247524752,0.4533898305084746,0.0635593220338983,6.3559322033898304,264.59374879999996,132.48651523618815,66.8191952024276,0.0014124293785310734
NOR,19.0,96.416,Bahrain,2024,0.21592442645074225,2.3405405405405406,0.45614035087719296,0.044534412955465584,6.612685560053981,,130.2047054486494,67.63988066556414,0.002699055330634278
NOR,20.0,96.501,Bahrain,2024,0.21709633649932158,2.4347826086956523,0.4694708276797829,0.05834464043419267,6.919945725915875,231.0,131.52811691494014,66.84715639488705,0.0013568521031207597
NOR,21.0,96.62,Bahrain,2024,0.22043010752688172,2.360699865410498,0.46908602150537637,0.051075268817204304,6.317204301075269,244.46666666666667,130.7238839533071,67.25928906859582,0.004032258064516129
NOR,22.0,96.668,Bahrain,2024,0.21476510067114093,2.379032258064516,0.4778523489932886,0.04697986577181208,6.577181208053691,,130.83705591934435,67.40217231843356,0.005369127516778523
NOR,23.0,96.696,Bahrain,2024,0.213406292749658,2.4438356164383563,0.45964432284541723,0.05198358413132695,6.566347469220246,256.0,129.7099200593606,67.6540195979928,0.0
NOR,24.0,96.823,Bahrain,2024,0.21477428180574556,2.421917808219178,0.46238030095759236,0.05471956224350205,6.703146374829001,262.84545280000003,130.30705410859395,68.11928152772153,0.004103967168262654
NOR,25.0,96.73,Bahrain,2024,0.21686746987951808,2.3806970509383376,0.4779116465863454,0.041499330655957165,6.5595716198125835,288.5,130.18802334072652,67.49125542091782,0.0
NOR,26.0,96.566,Bahrain,2024,0.2181571815718157,2.417910447761194,0.4932249322493225,0.04336043360433604,6.368563685636857,297.5,128.6091694707256,68.43815315663093,0.0013550135501355014
NOR,27.0,96.726,Bahrain,2024,0.2082777036048064,2.3983957219251337,0.48464619492656874,0.04806408544726302,6.675567423230974,234.59916512,130.81289469328036,66.82841382160635,0.0026702269692923898
NOR,28.0,97.018,Bahrain,2024,0.21587743732590528,2.4546722454672247,0.47493036211699163,0.06128133704735376,6.685236768802229,223.62726050909092,128.64420524913396,68.75122186415823,0.004178272980501393
NOR,29.0,97.041,Bahrain,2024,0.2110344827586207,2.477900552486188,0.4772413793103448,0.04689655172413793,6.344827586206897,290.7089289142857,128.2477451785199,68.43380352590218,0.0
NOR,30.0,96.986,Bahrain,2024,0.212,2.4432576769025367,0.476,0.04533333333333334,6.266666666666667,296.0,130.52481646737428,68.49830488915342,0.005333333333333333
NOR,31.0,97.083,Bahrain,2024,0.20885200553250347,2.512465373961219,0.4730290456431535,0.05394190871369295,6.639004149377594,295.5,127.6855565122183,69.10121533173883,0.0027662517289073307
NOR,32.0,97.171,Bahrain,2024,0.19690576652601968,2.535211267605634,0.47538677918424754,0.06188466947960619,6.610407876230662,234.75,130.2030143492116,68.08085267246365,0.005625879043600563
NOR,33.0,99.626,Bahrain,2024,0.2243502051983584,2.6671232876712327,0.45690834473324216,0.046511627906976744,6.839945280437757,263.0,125.6890998438052,70.27520639814419,0.0
NOR,35.0,94.476,Bahrain,2024,0.20903954802259886,2.5233380480905234,0.4957627118644068,0.0480225988700565,6.9209039548022595,288.0954542545454,134.90286669968538,67.62248286512155,0.0014124293785310734
NOR,36.0,95.69,Bahrain,2024,0.22425952045133993,2.5480225988700567,0.44710860366713684,0.06064880112834979,7.052186177715091,,132.86342714023706,70.03709931756971,0.0
NOR,37.0,95.067,Bahrain,2024,0.2032967032967033,2.5116918844566714,0.45054945054945056,0.06456043956043957,6.868131868131869,281.0124992,135.18770583914232,66.89479219152439,0.0
NOR,38.0,95.149,Bahrain,2024,0.2,2.3756906077348066,0.47172413793103446,0.05517241379310345,6.620689655172414,281.00249984000004,134.53769741723337,66.52716083818991,0.0
NOR,39.0,94.88,Bahrain,2024,0.20709219858156028,2.5113636363636362,0.47092198581560285,0.059574468085106386,7.234042553191489,271.0111104,133.43893377095924,66.98684068895544,0.0
NOR,40.0,95.276,Bahrain,2024,0.2103825136612022,2.5198358413132693,0.4713114754098361,0.04918032786885246,6.967213114754098,247.4958336,133.91377193085458,66.7630024571575,0.00273224043715847
NOR,41.0,95.069,Bahrain,2024,0.211484593837535,2.5301542776998596,0.4957983193277311,0.046218487394957986,7.002801120448179,260.72812239999996,132.5977816972724,66.99829504743892,0.0056022408963585435
NOR,42.0,95.165,Bahrain,2024,0.20498614958448755,2.46879334257975,0.4930747922437673,0.04293628808864266,6.9252077562326875,,131.0334631748945,67.88765365650545,0.002770083102493075
NOR,43.0,95.295,Bahrain,2024,0.21768707482993196,2.3760217983651226,0.48707482993197276,0.031292517006802724,6.802721088435375,240.5,132.9340289343768,67.34057928109905,0.0
NOR,44.0,95.346,Bahrain,2024,0.22070844686648503,2.4529331514324695,0.48365122615803813,0.03678474114441417,6.67574931880109,299.0,133.39937061741324,66.66206288521042,0.004087193460490463
NOR,45.0,95.338,Bahrain,2024,0.218707015130674,2.4986225895316805,0.4938101788170564,0.04676753782668501,6.602475928473177,298.0,130.6350741778719,68.26291103992563,0.008253094910591471
NOR,46.0,95.371,Bahrain,2024,0.19890260631001372,2.3736263736263736,0.4993141289437586,0.053497942386831275,6.721536351165981,264.4,132.13583418864562,69.09109179743704,0.0013717421124828531
NOR,47.0,95.485,Bahrain,2024,0.19864864864864865,2.411366711772666,0.4945945945945946,0.0445945945945946,6.756756756756757,267.3333333333333,132.40377043795,67.62988461084349,0.0
NOR,48.0,95.717,Bahrain,2024,0.18846694796061886,2.5183098591549298,0.4908579465541491,0.057665260196905765,6.891701828410689,,131.49152253975174,68.12846274535389,0.0014064697609001407
NOR,49.0,95.674,Bahrain,2024,0.20226308345120225,2.501416430594901,0.471004243281471,0.055162659123055166,6.647807637906649,273.7836968960608,129.58410148007943,69.46035111170504,0.0
NOR,50.0,95.657,Bahrain,2024,0.2083897158322057,2.392953929539295,0.5047361299052774,0.04330175913396482,6.2246278755074425,251.23295345454545,129.94274163157024,69.10120292367445,0.0040595399188092015
NOR,51.0,96.038,Bahrain,2024,0.2087912087912088,2.4044016506189823,0.49175824175824173,0.04532967032967033,6.456043956043957,236.0,129.77973937378522,69.13993382076949,0.0013736263736263737
NOR,52.0,95.922,Bahrain,2024,0.21961325966850828,2.4149377593360994,0.5041436464088398,0.04419889502762431,6.49171270718232,265.1671274431434,128.70439059666984,69.81168366875784,0.0013812154696132596
NOR,53.0,95.782,Bahrain,2024,0.2188365650969529,2.3994452149791954,0.5096952908587258,0.030470914127423823,6.786703601108034,290.0,129.52153145839307,68.96019061916533,0.008310249307479225
NOR,54.0,95.934,Bahrain,2024,0.19425444596443228,2.4,0.5129958960328317,0.0506155950752394,6.292749658002736,263.1072898666667,126.81892565145525,70.31549432164361,0.0013679890560875513
NOR,55.0,96.223,Bahrain,2024,0.19586206896551725,2.430939226519337,0.4979310344827586,0.05655172413793103,6.896551724137931,249.0,129.38331299814183,70.02467392181299,0.004137931034482759
NOR,56.0,95.976,Bahrain,2024,0.2127371273712737,2.3582089552238807,0.4959349593495935,0.04065040650406504,6.504065040650407,251.0,130.40395721720589,69.655488823864,0.0040650406504065045
NOR,57.0,96.582,Bahrain,2024,0.2184065934065934,2.4264099037138926,0.49725274725274726,0.03708791208791209,6.868131868131869,246.0,130.17911084425333,70.31973816008494,0.005494505494505495
SAI,1.0,100.62,Bahrain,2024,0.24254215304798962,2.5454545454545454,0.4669260700389105,0.029831387808041506,6.744487678339818,288.0,122.45156314646506,68.93651908950137,0.009079118028534372
SAI,2.0,97.236,Bahrain,2024,0.23036649214659685,2.3538663171690692,0.4973821989528796,0.04057591623036649,5.6282722513089,264.7740518817234,126.6142347965774,69.0560693491648,0.003926701570680628
SAI,3.0,97.08,Bahrain,2024,0.2,2.430517711171662,0.5142857142857142,0.0380952380952381,5.986394557823129,240.88250048,126.88023088887944,68.17680438831421,0.005442176870748299
SAI,4.0,97.264,Bahrain,2024,0.22763157894736843,2.337285902503294,0.5078947368421053,0.031578947368421054,5.7894736842105265,273.0,126.76731429518658,68.21489889118253,0.014473684210526316
SAI,5.0,98.032,Bahrain,2024,0.22727272727272727,2.4069611780455156,0.48262032085561496,0.029411764705882353,6.149732620320856,241.0,125.39583210605883,71.63217717993768,0.004010695187165776
SAI,6.0,97.741,Bahrain,2024,0.22206896551724137,2.4806629834254146,0.4979310344827586,0.030344827586206897,6.758620689655172,237.03809523809525,126.2247146307058,72.38241264412468,0.011034482758620689
SAI,7.0,98.26,Bahrain,2024,0.25691699604743085,2.4327176781002637,0.4769433465085639,0.014492753623188406,6.324110671936759,291.0,124.17001103512213,72.27565816440385,0.007905138339920948
SAI,8.0,98.183,Bahrain,2024,0.24797843665768193,2.4048582995951415,0.48787061994609165,0.018867924528301886,6.064690026954178,261.4124992,123.90903520609999,72.13216943204266,0.005390835579514825
SAI,9.0,98.03,Bahrain,2024,0.2388663967611336,2.389189189189189,0.5209176788124157,0.01349527665317139,6.477732793522267,282.4595236571428,123.15167056960281,72.24513129763648,0.012145748987854251
SAI,10.0,97.608,Bahrain,2024,0.22429906542056074,2.4197860962566846,0.5020026702269693,0.029372496662216287,6.275033377837117,,124.24369245461628,72.26268444158818,0.012016021361815754
SAI,11.0,97.656,Bahrain,2024,0.2161422708618331,2.6082191780821917,0.5157318741450069,0.03146374829001368,6.019151846785226,,124.56503740974864,70.23294068274227,0.013679890560875513
SAI,12.0,97.65,Bahrain,2024,0.2070365358592693,2.4092140921409215,0.5223274695534507,0.023004059539918808,5.683355886332882,236.0,123.58935266328918,68.14756636451533,0.009472259810554804
SAI,13.0,97.243,Bahrain,2024,0.2134387351778656,2.321899736147757,0.538866930171278,0.017127799736495388,5.928853754940711,281.47142643809525,130.36370301318829,66.82358528127693,0.010540184453227932
SAI,14.0,99.753,Bahrain,2024,0.24088541666666666,2.558018252933507,0.4934895833333333,0.013020833333333334,5.859375,,120.50099048313224,69.82529373227999,0.018229166666666668
SAI,16.0,96.376,Bahrain,2024,0.2489905787348587,2.5390835579514826,0.5087483176312247,0.014804845222072678,6.191117092866756,240.0,128.70099741372226,72.08413552066925,0.020188425302826378
SAI,17.0,95.507,Bahrain,2024,0.23044692737430167,2.5062937062937065,0.5432960893854749,0.006983240223463687,6.70391061452514,,128.72782290832342,70.75121676153036,0.008379888268156424
SAI,18.0,96.088,Bahrain,2024,0.22017045454545456,2.532005689900427,0.5454545454545454,0.018465909090909092,6.25,251.75,129.14048634801128,70.26130596281854,0.009943181818181818
SAI,19.0,96.236,Bahrain,2024,0.1954177897574124,2.3832658569500675,0.5444743935309974,0.02830188679245283,5.795148247978436,257.57,130.08560754025788,66.65890500405344,0.0013477088948787063
SAI,20.0,96.034,Bahrain,2024,0.21232876712328766,2.337448559670782,0.5342465753424658,0.026027397260273973,5.7534246575342465,258.5,126.46922829902343,68.4867855136557,0.02054794520547945
SAI,21.0,96.104,Bahrain,2024,0.20405405405405405,2.3599458728010827,0.55,0.02972972972972973,5.540540540540541,258.5,129.0331818491164,67.57085975411121,0.010810810810810811
SAI,22.0,96.008,Bahrain,2024,0.1940700808625337,2.396761133603239,0.5296495956873315,0.03234501347708895,5.660377358490567,272.93499648,128.9755815966524,67.38590886611624,0.0026954177897574125
SAI,23.0,96.149,Bahrain,2024,0.20027434842249658,2.3763736263736264,0.53360768175583,0.02194787379972565,6.035665294924554,229.59499776,128.9859338661371,67.50352724337996,0.010973936899862825
SAI,24.0,96.2,Bahrain,2024,0.22085048010973937,2.3873626373626373,0.5198902606310014,0.027434842249657063,6.172839506172839,229.0,124.40872473091324,69.32718904572349,0.006858710562414266
SAI,25.0,96.22,Bahrain,2024,0.20270270270270271,2.3843031123139378,0.5310810810810811,0.033783783783783786,5.675675675675676,241.0,127.47061791185573,67.96062300673542,0.010810810810810811
SAI,26.0,96.221,Bahrain,2024,0.1989100817438692,2.379263301500682,0.5367847411444142,0.02861035422343324,5.449591280653951,212.0,127.10052395945074,68.14489863683414,0.009536784741144414
SAI,27.0,96.272,Bahrain,2024,0.2005420054200542,2.385345997286296,0.535230352303523,0.028455284552845527,5.284552845528456,206.5,127.61095213102759,68.97250208276769,0.012195121951219513
SAI,28.0,96.534,Bahrain,2024,0.23333333333333334,2.43115438108484,0.5319444444444444,0.02638888888888889,6.111111111111111,279.0,123.71038412472434,69.6999492645298,0.018055555555555554
SAI,29.0,96.6,Bahrain,2024,0.22022160664819945,2.4133148404993063,0.5166204986149584,0.02631578947368421,6.3711911357340725,,124.45457952232037,69.85530981438497,0.015235457063711912
SAI,30.0,96.337,Bahrain,2024,0.20777479892761394,2.338255033557047,0.5348525469168901,0.032171581769437,5.898123324396782,286.0,126.68425641226906,69.26269617723092,0.012064343163538873
SAI,31.0,96.537,Bahrain,2024,0.225,2.4172461752433936,0.525,0.022222222222222223,5.694444444444445,261.5,126.34117226922315,69.20979149714182,0.016666666666666666
SAI,32.0,96.762,Bahrain,2024,0.200836820083682,2.399441340782123,0.5355648535564853,0.03347280334728033,6.136680613668061,273.66500224,128.07860301823106,68.77460628601786,0.01813110181311018
SAI,33.0,96.556,Bahrain,2024,0.19602272727272727,2.4438122332859176,0.5411931818181818,0.03977272727272727,5.5397727272727275,264.5,127.8512833790403,68.80409713918965,0.009943181818181818
SAI,34.0,96.551,Bahrain,2024,0.20926966292134833,2.4556962025316458,0.526685393258427,0.023876404494382022,6.179775280898876,,121.41824424316721,68.24190268249966,0.0056179775280898875
SAI,35.0,99.274,Bahrain,2024,0.22371967654986524,2.574898785425101,0.522911051212938,0.02425876010781671,5.660377358490567,284.0,124.43224774128826,70.5165774603051,0.026954177897574125
SAI,37.0,95.302,Bahrain,2024,0.2188365650969529,2.4410540915395282,0.5221606648199446,0.0332409972299169,6.094182825484765,241.68749333333335,130.25501317759236,66.46769411738823,0.015235457063711912
SAI,38.0,95.1,Bahrain,2024,0.20473537604456823,2.4295676429567643,0.5473537604456824,0.027855153203342618,5.988857938718663,244.5,128.9589452062793,67.2852852802858,0.016713091922005572
SAI,39.0,94.709,Bahrain,2024,0.2109704641350211,2.4309859154929576,0.5414908579465542,0.030942334739803096,5.766526019690577,239.0,128.45432197274582,67.7987064873613,0.011251758087201125
SAI,40.0,94.739,Bahrain,2024,0.20027624309392264,2.4149377593360994,0.5455801104972375,0.03729281767955801,5.248618784530387,233.0,127.97089471856489,67.6376690327469,0.012430939226519336
SAI,41.0,95.041,Bahrain,2024,0.21089385474860337,2.4335664335664338,0.5335195530726257,0.023743016759776536,5.726256983240224,291.0,129.32290586944242,68.27066236641511,0.012569832402234637
SAI,42.0,94.861,Bahrain,2024,0.20277777777777778,2.4172461752433936,0.5375,0.02361111111111111,5.555555555555555,225.0,128.48099097132507,68.92358574701234,0.0125
SAI,43.0,94.795,Bahrain,2024,0.203601108033241,2.4271844660194173,0.5457063711911357,0.023545706371191136,5.540166204986149,272.0,126.99150963189113,67.52174247312085,0.015235457063711912
SAI,44.0,94.507,Bahrain,2024,0.20438957475994513,2.3543956043956045,0.5308641975308642,0.023319615912208505,5.486968449931413,271.0,127.59714146944019,68.64230791140331,0.009602194787379973
SAI,45.0,94.79,Bahrain,2024,0.18664850136239783,2.3519781718963166,0.5367847411444142,0.0340599455040872,5.5858310626703,272.13002101660993,121.38285271810021,69.3617870413923,0.006811989100817439
SAI,46.0,94.853,Bahrain,2024,0.18410041841004185,2.410614525139665,0.5592747559274756,0.02510460251046025,5.160390516039052,280.0083333333333,130.59200122622542,68.03063773776451,0.011157601115760111
SAI,47.0,94.901,Bahrain,2024,0.2062415196743555,2.3125,0.5495251017639078,0.029850746268656716,5.563093622795115,271.3,127.37466102580667,69.3819666125655,0.013568521031207599
SAI,48.0,94.981,Bahrain,2024,0.19491525423728814,2.3705799151343707,0.5607344632768362,0.0211864406779661,5.649717514124294,285.0,128.19824155531273,68.47206329154088,0.00847457627118644
SAI,49.0,95.44,Bahrain,2024,0.2019914651493599,2.4643874643874644,0.5462304409672831,0.02702702702702703,5.689900426742532,258.0,126.96905011784474,69.52035215948335,0.012802275960170697
SAI,50.0,95.142,Bahrain,2024,0.2016348773841962,2.34106412005457,0.5422343324250681,0.0340599455040872,5.722070844686648,279.0,127.71522388331185,69.2547138152119,0.01226158038147139
SAI,51.0,95.282,Bahrain,2024,0.21823204419889503,2.4177040110650068,0.5359116022099447,0.020718232044198894,5.662983425414365,278.0,126.51748658440665,69.25836408355445,0.023480662983425413
SAI,52.0,95.083,Bahrain,2024,0.1941747572815534,2.297222222222222,0.5644937586685159,0.04160887656033287,5.6865464632454925,259.8722225777778,127.69840138914994,69.47891175738125,0.015256588072122053
SAI,53.0,95.211,Bahrain,2024,0.2041958041958042,2.3361344537815127,0.5342657342657343,0.022377622377622378,5.734265734265734,266.0,128.18828324309547,68.83558806207884,0.016783216783216783
SAI,54.0,95.309,Bahrain,2024,0.2096551724137931,2.3646408839779007,0.526896551724138,0.028965517241379312,5.517241379310345,280.0874976,128.27486889142645,70.03294318658291,0.015172413793103448
SAI,55.0,95.407,Bahrain,2024,0.2194787379972565,2.379120879120879,0.5281207133058985,0.01783264746227709,6.172839506172839,264.5,125.28891085278437,71.00439412587697,0.0205761316872428
SAI,56.0,95.305,Bahrain,2024,0.20277777777777778,2.4089012517385258,0.5347222222222222,0.03194444444444444,6.111111111111111,263.1385421333333,128.83960188758246,69.27165418095495,0.0125
SAI,57.0,95.327,Bahrain,2024,0.20684931506849316,2.3593964334705078,0.5383561643835616,0.03287671232876712,6.301369863013699,288.025,128.18054239546709,70.58778603762048,0.02054794520547945
VER,1.0,97.284,Bahrain,2024,0.20967741935483872,2.531628532974428,0.46908602150537637,0.05779569892473118,6.720430107526881,244.765626,128.85827644248403,65.59276493157141,0.006720430107526882
VER,2.0,96.296,Bahrain,2024,0.19047619047619047,2.3046357615894038,0.5013227513227513,0.05952380952380952,5.158730158730158,273.6666666666667,134.4684065765767,64.12219693668449,0.0
VER,3.0,96.753,Bahrain,2024,0.20568335588633288,2.4336043360433606,0.4939106901217862,0.06495263870094722,5.142083897158322,275.22000128,135.80644118651213,64.07313441588859,0.0
VER,4.0,96.647,Bahrain,2024,0.18882978723404256,2.3462050599201065,0.48404255319148937,0.07712765957446809,5.1861702127659575,291.0,133.96767946200038,64.28686035662268,0.0
VER,5.0,97.173,Bahrain,2024,0.19538670284938942,2.3885869565217392,0.47761194029850745,0.07191316146540028,5.698778833107191,272.78187504,131.13502001817173,64.63017883944504,0.0
VER,6.0,97.092,Bahrain,2024,0.20388349514563106,2.4472222222222224,0.47572815533980584,0.05547850208044383,5.9639389736477115,287.0,132.04304343824248,65.61793859690509,0.0013869625520110957
VER,7.0,97.038,Bahrain,2024,0.19496021220159152,2.3399734395750333,0.48673740053050396,0.07161803713527852,5.305039787798409,239.98642782967576,132.27325675497573,64.88916024085826,0.0
VER,8.0,97.024,Bahrain,2024,0.1814516129032258,2.363391655450875,0.49193548387096775,0.06182795698924731,4.973118279569892,,132.9337682703953,65.74236527798082,0.004032258064516129
VER,9.0,97.229,Bahrain,2024,0.17832647462277093,2.401098901098901,0.49657064471879286,0.07818930041152264,5.349794238683128,,133.53055095608923,64.83481688163482,0.0
VER,10.0,96.96,Bahrain,2024,0.19324324324324324,2.4059539918809203,0.48243243243243245,0.06756756756756757,5.405405405405405,253.48124906666666,131.29589253962473,65.23678751850751,0.0
VER,11.0,97.085,Bahrain,2024,0.20718232044198895,2.4536652835408024,0.48480662983425415,0.049723756906077346,5.662983425414365,249.8155593947815,128.19343848742332,66.31008196191009,0.0027624309392265192
VER,12.0,97.045,Bahrain,2024,0.20408163265306123,2.4114441416893735,0.48299319727891155,0.06394557823129252,5.442176870748299,271.0,130.66022961726821,66.22239177161438,0.0
VER,13.0,97.03,Bahrain,2024,0.1931216931216931,2.296688741721854,0.49206349206349204,0.05952380952380952,5.026455026455026,238.8312504,130.59712123646318,66.34539148611579,0.0
VER,14.0,97.028,Bahrain,2024,0.20320855614973263,2.289156626506024,0.5026737967914439,0.05213903743315508,5.347593582887701,274.0,131.25185534809413,66.47293581586668,0.0
VER,15.0,97.011,Bahrain,2024,0.20107238605898123,2.3838926174496646,0.49195710455764075,0.04825737265415549,5.495978552278821,248.85416746666667,130.4309511524683,66.8416959106298,0.0013404825737265416
VER,16.0,97.168,Bahrain,2024,0.20214190093708165,2.364611260053619,0.5033467202141901,0.050870147255689425,5.4886211512717535,232.0,130.71065192445616,67.40612745705474,0.00535475234270415
VER,19.0,95.283,Bahrain,2024,0.1997264021887825,2.4575342465753423,0.4856361149110807,0.06976744186046512,5.471956224350205,267.6666666666667,135.9443576999011,63.84690923085935,0.0
VER,20.0,95.16,Bahrain,2024,0.20604395604395603,2.3521320495185694,0.5096153846153846,0.05631868131868132,5.357142857142857,250.4351851851852,136.4119827729031,65.11331345150202,0.0013736263736263737
VER,21.0,95.316,Bahrain,2024,0.1939477303988996,2.4132231404958677,0.5048143053645117,0.06740027510316368,5.502063273727647,275.0,135.43351365708287,64.99498163095204,0.0
VER,22.0,95.204,Bahrain,2024,0.20108695652173914,2.3891156462585035,0.5190217391304348,0.05434782608695652,5.434782608695652,285.6666666666667,133.6767822075687,65.37718223965902,0.0
VER,23.0,95.216,Bahrain,2024,0.19448275862068964,2.389502762430939,0.5062068965517241,0.06344827586206897,4.827586206896552,,134.6339851194245,65.16655460410216,0.005517241379310344
VER,24.0,95.289,Bahrain,2024,0.2082758620689655,2.3977900552486187,0.5089655172413793,0.060689655172413794,5.379310344827586,281.6666666666667,134.30652723417188,65.2933685285658,0.002758620689655172
VER,25.0,95.342,Bahrain,2024,0.18356164383561643,2.42798353909465,0.5205479452054794,0.056164383561643834,5.068493150684931,264.0,134.51864235086816,64.77404039146259,0.0
VER,26.0,95.223,Bahrain,2024,0.19917582417582416,2.423658872077029,0.5123626373626373,0.05631868131868132,5.21978021978022,286.0,133.07858589076218,65.95869876911695,0.0
VER,27.0,95.581,Bahrain,2024,0.19863013698630136,2.419753086419753,0.5,0.057534246575342465,5.47945205479452,250.66666666666666,131.84336078551112,66.99500094887796,0.0013698630136986301
VER,28.0,95.477,Bahrain,2024,0.2077028885832187,2.4600550964187327,0.5048143053645117,0.052269601100412656,5.502063273727647,,130.4279539110936,67.08051932897327,0.0
VER,29.0,95.793,Bahrain,2024,0.20140845070422536,2.4908321579689705,0.523943661971831,0.05211267605633803,5.352112676056338,282.0,133.49040831417526,65.8595611457486,0.0
VER,30.0,95.771,Bahrain,2024,0.19131614654002713,2.410326086956522,0.5047489823609227,0.06919945725915876,5.698778833107191,266.3333333333333,131.57708590513923,66.22416618835815,0.0027137042062415195
VER,31.0,95.679,Bahrain,2024,0.2,2.4617524339360224,0.5027777777777778,0.05555555555555555,5.833333333333333,254.5,133.2399407852254,66.67203081205302,0.005555555555555556
VER,32.0,95.886,Bahrain,2024,0.19487908961593173,2.507122507122507,0.5163584637268848,0.059743954480796585,5.405405405405405,,132.37262729550147,67.10694153747198,0.005689900426742532
VER,33.0,95.863,Bahrain,2024,0.18014184397163122,2.6306818181818183,0.5205673758865248,0.06666666666666667,5.815602836879433,285.5,132.84088492310494,68.23813124110734,0.0
VER,34.0,96.133,Bahrain,2024,0.19886363636363635,2.5206258890469417,0.5184659090909091,0.05965909090909091,5.5397727272727275,261.0,131.8555181589296,67.22762310899174,0.0014204545454545455
VER,35.0,96.018,Bahrain,2024,0.20055325034578148,2.490304709141274,0.5034578146611342,0.06224066390041494,5.394190871369295,263.5,132.62359174577853,67.76081157804808,0.0
VER,36.0,96.205,Bahrain,2024,0.1940928270042194,2.453521126760563,0.5077355836849508,0.06329113924050633,5.20393811533052,264.8937488,131.74962057047554,68.42513471433827,0.0
VER,39.0,92.608,Bahrain,2024,0.1891891891891892,2.4985754985754984,0.5519203413940256,0.03982930298719772,5.547652916073969,263.1374992,132.61815695937554,66.53216743633101,0.002844950213371266
VER,40.0,96.589,Bahrain,2024,0.22589531680440772,2.4,0.4490358126721763,0.06198347107438017,5.647382920110193,232.0,130.27673457902617,65.66069321661416,0.0
VER,41.0,95.29,Bahrain,2024,0.20498614958448755,2.438280166435506,0.4667590027700831,0.0664819944598338,5.540166204986149,282.66499904,130.06138250827632,66.4577015289868,0.0
VER,42.0,94.667,Bahrain,2024,0.18698060941828254,2.482662968099861,0.49584487534626037,0.05817174515235457,5.678670360110803,246.0107136,132.78139151997905,65.39933829260005,0.0
VER,43.0,94.151,Bahrain,2024,0.19662921348314608,2.4641350210970465,0.49719101123595505,0.05758426966292135,5.477528089887641,266.40375072,132.5931848322336,66.6319246930021,0.0
VER,44.0,94.531,Bahrain,2024,0.20463847203274216,2.4098360655737703,0.5061391541609823,0.06548431105047749,5.866302864938609,262.95833333333337,132.74639700444698,65.56229684292464,0.001364256480218281
VER,45.0,94.249,Bahrain,2024,0.19642857142857142,2.4181568088033014,0.5041208791208791,0.0521978021978022,5.769230769230769,238.17142857142858,130.32651194471057,66.28174304630703,0.0
VER,46.0,94.193,Bahrain,2024,0.20253164556962025,2.456338028169014,0.509142053445851,0.05907172995780591,6.047819971870605,292.73571428571427,130.62570773329284,68.26969850805885,0.0
VER,47.0,94.239,Bahrain,2024,0.1763085399449036,2.3751724137931034,0.512396694214876,0.07300275482093664,5.647382920110193,,132.00857152866644,66.3216060847685,0.0
VER,48.0,94.35,Bahrain,2024,0.18513323983169705,2.432584269662921,0.5091164095371669,0.06872370266479663,6.03085553997195,271.39955405714284,129.6945690639013,67.61117892532553,0.001402524544179523
VER,49.0,94.403,Bahrain,2024,0.19047619047619047,2.546242774566474,0.5209235209235209,0.05483405483405483,6.0606060606060606,270.35714255238094,130.97147317113888,67.25830117640332,0.0
VER,50.0,94.783,Bahrain,2024,0.1871584699453552,2.4213406292749657,0.5027322404371585,0.0778688524590164,5.601092896174864,273.5321421714286,131.1066818078975,67.5293159015226,0.00273224043715847
VER,51.0,94.34,Bahrain,2024,0.2131837307152875,2.452247191011236,0.5021037868162693,0.05329593267882188,5.610098176718092,240.0,129.96883620484297,69.77893757454098,0.0070126227208976155
VER,52.0,94.906,Bahrain,2024,0.1991701244813278,2.3905817174515236,0.5062240663900415,0.06085753803596127,5.532503457814661,279.7666645333333,128.83272567619542,68.93169892374196,0.0027662517289073307
VER,53.0,95.6,Bahrain,2024,0.20741758241758243,2.37414030261348,0.5,0.06043956043956044,6.043956043956044,290.0502081742258,129.68570237313241,68.93039623524108,0.0
VER,54.0,95.334,Bahrain,2024,0.1896067415730337,2.4585091420534457,0.5168539325842697,0.06320224719101124,5.758426966292135,286.0,127.7323449526139,70.7493259923562,0.0
VER,55.0,95.184,Bahrain,2024,0.1843191196698762,2.3829201101928374,0.53232462173315,0.06052269601100413,5.502063273727647,283.0,130.39512124399215,68.40178150043691,0.0
VER,56.0,94.671,Bahrain,2024,0.19694868238557559,2.363888888888889,0.5478502080443828,0.059639389736477116,5.6865464632454925,282.5,130.43321238448638,68.4263855952014,0.005547850208044383
VER,57.0,94.923,Bahrain,2024,0.18611111111111112,2.5018948895688458,0.5361111111111111,0.04861111111111111,6.111111111111111,249.0,128.92806407422384,67.8477855542512,0.004166666666666667
ALO,6.0,82.711,Monaco,2024,0.2717219589257504,3.1930379746835444,0.23222748815165878,0.13902053712480253,7.898894154818326,233.0,110.70091624667612,62.427641510755926,0.0
ALO,7.0,82.866,Monaco,2024,0.26782884310618066,3.149206349206349,0.2091917591125198,0.14580031695721077,8.240887480190175,203.0,111.98519998854658,62.22537779557014,0.003169572107765452
ALO,8.0,82.284,Monaco,2024,0.2483974358974359,3.316211878009631,0.2387820512820513,0.14743589743589744,7.6923076923076925,171.67416534724916,111.21231476377616,63.87880641229061,0.0
ALO,9.0,81.65,Monaco,2024,0.27602523659305994,3.2480252764612954,0.20031545741324921,0.14195583596214512,7.570977917981073,195.1656304,111.15484813498038,62.22858772305925,0.0031545741324921135
ALO,10.0,81.864,Monaco,2024,0.25728155339805825,3.3225283630470015,0.19093851132686085,0.16990291262135923,7.281553398058252,238.0,109.4514039832861,64.0183583227411,0.0
ALO,11.0,81.418,Monaco,2024,0.2476489028213166,3.205651491365777,0.20689655172413793,0.16927899686520376,7.366771159874608,238.9035721142857,111.2308627673961,62.49080564962678,0.0
ALO,12.0,81.366,Monaco,2024,0.27613104524180965,3.284375,0.23244929797191888,0.14040561622464898,7.644305772230889,239.5,111.00344815032463,62.99938063109177,0.0046801872074883
ALO,13.0,81.428,Monaco,2024,0.28044871794871795,3.3836276083467096,0.22756410256410256,0.11378205128205128,7.371794871794872,270.5,112.33409782425531,62.237424349534294,0.0016025641025641025
ALO,14.0,81.392,Monaco,2024,0.27639751552795033,3.1477449455676516,0.2220496894409938,0.11956521739130435,7.298136645962733,270.5,110.76653499976985,63.43287137172255,0.004658385093167702
ALO,15.0,81.061,Monaco,2024,0.2532051282051282,3.0754414125200644,0.20833333333333334,0.14583333333333334,7.211538461538461,225.343752,111.08286576587433,62.89924038788022,0.003205128205128205
ALO,16.0,81.318,Monaco,2024,0.24170616113744076,2.981012658227848,0.21484992101105846,0.1579778830963665,7.424960505529225,,111.15357138380354,63.15092651285703,0.0
ALO,17.0,80.799,Monaco,2024,0.27479674796747966,3.1498371335504887,0.2146341463414634,0.1073170731707317,7.967479674796748,,111.57564027843821,64.02691081707532,0.0032520325203252032
ALO,18.0,81.075,Monaco,2024,0.26475548060708265,3.277027027027027,0.19898819561551434,0.1433389544688027,8.263069139966273,265.3250005333333,111.57970907461703,62.90358863616769,0.0
ALO,19.0,80.605,Monaco,2024,0.27378964941569284,3.270903010033445,0.22537562604340566,0.1001669449081803,8.347245409015025,214.0,111.35385306995336,64.79214232494235,0.00333889816360601
ALO,20.0,81.11,Monaco,2024,0.27450980392156865,3.1055328250227316,0.18627450980392157,0.13725490196078433,7.8431372549019605,268.0,111.09076614782532,62.88017848475697,0.0
ALO,21.0,80.317,Monaco,2024,0.2725752508361204,3.0913746973385448,0.22240802675585283,0.12709030100334448,8.02675585284281,273.0,110.21462907933349,64.22426803941175,0.0033444816053511705
ALO,22.0,81.037,Monaco,2024,0.2620578778135048,3.12877415394525,0.17684887459807075,0.14790996784565916,7.395498392282958,,110.97448820543946,61.72740537738878,0.003215434083601286
ALO,23.0,80.246,Monaco,2024,0.28135048231511256,3.1948470209339774,0.23311897106109325,0.10932475884244373,7.395498392282958,228.68906040000002,110.13567583263242,63.7714493840016,0.003215434083601286
ALO,24.0,81.413,Monaco,2024,0.25,3.1243781094527363,0.21357615894039736,0.14403973509933773,7.119205298013245,224.0,110.06719285721233,64.65811151502024,0.0
ALO,25.0,81.091,Monaco,2024,0.2664526484751204,3.1318327974276525,0.2102728731942215,0.14125200642054575,7.865168539325842,,111.14892661312643,63.261745169704035,0.006420545746388443
ALO,26.0,80.858,Monaco,2024,0.26557377049180325,3.4220032840722494,0.2180327868852459,0.14754098360655737,7.704918032786885,242.5,111.31701317230772,62.18028186818066,0.0
ALO,27.0,81.303,Monaco,2024,0.26604068857589985,3.2053134796238245,0.21439749608763695,0.13458528951486698,7.981220657276995,230.87142765714285,111.14086106587985,62.242965347263215,0.0
ALO,28.0,81.544,Monaco,2024,0.2528548123980424,3.2565522875816995,0.18760195758564438,0.15823817292006526,7.830342577487764,258.0,109.78192697613899,63.05544423276571,0.0016313213703099511
ALO,29.0,81.205,Monaco,2024,0.2536115569823435,3.2765273311897105,0.20545746388443017,0.13001605136436598,8.186195826645266,226.26022749090907,111.33232993836751,62.4367937534749,0.0
ALO,30.0,81.034,Monaco,2024,0.24644549763033174,3.0727848101265822,0.21484992101105846,0.14375987361769352,7.898894154818326,202.035712,113.58338573736177,61.92469199554282,0.001579778830963665
ALO,31.0,80.642,Monaco,2024,0.2681744749596123,3.2815533980582523,0.2197092084006462,0.14539579967689822,7.592891760904685,211.14134572307694,111.15395242056596,61.61967029337928,0.0
ALO,32.0,81.01,Monaco,2024,0.24509803921568626,3.1947626841243864,0.23039215686274508,0.15359477124183007,7.516339869281046,270.5,112.16350674020457,62.06562599822711,0.0
ALO,33.0,80.35,Monaco,2024,0.28452579034941766,3.4633333333333334,0.24792013311148087,0.11314475873544093,8.153078202995008,251.76706290793652,112.74809746966531,62.93416667896505,0.0
ALO,34.0,80.877,Monaco,2024,0.27874015748031494,3.3943217665615144,0.2283464566929134,0.12755905511811025,7.244094488188976,198.96785645714286,111.41101111811781,63.9287200406051,0.0015748031496062992
ALO,35.0,80.432,Monaco,2024,0.25165562913907286,3.5920398009950247,0.23013245033112584,0.1390728476821192,7.9470198675496695,216.29625056,111.81622147409988,62.724815704184216,0.0
ALO,36.0,81.128,Monaco,2024,0.2560777957860616,3.3993506493506493,0.22204213938411668,0.15721231766612642,7.941653160453808,,111.803774013151,62.266861754451845,0.004862236628849271
ALO,37.0,81.512,Monaco,2024,0.2544,3.2435897435897436,0.224,0.1456,7.84,203.69403629090908,110.89406021617621,62.85406731068893,0.0
ALO,38.0,81.082,Monaco,2024,0.24509803921568626,3.495908346972177,0.2630718954248366,0.13562091503267973,7.8431372549019605,227.8331288,111.64875873405859,64.45949896202264,0.0032679738562091504
ALO,39.0,81.265,Monaco,2024,0.2827140549273021,3.3915857605177995,0.21163166397415187,0.12762520193861066,7.915993537964459,261.390624,109.81133659684397,63.03393031975574,0.025848142164781908
ALO,40.0,80.755,Monaco,2024,0.2532258064516129,3.466882067851373,0.2403225806451613,0.13709677419354838,8.064516129032258,235.34444444444443,111.51420565688088,63.235006193770204,0.0
ALO,42.0,83.332,Monaco,2024,0.29652996845425866,3.612756777251185,0.20031545741324921,0.11829652996845426,8.517350157728707,272.2142848,108.35438796659308,60.6287994952753,0.006309148264984227
ALO,43.0,80.286,Monaco,2024,0.2736318407960199,3.2093023255813953,0.2537313432835821,0.10281923714759536,7.79436152570481,214.0,109.99749220579768,65.60137916910975,0.006633499170812604
ALO,44.0,78.852,Monaco,2024,0.2620232172470978,3.355481727574751,0.26533996683250416,0.11442786069651742,8.623548922056385,204.0,111.85357918759352,65.85994688780325,0.0
ALO,45.0,79.956,Monaco,2024,0.2824675324675325,3.2842773263956637,0.2711038961038961,0.11038961038961038,7.792207792207792,168.22500205714286,112.14741775183288,65.73419512473544,0.003246753246753247
ALO,46.0,78.928,Monaco,2024,0.28903654485049834,3.381313551192457,0.2757475083056478,0.10631229235880399,7.807308970099667,225.24907499682539,111.34750579683352,65.96252969880102,0.0016611295681063123
ALO,47.0,79.109,Monaco,2024,0.2263843648208469,3.2805872756933114,0.255700325732899,0.15472312703583063,7.980456026058631,195.4687478857143,111.95161654479143,65.00406511373878,0.0
ALO,48.0,80.315,Monaco,2024,0.24681528662420382,3.1827511299354607,0.2356687898089172,0.1449044585987261,8.121019108280255,244.2666645333333,110.39040852800998,64.3607813731635,0.0015923566878980893
ALO,49.0,79.837,Monaco,2024,0.36688311688311687,3.514496002488563,0.26785714285714285,0.10064935064935066,8.116883116883116,200.48541706666668,113.3894066571827,64.18531952633336,0.09090909090909091
ALO,50.0,79.334,Monaco,2024,0.249185667752443,3.298531810766721,0.2687296416938111,0.11400651465798045,8.306188925081432,277.5734372,111.50883815906214,64.57443958234889,0.0016286644951140066
ALO,51.0,80.636,Monaco,2024,0.2543720190779014,3.1337579617834397,0.20508744038155802,0.15580286168521462,7.790143084260731,255.01020805333332,109.51268065858567,64.06138282890905,0.001589825119236884
ALO,52.0,83.377,Monaco,2024,0.2857142857142857,3.1767920863965737,0.22340425531914893,0.13069908814589665,8.966565349544073,,107.59617684527909,65.47956942732927,0.0
ALO,53.0,79.992,Monaco,2024,0.2799325463743676,3.4410130774763896,0.24451939291736932,0.09780775716694773,8.600337268128163,238.38400000000001,111.98947892032714,64.61633775723867,0.0016863406408094434
ALO,54.0,79.191,Monaco,2024,0.2630718954248366,3.3089490300678044,0.2630718954248366,0.11274509803921569,7.8431372549019605,210.0718736,112.76364288042721,64.81336934759601,0.0032679738562091504
ALO,55.0,79.411,Monaco,2024,0.27768595041322314,3.42283043620309,0.26776859504132233,0.09256198347107437,8.099173553719009,284.0,112.39886575194672,64.81780627925674,0.0049586776859504135
ALO,56.0,80.739,Monaco,2024,0.3008130081300813,3.430961590445168,0.22439024390243903,0.0943089430894309,8.780487804878048,192.0,112.73360382470732,62.45900804621032,0.0065040650406504065
ALO,57.0,80.6,Monaco,2024,0.2755267423014587,3.3701298701298703,0.23824959481361427,0.1280388978930308,8.752025931928689,235.5,111.01635282197041,63.91745043879964,0.0
ALO,58.0,79.229,Monaco,2024,0.2838063439065108,3.431438127090301,0.2654424040066778,0.10350584307178631,8.180300500834726,203.51428205714285,111.90152996295029,65.16722582409861,0.00333889816360601
ALO,59.0,79.219,Monaco,2024,0.2696078431372549,3.3191489361702127,0.26143790849673204,0.10457516339869281,8.169934640522875,218.07749952,111.62731339581897,65.49340537220645,0.008169934640522876
ALO,60.0,79.166,Monaco,2024,0.2733333333333333,3.3896633286588758,0.26,0.11,7.833333333333334,269.5,113.17699291226329,64.81052648683642,0.0033333333333333335
ALO,61.0,78.752,Monaco,2024,0.2894736842105263,3.4194261386051616,0.27960526315789475,0.07730263157894737,8.223684210526317,275.1375008,112.67025749609626,65.7410715596948,0.0
ALO,62.0,78.816,Monaco,2024,0.2593192868719611,3.3279220779220777,0.2852512155591572,0.10048622366288493,7.6175040518638575,268.0,112.39242585646117,65.99267128379118,0.004862236628849271
ALO,63.0,78.556,Monaco,2024,0.26554621848739496,3.3737373737373737,0.2823529411764706,0.10252100840336134,8.235294117647058,237.0,113.62158498578063,65.1875374234646,0.005042016806722689
ALO,64.0,78.736,Monaco,2024,0.2694805194805195,3.378861788617886,0.28084415584415584,0.1038961038961039,7.954545454545454,250.11250144,112.91642563215152,65.24978917017356,0.0016233766233766235
ALO,65.0,78.633,Monaco,2024,0.28524046434494194,3.3488372093023258,0.2752902155887231,0.0945273631840796,8.12603648424544,235.2876429511111,111.32580467977107,65.83438985230366,0.004975124378109453
ALO,66.0,78.637,Monaco,2024,0.29180887372013653,3.5794871794871796,0.2781569965870307,0.08873720136518772,8.873720136518772,240.90729306666665,111.93052795394573,65.08890234417639,0.008532423208191127
ALO,67.0,78.126,Monaco,2024,0.25585284280936454,3.4840871021775546,0.2792642140468227,0.10535117056856187,8.361204013377927,264.2750016,110.81770786342219,66.01777776694945,0.011705685618729096
ALO,68.0,77.939,Monaco,2024,0.2747068676716918,3.402684563758389,0.3015075376884422,0.09380234505862646,8.877721943048575,203.4333333333333,111.68909005455386,66.32738112760622,0.005025125628140704
ALO,69.0,78.713,Monaco,2024,0.28,3.4557595993322203,0.2816666666666667,0.09333333333333334,8.166666666666666,237.0,111.01760775177023,67.35373702932127,0.0033333333333333335
ALO,70.0,78.473,Monaco,2024,0.2809364548494983,3.527638190954774,0.30434782608695654,0.08528428093645485,8.695652173913043,227.0,113.77835658666088,66.4392832707633,0.015050167224080268
ALO,71.0,78.133,Monaco,2024,0.26178861788617885,3.3713355048859937,0.2959349593495935,0.09268292682926829,9.105691056910569,199.0,111.3027040795853,66.65764688119799,0.0016260162601626016
ALO,72.0,78.081,Monaco,2024,0.2582781456953642,3.3665008291873963,0.30132450331125826,0.10927152317880795,8.940397350993377,,110.66689179290191,66.75622791737334,0.0033112582781456954
ALO,73.0,78.504,Monaco,2024,0.2603648424543947,3.4086378737541527,0.30016583747927034,0.09618573797678276,7.960199004975125,205.26388977777776,112.11550339139244,66.42070354545473,0.003316749585406302
ALO,74.0,80.336,Monaco,2024,0.2631578947368421,3.3258785942492013,0.26953748006379585,0.09250398724082935,8.293460925039872,274.53,109.86149823049173,65.62885202511129,0.001594896331738437
ALO,75.0,78.663,Monaco,2024,0.2711038961038961,3.396747967479675,0.3051948051948052,0.09253246753246754,8.279220779220779,239.98602424982514,110.74448145704635,67.51915464384544,0.006493506493506494
ALO,76.0,79.053,Monaco,2024,0.2590759075907591,3.424114522975206,0.29207920792079206,0.11551155115511551,7.920792079207921,226.97749728,110.62368873213038,66.95540569928438,0.0033003300330033004
HAM,23.0,79.089,Monaco,2024,0.28760330578512394,3.556291390728477,0.21487603305785125,0.10578512396694215,5.950413223140496,268.0,105.98796146460943,62.74113504413894,0.003305785123966942
HAM,24.0,78.785,Monaco,2024,0.2986348122866894,3.572649572649573,0.22866894197952217,0.10409556313993173,6.313993174061433,,107.22536026245858,63.605291245105214,0.0034129692832764505
HAM,25.0,79.342,Monaco,2024,0.277504105090312,3.2828947368421053,0.18883415435139572,0.14942528735632185,5.582922824302135,,101.08492575521983,62.948021583508925,0.011494252873563218
HAM,27.0,78.549,Monaco,2024,0.26904376012965964,3.3603896103896105,0.23824959481361427,0.12641815235008103,5.6726094003241485,,106.41997209793819,64.11064968016038,0.006482982171799027
HAM,28.0,78.587,Monaco,2024,0.2838063439065108,3.448160535117057,0.21368948247078465,0.12353923205342238,6.176961602671119,270.0,104.69261639597465,63.59048740822209,0.00333889816360601
HAM,29.0,78.94,Monaco,2024,0.29187396351575456,3.398671096345515,0.2222222222222222,0.09950248756218906,5.804311774461028,,102.91827561891272,63.54938519385433,0.009950248756218905
HAM,30.0,78.371,Monaco,2024,0.27,3.495861155258765,0.22166666666666668,0.12666666666666668,6.333333333333334,270.0,105.29992408029162,64.78131187627514,0.0
HAM,31.0,78.471,Monaco,2024,0.27545909849749584,3.5852494448160535,0.2370617696160267,0.13689482470784642,5.843071786310518,,103.55756708551361,63.601053561119826,0.00667779632721202
HAM,32.0,78.618,Monaco,2024,0.28217821782178215,3.4016528925619833,0.22277227722772278,0.11716171617161716,5.2805280528052805,217.0,103.36574151865747,63.0963433720121,0.0033003300330033004
HAM,33.0,78.746,Monaco,2024,0.2529711375212224,3.595801912806862,0.21901528013582344,0.12903225806451613,5.942275042444821,,105.0755430325471,63.12582672760287,0.003395585738539898
HAM,34.0,78.86,Monaco,2024,0.2730210016155089,3.355450607232306,0.2197092084006462,0.12924071082390953,5.654281098546042,,105.0113446130363,63.07758836546426,0.0016155088852988692
HAM,37.0,78.605,Monaco,2024,0.2857142857142857,3.310569105691057,0.2224025974025974,0.125,5.681818181818182,,104.74893037856422,64.15929821152258,0.00974025974025974
HAM,39.0,78.943,Monaco,2024,0.27049180327868855,3.3136288998357966,0.2081967213114754,0.12459016393442623,5.409836065573771,,103.6846977798291,63.275773437442766,0.004918032786885246
HAM,40.0,78.673,Monaco,2024,0.29797979797979796,3.372681281618887,0.20875420875420875,0.1127946127946128,5.892255892255893,,108.30097399781671,62.89658624410623,0.011784511784511785
HAM,41.0,78.946,Monaco,2024,0.28314238952536824,3.324590163934426,0.19639934533551553,0.1260229132569558,5.073649754500818,,105.92967464537945,62.77029727457019,0.008183306055646482
HAM,42.0,77.542,Monaco,2024,0.306368330464716,3.593103448275862,0.21514629948364888,0.0981067125645439,5.851979345955249,,108.4965362393027,63.996331856084566,0.0051635111876075735
HAM,43.0,77.867,Monaco,2024,0.2866779089376054,3.439189189189189,0.25126475548060706,0.12647554806070826,5.564924114671164,226.5,106.48645957397176,64.01480694387091,0.016863406408094434
HAM,44.0,78.225,Monaco,2024,0.2869269949066214,3.6564625850340136,0.22920203735144312,0.11035653650254669,5.772495755517826,260.0,106.61791232908051,64.17798116467807,0.015280135823429542
HAM,45.0,78.156,Monaco,2024,0.29042904290429045,3.4578512396694214,0.2145214521452145,0.10726072607260725,5.2805280528052805,,103.17498460624718,64.42360731313073,0.0049504950495049506
HAM,46.0,78.104,Monaco,2024,0.25833333333333336,3.4691151919866443,0.21333333333333335,0.12833333333333333,5.833333333333333,,101.62989671050899,63.79159675656116,0.016666666666666666
HAM,47.0,78.331,Monaco,2024,0.2948073701842546,3.4731543624161074,0.21273031825795644,0.10050251256281408,5.360134003350084,,105.79711841763265,63.66853487797942,0.018425460636515914
HAM,48.0,77.831,Monaco,2024,0.2895174708818636,3.4033333333333333,0.22628951747088186,0.1064891846921797,5.657237936772046,212.85681541818184,105.65401228867827,64.38397094541911,0.009983361064891847
HAM,49.0,77.398,Monaco,2024,0.3069306930693069,3.48099173553719,0.22937293729372937,0.10231023102310231,6.6006600660066,,104.84678123015509,66.16232199807486,0.01485148514851485
HAM,50.0,78.461,Monaco,2024,0.3194675540765391,3.4233333333333333,0.2113144758735441,0.09151414309484193,5.823627287853577,236.06227588606995,106.63193530926468,64.9536399068477,0.009983361064891847
HAM,53.0,76.458,Monaco,2024,0.3167808219178082,3.554030874785592,0.238013698630137,0.0821917808219178,7.191780821917808,,106.28808197106962,65.66537447176167,0.015410958904109588
HAM,54.0,76.388,Monaco,2024,0.2874564459930314,3.668411867364747,0.2787456445993031,0.08885017421602788,6.097560975609756,,105.28418622838895,67.22636080527221,0.0156794425087108
HAM,55.0,76.492,Monaco,2024,0.327150084317032,3.793918918918919,0.2630691399662732,0.06913996627318718,6.239460370994941,,108.77436321476938,65.79925018358408,0.021922428330522766
HAM,56.0,74.423,Monaco,2024,0.2964912280701754,3.961335676625659,0.34210526315789475,0.07894736842105263,7.5438596491228065,171.8286209691409,108.5933682546636,67.01928154248525,0.031578947368421054
HAM,57.0,77.857,Monaco,2024,0.2946127946127946,3.399662731871838,0.2037037037037037,0.11447811447811448,6.7340067340067336,262.0,104.58190335706624,64.71852939294027,0.013468013468013467
HAM,58.0,76.855,Monaco,2024,0.3003412969283277,3.5487179487179485,0.22013651877133106,0.07679180887372014,6.313993174061433,,107.09201957361077,65.26310431822289,0.008532423208191127
HAM,59.0,74.204,Monaco,2024,0.2852112676056338,3.8977072310405645,0.34683098591549294,0.05985915492957746,7.21830985915493,227.0,111.23141280149838,66.04506333017457,0.014084507042253521
HAM,60.0,75.848,Monaco,2024,0.29982668977469673,3.638888888888889,0.22530329289428075,0.09878682842287695,6.759098786828423,,104.46320019856194,65.29432081542647,0.022530329289428077
HAM,61.0,75.274,Monaco,2024,0.29553264604810997,3.521514629948365,0.3178694158075601,0.08075601374570447,6.357388316151202,,105.77610584572787,66.68249253907933,0.01718213058419244
HAM,62.0,75.414,Monaco,2024,0.3019197207678883,3.727272727272727,0.28970331588132636,0.08202443280977312,6.980802792321117,277.0,109.57834507751856,65.97941260827334,0.013961605584642234
HAM,63.0,74.165,Monaco,2024,0.2923076923076923,3.6986301369863015,0.3384615384615385,0.05982905982905983,7.0085470085470085,261.0,110.61502455227064,67.04530375220553,0.023931623931623933
HAM,64.0,76.164,Monaco,2024,0.3094405594405594,3.6952714535901925,0.2867132867132867,0.08916083916083917,6.293706293706294,289.9687504,108.57855348746926,66.67651276097848,0.017482517482517484
HAM,65.0,75.19,Monaco,2024,0.3122866894197952,3.5931623931623933,0.3037542662116041,0.06655290102389079,6.484641638225256,187.7750016,112.00026809542032,66.20788128085108,0.01877133105802048
HAM,66.0,75.342,Monaco,2024,0.2829861111111111,3.7379130323478265,0.2829861111111111,0.08333333333333333,6.597222222222222,,106.66693962948025,66.53155022879463,0.010416666666666666
HAM,67.0,76.117,Monaco,2024,0.2874354561101549,3.3964511595402302,0.24096385542168675,0.0963855421686747,6.540447504302927,,104.05374490600688,64.45899961447154,0.01721170395869191
HAM,68.0,75.836,Monaco,2024,0.284452296819788,3.6756784670206484,0.27208480565371024,0.10247349823321555,6.007067137809187,,104.96934370558735,65.58667118450487,0.019434628975265017
HAM,69.0,75.648,Monaco,2024,0.282312925170068,3.5502555366269166,0.282312925170068,0.09693877551020408,6.63265306122449,219.0,105.7797447318273,66.6144086766821,0.003401360544217687
HAM,70.0,75.638,Monaco,2024,0.29642248722316866,3.4982935153583616,0.252129471890971,0.0817717206132879,6.473594548551959,,103.86672405108098,66.37551437206349,0.01192504258943782
HAM,71.0,75.643,Monaco,2024,0.28471001757469244,3.683098591549296,0.2741652021089631,0.08611599297012303,6.6783831282952555,,108.03893538131139,64.94539424144337,0.01757469244288225
HAM,72.0,75.468,Monaco,2024,0.31153184165232356,3.610344827586207,0.3029259896729776,0.07228915662650602,6.712564543889846,,109.2649172180457,66.64174051190477,0.022375215146299483
HAM,73.0,75.134,Monaco,2024,0.27533783783783783,3.526226734348562,0.30574324324324326,0.08952702702702703,6.587837837837837,172.0562272,107.18777255023741,65.61745862445908,0.008445945945945946
HAM,74.0,75.324,Monaco,2024,0.32469775474956825,3.71280276816609,0.2918825561312608,0.06563039723661486,6.563039723661486,257.5,106.12804863398502,66.62367382531424,0.024179620034542316
HAM,75.0,75.324,Monaco,2024,0.2970639032815199,3.685121107266436,0.3005181347150259,0.06044905008635579,6.390328151986183,195.9222208,106.92709784797155,66.37030998282134,0.018998272884283247
HAM,76.0,75.245,Monaco,2024,0.3108108108108108,3.7292724196277494,0.30067567567567566,0.06925675675675676,6.081081081081082,211.0,107.69383547622179,67.23359000286267,0.016891891891891893
HAM,77.0,75.697,Monaco,2024,0.3157894736842105,3.6126287504827745,0.298811544991511,0.07470288624787776,6.451612903225806,,104.91573040437663,67.90071647495324,0.025466893039049237
HAM,78.0,76.355,Monaco,2024,0.31551724137931036,3.7992647577135212,0.24655172413793103,0.07586206896551724,6.551724137931035,182.88750506666668,103.8885636849968,67.38675723219097,0.02413793103448276
LEC,9.0,80.114,Monaco,2024,0.3108974358974359,3.377207062600321,0.26282051282051283,0.060897435897435896,6.570512820512821,214.0,113.59696850628272,64.07704902288944,0.014423076923076924
LEC,12.0,80.252,Monaco,2024,0.3157051282051282,3.340184591203852,0.26121794871794873,0.07692307692307693,5.769230769230769,215.0,112.83108912502394,64.12384244136959,0.016025641025641024
LEC,13.0,79.017,Monaco,2024,0.29449838187702265,3.510640193970827,0.30906148867313915,0.06796116504854369,6.148867313915858,203.96686720669229,114.7727479134153,64.53906201126463,0.016181229773462782
LEC,14.0,79.913,Monaco,2024,0.27980922098569155,3.288216560509554,0.28298887122416533,0.07790143084260731,6.041335453100159,,112.31104116156318,65.1450997979465,0.02384737678855326
LEC,15.0,79.838,Monaco,2024,0.27463651050080773,3.378640776699029,0.2762520193861066,0.09531502423263329,6.623586429725363,193.74642605714286,113.91934309804023,64.4756869941497,0.008077544426494346
LEC,16.0,80.156,Monaco,2024,0.30392156862745096,3.4828150572831422,0.2777777777777778,0.058823529411764705,6.045751633986928,220.0,114.09055097082219,64.42219419064111,0.00980392156862745
LEC,17.0,80.279,Monaco,2024,0.32310177705977383,3.440129449838188,0.24878836833602586,0.061389337641357025,5.977382875605816,277.0,111.46731530967152,64.58409258875187,0.01615508885298869
LEC,18.0,79.58,Monaco,2024,0.32046979865771813,3.5394957983193276,0.2701342281879195,0.0436241610738255,6.879194630872483,,113.26158103492561,64.8406139431806,0.008389261744966443
LEC,19.0,78.842,Monaco,2024,0.28324697754749567,3.782006920415225,0.2867012089810017,0.05872193436960276,6.563039723661486,206.71211907878788,115.37652460580361,63.54730358368759,0.008635578583765112
LEC,20.0,78.724,Monaco,2024,0.3114478114478115,3.6290050590219223,0.2845117845117845,0.08080808080808081,6.0606060606060606,223.0,115.65490451399184,64.13716503109839,0.025252525252525252
LEC,21.0,78.472,Monaco,2024,0.2927241962774958,3.6338983050847458,0.27411167512690354,0.07952622673434856,6.260575296108291,230.96428571428572,116.12273352115118,64.45347123229547,0.01015228426395939
LEC,22.0,78.62,Monaco,2024,0.2897822445561139,3.557046979865772,0.2797319932998325,0.07370184254606366,6.532663316582915,207.0,115.20805194814831,63.84738962603373,0.006700167504187605
LEC,23.0,78.458,Monaco,2024,0.29194630872483224,3.6100840336134454,0.2835570469798658,0.07046979865771812,6.879194630872483,244.7095123292571,117.10123026260075,64.20901415893019,0.013422818791946308
LEC,24.0,78.725,Monaco,2024,0.272419627749577,3.616949152542373,0.26057529610829105,0.09137055837563451,6.429780033840947,200.98055182222222,114.87748782423718,64.1527099669825,0.00676818950930626
LEC,25.0,78.973,Monaco,2024,0.2878289473684211,3.4233937397034597,0.2911184210526316,0.046052631578947366,6.25,219.1375008,116.25183289311029,65.34792667253261,0.003289473684210526
LEC,26.0,78.445,Monaco,2024,0.2765598650927487,3.4932432432432434,0.28330522765598654,0.06070826306913996,6.745362563237774,209.57499977142857,114.2338256889776,66.30995315281199,0.011804384485666104
LEC,27.0,78.351,Monaco,2024,0.2897350993377483,3.572139303482587,0.26158940397350994,0.07781456953642384,6.125827814569536,268.0,115.213351577319,64.42543648450828,0.009933774834437087
LEC,28.0,78.71,Monaco,2024,0.30033003300330036,3.4578512396694214,0.27887788778877887,0.07755775577557755,6.9306930693069315,243.0,115.02360880322777,64.98257998743948,0.024752475247524754
LEC,29.0,79.053,Monaco,2024,0.2854757929883139,3.5618729096989967,0.2570951585976628,0.0667779632721202,6.3439065108514185,232.82083146666668,116.598895698409,64.07762134727797,0.008347245409015025
LEC,30.0,79.935,Monaco,2024,0.30048465266558966,3.3980582524271843,0.23263327948303716,0.08723747980613894,6.138933764135703,240.5055713861934,113.65513573963877,63.2405903975541,0.012924071082390954
LEC,31.0,78.393,Monaco,2024,0.3106312292358804,3.584026622296173,0.2541528239202658,0.0681063122923588,6.810631229235881,223.93910071794872,114.30275134357645,64.88385729579366,0.019933554817275746
LEC,32.0,79.125,Monaco,2024,0.29042904290429045,3.4909090909090907,0.2508250825082508,0.0858085808580858,6.6006600660066,192.0999936,114.76609638855223,65.33081708759924,0.019801980198019802
LEC,33.0,78.494,Monaco,2024,0.3015075376884422,3.5134228187919465,0.2613065326633166,0.06197654941373534,6.197654941373535,212.55348044444446,115.12408342238336,65.64205652139262,0.01340033500837521
LEC,34.0,79.319,Monaco,2024,0.3294314381270903,3.5142378559463987,0.2140468227424749,0.056856187290969896,6.187290969899665,244.87570054330453,114.54285434790783,64.11560166516092,0.008361204013377926
LEC,35.0,78.53,Monaco,2024,0.3022875816993464,3.4729950900163664,0.25326797385620914,0.0718954248366013,6.045751633986928,228.8316672,115.48372319582455,65.05766957886834,0.011437908496732025
LEC,36.0,78.689,Monaco,2024,0.2782462057335582,3.68806701003861,0.25463743676222594,0.08263069139966273,6.57672849915683,242.29468865771022,115.5321570051658,64.12551859754737,0.011804384485666104
LEC,37.0,78.925,Monaco,2024,0.296849087893864,3.482831113051732,0.2470978441127695,0.087893864013267,5.970149253731343,204.5555591111111,115.14413455228839,63.928694846429224,0.01658374792703151
LEC,38.0,78.528,Monaco,2024,0.29900332225913623,3.5274542429284526,0.26411960132890366,0.0681063122923588,6.4784053156146175,,115.26531717466764,65.67800568058324,0.013289036544850499
LEC,39.0,78.181,Monaco,2024,0.2707275803722504,3.616949152542373,0.2622673434856176,0.07445008460236886,6.260575296108291,231.02708213333335,116.57862551436003,64.89055713717386,0.011844331641285956
LEC,40.0,78.733,Monaco,2024,0.30318257956448913,3.476510067114094,0.2646566164154104,0.09045226130653267,6.197654941373535,,114.36810100142753,65.86291506504625,0.021775544388609715
LEC,41.0,78.694,Monaco,2024,0.2909090909090909,3.4950331125827816,0.2694214876033058,0.07603305785123966,6.446280991735537,,114.47966288746046,66.42327059635892,0.0049586776859504135
LEC,42.0,79.277,Monaco,2024,0.3185550082101806,3.4130066339431506,0.277504105090312,0.0722495894909688,6.568144499178982,235.98833290666667,113.33108641229695,66.33508807356208,0.019704433497536946
LEC,43.0,77.865,Monaco,2024,0.2847457627118644,3.6217435770501942,0.2847457627118644,0.07796610169491526,6.610169491525424,258.1785709714286,117.23777605691384,64.53045934101463,0.011864406779661017
LEC,44.0,78.276,Monaco,2024,0.295221843003413,3.6251025635555556,0.27303754266211605,0.06655290102389079,6.996587030716723,256.82143085714284,115.11458213601821,65.63668993548433,0.017064846416382253
LEC,45.0,78.541,Monaco,2024,0.29,3.5893155258764606,0.26666666666666666,0.07333333333333333,6.666666666666667,260.0,115.64868132492956,64.23118187365628,0.015
LEC,46.0,78.567,Monaco,2024,0.29256198347107437,3.456953642384106,0.24462809917355371,0.0859504132231405,6.446280991735537,240.81074010074076,115.6097752780715,64.46052900118241,0.01487603305785124
LEC,47.0,79.185,Monaco,2024,0.29187396351575456,3.4551495016611296,0.23880597014925373,0.0779436152570481,6.467661691542288,212.0,114.73633091291443,64.86035025361512,0.008291873963515755
LEC,48.0,77.941,Monaco,2024,0.2727272727272727,3.4536423841059603,0.2743801652892562,0.10743801652892562,6.776859504132231,264.5,115.80860182308255,65.01603005887807,0.003305785123966942
LEC,49.0,78.506,Monaco,2024,0.2780487804878049,3.446254071661238,0.2552845528455285,0.0943089430894309,6.666666666666667,,114.54792353088482,64.83276192005863,0.0032520325203252032
LEC,50.0,78.185,Monaco,2024,0.2757475083056478,3.5274542429284526,0.2807308970099668,0.07807308970099668,6.64451827242525,251.91071314285716,115.38934597752535,65.76778780286644,0.0049833887043189366
LEC,51.0,77.79,Monaco,2024,0.30756302521008405,3.589225589225589,0.27563025210084036,0.06554621848739496,7.0588235294117645,236.0,115.32986812237705,65.78145261045255,0.013445378151260505
LEC,52.0,78.311,Monaco,2024,0.275974025974026,3.4048780487804877,0.28084415584415584,0.08116883116883117,6.6558441558441555,247.881252,113.92368623865532,67.3809938158022,0.00974025974025974
LEC,53.0,77.748,Monaco,2024,0.28664495114006516,3.4518760195758564,0.2785016286644951,0.07654723127035831,6.514657980456026,194.25,114.76253433564742,65.7735371803929,0.021172638436482084
LEC,54.0,77.357,Monaco,2024,0.27615780445969124,3.6907216494845363,0.2692967409948542,0.08919382504288165,6.518010291595197,218.5,115.77669966646302,66.05516252767231,0.017152658662092625
LEC,55.0,77.444,Monaco,2024,0.2845117845117845,3.5969224274311413,0.2878787878787879,0.0723905723905724,6.7340067340067336,265.0,117.40877725003027,64.82649594365277,0.018518518518518517
LEC,56.0,77.266,Monaco,2024,0.30256410256410254,3.672988014611872,0.2923076923076923,0.06324786324786325,6.666666666666667,215.0,115.08491767943876,65.8597620237177,0.023931623931623933
LEC,57.0,77.64,Monaco,2024,0.280672268907563,3.5367055973063968,0.30084033613445377,0.07899159663865546,6.890756302521009,208.5625,114.93068062572546,65.42205473337005,0.030252100840336135
LEC,58.0,77.028,Monaco,2024,0.2920203735144312,3.5598586312925167,0.30220713073005095,0.06281833616298811,6.281833616298811,,114.60216362601665,66.13220078539153,0.01867572156196944
LEC,59.0,77.034,Monaco,2024,0.27563025210084036,3.5774410774410774,0.2991596638655462,0.058823529411764705,7.0588235294117645,246.47738128253968,113.73218493916931,66.65097244543132,0.005042016806722689
LEC,60.0,76.414,Monaco,2024,0.30153321976149916,3.551194539249147,0.3049403747870528,0.049403747870528106,6.814310051107325,265.0,116.61214614384258,65.21839698844056,0.008517887563884156
LEC,61.0,76.863,Monaco,2024,0.2781569965870307,3.5794871794871796,0.2935153583617747,0.07167235494880546,6.313993174061433,220.6124992,116.19227537812814,66.07547627800399,0.005119453924914676
LEC,62.0,77.454,Monaco,2024,0.29310344827586204,3.70293609671848,0.2603448275862069,0.06551724137931035,7.06896551724138,260.0,116.80666528426369,65.32816968266808,0.02586206896551724
LEC,63.0,76.971,Monaco,2024,0.2836065573770492,3.4745484400656816,0.29180327868852457,0.08852459016393442,6.229508196721312,212.32142262857144,117.34440016985847,65.82933018495851,0.021311475409836064
LEC,64.0,76.56,Monaco,2024,0.27101200686106347,3.683848797250859,0.2967409948542024,0.08747855917667238,6.174957118353345,210.48312592,116.29549070626781,64.98575945175847,0.022298456260720412
LEC,65.0,76.607,Monaco,2024,0.288135593220339,3.524617996604414,0.2983050847457627,0.06271186440677966,6.779661016949152,268.8928548571429,117.25182743822398,65.91769229063719,0.013559322033898305
LEC,66.0,76.489,Monaco,2024,0.2891156462585034,3.55366269165247,0.30952380952380953,0.0663265306122449,6.63265306122449,222.45416640000002,116.2336473737147,66.5716578372078,0.017006802721088437
LEC,67.0,75.941,Monaco,2024,0.28620689655172415,3.6580310880829017,0.30689655172413793,0.05517241379310345,7.586206896551724,229.25,117.77921354960559,66.23708331179989,0.010344827586206896
LEC,68.0,76.082,Monaco,2024,0.2814159292035398,3.826241134751773,0.30796460176991153,0.0743362831858407,7.079646017699115,202.0,117.48344066502305,66.45545822058656,0.005309734513274336
LEC,69.0,76.373,Monaco,2024,0.2857142857142857,3.507487520798669,0.30398671096345514,0.05813953488372093,6.976744186046512,,116.14896093590974,66.28878419280805,0.0016611295681063123
LEC,70.0,75.767,Monaco,2024,0.2961672473867596,3.6928446771378707,0.34668989547038326,0.03484320557491289,7.142857142857142,210.0,118.19519507118405,66.95087296303512,0.029616724738675958
LEC,71.0,75.162,Monaco,2024,0.2789473684210526,3.757469244288225,0.34385964912280703,0.05087719298245614,7.017543859649122,243.0,118.3003235371126,66.81958206797982,0.01929824561403509
LEC,72.0,75.547,Monaco,2024,0.2582322357019064,3.7465277777777777,0.31369150779896016,0.07105719237435008,7.625649913344887,239.6125,117.53816117647682,66.4735236903056,0.01559792027729636
LEC,73.0,76.219,Monaco,2024,0.2854757929883139,3.5217391304347827,0.27879799666110183,0.06844741235392321,7.0116861435726205,226.66666666666666,117.10047471534399,65.65395325428659,0.011686143572621035
LEC,74.0,76.105,Monaco,2024,0.28449744463373083,3.63481228668942,0.3049403747870528,0.06473594548551959,7.155025553662692,,117.98414139772542,66.62082047066836,0.017035775127768313
LEC,75.0,76.387,Monaco,2024,0.30390492359932086,3.5884353741496597,0.300509337860781,0.04753820033955857,7.130730050933787,285.0,117.13135935969571,66.97246750906469,0.01867572156196944
LEC,76.0,76.808,Monaco,2024,0.3071786310517529,3.5050167224080266,0.3021702838063439,0.04340567612687813,7.178631051752922,284.88,117.69475263218037,65.39839188297879,0.001669449081803005
LEC,77.0,76.933,Monaco,2024,0.27860696517412936,3.514950166112957,0.2902155887230514,0.06467661691542288,7.2968490878938645,223.5,117.91015971364202,66.22165188511181,0.006633499170812604
LEC,78.0,78.636,Monaco,2024,0.3018242122719735,3.740863787375415,0.21393034825870647,0.06135986733001658,6.799336650082918,,114.85278194067082,62.54217529000698,0.013266998341625208
NOR,7.0,80.828,Monaco,2024,0.265905383360522,3.503267973856209,0.21859706362153344,0.1500815660685155,6.199021207177815,,114.9169771908569,63.70656230314808,0.004893964110929853
NOR,8.0,80.82,Monaco,2024,0.2761437908496732,3.381342062193126,0.2222222222222222,0.13562091503267973,5.065359477124183,,117.88740489535583,62.60070686814176,0.0
NOR,9.0,80.397,Monaco,2024,0.26357827476038337,3.2448,0.20447284345047922,0.15335463258785942,5.7507987220447285,,116.81960062409635,62.89376042450465,0.0
NOR,10.0,80.972,Monaco,2024,0.24630541871921183,3.289473684210526,0.1921182266009852,0.17898193760262726,5.582922824302135,197.8218752,117.88924806912765,63.640480532862256,0.0
NOR,11.0,80.87,Monaco,2024,0.26782884310618066,3.1746031746031744,0.19968304278922344,0.1537242472266244,5.388272583201268,,116.50496242724876,63.225684494450704,0.0
NOR,12.0,79.933,Monaco,2024,0.2512,3.2144070523076924,0.2048,0.1664,5.28,218.0,116.07435001666312,64.22632880785778,0.0016
NOR,13.0,79.82,Monaco,2024,0.23557692307692307,3.274815408282504,0.20993589743589744,0.17147435897435898,5.929487179487179,196.0,116.701248802608,64.18464125086221,0.0016025641025641025
NOR,14.0,79.385,Monaco,2024,0.27403846153846156,3.3868378812199036,0.21153846153846154,0.14102564102564102,5.769230769230769,,118.54643171455828,64.05422537567254,0.0
NOR,15.0,79.775,Monaco,2024,0.2358642972536349,3.3169660188996763,0.17609046849757673,0.1631663974151858,5.654281098546042,,117.7994810684093,63.46172603069549,0.0
NOR,16.0,79.637,Monaco,2024,0.27257799671592775,3.287195741754386,0.20032840722495895,0.14942528735632185,6.075533661740558,276.0,115.61790906594224,64.51348806848743,0.0016420361247947454
NOR,17.0,80.337,Monaco,2024,0.24232633279483037,3.22896438403452,0.19547657512116318,0.17932148626817448,5.654281098546042,,117.30831364134609,63.669670852052,0.0016155088852988692
NOR,18.0,79.398,Monaco,2024,0.25844594594594594,3.374548660093134,0.17905405405405406,0.17398648648648649,6.081081081081082,270.0,116.7955697705783,64.57499890421404,0.0
NOR,19.0,79.28,Monaco,2024,0.26506024096385544,3.475244382560272,0.20654044750430292,0.1514629948364888,6.368330464716007,214.72142994285716,115.71755188753592,64.15476890756695,0.0
NOR,20.0,79.043,Monaco,2024,0.2621035058430718,3.347826086956522,0.2036727879799666,0.14023372287145242,6.176961602671119,,118.01302498068533,64.82691057578866,0.00333889816360601
NOR,21.0,78.983,Monaco,2024,0.2542087542087542,3.494097807757167,0.19865319865319866,0.16498316498316498,6.228956228956229,,119.3120137979609,63.85757422132891,0.0
NOR,22.0,78.981,Monaco,2024,0.27121464226289516,3.3380937493333334,0.18801996672212978,0.1497504159733777,6.156405990016639,213.0,117.52437310516846,65.00948075562378,0.0033277870216306157
NOR,23.0,79.194,Monaco,2024,0.255,3.247318448080134,0.21,0.15666666666666668,6.166666666666667,216.0,117.78755875094924,64.84232908689039,0.008333333333333333
NOR,24.0,78.699,Monaco,2024,0.24662162162162163,3.3408689860285232,0.22297297297297297,0.16216216216216217,6.081081081081082,209.0,117.67721214636859,65.785410033994,0.0
NOR,25.0,78.64,Monaco,2024,0.25662251655629137,3.2397121546552947,0.21357615894039736,0.15728476821192053,5.7947019867549665,,118.04461162660617,64.28294815729761,0.0
NOR,26.0,78.396,Monaco,2024,0.25844594594594594,3.3434856175972927,0.21621621621621623,0.16385135135135134,6.081081081081082,221.79166666666669,118.6678932305066,64.47646277331957,0.0
NOR,27.0,78.72,Monaco,2024,0.24877250409165302,3.2557377049180327,0.2144026186579378,0.15711947626841244,5.8919803600654665,,117.80793582274013,65.4078907262732,0.0032733224222585926
NOR,28.0,79.238,Monaco,2024,0.2660098522167488,3.2384868421052633,0.22167487684729065,0.16748768472906403,6.075533661740558,,118.1524241415716,64.58364925506595,0.0
NOR,29.0,78.766,Monaco,2024,0.2608695652173913,3.3385724914945096,0.20066889632107024,0.1605351170568562,6.0200668896321075,267.0,117.35181932690752,65.31233307997326,0.005016722408026756
NOR,30.0,78.403,Monaco,2024,0.26567656765676567,3.3254086323599634,0.23102310231023102,0.14521452145214522,5.9405940594059405,,118.65388082276382,66.1426423832768,0.0
NOR,31.0,78.78,Monaco,2024,0.2733333333333333,3.328881469115192,0.21833333333333332,0.14333333333333334,5.5,269.0,116.87949346510551,65.57159377453462,0.0
NOR,32.0,79.538,Monaco,2024,0.28431372549019607,3.2102058018237085,0.20915032679738563,0.1388888888888889,6.372549019607843,,116.45378486733169,65.89363199998618,0.0032679738562091504
NOR,33.0,79.233,Monaco,2024,0.24666666666666667,3.226317621178154,0.2,0.17,6.166666666666667,248.0,116.0430799452294,64.76184003873936,0.0
NOR,34.0,79.243,Monaco,2024,0.2778702163061564,3.3466666666666667,0.22129783693843594,0.1497504159733777,5.823627287853577,,118.38073643344242,65.93107557101906,0.004991680532445923
NOR,35.0,78.714,Monaco,2024,0.27823240589198034,3.226229508196721,0.21112929623567922,0.14566284779050737,5.8919803600654665,284.0,118.38079670594972,65.86274439011689,0.0
NOR,36.0,78.582,Monaco,2024,0.2478920741989882,3.347972972972973,0.20067453625632378,0.16694772344013492,6.57672849915683,,117.25239573193339,65.26987294320443,0.0
NOR,37.0,77.958,Monaco,2024,0.2814070351758794,3.4093959731543624,0.21273031825795644,0.1273031825795645,6.197654941373535,,118.74291002182568,65.19513570787336,0.006700167504187605
NOR,38.0,77.994,Monaco,2024,0.2751677852348993,3.4157492992717087,0.21140939597315436,0.12583892617449666,6.208053691275168,207.0,121.31024759709463,65.37174007565972,0.003355704697986577
NOR,39.0,78.303,Monaco,2024,0.2702702702702703,3.4507684746756913,0.19594594594594594,0.15371621621621623,6.25,,117.78627425670881,66.25106383279993,0.0
NOR,40.0,78.824,Monaco,2024,0.2902684563758389,3.321386551932773,0.20973154362416108,0.11912751677852348,6.208053691275168,,117.28428605487437,66.69520156790702,0.0
NOR,41.0,78.519,Monaco,2024,0.28171334431630973,3.443613851881188,0.24052718286655683,0.14497528830313014,6.260296540362438,,118.47539298273632,64.8693249502229,0.0016474464579901153
NOR,42.0,79.436,Monaco,2024,0.2913907284768212,3.4181923810281925,0.19701986754966888,0.16225165562913907,6.125827814569536,275.0,117.59624566039497,65.73775625873324,0.019867549668874173
NOR,43.0,79.796,Monaco,2024,0.2838499184339315,3.3326298054708303,0.19738988580750408,0.12398042414355628,6.525285481239804,,116.04542277177734,63.93353743320294,0.0032626427406199023
NOR,44.0,78.906,Monaco,2024,0.27164685908319186,3.422500950768456,0.2427843803056027,0.15280135823429541,5.942275042444821,,117.15286299788876,65.57841825603695,0.0
NOR,45.0,77.897,Monaco,2024,0.26138279932546377,3.439189189189189,0.23946037099494097,0.1281618887015177,6.408094435075886,,118.26995018076202,66.56677572273826,0.0
NOR,46.0,78.215,Monaco,2024,0.26611570247933886,3.3741721854304636,0.24793388429752067,0.13388429752066117,6.115702479338843,176.8249984,117.95904664272567,65.8291435497636,0.003305785123966942
NOR,47.0,78.141,Monaco,2024,0.27899159663865547,3.420875420875421,0.25882352941176473,0.11428571428571428,6.5546218487394965,176.7906256,118.28893474519307,66.53593734684307,0.0033613445378151263
NOR,48.0,77.975,Monaco,2024,0.29421487603305785,3.3311258278145695,0.23471074380165288,0.1305785123966942,6.115702479338843,280.0,117.54011548849314,66.60026826297397,0.003305785123966942
NOR,49.0,78.177,Monaco,2024,0.26753670473083196,3.3010353678198916,0.22838499184339314,0.1402936378466558,5.872756933115824,,118.7944768716817,66.10826419177462,0.0
NOR,50.0,78.218,Monaco,2024,0.2795341098169717,3.416277258157044,0.259567387687188,0.11813643926788686,6.655574043261231,210.524910354428,116.58964055285226,65.77446887259859,0.0
NOR,51.0,77.772,Monaco,2024,0.2838063439065108,3.3946488294314383,0.2570951585976628,0.12687813021702837,6.51085141903172,218.0,116.59744653797134,66.9226903585497,0.0
NOR,52.0,78.223,Monaco,2024,0.2822185970636215,3.3856209150326797,0.26101141924959215,0.10440456769983687,6.199021207177815,,117.73330289362939,66.97889656373579,0.004893964110929853
NOR,53.0,77.57,Monaco,2024,0.2679738562091503,3.3322422258592472,0.2565359477124183,0.1454248366013072,6.209150326797386,232.0,120.10579634249201,66.02483086662888,0.006535947712418301
NOR,54.0,77.838,Monaco,2024,0.2923076923076923,3.482876712328767,0.26324786324786326,0.11452991452991453,6.666666666666667,273.73333333333335,118.17357364217763,66.85226094702611,0.0
NOR,55.0,78.382,Monaco,2024,0.2807308970099668,3.509245302366425,0.24916943521594684,0.11129568106312292,6.4784053156146175,,117.52106511467125,66.51595837719273,0.0016611295681063123
NOR,56.0,78.155,Monaco,2024,0.28668941979522183,3.519561663722698,0.24744027303754265,0.12798634812286688,6.655290102389079,228.92500053333333,117.29497800079643,66.53371577675566,0.005119453924914676
NOR,57.0,77.815,Monaco,2024,0.2996688741721854,3.495854063018242,0.2533112582781457,0.11920529801324503,6.291390728476822,279.5,118.56582011429222,66.25938105806341,0.006622516556291391
NOR,58.0,77.395,Monaco,2024,0.29982964224872233,3.508532423208191,0.2606473594548552,0.09710391822827939,7.155025553662692,198.0909090909091,117.84928114312892,67.06730956687755,0.005110732538330494
NOR,59.0,77.122,Monaco,2024,0.2864321608040201,3.5033557046979866,0.2914572864321608,0.12562814070351758,6.700167504187604,182.0833344,117.24531090322434,66.84710332661083,0.010050251256281407
NOR,60.0,76.695,Monaco,2024,0.2755102040816326,3.4480408858603067,0.28401360544217685,0.12244897959183673,6.462585034013606,191.0,118.26719676556304,67.29783239578515,0.006802721088435374
NOR,61.0,77.614,Monaco,2024,0.27364864864864863,3.458544839255499,0.25675675675675674,0.13344594594594594,6.25,271.0,116.89040116697758,66.91618687739455,0.0033783783783783786
NOR,62.0,76.026,Monaco,2024,0.2975352112676056,3.6825396825396823,0.2904929577464789,0.10387323943661972,6.690140845070422,226.0,120.4463557593247,66.17051727315413,0.007042253521126761
NOR,63.0,76.876,Monaco,2024,0.277504105090312,3.4539473684210527,0.2791461412151067,0.12315270935960591,6.568144499178982,,118.33870274735874,67.02127707924295,0.0049261083743842365
NOR,64.0,75.742,Monaco,2024,0.2864583333333333,3.6939130434782608,0.2899305555555556,0.11284722222222222,6.944444444444445,,117.37472899280058,67.01866818009309,0.005208333333333333
NOR,65.0,77.143,Monaco,2024,0.2704507512520868,3.471571906354515,0.29716193656093487,0.09515859766277128,6.176961602671119,,117.17002804486195,68.27624536631012,0.001669449081803005
NOR,66.0,76.214,Monaco,2024,0.2830188679245283,3.6323024054982818,0.30874785591766724,0.1097770154373928,7.032590051457976,221.0,118.29001589939156,66.68870347995963,0.015437392795883362
NOR,67.0,76.115,Monaco,2024,0.2654109589041096,3.6466552315608918,0.2979452054794521,0.11643835616438356,6.8493150684931505,242.64090938181818,116.25425437244786,67.46954341360909,0.003424657534246575
NOR,68.0,76.172,Monaco,2024,0.27385159010600707,3.734513274336283,0.31448763250883394,0.10247349823321555,6.890459363957597,282.0,119.07074111799915,67.93115208734946,0.01060070671378092
NOR,69.0,76.314,Monaco,2024,0.29264214046822745,3.5812395309882747,0.26755852842809363,0.10535117056856187,6.0200668896321075,,116.78641578289702,66.78269959273798,0.010033444816053512
NOR,70.0,77.213,Monaco,2024,0.2622673434856176,3.5322033898305083,0.29949238578680204,0.13874788494077833,6.260575296108291,213.66086956521738,116.44702696826317,66.46607704001268,0.015228426395939087
NOR,71.0,76.609,Monaco,2024,0.2943201376936317,3.6620689655172414,0.2719449225473322,0.11187607573149742,6.540447504302927,276.9052352965962,115.91088001834868,66.77933897796308,0.0051635111876075735
NOR,72.0,76.801,Monaco,2024,0.2842465753424658,3.6843910806174955,0.2842465753424658,0.0976027397260274,6.164383561643835,,120.43702982161085,67.00323621520405,0.005136986301369863
NOR,73.0,76.285,Monaco,2024,0.260797342192691,3.4675540765391015,0.2956810631229236,0.14285714285714285,6.4784053156146175,188.0,117.51196375079745,67.7230638448679,0.0049833887043189366
NOR,74.0,76.429,Monaco,2024,0.27580372250423013,3.4546927972881356,0.29441624365482233,0.10490693739424704,6.598984771573605,208.0,118.48763966020594,67.7028725641098,0.0
NOR,75.0,76.517,Monaco,2024,0.282793867120954,3.56268131331058,0.282793867120954,0.10391822827938671,6.643952299829642,210.9444408888889,114.87347170610134,68.42774016557304,0.0068143100511073255
NOR,76.0,76.671,Monaco,2024,0.2866666666666667,3.5325542570951587,0.29,0.10333333333333333,6.666666666666667,283.0,115.42710906858832,68.47238395457848,0.006666666666666667
NOR,77.0,76.512,Monaco,2024,0.31333333333333335,3.5392320534223707,0.29333333333333333,0.075,6.5,241.0037594780937,116.62823321482925,68.11904492136425,0.013333333333333334
NOR,78.0,77.296,Monaco,2024,0.3083475298126065,3.8200440791808874,0.24361158432708688,0.0868824531516184,6.814310051107325,191.0,116.51388660196604,66.92247784359148,0.015332197614991482
SAI,14.0,79.48,Monaco,2024,0.31738437001594894,3.5399361022364215,0.2567783094098884,0.07017543859649122,5.901116427432217,178.0,112.78990806308042,63.98556318416953,0.019138755980861243
SAI,15.0,79.543,Monaco,2024,0.31118314424635335,3.594155844155844,0.26418152350081037,0.0713128038897893,5.6726094003241485,207.0,115.19556919995547,63.249084273290286,0.008103727714748784
SAI,18.0,79.177,Monaco,2024,0.3254237288135593,3.7779605229202042,0.27288135593220336,0.05593220338983051,6.271186440677965,199.0,113.58600810871698,64.062807917065,0.010169491525423728
SAI,19.0,79.445,Monaco,2024,0.2996575342465753,3.807890222984563,0.2517123287671233,0.09931506849315068,6.678082191780822,237.5,114.14268431502376,63.622799443275944,0.018835616438356163
SAI,20.0,79.403,Monaco,2024,0.2911813643926789,3.763333333333333,0.26955074875207985,0.10149750415973377,6.655574043261231,244.0,113.62190252230945,64.54745690781019,0.011647254575707155
SAI,21.0,78.917,Monaco,2024,0.2957983193277311,3.7458207073400676,0.29747899159663865,0.0907563025210084,6.5546218487394965,182.0,113.62740129945365,64.7411901130972,0.018487394957983194
SAI,22.0,78.889,Monaco,2024,0.31270903010033446,3.72559882720268,0.2709030100334448,0.08193979933110368,5.852842809364549,219.75714194285715,114.03432534123772,64.42717337869193,0.006688963210702341
SAI,23.0,78.993,Monaco,2024,0.295,3.5639398998330556,0.2866666666666667,0.065,6.333333333333334,,114.59889926227882,65.0117946690018,0.008333333333333333
SAI,24.0,78.568,Monaco,2024,0.3152542372881356,3.6910016977928692,0.27627118644067794,0.07457627118644068,6.779661016949152,204.2410207244988,114.14877312362455,65.45350010423839,0.006779661016949152
SAI,25.0,78.537,Monaco,2024,0.30578512396694213,3.6688741721854305,0.2958677685950413,0.06115702479338843,6.115702479338843,177.0,112.85607187652332,66.10748054794651,0.01487603305785124
SAI,26.0,78.088,Monaco,2024,0.3078231292517007,3.7206132879045994,0.2976190476190476,0.0663265306122449,7.142857142857142,222.84613127619045,114.32369613551133,64.868897301672,0.013605442176870748
SAI,27.0,79.49,Monaco,2024,0.3014586709886548,3.5681818181818183,0.26418152350081037,0.07941653160453808,6.482982171799027,268.0,114.22041970894963,64.32275353612306,0.017828200972447326
SAI,28.0,79.281,Monaco,2024,0.3114754098360656,3.4548440065681447,0.2721311475409836,0.07868852459016394,6.393442622950819,,113.28969669430286,64.78144255330372,0.019672131147540985
SAI,29.0,78.697,Monaco,2024,0.28762541806020064,3.5812395309882747,0.30267558528428096,0.08862876254180602,5.852842809364549,225.0,113.75361475154742,65.24987818728188,0.020066889632107024
SAI,30.0,77.326,Monaco,2024,0.2835570469798658,3.761344537815126,0.3271812080536913,0.08557046979865772,6.375838926174497,205.16944426666666,114.5863699562404,65.96440522790436,0.013422818791946308
SAI,31.0,79.784,Monaco,2024,0.32459016393442625,3.6683087027914616,0.2459016393442623,0.08032786885245902,5.573770491803279,270.835938,112.50660606550333,64.80990492959523,0.00819672131147541
SAI,33.0,78.778,Monaco,2024,0.3060200668896321,3.6180904522613067,0.27424749163879597,0.06020066889632107,6.187290969899665,206.0,114.32657796296385,65.06803068592977,0.008361204013377926
SAI,34.0,79.013,Monaco,2024,0.3093645484949833,3.5979899497487438,0.2826086956521739,0.07525083612040134,6.856187290969899,,113.2635817403607,65.21343256934945,0.006688963210702341
SAI,35.0,78.465,Monaco,2024,0.309328968903437,3.6655737704918034,0.29296235679214405,0.07855973813420622,6.873977086743044,198.0,114.24942390637672,64.81606140891645,0.02127659574468085
SAI,36.0,79.275,Monaco,2024,0.30033557046979864,3.5327731092436974,0.25838926174496646,0.09563758389261745,6.208053691275168,230.4640624,112.12790182531089,64.49078881504786,0.018456375838926176
SAI,37.0,77.577,Monaco,2024,0.31092436974789917,3.6721380417508422,0.2991596638655462,0.07226890756302522,6.218487394957983,193.17272901818183,113.62366786640956,65.77976101889644,0.021848739495798318
SAI,38.0,78.412,Monaco,2024,0.31385642737896496,3.620760876521739,0.2938230383973289,0.08848080133555926,6.010016694490818,,114.90730183118012,64.68936389319289,0.03005008347245409
SAI,39.0,78.31,Monaco,2024,0.31925675675675674,3.6608037208798647,0.28209459459459457,0.06587837837837837,5.912162162162162,203.0,113.56071632257088,65.26020715425248,0.015202702702702704
SAI,40.0,78.653,Monaco,2024,0.3288590604026846,3.6470588235294117,0.29194630872483224,0.05536912751677853,6.543624161073826,246.0892854857143,114.78395016217392,66.086173016973,0.015100671140939598
SAI,41.0,78.714,Monaco,2024,0.33003300330033003,3.6991735537190085,0.25577557755775576,0.052805280528052806,6.105610561056106,278.05,115.25965919810689,64.37419032801026,0.006600660066006601
SAI,42.0,79.171,Monaco,2024,0.33112582781456956,3.724709784411277,0.26655629139072845,0.059602649006622516,6.291390728476822,179.0,113.27069870573305,65.81347811298784,0.019867549668874173
SAI,43.0,79.594,Monaco,2024,0.3377049180327869,3.665024630541872,0.2639344262295082,0.06557377049180328,5.573770491803279,214.75,112.7820007224533,64.64653852498502,0.01639344262295082
SAI,44.0,78.762,Monaco,2024,0.3339011925042589,3.6655290102389078,0.2606473594548552,0.06814310051107325,6.814310051107325,204.0,113.3692799168831,65.37174188723692,0.017035775127768313
SAI,45.0,77.885,Monaco,2024,0.33614864864864863,3.688663282571912,0.2905405405405405,0.05574324324324324,6.587837837837837,257.2333354666667,114.33433153983904,65.5557956908089,0.028716216216216218
SAI,46.0,78.731,Monaco,2024,0.32405891980360063,3.4885245901639346,0.28477905073649756,0.07528641571194762,6.219312602291326,206.58821010285715,112.78762433258137,64.92908174635144,0.03436988543371522
SAI,47.0,78.141,Monaco,2024,0.31596638655462184,3.734006734006734,0.30084033613445377,0.06218487394957983,6.050420168067227,258.0,115.82717352284311,65.25873213858077,0.02689075630252101
SAI,48.0,77.894,Monaco,2024,0.3195364238410596,3.6749585406301826,0.29304635761589404,0.06291390728476821,6.456953642384105,205.0,113.70517407175726,66.56173158639943,0.013245033112582781
SAI,49.0,78.259,Monaco,2024,0.3132137030995106,3.526143790849673,0.2805872756933116,0.053833605220228384,5.872756933115824,273.0,113.17587279241243,65.87551452247847,0.009787928221859706
SAI,50.0,78.545,Monaco,2024,0.31735537190082647,3.890728476821192,0.27768595041322314,0.07272727272727272,6.446280991735537,256.5088195193191,114.19592460643369,65.29975198438962,0.006611570247933884
SAI,51.0,77.528,Monaco,2024,0.32046979865771813,3.704201680672269,0.28523489932885904,0.05536912751677853,6.208053691275168,,113.30435352632365,66.47708165258948,0.01174496644295302
SAI,52.0,78.094,Monaco,2024,0.32242225859247137,3.501639344262295,0.31751227495908346,0.05564648117839607,6.546644844517186,273.0,113.66782969487424,67.58028560592196,0.019639934533551555
SAI,53.0,77.759,Monaco,2024,0.31869918699186994,3.547231270358306,0.2991869918699187,0.06991869918699187,5.853658536585367,239.2857142857143,114.92391321986328,65.53641086233442,0.0065040650406504065
SAI,54.0,77.742,Monaco,2024,0.3270547945205479,3.711989707307033,0.3082191780821918,0.06678082191780822,6.8493150684931505,271.15,115.58556374669885,66.70458037074653,0.03424657534246575
SAI,55.0,78.661,Monaco,2024,0.3415841584158416,3.6527438027107437,0.264026402640264,0.056105610561056105,6.435643564356436,,113.28886369915145,65.70890072458518,0.0231023102310231
SAI,56.0,78.119,Monaco,2024,0.3401709401709402,3.7739726027397262,0.2905982905982906,0.044444444444444446,6.3247863247863245,238.15249856,114.68337024652705,65.63449944557023,0.013675213675213675
SAI,57.0,77.599,Monaco,2024,0.32558139534883723,3.5174708818635607,0.313953488372093,0.053156146179401995,6.64451827242525,,113.50363384449342,66.53735552578516,0.019933554817275746
SAI,58.0,77.501,Monaco,2024,0.33843537414965985,3.7444633730834753,0.30272108843537415,0.04591836734693878,6.972789115646258,205.0,114.44172725551329,65.3363770619772,0.02891156462585034
SAI,59.0,77.134,Monaco,2024,0.30434782608695654,3.5979899497487438,0.3210702341137124,0.056856187290969896,6.0200668896321075,239.6124992,115.24108311262876,66.68853148212757,0.013377926421404682
SAI,60.0,75.159,Monaco,2024,0.3194444444444444,3.829565217391304,0.3715277777777778,0.034722222222222224,6.944444444444445,207.0,118.4662208139129,67.06948685466398,0.03819444444444445
SAI,61.0,79.046,Monaco,2024,0.32,3.5459098497495827,0.24833333333333332,0.05333333333333334,7.000000000000001,261.0,115.86822244891815,63.55187621997119,0.016666666666666666
SAI,62.0,74.726,Monaco,2024,0.32085561497326204,4.1,0.35472370766488415,0.040998217468805706,6.951871657754011,241.0,117.93306206093825,67.16194860832944,0.0338680926916221
SAI,63.0,78.207,Monaco,2024,0.3263327948303716,3.381877022653722,0.28109854604200324,0.06946688206785137,6.462035541195476,,114.21825641089302,65.7135182399126,0.033925686591276254
SAI,64.0,74.813,Monaco,2024,0.3321616871704745,3.9859154929577465,0.3655536028119508,0.03866432337434095,6.502636203866433,203.38095268571428,119.39680752821474,67.28381768879363,0.033391915641476276
SAI,65.0,78.137,Monaco,2024,0.3371900826446281,3.5695364238410594,0.30247933884297523,0.03471074380165289,7.107438016528926,221.0,114.98586244220989,65.84782864238481,0.021487603305785124
SAI,66.0,75.409,Monaco,2024,0.3235294117647059,3.8856152512998268,0.3460207612456747,0.0328719723183391,6.401384083044983,215.59000192,116.31414708857642,67.72044980534,0.020761245674740483
SAI,67.0,76.847,Monaco,2024,0.31802721088435376,3.7206132879045994,0.304421768707483,0.04251700680272109,6.462585034013606,247.84312602666668,116.37685605288128,66.72050406936714,0.01020408163265306
SAI,68.0,75.595,Monaco,2024,0.30124777183600715,3.942857142857143,0.34759358288770054,0.05169340463458111,6.951871657754011,207.73214323809523,117.38311635966232,68.31130577092416,0.0213903743315508
SAI,69.0,76.218,Monaco,2024,0.30833333333333335,3.8130217028380633,0.30833333333333335,0.06166666666666667,6.166666666666667,,115.39542826273458,67.49971208621673,0.028333333333333332
SAI,70.0,77.117,Monaco,2024,0.30220713073005095,4.08843537414966,0.3140916808149406,0.06451612903225806,6.960950764006792,,113.37025437456073,67.25199944314474,0.025466893039049237
SAI,71.0,77.214,Monaco,2024,0.3412969283276451,3.753846153846154,0.2883959044368601,0.04778156996587031,6.825938566552901,210.5,114.55025965015122,66.07782600187498,0.020477815699658702
SAI,72.0,76.785,Monaco,2024,0.3481989708404803,3.8900343642611683,0.32246998284734135,0.03945111492281304,6.86106346483705,186.0,116.12689614572214,67.1821971574821,0.036020583190394515
SAI,73.0,76.417,Monaco,2024,0.3018242122719735,3.73421926910299,0.33001658374792703,0.04975124378109453,6.301824212271974,,115.73479992462141,67.44335061111907,0.009950248756218905
SAI,74.0,76.063,Monaco,2024,0.3310580204778157,3.889772081595442,0.3225255972696246,0.030716723549488054,6.313993174061433,235.23915084572204,115.93854106361678,68.07068972199936,0.017064846416382253
SAI,75.0,76.905,Monaco,2024,0.3564189189189189,3.8247602914833614,0.30236486486486486,0.015202702702702704,6.418918918918918,199.75454545454545,112.5504561494855,68.96556090892037,0.02027027027027027
SAI,76.0,76.328,Monaco,2024,0.333889816360601,3.8306716842809365,0.3021702838063439,0.04674457429048414,6.51085141903172,140.0,115.57319534892987,68.30767406130379,0.02003338898163606
SAI,77.0,76.701,Monaco,2024,0.335,3.773636615692821,0.30666666666666664,0.045,7.000000000000001,277.5249952,113.62001089416978,68.81096600526321,0.03
SAI,78.0,77.072,Monaco,2024,0.3515358361774744,3.9712630579297246,0.2832764505119454,0.052901023890784986,6.825938566552901,220.0875008,114.33829576649038,68.16721818167693,0.042662116040955635
VER,14.0,79.723,Monaco,2024,0.2759170653907496,3.2619808306709266,0.23285486443381181,0.14832535885167464,5.901116427432217,168.2714294857143,116.46033988492424,61.03892474075857,0.001594896331738437
VER,18.0,79.58,Monaco,2024,0.2663230240549828,3.4561101549053355,0.21477663230240548,0.16151202749140894,4.982817869415808,214.33333333333334,116.82130244852146,61.42336868364562,0.005154639175257732
VER,23.0,78.979,Monaco,2024,0.2470978441127695,3.3421926910299002,0.23714759535655058,0.19071310116086235,4.975124378109453,,113.26176021176319,61.56918916787962,0.0
VER,24.0,79.364,Monaco,2024,0.2516891891891892,3.3874788494077834,0.23479729729729729,0.18412162162162163,5.0675675675675675,,115.61297580286511,62.12633576727009,0.0016891891891891893
VER,25.0,79.38,Monaco,2024,0.24918032786885247,3.2545155993431854,0.22950819672131148,0.17540983606557378,5.409836065573771,263.57366699462483,115.25698122309119,61.36418932063627,0.0
VER,26.0,78.818,Monaco,2024,0.26677852348993286,3.310924369747899,0.2516778523489933,0.16610738255033558,4.697986577181208,260.0,115.85785818599363,62.57006408561573,0.0
VER,27.0,78.797,Monaco,2024,0.2739059967585089,3.26650772987013,0.2739059967585089,0.15721231766612642,5.186385737439222,264.91250026666665,115.27403966397884,62.84037241635328,0.0016207455429497568
VER,28.0,78.682,Monaco,2024,0.2541528239202658,3.327506220299501,0.2757475083056478,0.1511627906976744,5.647840531561462,,115.542955307359,62.052742761542596,0.0
VER,29.0,78.795,Monaco,2024,0.260797342192691,3.3111480865224627,0.26245847176079734,0.15946843853820597,4.983388704318937,214.0,116.39793401319804,62.413556342068084,0.0
VER,30.0,78.574,Monaco,2024,0.2558139534883721,3.3144758735440933,0.2558139534883721,0.16279069767441862,5.647840531561462,,118.239094083342,62.11777354416258,0.0
VER,31.0,78.564,Monaco,2024,0.25375626043405675,3.351170568561873,0.2687813021702838,0.1686143572621035,5.676126878130217,227.60687375999998,114.88166201607304,62.64104590426669,0.00333889816360601
VER,32.0,78.983,Monaco,2024,0.2602965403624382,3.297029702970297,0.2504118616144975,0.16803953871499178,5.2718286655683695,234.7874976,116.27525901010038,62.21227615481023,0.004942339373970346
VER,33.0,79.005,Monaco,2024,0.2639593908629442,3.3827796610169494,0.25042301184433163,0.16243654822335024,5.922165820642978,266.0,117.94110709681632,61.02640783330704,0.0
VER,34.0,79.594,Monaco,2024,0.24719101123595505,3.1513826366559483,0.23434991974317818,0.19101123595505617,5.136436597110754,,114.81518757032354,62.33543836358039,0.0
VER,36.0,79.634,Monaco,2024,0.27197346600331673,3.3421926910299002,0.2537313432835821,0.17412935323383086,4.975124378109453,215.0,116.74135871810337,61.57031545406411,0.001658374792703151
VER,37.0,79.429,Monaco,2024,0.24758842443729903,3.1884057971014492,0.25884244372990356,0.1832797427652733,5.627009646302251,,116.05702494455456,61.908731290879224,0.001607717041800643
VER,38.0,78.844,Monaco,2024,0.2593220338983051,3.516128923599321,0.2576271186440678,0.1440677966101695,5.762711864406779,,116.32966007671634,62.722660518100966,0.0
VER,39.0,78.326,Monaco,2024,0.24750830564784054,3.32951339234609,0.2558139534883721,0.1644518272425249,5.3156146179401995,,114.97848317309521,62.88838913973561,0.0016611295681063123
VER,40.0,78.409,Monaco,2024,0.2571428571428571,3.4006102949494945,0.26218487394957984,0.17142857142857143,5.714285714285714,256.1250048,114.68173335177323,62.593502573426306,0.0016806722689075631
VER,41.0,78.083,Monaco,2024,0.2504118616144975,3.31023102310231,0.2751235584843493,0.15650741350906094,5.766062602965404,,115.99178839919718,62.505681719872086,0.0
VER,42.0,78.074,Monaco,2024,0.26324786324786326,3.4657534246575343,0.27521367521367524,0.15555555555555556,5.982905982905983,250.0,115.15397278768644,63.535478781026576,0.005128205128205128
VER,43.0,78.358,Monaco,2024,0.2356902356902357,3.4502529510961213,0.25757575757575757,0.16666666666666666,6.0606060606060606,269.0,116.93831744603781,62.282935462668895,0.0016835016835016834
VER,44.0,78.405,Monaco,2024,0.25506756756756754,3.4554991539763114,0.2719594594594595,0.17229729729729729,5.912162162162162,262.1249998222222,114.67001503089388,63.358751830394645,0.0016891891891891893
VER,45.0,78.313,Monaco,2024,0.24916943521594684,3.283277864891847,0.2541528239202658,0.17109634551495018,5.813953488372093,,115.09818551470786,63.09706395666091,0.0
VER,46.0,78.203,Monaco,2024,0.2591362126245847,3.313160339434276,0.2823920265780731,0.14451827242524917,5.3156146179401995,,117.06778304930494,63.327518927095134,0.0016611295681063123
VER,47.0,78.537,Monaco,2024,0.25041736227045075,3.3801682929765886,0.2654424040066778,0.17696160267111852,6.010016694490818,189.0133936,116.23767207277541,63.034370037264274,0.0
VER,48.0,78.337,Monaco,2024,0.24958677685950414,3.4271523178807946,0.2743801652892562,0.1669421487603306,6.115702479338843,266.55000045714286,113.43076898784007,64.37538802139721,0.001652892561983471
VER,49.0,78.477,Monaco,2024,0.2687296416938111,3.4616503786840678,0.26547231270358307,0.1563517915309446,6.514657980456026,215.0,113.39343066460432,63.60982962995828,0.0
VER,50.0,78.88,Monaco,2024,0.26567656765676567,3.196707963415978,0.2590759075907591,0.18151815181518152,6.105610561056106,216.78999808,113.62752212748407,63.45492720068081,0.0016501650165016502
VER,51.0,78.142,Monaco,2024,0.26655629139072845,3.3565505804311773,0.2764900662251656,0.152317880794702,6.125827814569536,262.6090891636364,115.14128770189934,63.433352141785626,0.0
VER,53.0,78.724,Monaco,2024,0.2762063227953411,3.9808583317333333,0.3161397670549085,0.08985024958402663,7.154742096505824,232.5533333333333,119.38094246137248,62.50901180932351,0.0016638935108153079
VER,54.0,75.815,Monaco,2024,0.28970331588132636,3.9160839160839163,0.32111692844677137,0.1012216404886562,6.631762652705062,199.35535405714285,118.3752761278747,65.62952540280708,0.0
VER,55.0,75.398,Monaco,2024,0.26405451448040884,3.7235494880546076,0.3390119250425894,0.13287904599659284,6.473594548551959,209.5,119.40090348607681,64.73254857734442,0.0068143100511073255
VER,56.0,75.466,Monaco,2024,0.26352530541012215,3.8566433566433567,0.32809773123909247,0.1169284467713787,6.457242582897033,229.14285897142858,118.6494261984375,63.64926969382281,0.012216404886561954
VER,57.0,76.181,Monaco,2024,0.2766323024054983,3.8313253012048194,0.3316151202749141,0.1254295532646048,6.185567010309279,238.27666666666664,118.15410688939224,65.3026922874726,0.005154639175257732
VER,58.0,74.569,Monaco,2024,0.268760907504363,3.9195804195804196,0.38219895287958117,0.09598603839441536,6.108202443280978,233.8964288,121.71337907280815,64.69979610014376,0.006980802792321117
VER,59.0,74.748,Monaco,2024,0.2676056338028169,3.8271604938271606,0.3644366197183099,0.11267605633802817,6.514084507042253,244.33333333333334,120.44266419965199,64.67702663081546,0.0035211267605633804
VER,60.0,75.238,Monaco,2024,0.2647058823529412,3.8405545927209706,0.36505190311418684,0.11072664359861592,6.055363321799308,228.0,119.00367692458693,67.03742293200064,0.0017301038062283738
VER,61.0,75.121,Monaco,2024,0.27177700348432055,3.944153577661431,0.3623693379790941,0.10452961672473868,5.7491289198606275,226.66666666666666,119.5861496170295,66.78605510075522,0.003484320557491289
VER,62.0,76.561,Monaco,2024,0.274442538593482,4.020618556701031,0.3361921097770154,0.10806174957118353,6.518010291595197,,118.40572366241732,68.3086710617929,0.008576329331046312
VER,63.0,76.547,Monaco,2024,0.24793388429752067,3.6556291390728477,0.3371900826446281,0.12892561983471074,6.115702479338843,220.4680544,116.30376173212909,67.4040138898475,0.0049586776859504135
VER,64.0,76.619,Monaco,2024,0.2708333333333333,3.9791304347826086,0.3350694444444444,0.140625,6.076388888888888,199.61071451428572,118.44096868341965,66.89667561543449,0.003472222222222222
VER,65.0,75.468,Monaco,2024,0.26916524701873934,3.7990755877133107,0.3287904599659284,0.12436115843270869,6.473594548551959,193.5,118.65577642479988,66.7469859009513,0.015332197614991482
VER,66.0,76.121,Monaco,2024,0.2908777969018933,3.9468487092720306,0.2908777969018933,0.12736660929432014,5.851979345955249,221.0,119.12244858791355,65.64162918784197,0.008605851979345954
VER,67.0,76.276,Monaco,2024,0.2717948717948718,3.607139476407915,0.2923076923076923,0.15213675213675212,5.811965811965812,,119.01693499958492,64.78344725348322,0.006837606837606838
VER,68.0,75.954,Monaco,2024,0.26548672566371684,3.780141843971631,0.30265486725663715,0.15575221238938053,6.548672566371681,232.33333333333334,117.800758751708,65.74652517739892,0.0
VER,69.0,75.463,Monaco,2024,0.2593856655290102,3.805128205128205,0.3225255972696246,0.13651877133105803,6.825938566552901,269.0,119.46771427036347,66.91231319300964,0.0034129692832764505
VER,70.0,75.449,Monaco,2024,0.2593856655290102,3.7333333333333334,0.3191126279863481,0.15017064846416384,5.972696245733788,286.0,120.42504359872181,66.71144286736843,0.0
VER,71.0,75.659,Monaco,2024,0.268760907504363,3.734265734265734,0.3263525305410122,0.11867364746945899,6.631762652705062,,118.86570746897029,66.0813709985946,0.0
VER,72.0,75.733,Monaco,2024,0.2620689655172414,3.8031088082901556,0.3293103448275862,0.12586206896551724,6.551724137931035,267.0,117.42764288460351,67.04869907207363,0.005172413793103448
VER,73.0,75.436,Monaco,2024,0.25506756756756754,3.7766497461928936,0.3293918918918919,0.1266891891891892,6.081081081081082,240.06074737659762,118.07170176665366,66.92873712688498,0.005067567567567568
VER,74.0,75.38,Monaco,2024,0.2689655172413793,3.9550949913644216,0.3258620689655172,0.12241379310344827,6.0344827586206895,210.0,117.61757860275668,67.4043016875043,0.005172413793103448
VER,75.0,75.396,Monaco,2024,0.27413793103448275,3.837651122625216,0.33275862068965517,0.12241379310344827,6.206896551724138,138.0,118.25771720131247,67.45896429021064,0.017241379310344827
VER,76.0,75.641,Monaco,2024,0.2676767676767677,3.81787521079258,0.3434343434343434,0.12962962962962962,6.228956228956229,207.0,116.99243792953386,67.69830134392666,0.011784511784511785
VER,77.0,75.543,Monaco,2024,0.27597955706984667,3.74061433447099,0.3424190800681431,0.1141396933560477,6.303236797274275,212.4003567602236,117.10623859238844,68.78277205214667,0.0034071550255536627
VER,78.0,76.248,Monaco,2024,0.27491408934707906,4.075731497418245,0.31099656357388317,0.11855670103092783,6.357388316151202,186.59285668571428,116.84481302025331,69.13289821381892,0.001718213058419244
ALO,2.0,93.202,Silverstone,2024,0.17622377622377622,2.7553671465386156,0.5482517482517483,0.04895104895104895,6.153846153846154,262.0,128.56769533793283,70.36748775987823,0.004195804195804196
ALO,3.0,92.951,Silverstone,2024,0.16853932584269662,2.751476793248945,0.5435393258426966,0.06601123595505617,5.477528089887641,300.00223205714286,129.7960519293285,69.36437431523427,0.004213483146067416
ALO,4.0,93.192,Silverstone,2024,0.16975748930099857,2.8567142857142858,0.5649072753209701,0.04850213980028531,5.848787446504993,281.3333333333333,129.81036344014228,67.10736344054094,0.0
ALO,5.0,92.617,Silverstone,2024,0.16017316017316016,2.9653179190751446,0.5728715728715729,0.049062049062049064,5.483405483405483,289.0,129.92841009764356,67.81123855133637,0.008658008658008658
ALO,6.0,92.673,Silverstone,2024,0.1617440225035162,2.8338028169014087,0.5780590717299579,0.06329113924050633,5.9071729957805905,289.0,128.93975128119243,68.4210761919999,0.004219409282700422
ALO,7.0,92.712,Silverstone,2024,0.1574468085106383,2.8806818181818183,0.5900709219858156,0.04539007092198582,5.673758865248227,289.8611136,128.98305154255848,67.57678644105951,0.00851063829787234
ALO,8.0,92.496,Silverstone,2024,0.17445054945054944,2.701513067400275,0.5934065934065934,0.04532967032967033,5.357142857142857,233.0,127.98729462907873,68.33230751714552,0.005494505494505495
ALO,9.0,92.579,Silverstone,2024,0.16666666666666666,2.7510431154381085,0.5875,0.05,5.833333333333333,285.0,129.18109137793886,67.77862039750846,0.001388888888888889
ALO,10.0,92.741,Silverstone,2024,0.13592233009708737,2.6944444444444446,0.5894590846047156,0.0638002773925104,5.270457697642163,293.0,128.30514868423992,67.52846812581318,0.0027739251040221915
ALO,11.0,92.548,Silverstone,2024,0.15070422535211267,2.857545839210155,0.5619718309859155,0.0676056338028169,5.211267605633803,209.36805511111112,126.94344962352568,69.3901231484178,0.005633802816901409
ALO,12.0,92.427,Silverstone,2024,0.15616045845272206,2.8866571018651364,0.5802292263610315,0.05300859598853868,5.444126074498568,263.3424068765627,129.25073169944767,68.46145533545526,0.0028653295128939827
ALO,13.0,92.517,Silverstone,2024,0.1597315436241611,2.6881720430107525,0.574496644295302,0.042953020134228186,5.369127516778524,282.94791573333333,125.81469821900244,68.67887704750645,0.0026845637583892616
ALO,14.0,92.383,Silverstone,2024,0.1497175141242938,2.8373408769448374,0.5932203389830508,0.05790960451977401,5.649717514124294,257.30824156190477,129.37220899485905,68.37433437929137,0.007062146892655367
ALO,15.0,92.259,Silverstone,2024,0.16028368794326242,2.7443181818181817,0.5900709219858156,0.04397163120567376,5.531914893617021,233.38299216475025,128.95917008409694,68.57993298294316,0.00851063829787234
ALO,16.0,92.59,Silverstone,2024,0.15155807365439095,2.7375886524822697,0.56657223796034,0.042492917847025496,5.524079320113314,287.5,126.72018101875241,70.38465455187811,0.00424929178470255
ALO,17.0,95.014,Silverstone,2024,0.1772853185595568,2.968099861303745,0.518005540166205,0.04293628808864266,6.232686980609419,280.5,130.8452250259907,72.44248870917261,0.008310249307479225
ALO,18.0,95.88,Silverstone,2024,0.1867043847241867,3.4390934844192635,0.5007072135785007,0.02545968882602546,6.223479490806223,287.8055537777778,121.78830220234846,72.61490098218655,0.026874115983026876
ALO,21.0,92.999,Silverstone,2024,0.16477272727272727,3.07823613086771,0.5681818181818182,0.04971590909090909,6.107954545454546,282.4166670222222,129.49187379146278,67.27500929951539,0.005681818181818182
ALO,22.0,92.673,Silverstone,2024,0.1558073654390935,3.021276595744681,0.5623229461756374,0.043909348441926344,5.6657223796034,289.31111111111113,128.41356076250034,67.709139624263,0.00141643059490085
ALO,23.0,92.593,Silverstone,2024,0.15767634854771784,2.78393351800554,0.5905947441217151,0.04426002766251729,5.94744121715076,292.0,129.7734354005513,67.53659254281227,0.0013831258644536654
ALO,24.0,94.088,Silverstone,2024,0.17759562841530055,2.952120383036936,0.5286885245901639,0.03961748633879782,5.601092896174864,262.0,128.8629307755624,66.96223259308043,0.006830601092896175
ALO,25.0,95.687,Silverstone,2024,0.16442048517520216,3.020242914979757,0.5444743935309974,0.04851752021563342,5.929919137466308,212.85267925714285,126.64569070187386,67.5570927836443,0.013477088948787063
ALO,40.0,91.146,Silverstone,2024,0.1591240875912409,2.783625730994152,0.6087591240875913,0.03795620437956204,6.715328467153285,285.34768308148153,132.0598955934233,66.23056135538542,0.008759124087591242
ALO,41.0,90.594,Silverstone,2024,0.16477272727272727,2.6315789473684212,0.6349431818181818,0.024147727272727272,5.681818181818182,257.8,132.13748678485584,66.7381006301817,0.004261363636363636
ALO,42.0,90.167,Silverstone,2024,0.15406562054208273,2.624870536,0.6319543509272468,0.03138373751783167,5.991440798858773,291.6666666666667,132.71840953259476,65.96157802046405,0.0028530670470756064
ALO,43.0,90.098,Silverstone,2024,0.16546762589928057,2.6550297187319885,0.6244604316546762,0.0460431654676259,5.611510791366906,250.13333255757576,128.94729210342723,66.91220034416327,0.0
ALO,44.0,89.93,Silverstone,2024,0.13976945244956773,2.6262626262626263,0.6440922190201729,0.059077809798270896,5.619596541786744,240.0,134.38368981971772,65.5065869339718,0.007204610951008645
ALO,45.0,89.871,Silverstone,2024,0.15925394548063126,2.4051724137931036,0.6456241032998565,0.021520803443328552,5.4519368723099,279.1812512,125.91470752504604,67.06759663894324,0.010043041606886656
ALO,46.0,89.753,Silverstone,2024,0.1493411420204978,2.4604105571847508,0.6588579795021962,0.040995607613469986,5.27086383601757,229.81499904000003,131.4063250029962,66.31278793573627,0.010248901903367497
ALO,47.0,89.71,Silverstone,2024,0.15584415584415584,2.552023121387283,0.6551226551226551,0.025974025974025976,4.9062049062049065,230.47480198095238,132.52988429011882,67.23494229461467,0.007215007215007215
ALO,48.0,90.114,Silverstone,2024,0.14977973568281938,2.426470588235294,0.6372980910425844,0.05286343612334802,4.845814977973569,292.0,130.8106548830391,67.21758107915728,0.002936857562408223
ALO,49.0,90.7,Silverstone,2024,0.12034383954154727,2.278335724533716,0.5945558739255015,0.1318051575931232,5.444126074498568,299.9875,127.11702268992408,66.01315312381325,0.0
ALO,50.0,90.727,Silverstone,2024,0.1111111111111111,2.5115606936416186,0.5743145743145743,0.1414141414141414,5.339105339105339,296.0,129.33856050691108,65.37687419620251,0.0
ALO,51.0,90.592,Silverstone,2024,0.11363636363636363,2.267425320056899,0.5951704545454546,0.12926136363636365,5.255681818181818,,126.56212011930921,67.7460581608433,0.0
ALO,52.0,91.43,Silverstone,2024,0.10043041606886657,2.5804597701149423,0.5523672883787661,0.1649928263988522,5.164992826398852,293.0,126.75512029726801,66.42146698208565,0.0
HAM,2.0,91.42,Silverstone,2024,0.1754636233951498,2.5685714285714285,0.5620542082738944,0.029957203994293864,5.1355206847360915,,132.4852764332299,68.21984016842973,0.025677603423680456
HAM,3.0,91.716,Silverstone,2024,0.16051136363636365,2.7880512091038407,0.5539772727272727,0.036931818181818184,5.3977272727272725,,129.11368355718687,67.33503355080406,0.018465909090909092
HAM,4.0,91.988,Silverstone,2024,0.13852813852813853,2.8439306358381504,0.5844155844155844,0.031746031746031744,4.9062049062049065,,130.90705877974605,65.71976906026975,0.01443001443001443
HAM,5.0,91.677,Silverstone,2024,0.15588235294117647,2.695139911634757,0.5808823529411765,0.026470588235294117,5.0,,129.94752929144926,67.12724955442198,0.016176470588235296
HAM,6.0,91.746,Silverstone,2024,0.14978601997146934,2.565714285714286,0.5877318116975749,0.039942938659058486,4.850213980028531,,129.92939843901365,67.42210976771445,0.011412268188302425
HAM,7.0,91.675,Silverstone,2024,0.15049226441631505,2.507042253521127,0.5907172995780591,0.030942334739803096,4.50070323488045,224.24999893333333,129.83808613691215,66.54746179267497,0.011251758087201125
HAM,8.0,91.76,Silverstone,2024,0.14664804469273743,2.581818181818182,0.5921787709497207,0.034916201117318434,4.4692737430167595,286.0,130.39294034926638,67.2911650900156,0.008379888268156424
HAM,9.0,91.564,Silverstone,2024,0.15796897038081806,2.440677966101695,0.6050775740479548,0.04090267983074753,3.9492242595204514,233.99772999756496,130.9721978521189,66.94319343559215,0.02538787023977433
HAM,10.0,91.515,Silverstone,2024,0.1424581005586592,2.467132867132867,0.5670391061452514,0.04189944134078212,4.189944134078212,169.0,130.61631822632822,68.11617169507663,0.0111731843575419
HAM,11.0,91.487,Silverstone,2024,0.15606936416184972,2.500723589001447,0.5895953757225434,0.03757225433526012,3.6127167630057806,,127.76607553383148,68.79468892389133,0.023121387283236993
HAM,12.0,91.563,Silverstone,2024,0.15804597701149425,2.5237410071942445,0.5833333333333334,0.02442528735632184,4.022988505747127,,130.00661438318014,68.77840938342374,0.015804597701149427
HAM,13.0,91.881,Silverstone,2024,0.14870395634379263,2.226775956284153,0.607094133697135,0.0286493860845839,3.6834924965893587,268.075,129.3726357607322,69.33132937150235,0.019099590723055934
HAM,14.0,91.609,Silverstone,2024,0.152327221438646,2.3870056497175143,0.5923836389280677,0.03244005641748942,4.372355430183357,,130.24543498401178,68.2723033261423,0.031029619181946404
HAM,15.0,91.563,Silverstone,2024,0.15864022662889518,2.4680851063829787,0.6090651558073654,0.0226628895184136,4.107648725212465,,129.31484380275296,68.1474754777743,0.026912181303116147
HAM,16.0,91.931,Silverstone,2024,0.1410071942446043,2.4236311239193085,0.6100719424460431,0.04316546762589928,4.316546762589928,,130.23380461604728,67.93532656642338,0.041726618705035974
HAM,17.0,93.721,Silverstone,2024,0.15677966101694915,2.5374823196605374,0.5635593220338984,0.03531073446327684,4.23728813559322,,130.79870739774324,68.4125314269507,0.025423728813559324
HAM,18.0,95.071,Silverstone,2024,0.19273743016759776,2.8083916083916085,0.4888268156424581,0.02653631284916201,4.4692737430167595,194.25714194285715,127.33658540070502,71.94267418344997,0.05865921787709497
HAM,21.0,92.156,Silverstone,2024,0.1717877094972067,2.576223776223776,0.585195530726257,0.023743016759776536,4.329608938547486,277.0,133.28291823994616,66.40503401976298,0.05027932960893855
HAM,22.0,91.095,Silverstone,2024,0.17327459618208516,2.4088235294117646,0.6035242290748899,0.020558002936857563,4.405286343612335,268.0,130.98856957404317,68.18912932261594,0.0513950073421439
HAM,23.0,91.107,Silverstone,2024,0.1553672316384181,2.4554455445544554,0.615819209039548,0.0423728813559322,4.378531073446328,,131.25584597538744,67.53076573738831,0.046610169491525424
HAM,24.0,91.635,Silverstone,2024,0.15138888888888888,2.4812239221140473,0.5666666666666667,0.0375,4.166666666666666,226.0,130.2343082493778,68.65990833575084,0.0375
HAM,25.0,94.988,Silverstone,2024,0.20540540540540542,2.5115020297699595,0.5216216216216216,0.021621621621621623,4.45945945945946,222.66666666666666,126.89118434655208,67.34032350666907,0.09054054054054055
HAM,40.0,90.318,Silverstone,2024,0.1411589895988113,2.6726190476190474,0.6315007429420505,0.007429420505200594,4.160475482912332,,136.7484809587413,63.949495907256185,0.04606240713224369
HAM,41.0,90.118,Silverstone,2024,0.1463768115942029,2.4208998548621192,0.6347826086956522,0.028985507246376812,3.6231884057971016,252.0,138.0142181158272,63.42872240945131,0.04927536231884058
HAM,42.0,89.617,Silverstone,2024,0.15064562410329985,2.3275862068965516,0.6398852223816356,0.01721664275466284,4.734576757532281,,136.830729134798,65.38218765599545,0.05738880918220947
HAM,43.0,89.793,Silverstone,2024,0.14368650217706821,2.497093023255814,0.6168359941944848,0.020319303338171262,3.7735849056603774,,138.46271429972467,65.38799867980761,0.03193033381712627
HAM,44.0,89.697,Silverstone,2024,0.1355206847360913,2.217142857142857,0.6405135520684736,0.019971469329529243,3.7089871611982885,250.0,134.93488989105202,66.37814067450527,0.039942938659058486
HAM,45.0,89.438,Silverstone,2024,0.12992700729927006,2.1403508771929824,0.656934306569343,0.017518248175182483,4.37956204379562,223.25554986666666,135.79240444561125,66.13865028653161,0.026277372262773723
HAM,46.0,89.641,Silverstone,2024,0.13024602026049203,2.1884057971014492,0.6526772793053546,0.02170767004341534,4.630969609261939,147.0,135.4982843606549,67.12290841560848,0.02604920405209841
HAM,47.0,89.538,Silverstone,2024,0.13439306358381503,2.240231548480463,0.6546242774566474,0.02745664739884393,3.7572254335260116,188.3055537777778,134.53863050996924,67.17734660601317,0.02745664739884393
HAM,48.0,89.579,Silverstone,2024,0.12173913043478261,2.30188679245283,0.6405797101449275,0.030434782608695653,4.202898550724638,144.906248,134.9070384497332,66.92687027441772,0.030434782608695653
HAM,49.0,89.667,Silverstone,2024,0.14221556886227546,2.335832083958021,0.625748502994012,0.02844311377245509,4.191616766467066,,134.19123836546265,66.99726982909894,0.0374251497005988
HAM,50.0,89.682,Silverstone,2024,0.14265129682997119,2.2049062049062047,0.6239193083573487,0.024495677233429394,4.755043227665706,,131.9924788872215,69.3416240515976,0.05763688760806916
HAM,51.0,89.743,Silverstone,2024,0.11982881597717546,2.16,0.6476462196861626,0.037089871611982884,4.136947218259629,,132.26121904440134,67.8088232379857,0.0442225392296719
HAM,52.0,90.146,Silverstone,2024,0.13936781609195403,2.2762270183852915,0.5876436781609196,0.02442528735632184,4.741379310344827,272.0,129.7367640276656,70.43273389058623,0.04741379310344827
LEC,2.0,92.858,Silverstone,2024,0.17837078651685392,2.7735583684950775,0.5407303370786517,0.05196629213483146,5.617977528089887,312.0,128.35249170312252,70.01168778764536,0.023876404494382022
LEC,3.0,92.369,Silverstone,2024,0.17446808510638298,2.5994318181818183,0.5843971631205673,0.024113475177304965,5.531914893617021,,129.56872825118484,68.96439324093288,0.03829787234042553
LEC,4.0,92.705,Silverstone,2024,0.1754636233951498,2.7,0.5492154065620543,0.04850213980028531,5.420827389443652,250.24242113939394,128.6852784732881,71.1063585046377,0.017118402282453638
LEC,5.0,92.697,Silverstone,2024,0.15918958031837915,2.597101449275362,0.548480463096961,0.05499276410998553,5.643994211287988,,127.80343015264118,70.90857056115746,0.020260492040520984
LEC,6.0,92.758,Silverstone,2024,0.16292134831460675,2.763255978246601,0.5449438202247191,0.03651685393258427,5.196629213483146,305.0,129.82578188664638,70.70553335225951,0.01544943820224719
LEC,7.0,92.662,Silverstone,2024,0.16879432624113475,2.700745737878788,0.5546099290780142,0.04113475177304964,5.390070921985815,275.97499985454544,127.688465039855,69.93401297441437,0.029787234042553193
LEC,8.0,92.86,Silverstone,2024,0.1813186813186813,2.5254470426409905,0.5412087912087912,0.027472527472527472,4.945054945054945,,127.6506934104625,70.53207784919877,0.016483516483516484
LEC,9.0,92.326,Silverstone,2024,0.16204986149584488,2.560332871012483,0.5692520775623269,0.04709141274238227,5.124653739612189,294.0,127.37049488390802,70.80637778703101,0.018005540166204988
LEC,10.0,92.496,Silverstone,2024,0.15782122905027932,2.5958041958041957,0.5628491620111732,0.04748603351955307,5.4469273743016755,272.2958047314286,126.97139951165173,70.68421425638596,0.015363128491620111
LEC,11.0,92.348,Silverstone,2024,0.16807909604519775,2.6053748231966054,0.5692090395480226,0.038135593220338986,4.943502824858757,263.0,127.03965847295525,71.4404994109668,0.015536723163841809
LEC,12.0,92.236,Silverstone,2024,0.17285714285714285,2.580829756795422,0.5542857142857143,0.04428571428571428,5.714285714285714,296.28660617142856,127.63032779379718,71.38840051777201,0.012857142857142857
LEC,13.0,91.989,Silverstone,2024,0.17861975642760486,2.4688346883468837,0.571041948579161,0.029769959404600813,5.006765899864682,311.0,127.71710433753552,71.84987635481242,0.02165087956698241
LEC,14.0,92.396,Silverstone,2024,0.14184397163120568,2.534090909090909,0.5858156028368794,0.04113475177304964,5.106382978723404,275.25,129.84986448414216,67.8037984516057,0.018439716312056736
LEC,15.0,92.755,Silverstone,2024,0.15988779803646563,2.595505617977528,0.5932678821879382,0.023842917251051893,4.488078541374474,259.9,131.1232163637399,67.09903986661303,0.0364656381486676
LEC,16.0,92.923,Silverstone,2024,0.15796897038081806,2.675141242937853,0.5726375176304654,0.023977433004231313,4.795486600846263,176.0,131.06278269279488,66.30634046338167,0.03385049365303244
LEC,17.0,95.28,Silverstone,2024,0.16805555555555557,2.620305980528512,0.5361111111111111,0.02638888888888889,5.277777777777778,268.0,130.3658452788332,67.8766597827889,0.019444444444444445
LEC,18.0,95.951,Silverstone,2024,0.170182841068917,2.9183098591549297,0.5189873417721519,0.026722925457102673,4.922644163150492,258.14624928,130.47290333956022,65.01708819407521,0.035161744022503515
LEC,39.0,91.481,Silverstone,2024,0.1527165932452276,2.7588235294117647,0.6005873715124816,0.023494860499265784,5.4331864904552125,,134.11219302147927,66.14957526598945,0.024963289280469897
LEC,40.0,90.878,Silverstone,2024,0.14285714285714285,2.7010014306151646,0.6085714285714285,0.022857142857142857,4.428571428571428,,134.63322790354363,65.11805090465643,0.025714285714285714
LEC,41.0,90.035,Silverstone,2024,0.13532763532763534,2.5049928673323825,0.6111111111111112,0.02564102564102564,4.5584045584045585,,134.62740084170898,65.30179799087878,0.017094017094017096
LEC,42.0,89.832,Silverstone,2024,0.1326676176890157,2.402857142857143,0.6333808844507846,0.024251069900142655,5.1355206847360915,222.8078128,129.2995312373058,66.99801034476384,0.025677603423680456
LEC,43.0,89.748,Silverstone,2024,0.14204545454545456,2.4238975817923185,0.6420454545454546,0.02130681818181818,4.545454545454546,,129.61860346984363,65.93474050686338,0.04261363636363636
LEC,44.0,89.933,Silverstone,2024,0.13864306784660768,2.502215657311669,0.6592920353982301,0.017699115044247787,5.014749262536873,271.0,133.2007850470706,65.71721260464874,0.02654867256637168
LEC,45.0,89.911,Silverstone,2024,0.12954876273653565,2.4606413994169096,0.6462882096069869,0.027656477438136828,5.385735080058224,273.0785664,130.40124981007622,67.13380226685301,0.026200873362445413
LEC,46.0,90.051,Silverstone,2024,0.12536023054755044,2.3953823953823954,0.6426512968299711,0.024495677233429394,4.755043227665706,263.80292170666667,131.4719463600152,67.24860671393527,0.023054755043227664
LEC,47.0,90.289,Silverstone,2024,0.1251798561151079,2.4438040345821324,0.6273381294964029,0.02158273381294964,4.892086330935252,271.3666688,130.94062617007438,67.98218630442176,0.017266187050359712
LEC,48.0,90.204,Silverstone,2024,0.13323572474377746,2.4926686217008798,0.657393850658858,0.01903367496339678,4.685212298682284,,128.2480732259315,67.092848646256,0.032210834553440704
LEC,49.0,90.929,Silverstone,2024,0.15571428571428572,2.4606580829756797,0.6328571428571429,0.014285714285714285,5.0,249.2718752,129.43551010803955,68.91330097769229,0.03428571428571429
LEC,50.0,90.488,Silverstone,2024,0.16642958748221906,2.3447293447293447,0.6102418207681366,0.02418207681365576,4.978662873399715,277.0363636363636,130.52565946020917,72.11929946160981,0.03556187766714083
LEC,51.0,91.674,Silverstone,2024,0.1377840909090909,2.2532005689900427,0.6235795454545454,0.024147727272727272,4.829545454545454,212.5,127.98499350206778,68.20384610152634,0.028409090909090908
NOR,2.0,92.188,Silverstone,2024,0.1501416430594901,2.842553191489362,0.5283286118980169,0.08498583569405099,5.099150141643059,,134.39481290635783,67.45353199781752,0.0
NOR,3.0,91.991,Silverstone,2024,0.1678520625889047,2.8945868945868947,0.5163584637268848,0.06685633001422475,5.120910384068279,219.5,134.53142079438666,67.82776221126946,0.001422475106685633
NOR,4.0,91.976,Silverstone,2024,0.1291248206599713,2.663793103448276,0.5308464849354376,0.10329985652797705,5.0215208034433285,254.0,132.64064502454326,68.25481507300334,0.0
NOR,5.0,91.716,Silverstone,2024,0.15565345080763582,2.7823529411764705,0.5315712187958884,0.06901615271659324,5.286343612334802,303.0,132.67299002877445,68.28205401859486,0.002936857562408223
NOR,6.0,91.896,Silverstone,2024,0.14935988620199148,2.8632478632478633,0.5320056899004267,0.08108108108108109,5.405405405405405,200.5,131.26994560222715,69.25979029178163,0.001422475106685633
NOR,7.0,92.071,Silverstone,2024,0.14145658263305322,2.594670406732118,0.5504201680672269,0.06302521008403361,4.761904761904762,292.0,131.1251180347318,67.20049553576276,0.0028011204481792717
NOR,8.0,92.018,Silverstone,2024,0.14504881450488144,2.611731843575419,0.5536959553695955,0.07112970711297072,5.299860529986053,270.1,131.40069692153628,68.76388622349056,0.002789400278940028
NOR,9.0,91.976,Silverstone,2024,0.15546218487394958,2.5778401122019634,0.5518207282913166,0.05182072829131653,5.322128851540616,276.12857142857143,131.91002885134495,68.09555512224779,0.0014005602240896359
NOR,10.0,91.83,Silverstone,2024,0.15406162464985995,2.429172510518934,0.5588235294117647,0.056022408963585436,4.761904761904762,290.0,132.29043856957483,68.76313293592585,0.0
NOR,11.0,91.748,Silverstone,2024,0.13649425287356323,2.5467625899280577,0.5704022988505747,0.06321839080459771,5.172413793103448,297.0,131.6472619813526,67.2743431979176,0.0014367816091954023
NOR,12.0,91.718,Silverstone,2024,0.15263908701854492,2.5314285714285716,0.5677603423680456,0.06704707560627675,5.420827389443652,292.5,132.25037681872294,68.0190030871754,0.0
NOR,13.0,91.472,Silverstone,2024,0.1589041095890411,2.4087791495198903,0.563013698630137,0.052054794520547946,5.342465753424658,240.87811655826258,130.6013312034654,70.00464311836689,0.0027397260273972603
NOR,14.0,91.407,Silverstone,2024,0.14893617021276595,2.6193181818181817,0.5574468085106383,0.05815602836879433,5.24822695035461,,130.30907661886147,72.15838741401583,0.0028368794326241137
NOR,15.0,90.946,Silverstone,2024,0.15021459227467812,2.504297994269341,0.5793991416309013,0.05436337625178827,5.293276108726753,289.22727175757575,128.8696232256507,70.3618802925703,0.004291845493562232
NOR,16.0,91.69,Silverstone,2024,0.14121037463976946,2.43001443001443,0.5965417867435159,0.05043227665706052,5.187319884726225,279.5,130.00962788709322,67.8446200368966,0.005763688760806916
NOR,17.0,94.304,Silverstone,2024,0.14365411436541142,2.642458100558659,0.5425383542538355,0.05578800557880056,4.741980474198047,209.84374933333334,131.3128071730781,69.60017192297443,0.00697350069735007
NOR,18.0,94.125,Silverstone,2024,0.17755681818181818,2.8079658605974394,0.5213068181818182,0.04261363636363636,4.829545454545454,268.45332864,133.24306448425563,69.76269178521054,0.029829545454545456
NOR,21.0,91.513,Silverstone,2024,0.14165497896213183,2.808988764044944,0.603085553997195,0.04207573632538569,4.628330995792426,248.02487570426467,133.1625414814034,66.35731867091786,0.004207573632538569
NOR,22.0,90.86,Silverstone,2024,0.14666666666666667,2.6943620178041545,0.6,0.05037037037037037,5.333333333333334,283.8888888888889,134.0617800485172,66.28960649706289,0.0044444444444444444
NOR,23.0,91.176,Silverstone,2024,0.14606741573033707,2.466947960618847,0.6081460674157303,0.05056179775280899,4.634831460674158,285.1952583242823,131.9436659319775,66.2920767137663,0.007022471910112359
NOR,24.0,91.629,Silverstone,2024,0.14225941422594143,2.4720670391061454,0.5857740585774058,0.043235704323570434,4.602510460251046,281.0,130.6702002934645,67.2095705302074,0.0
NOR,25.0,94.307,Silverstone,2024,0.15896739130434784,2.895238095238095,0.53125,0.05298913043478261,4.755434782608696,,128.57328759059175,68.57627204367132,0.009510869565217392
NOR,41.0,89.733,Silverstone,2024,0.12426900584795321,2.8111273792093705,0.5745614035087719,0.08771929824561403,5.847953216374268,294.01999872,134.95878837152722,66.26253736729919,0.0
NOR,42.0,90.006,Silverstone,2024,0.1339031339031339,2.7731811697574895,0.5797720797720798,0.06837606837606838,5.128205128205128,284.0,134.60549967877458,66.66515968272653,0.0014245014245014246
NOR,43.0,89.262,Silverstone,2024,0.11627906976744186,2.576419213973799,0.6002906976744186,0.06831395348837209,5.232558139534884,283.5,135.12393481635291,66.61794134866366,0.0014534883720930232
NOR,44.0,89.752,Silverstone,2024,0.12696148359486448,2.54,0.5848787446504993,0.06276747503566334,4.9928673323823105,279.1779754666667,135.67798569589314,67.53801421103216,0.0014265335235378032
NOR,45.0,89.635,Silverstone,2024,0.1151603498542274,2.618978102189781,0.5918367346938775,0.061224489795918366,5.247813411078718,246.020832,133.33767452262833,67.54255202552281,0.0014577259475218659
NOR,46.0,89.96,Silverstone,2024,0.1378809869375907,2.377906976744186,0.5950653120464441,0.047895500725689405,5.079825834542816,184.0,130.946273569409,69.11165979713698,0.008708272859216255
NOR,47.0,89.838,Silverstone,2024,0.12893982808022922,2.413199426111908,0.6246418338108882,0.050143266475644696,4.7277936962750715,269.0,130.3125102151682,68.47073509690188,0.004297994269340974
NOR,48.0,90.556,Silverstone,2024,0.12680115273775217,2.334776334776335,0.6195965417867435,0.06195965417867435,4.899135446685879,,130.20033651963587,70.27158260804867,0.004322766570605188
NOR,49.0,90.515,Silverstone,2024,0.13402061855670103,2.6371681415929205,0.5964653902798233,0.06774668630338733,5.596465390279824,269.0,129.28125775235503,70.77473660469295,0.0014727540500736377
NOR,50.0,90.544,Silverstone,2024,0.12962962962962962,2.3937232524964336,0.5954415954415955,0.06267806267806268,4.700854700854701,279.37500088888885,130.63868955095336,70.02797289317576,0.002849002849002849
NOR,51.0,90.769,Silverstone,2024,0.12340425531914893,2.571022727272727,0.6,0.06950354609929078,5.106382978723404,275.5,129.958012718109,69.1087188286072,0.0014184397163120568
NOR,52.0,90.913,Silverstone,2024,0.15857142857142856,2.4778254649499285,0.5942857142857143,0.055714285714285716,5.428571428571429,286.0,128.27633955742206,70.77437853502241,0.002857142857142857
SAI,2.0,92.359,Silverstone,2024,0.19491525423728814,2.7553041018387554,0.5847457627118644,0.03531073446327684,5.367231638418079,298.1124992,131.63966055187362,69.00457037018681,0.018361581920903956
SAI,3.0,92.102,Silverstone,2024,0.17069701280227595,2.8176638176638176,0.5533428165007113,0.04267425320056899,5.120910384068279,,128.7248888485654,69.69071392377582,0.007112375533428165
SAI,4.0,92.045,Silverstone,2024,0.1724137931034483,2.8633093525179856,0.5589080459770115,0.035919540229885055,5.028735632183908,272.02499968,128.3036043232126,70.11733825222211,0.01293103448275862
SAI,5.0,91.939,Silverstone,2024,0.16496350364963502,2.742690058479532,0.5854014598540146,0.030656934306569343,5.401459854014599,287.48333226666665,127.96768452654484,71.82191504498763,0.008759124087591242
SAI,6.0,91.9,Silverstone,2024,0.16358463726884778,2.6296296296296298,0.5732574679943101,0.04551920341394026,5.547652916073969,282.0,128.28787151804565,70.63243646085424,0.01849217638691323
SAI,7.0,92.702,Silverstone,2024,0.164804469273743,2.5622377622377623,0.5879888268156425,0.0335195530726257,4.888268156424581,273.0,127.52630423167724,68.48818176383718,0.027932960893854747
SAI,8.0,92.372,Silverstone,2024,0.1597222222222222,2.4478442280945756,0.5875,0.018055555555555554,5.555555555555555,,128.56877734214274,68.34089737507489,0.006944444444444444
SAI,9.0,92.484,Silverstone,2024,0.15598885793871867,2.3263598326359833,0.5919220055710307,0.027855153203342618,4.456824512534819,,129.08205079682705,68.71438304418389,0.025069637883008356
SAI,10.0,92.362,Silverstone,2024,0.15041782729805014,2.4379358437935843,0.6044568245125348,0.022284122562674095,4.178272980501393,276.56875,129.41386919165268,67.65096910982899,0.019498607242339833
SAI,11.0,92.123,Silverstone,2024,0.15977175463623394,2.422857142857143,0.630527817403709,0.025677603423680456,4.279600570613409,252.0,131.02914557954102,67.66940315284594,0.042796005706134094
SAI,12.0,92.358,Silverstone,2024,0.14893617021276595,2.4886363636363638,0.6141843971631206,0.031205673758865248,4.539007092198582,281.5,128.28841112490056,68.84274505632966,0.028368794326241134
SAI,13.0,92.251,Silverstone,2024,0.14266304347826086,2.3245323123809523,0.6290760869565217,0.035326086956521736,4.211956521739131,266.0,128.33037681160283,68.05067537586466,0.02717391304347826
SAI,14.0,92.106,Silverstone,2024,0.1652542372881356,2.3273956865629417,0.6045197740112994,0.02824858757062147,4.519774011299435,,130.32648237525783,67.86066608867,0.04519774011299435
SAI,15.0,91.916,Silverstone,2024,0.1558073654390935,2.419858156028369,0.5991501416430595,0.0226628895184136,4.107648725212465,,129.43531161214509,68.59059067093285,0.03824362606232295
SAI,16.0,92.455,Silverstone,2024,0.18349928876244664,2.4415954415954415,0.5746799431009957,0.01849217638691323,4.409672830725462,280.1593736,129.65847821712458,67.5300367234355,0.05405405405405406
SAI,17.0,94.228,Silverstone,2024,0.16713483146067415,2.590717299578059,0.5463483146067416,0.03651685393258427,4.775280898876404,223.5,128.8018117340337,67.80925359467668,0.03089887640449438
SAI,18.0,94.31,Silverstone,2024,0.20933521923620935,2.7592067988668556,0.5233380480905233,0.009900990099009901,4.9504950495049505,299.0,131.64717982619774,65.93439730813238,0.06789250353606789
SAI,21.0,93.507,Silverstone,2024,0.2074688796680498,2.880886426592798,0.5338865836791148,0.016597510373443983,5.117565698478561,283.3333333333333,129.99228516515012,67.26710377153418,0.048409405255878286
SAI,22.0,92.157,Silverstone,2024,0.17341040462427745,2.58465991316932,0.5751445086705202,0.01300578034682081,5.057803468208093,175.0,129.7976400874866,67.50945570012709,0.05057803468208093
SAI,23.0,92.297,Silverstone,2024,0.16828929068150209,2.448467966573816,0.5799721835883171,0.013908205841446454,4.728789986091794,275.2812512,129.0234883855107,67.70486057927107,0.043115438108484005
SAI,24.0,92.734,Silverstone,2024,0.1839557399723375,2.5623268698060944,0.5573997233748271,0.017980636237897647,4.979253112033195,287.0,131.25759913361108,67.38705434796766,0.04979253112033195
SAI,41.0,90.475,Silverstone,2024,0.16546762589928057,2.4610951008645534,0.5856115107913669,0.02302158273381295,4.316546762589928,178.0,136.6209665836286,64.50745502300985,0.03741007194244604
SAI,42.0,89.872,Silverstone,2024,0.13857142857142857,2.2689556509299,0.63,0.024285714285714285,4.285714285714286,279.0,136.88332959037197,65.04079796619398,0.03857142857142857
SAI,43.0,89.872,Silverstone,2024,0.14550641940085593,2.3,0.6291012838801712,0.015691868758915834,4.42225392296719,,137.6917832133729,65.26089593572009,0.037089871611982884
SAI,44.0,89.739,Silverstone,2024,0.1383737517831669,2.342857142857143,0.637660485021398,0.039942938659058486,3.9942938659058487,266.0,133.11828346455957,66.66964456847141,0.0456490727532097
SAI,45.0,89.589,Silverstone,2024,0.14831130690161526,2.2529411764705882,0.6358296622613803,0.023494860499265784,4.258443465491924,229.0,133.42267753537558,67.20614813313426,0.042584434654919234
SAI,46.0,89.588,Silverstone,2024,0.15542521994134897,2.246696035242291,0.6422287390029325,0.016129032258064516,4.69208211143695,,131.75670318411355,67.91941623811546,0.04252199413489736
SAI,47.0,89.553,Silverstone,2024,0.14224137931034483,2.2503597122302157,0.6451149425287356,0.015804597701149427,4.166666666666666,199.80249824,133.35291058269107,66.5314400729027,0.034482758620689655
SAI,48.0,89.415,Silverstone,2024,0.13722627737226278,2.0584795321637426,0.6248175182481752,0.029197080291970802,4.525547445255475,235.0,133.36022032151234,67.08353784240546,0.0364963503649635
SAI,49.0,89.439,Silverstone,2024,0.1362962962962963,2.112759643916914,0.6340740740740741,0.025185185185185185,4.296296296296296,262.19949808484847,134.50727648653526,67.16445396301643,0.03111111111111111
SAI,50.0,89.434,Silverstone,2024,0.17971014492753623,2.329402767408081,0.5797101449275363,0.017391304347826087,4.057971014492753,281.1687536,118.50150750751611,75.76776582400619,0.06086956521739131
SAI,52.0,88.293,Silverstone,2024,0.13925925925925925,2.320474777448071,0.6562962962962963,0.022222222222222223,3.851851851851852,263.0,134.72069741586722,67.07467187487133,0.028148148148148148
VER,2.0,91.773,Silverstone,2024,0.1747159090909091,2.6486486486486487,0.5951704545454546,0.041193181818181816,4.261363636363636,204.968752,134.31180088214296,68.67721047627816,0.002840909090909091
VER,3.0,92.2,Silverstone,2024,0.16453900709219857,3.053977272727273,0.5801418439716312,0.05390070921985816,3.9716312056737593,279.77222186666665,135.5990655385571,65.66498530087107,0.0028368794326241137
VER,4.0,91.933,Silverstone,2024,0.14697406340057637,2.961038961038961,0.600864553314121,0.05763688760806916,3.890489913544669,274.78749973333333,132.75638422752021,66.62100685322989,0.004322766570605188
VER,5.0,91.778,Silverstone,2024,0.15249266862170088,2.930983847283407,0.5879765395894428,0.06158357771260997,3.812316715542522,277.3750016,135.92592495287855,66.10001404501928,0.007331378299120235
VER,6.0,91.711,Silverstone,2024,0.15285714285714286,2.6266094420600856,0.6214285714285714,0.054285714285714284,4.0,218.34722133333332,133.19136479060464,67.29195165529774,0.007142857142857143
VER,7.0,91.935,Silverstone,2024,0.16106442577030813,2.6002805049088358,0.6162464985994398,0.037815126050420166,3.9215686274509802,228.33333333333334,135.40142892600022,66.33000983204057,0.0014005602240896359
VER,8.0,92.038,Silverstone,2024,0.16991643454038996,2.683403068340307,0.5863509749303621,0.04596100278551532,3.7604456824512535,249.86818181818182,133.1542516951275,67.47663726987092,0.001392757660167131
VER,9.0,91.883,Silverstone,2024,0.14305750350631136,2.5758426966292136,0.6143057503506312,0.04908835904628331,3.9270687237026647,204.0,133.98485347862652,66.50777781229404,0.009817671809256662
VER,10.0,91.661,Silverstone,2024,0.14726507713884993,2.542134831460674,0.5806451612903226,0.0546984572230014,3.7868162692847123,233.0,134.00719929902414,67.90946590753748,0.002805049088359046
VER,11.0,91.81,Silverstone,2024,0.15086206896551724,2.664748201438849,0.5991379310344828,0.05603448275862069,3.8793103448275863,263.16111111111115,135.17748755542763,65.42299426319946,0.014367816091954023
VER,12.0,91.894,Silverstone,2024,0.14693295292439373,2.5742857142857143,0.5934379457917262,0.06419400855920114,3.851640513552068,262.1214950190312,133.14373480278667,67.24349711823312,0.0028530670470756064
VER,13.0,91.759,Silverstone,2024,0.14597544338335608,2.453551912568306,0.6111869031377899,0.045020463847203276,3.547066848567531,230.17812453333335,134.4157464367758,67.09513119222109,0.0
VER,14.0,91.7,Silverstone,2024,0.13578500707213578,2.490084985835694,0.6067892503536068,0.04950495049504951,3.6775106082036775,178.0,132.68819965771053,68.32034199398542,0.002828854314002829
VER,15.0,92.249,Silverstone,2024,0.14788732394366197,2.6600846262341324,0.6056338028169014,0.04788732394366197,3.8028169014084505,282.8409076363636,132.76402562523046,67.92500499015343,0.0
VER,16.0,92.504,Silverstone,2024,0.14387464387464388,2.536376604850214,0.6054131054131054,0.0584045584045584,4.273504273504273,284.0,132.45333672718715,68.32643952793852,0.002849002849002849
VER,21.0,93.488,Silverstone,2024,0.16459197786998617,2.8282548476454292,0.5878284923928078,0.05394190871369295,4.564315352697095,270.0,132.50728835905264,66.19694167121573,0.004149377593360996
VER,22.0,91.904,Silverstone,2024,0.14658925979680695,2.8430232558139537,0.6095791001451378,0.040638606676342524,3.6284470246734397,209.66666666666666,136.45940968992988,64.98238046693291,0.002902757619738752
VER,23.0,92.143,Silverstone,2024,0.14066852367688024,2.7336122733612274,0.6072423398328691,0.04874651810584958,3.8997214484679668,244.07,132.83608726735397,66.11588555952748,0.004178272980501393
VER,24.0,93.02,Silverstone,2024,0.1565934065934066,2.8225584594222832,0.5728021978021978,0.04945054945054945,4.1208791208791204,221.28125119999999,133.94275969203417,65.12901057064902,0.013736263736263736
VER,40.0,90.056,Silverstone,2024,0.13622754491017963,2.7256371814092955,0.6287425149700598,0.04940119760479042,4.341317365269461,238.0,139.65700677855858,64.87277288091938,0.01347305389221557
VER,41.0,89.604,Silverstone,2024,0.11824817518248175,2.502923976608187,0.6525547445255474,0.05693430656934306,4.087591240875913,236.81875093333332,142.30154259348126,63.695163727797365,0.00583941605839416
VER,42.0,89.472,Silverstone,2024,0.12410841654778887,2.5914285714285716,0.6576319543509273,0.039942938659058486,4.42225392296719,,140.51436734392976,64.92849476905229,0.008559201141226819
VER,43.0,89.105,Silverstone,2024,0.12663755458515283,2.556851311953353,0.6768558951965066,0.034934497816593885,3.3478893740902476,282.0,137.76082885335558,65.6353344721631,0.00727802037845706
VER,44.0,89.372,Silverstone,2024,0.13285714285714287,2.503576537911302,0.6571428571428571,0.04428571428571428,3.428571428571429,241.218748,138.08070463605736,66.79927854823586,0.01
VER,45.0,89.137,Silverstone,2024,0.12665684830633284,2.4601769911504423,0.6745213549337261,0.041237113402061855,3.6818851251840945,212.9926599022101,138.77946151952972,66.31848600077032,0.011782032400589101
VER,46.0,89.543,Silverstone,2024,0.13576642335766423,2.497076023391813,0.656934306569343,0.052554744525547446,3.9416058394160585,273.5,134.00502457824822,67.6349264274093,0.008759124087591242
VER,47.0,89.411,Silverstone,2024,0.1307471264367816,2.371223021582734,0.6695402298850575,0.028735632183908046,3.4482758620689653,252.54619014095238,133.8467115917865,67.93628175502101,0.007183908045977011
VER,48.0,88.952,Silverstone,2024,0.1378299120234604,2.6666666666666665,0.6598240469208211,0.030791788856304986,4.398826979472141,295.3992868876191,133.4159136117259,71.99145754490306,0.010263929618768328
VER,49.0,89.56,Silverstone,2024,0.13303437967115098,2.37125748502994,0.6741405082212257,0.025411061285500747,4.0358744394618835,281.025,136.74618276692541,67.02272286418422,0.0014947683109118087
VER,50.0,89.286,Silverstone,2024,0.11832611832611832,2.4190751445086707,0.6681096681096681,0.03751803751803752,3.318903318903319,148.45,134.2632314949457,67.308208308179,0.004329004329004329
VER,51.0,89.443,Silverstone,2024,0.11477761836441894,2.2528735632183907,0.6743185078909613,0.03873744619799139,3.1563845050215207,257.0,134.18509586931728,67.68194876168798,0.00430416068866571
VER,52.0,89.089,Silverstone,2024,0.1438953488372093,2.442503639010189,0.6729651162790697,0.030523255813953487,3.9244186046511627,284.0,135.07409190353997,68.8788281175636,0.027616279069767442
ALO,2.0,87.236,Monza,2024,0.16040462427745664,2.130246020260492,0.6026011560693642,0.05202312138728324,5.635838150289017,338.0916672,131.03632181440696,76.88833904656248,0.0
ALO,3.0,86.41,Monza,2024,0.183206106870229,2.1070336391437308,0.6106870229007634,0.03206106870229008,6.412213740458015,292.6872549019608,134.7611140131504,76.18526616316286,0.004580152671755725
ALO,4.0,86.411,Monza,2024,0.1582089552238806,2.005979073243647,0.6134328358208955,0.050746268656716415,6.567164179104477,272.1369301481718,138.5431067414452,75.5665992720514,0.007462686567164179
ALO,5.0,86.218,Monza,2024,0.16566265060240964,2.063348416289593,0.625,0.05271084337349398,6.475903614457831,,139.9496020920809,75.37162552908569,0.0
ALO,6.0,85.911,Monza,2024,0.17043740573152338,2.0876132930513593,0.6229260935143288,0.03619909502262444,5.731523378582202,288.5,133.43722231988735,75.70263639965927,0.0015082956259426848
ALO,7.0,85.95,Monza,2024,0.1651376146788991,2.021439509954058,0.6269113149847095,0.047400611620795105,6.574923547400611,239.96499968,133.73478158900625,75.83798181534316,0.0045871559633027525
ALO,8.0,85.693,Monza,2024,0.15813953488372093,2.0652173913043477,0.6527131782945736,0.046511627906976744,6.046511627906977,301.37500218181816,135.63544812339254,76.84494739509164,0.006201550387596899
ALO,9.0,85.969,Monza,2024,0.1651376146788991,2.076569678407351,0.6376146788990825,0.045871559633027525,6.574923547400611,234.43750186666668,136.7905870434144,75.36036209013766,0.0061162079510703364
ALO,10.0,85.832,Monza,2024,0.1643835616438356,2.048780487804878,0.6103500761035008,0.0487062404870624,6.392694063926941,317.34000128,132.10729765371977,76.31924123571858,0.0015220700152207
ALO,11.0,85.758,Monza,2024,0.15431164901664146,2.066666666666667,0.649016641452345,0.030257186081694403,6.051437216338881,308.6666666666667,130.98814651454012,74.93713677183287,0.006051437216338881
ALO,14.0,85.832,Monza,2024,0.13719512195121952,2.1068702290076335,0.6707317073170732,0.04420731707317073,6.402439024390244,273.5,129.99209719751153,75.6947877304199,0.006097560975609756
ALO,15.0,84.67,Monza,2024,0.15360983102918588,2.0707692307692307,0.6774193548387096,0.02457757296466974,5.837173579109063,263.01687504,136.73094687714308,74.91953797747708,0.0030721966205837174
ALO,16.0,84.614,Monza,2024,0.14153846153846153,2.1047765793528503,0.6615384615384615,0.03538461538461538,6.3076923076923075,334.0,133.73625769289367,74.72404881473926,0.0015384615384615385
ALO,17.0,84.574,Monza,2024,0.15408320493066255,2.117283950617284,0.6486902927580893,0.04160246533127889,6.163328197226503,324.0,134.41338818055553,75.62347775545184,0.0
ALO,18.0,84.882,Monza,2024,0.1536050156739812,2.106750392464678,0.6598746081504702,0.0219435736677116,6.112852664576803,293.1329814222222,131.07586944046128,75.48781753406276,0.004702194357366771
ALO,19.0,85.314,Monza,2024,0.15070643642072212,2.1792452830188678,0.6624803767660911,0.0282574568288854,6.279434850863422,222.5,132.56138392563903,74.41300873161491,0.01098901098901099
ALO,20.0,85.676,Monza,2024,0.15174506828528073,2.045592705167173,0.6464339908952959,0.04552352048558422,5.311077389984825,317.8663086019048,120.3063657802162,74.074507210525,0.0015174506828528073
ALO,21.0,85.297,Monza,2024,0.1563467492260062,2.1488372093023256,0.6300309597523219,0.04179566563467492,5.88235294117647,285.0,132.95241742892796,75.5215295074668,0.006191950464396285
ALO,22.0,85.451,Monza,2024,0.14307692307692307,2.058551617873652,0.6707692307692308,0.02923076923076923,6.0,268.1937488,121.43742186974862,77.06311698341065,0.003076923076923077
ALO,23.0,85.017,Monza,2024,0.13871951219512196,2.030534351145038,0.6722560975609756,0.027439024390243903,5.487804878048781,238.0,121.07293331197408,72.75945350949739,0.003048780487804878
ALO,24.0,84.588,Monza,2024,0.13293051359516617,2.0514372163388805,0.675226586102719,0.03323262839879154,5.438066465256798,222.16364334545455,123.28382476104265,73.01871977883995,0.0
ALO,25.0,84.504,Monza,2024,0.13186813186813187,2.088050314465409,0.6766091051805337,0.04866562009419152,5.965463108320251,309.0,131.35249109730344,72.7241126899771,0.0031397174254317113
ALO,26.0,84.937,Monza,2024,0.15030674846625766,2.1167434715821813,0.6625766871165644,0.0352760736196319,6.441717791411043,245.0,133.36716208545477,74.06975576999544,0.009202453987730062
ALO,27.0,84.891,Monza,2024,0.14576802507836992,2.1287284144427003,0.6661442006269592,0.02821316614420063,6.112852664576803,251.06257834666667,128.31751815600038,75.10574449994188,0.007836990595611285
ALO,28.0,84.725,Monza,2024,0.14393939393939395,2.0667678300455234,0.6818181818181818,0.02878787878787879,5.454545454545454,287.2761119288889,126.49414964062275,71.95599583570862,0.004545454545454545
ALO,29.0,85.011,Monza,2024,0.13787638668779714,2.142857142857143,0.6481774960380349,0.03169572107765452,5.863708399366086,287.5,124.60824156599436,72.94718785891605,0.001584786053882726
ALO,30.0,85.039,Monza,2024,0.13664596273291926,2.087091757387247,0.6739130434782609,0.029503105590062112,6.055900621118012,237.0,122.35404261634736,72.0888937832169,0.006211180124223602
ALO,31.0,85.128,Monza,2024,0.13344051446945338,2.151368760064412,0.6655948553054662,0.04180064308681672,5.627009646302251,315.0,121.00147998203944,72.63077937667029,0.0
ALO,32.0,85.099,Monza,2024,0.12735849056603774,2.1291338582677164,0.6792452830188679,0.0440251572327044,5.817610062893082,233.0,124.53067697393877,72.66927129616776,0.0031446540880503146
ALO,33.0,85.289,Monza,2024,0.13924050632911392,2.13946117274168,0.6645569620253164,0.04588607594936709,6.170886075949367,,128.84203443722228,73.06186736712297,0.011075949367088608
ALO,34.0,85.083,Monza,2024,0.12558139534883722,2.1335403726708075,0.6961240310077519,0.034108527131782945,5.426356589147287,,123.22402608080631,73.10615420943253,0.0015503875968992248
ALO,37.0,83.703,Monza,2024,0.12460567823343849,2.132701421800948,0.6908517350157729,0.04100946372239748,5.678233438485805,265.6750354008273,125.56029782174619,71.36989275302231,0.0015772870662460567
ALO,38.0,83.847,Monza,2024,0.14353312302839116,2.0916271721958926,0.6719242902208202,0.03627760252365931,5.678233438485805,274.7250006857143,129.809331164357,71.32234877392874,0.00473186119873817
ALO,39.0,83.77,Monza,2024,0.14528593508500773,2.111455108359133,0.6754250386398764,0.030911901081916538,6.0278207109737245,247.9937504,128.56567800871005,72.71383319441823,0.00463678516228748
ALO,40.0,83.683,Monza,2024,0.1365079365079365,2.1176470588235294,0.6888888888888889,0.026984126984126985,6.190476190476191,262.0546768,133.21937991354957,71.72056970953638,0.006349206349206349
ALO,41.0,83.822,Monza,2024,0.1419753086419753,2.0494590417310663,0.6898148148148148,0.035493827160493825,6.018518518518518,294.8434529523809,127.09517825144286,73.32372280506465,0.010802469135802469
ALO,42.0,83.637,Monza,2024,0.1419753086419753,2.117465224111283,0.6867283950617284,0.041666666666666664,5.401234567901234,277.6,130.31680654992456,73.88697027559714,0.004629629629629629
ALO,43.0,83.681,Monza,2024,0.13793103448275862,2.135007849293564,0.6865203761755486,0.029780564263322883,5.956112852664576,275.0,127.67226542708455,75.57364604675698,0.0
ALO,44.0,83.529,Monza,2024,0.1500789889415482,2.1455696202531644,0.6777251184834123,0.023696682464454975,6.003159557661927,,126.72260722160658,73.06093681042611,0.004739336492890996
ALO,45.0,83.484,Monza,2024,0.13162118780096307,2.135048231511254,0.7110754414125201,0.03531300160513644,5.778491171749598,229.2875008,122.53183805500818,74.09526083472741,0.0032102728731942215
ALO,46.0,82.944,Monza,2024,0.13099041533546327,2.1696,0.7028753993610224,0.03354632587859425,6.070287539936102,288.27785581714284,126.48922766637354,72.38054940538134,0.004792332268370607
ALO,47.0,83.221,Monza,2024,0.1332263242375602,2.157556270096463,0.7110754414125201,0.027287319422150885,5.617977528089887,224.0,126.03573078173113,70.0071424703548,0.011235955056179775
ALO,48.0,83.245,Monza,2024,0.1332263242375602,2.1768488745980705,0.6934189406099518,0.024077046548956663,5.778491171749598,303.5,121.18122181362867,73.52716887269287,0.0032102728731942215
ALO,49.0,83.525,Monza,2024,0.138801261829653,2.1516587677725116,0.6971608832807571,0.028391167192429023,5.3627760252365935,289.68330026666666,124.04130444606264,71.83186820574768,0.015772870662460567
ALO,50.0,83.511,Monza,2024,0.14173228346456693,2.1167192429022084,0.7007874015748031,0.023622047244094488,5.826771653543307,314.73332906666667,130.91232943301688,72.4711049170082,0.007874015748031496
ALO,51.0,83.468,Monza,2024,0.13036565977742448,2.1337579617834397,0.6820349761526232,0.04769475357710652,5.88235294117647,278.9218744,121.45022123209618,73.93171249940521,0.003179650238473768
ALO,52.0,83.761,Monza,2024,0.15944272445820434,2.0868217054263565,0.6996904024767802,0.017027863777089782,5.88235294117647,272.09330608,121.61470228198462,73.81071134125895,0.021671826625386997
ALO,53.0,83.686,Monza,2024,0.14511041009463724,2.161137440758294,0.7034700315457413,0.031545741324921134,6.940063091482649,285.0,125.67725462159817,76.10788886324035,0.00946372239747634
HAM,2.0,86.043,Monza,2024,0.19469026548672566,1.9409158050221567,0.5811209439528023,0.0471976401179941,5.457227138643068,332.1375,118.94038789236288,76.81004057910422,0.0029498525073746312
HAM,3.0,85.63,Monza,2024,0.18335901386748846,2.058641975308642,0.5978428351309707,0.05238828967642527,5.084745762711865,335.0,119.57280556969873,74.68707285556296,0.0061633281972265025
HAM,4.0,85.722,Monza,2024,0.16591251885369532,2.012084592145015,0.6168929110105581,0.03770739064856712,4.826546003016592,,123.44738421450619,72.14741415636695,0.012066365007541479
HAM,5.0,84.771,Monza,2024,0.1633587786259542,2.036697247706422,0.648854961832061,0.03358778625954199,4.885496183206107,314.0,125.48132820800755,72.50366276348501,0.012213740458015267
HAM,6.0,84.919,Monza,2024,0.1643835616438356,1.9725609756097562,0.6225266362252664,0.0410958904109589,4.87062404870624,322.2750016,123.45309645383564,72.76463142293501,0.0060882800608828
HAM,7.0,85.205,Monza,2024,0.16563467492260062,1.9565891472868218,0.631578947368421,0.029411764705882353,5.572755417956656,314.0,133.45351320366697,72.69201565467108,0.0030959752321981426
HAM,8.0,84.871,Monza,2024,0.1671875,1.9812206572769953,0.6328125,0.0390625,5.0,241.0,117.72544284305287,71.9727213192164,0.0078125
HAM,9.0,85.035,Monza,2024,0.16049382716049382,1.9752704791344669,0.6373456790123457,0.029320987654320986,4.938271604938271,240.86999808,117.06831808238236,72.086302488305,0.0015432098765432098
HAM,10.0,84.909,Monza,2024,0.14285714285714285,1.96,0.6436251920122887,0.043010752688172046,4.761904761904762,320.0,115.22379846213387,72.13124432478256,0.0015360983102918587
HAM,11.0,84.938,Monza,2024,0.15313935681470137,1.9938650306748467,0.6615620214395099,0.026033690658499236,4.747320061255743,230.0,118.15985854863175,71.374430598318,0.0015313935681470138
HAM,12.0,84.932,Monza,2024,0.15993788819875776,2.0622083981337482,0.6599378881987578,0.040372670807453416,5.434782608695652,256.0,125.33313627518447,72.67638097153035,0.013975155279503106
HAM,13.0,85.329,Monza,2024,0.16434108527131783,2.2049689440993787,0.6511627906976745,0.02945736434108527,5.116279069767442,242.1458336,122.76388708657987,72.51945387762512,0.0031007751937984496
HAM,14.0,85.817,Monza,2024,0.16084977238239756,1.966565349544073,0.6722306525037937,0.024279210925644917,5.007587253414264,,124.15968109994967,73.35534631866031,0.015174506828528073
HAM,17.0,84.843,Monza,2024,0.15653495440729484,1.8904109589041096,0.6382978723404256,0.03951367781155015,4.407294832826747,313.72,115.89883745530325,72.59244786823714,0.0060790273556231
HAM,18.0,84.831,Monza,2024,0.16031746031746033,2.1430842607313196,0.6396825396825396,0.046031746031746035,4.920634920634921,339.0,114.13161991346288,74.48352893146232,0.007936507936507936
HAM,19.0,84.649,Monza,2024,0.14873417721518986,2.0570522979397783,0.6439873417721519,0.04272151898734177,4.90506329113924,277.0,119.67938857037743,72.14047415156448,0.004746835443037975
HAM,20.0,84.64,Monza,2024,0.15926493108728942,1.969325153374233,0.663093415007657,0.03215926493108729,5.359877488514548,,116.37167114824113,75.53171416779685,0.0015313935681470138
HAM,21.0,84.915,Monza,2024,0.1684867394695788,2.05625,0.6287051482059283,0.031201248049921998,4.99219968798752,319.0,117.45823376890796,73.68116242010439,0.0124804992199688
HAM,22.0,84.613,Monza,2024,0.1588785046728972,2.0436817472698907,0.6433021806853583,0.03115264797507788,4.517133956386292,,116.90948634938486,72.76672039627064,0.0
HAM,23.0,84.132,Monza,2024,0.1582952815829528,1.9817073170731707,0.6560121765601218,0.0380517503805175,4.87062404870624,,115.16139231214568,72.45496424820404,0.0015220700152207
HAM,24.0,83.818,Monza,2024,0.14883720930232558,2.0434782608695654,0.6496124031007752,0.02635658914728682,4.8062015503875966,241.0,115.66097315131859,73.084234003211,0.004651162790697674
HAM,25.0,83.804,Monza,2024,0.15905511811023623,2.0220820189274447,0.6598425196850394,0.03779527559055118,5.039370078740157,295.5,115.46507402096165,72.7280210200821,0.009448818897637795
HAM,26.0,83.673,Monza,2024,0.14969135802469136,1.9536321483771253,0.6651234567901234,0.035493827160493825,5.246913580246913,286.34001664,123.37946814060895,72.98632333380199,0.009259259259259259
HAM,27.0,83.495,Monza,2024,0.1380952380952381,2.079491255961844,0.653968253968254,0.04285714285714286,5.555555555555555,,122.9012385410708,73.87401660236416,0.0031746031746031746
HAM,28.0,83.64,Monza,2024,0.15007656967840735,1.9355828220858895,0.6753445635528331,0.030627871362940276,5.51301684532925,,124.94479941222932,72.29155909219307,0.013782542113323124
HAM,29.0,83.507,Monza,2024,0.1396103896103896,2.1398373983739836,0.6737012987012987,0.04220779220779221,5.51948051948052,,130.46852242462012,73.1542291026852,0.006493506493506494
HAM,30.0,83.445,Monza,2024,0.15165876777251186,2.0759493670886076,0.655608214849921,0.02843601895734597,5.213270142180095,,125.11518648385132,73.72864285581535,0.001579778830963665
HAM,31.0,83.36,Monza,2024,0.16065573770491803,2.0985221674876846,0.6622950819672131,0.03114754098360656,5.737704918032787,327.0,130.8462618019403,72.86514244155619,0.00819672131147541
HAM,32.0,83.328,Monza,2024,0.15890850722311398,2.067524115755627,0.6677367576243981,0.027287319422150885,5.296950240770466,285.0,123.32686514534373,73.1513530457714,0.006420545746388443
HAM,33.0,83.397,Monza,2024,0.15798045602605862,2.1827079934747147,0.6400651465798045,0.035830618892508145,5.211726384364821,245.0,124.42171715047627,73.35911792117128,0.013029315960912053
HAM,34.0,83.531,Monza,2024,0.15566037735849056,2.0346456692913386,0.6619496855345912,0.036163522012578615,5.50314465408805,324.75,126.52184914037628,72.21106095189185,0.012578616352201259
HAM,35.0,83.378,Monza,2024,0.15615141955835962,2.0473933649289098,0.6798107255520505,0.02050473186119874,5.993690851735016,289.0,124.99478043324417,72.42848645186453,0.011041009463722398
HAM,36.0,83.601,Monza,2024,0.14953271028037382,2.0530421216848675,0.677570093457944,0.037383177570093455,5.29595015576324,263.5692097142857,126.24776589458449,73.26304985987133,0.014018691588785047
HAM,39.0,82.968,Monza,2024,0.1296875,1.9968701095461658,0.7125,0.028125,4.84375,275.5374976,115.78288370007581,70.57713930488502,0.0078125
HAM,40.0,83.012,Monza,2024,0.14516129032258066,2.0420032310177705,0.6854838709677419,0.027419354838709678,5.0,275.2140672,116.91384303054384,69.61898746540326,0.0064516129032258064
HAM,41.0,82.927,Monza,2024,0.14108527131782947,2.0093167701863353,0.6914728682170542,0.031007751937984496,5.271317829457364,,127.74673672466683,70.00942317741773,0.007751937984496124
HAM,42.0,82.52,Monza,2024,0.13036565977742448,1.984076433121019,0.7233704292527822,0.033386327503974564,4.769475357710652,,128.68433948528192,69.59359620279756,0.01589825119236884
HAM,43.0,82.396,Monza,2024,0.13500784929356358,2.009433962264151,0.7017268445839875,0.04395604395604396,5.023547880690738,285.55,118.64583435570651,72.04941357515887,0.015698587127158554
HAM,44.0,82.136,Monza,2024,0.12241653418124006,2.022292993630573,0.7090620031796503,0.0397456279809221,4.769475357710652,276.14166666666665,120.75937281140263,71.65326819277243,0.011128775834658187
HAM,45.0,82.176,Monza,2024,0.13162118780096307,2.1093247588424435,0.7126805778491172,0.03210272873194221,5.136436597110754,249.76999936,116.37605205772286,72.41419063124852,0.0032102728731942215
HAM,46.0,82.307,Monza,2024,0.132569558101473,2.1278688524590166,0.7168576104746317,0.024549918166939442,5.400981996726677,305.0,119.2879385930459,69.37780415661379,0.011456628477905073
HAM,47.0,82.471,Monza,2024,0.13570274636510501,2.074433656957929,0.7108239095315024,0.01938610662358643,5.3311793214862675,281.0074074074074,114.80872065434498,73.1963185275265,0.008077544426494346
HAM,48.0,82.794,Monza,2024,0.1338709677419355,2.161550888529887,0.6870967741935484,0.01935483870967742,5.161290322580645,270.2428537904762,120.95817054627769,75.78817158190843,0.008064516129032258
HAM,49.0,82.446,Monza,2024,0.1314935064935065,2.097560975609756,0.7061688311688312,0.032467532467532464,5.357142857142857,,124.75696344214337,73.73907612032335,0.012987012987012988
HAM,50.0,82.243,Monza,2024,0.12755905511811025,2.034700315457413,0.7196850393700788,0.031496062992125984,4.881889763779528,302.2510301598234,117.26490693562135,72.44273326262844,0.015748031496062992
HAM,51.0,82.737,Monza,2024,0.1485623003194888,2.064,0.6837060702875399,0.023961661341853034,4.952076677316294,,113.33321169191399,71.4535710793561,0.01757188498402556
HAM,52.0,85.703,Monza,2024,0.16282642089093702,2.0553846153846154,0.49001536098310294,0.04915514592933948,5.22273425499232,,117.77122995458345,70.6147746749806,0.019969278033794162
HAM,53.0,81.512,Monza,2024,0.13344051446945338,2.1558936878582933,0.6977491961414791,0.01929260450160772,5.305466237942122,318.5,117.4734607245003,72.77116974965817,0.01607717041800643
LEC,1.0,88.179,Monza,2024,0.18851251840942562,2.4144542772861355,0.6185567010309279,0.014727540500736377,6.774668630338733,315.0541664,117.38446422044034,80.15934473565957,0.042709867452135494
LEC,2.0,85.396,Monza,2024,0.20149253731343283,1.8923766816143497,0.6417910447761194,0.007462686567164179,5.970149253731343,263.3333333333333,125.6483353319741,74.57620541510221,0.05522388059701493
LEC,3.0,85.179,Monza,2024,0.1574074074074074,2.015455950540958,0.6527777777777778,0.024691358024691357,5.864197530864197,270.06666666666666,129.5125847838524,75.24484006830833,0.029320987654320986
LEC,4.0,84.81,Monza,2024,0.17378048780487804,2.033587786259542,0.6387195121951219,0.021341463414634148,6.402439024390244,333.0,124.73943562256258,75.1875096813897,0.03048780487804878
LEC,5.0,84.603,Monza,2024,0.1735159817351598,1.975609756097561,0.6453576864535768,0.0182648401826484,5.93607305936073,,130.8594827071228,74.38301238899194,0.0395738203957382
LEC,6.0,84.663,Monza,2024,0.1633587786259542,2.0458715596330275,0.6458015267175573,0.02748091603053435,5.801526717557252,231.0,130.11244385060235,74.5440545843263,0.0366412213740458
LEC,7.0,84.434,Monza,2024,0.15566037735849056,2.0913385826771655,0.6666666666666666,0.006289308176100629,5.9748427672955975,265.63000576,126.83177202270531,75.2940976016497,0.04245283018867924
LEC,8.0,84.569,Monza,2024,0.14797507788161993,2.1341653666146647,0.6588785046728972,0.012461059190031152,5.763239875389408,,127.95447250956909,75.3706589826143,0.0264797507788162
LEC,9.0,84.362,Monza,2024,0.16037735849056603,2.1133858267716534,0.6635220125786163,0.009433962264150943,5.9748427672955975,315.5928585142857,130.39748506236958,74.82355598954882,0.03773584905660377
LEC,10.0,84.432,Monza,2024,0.16640986132511557,2.1666666666666665,0.6471494607087828,0.012326656394453005,6.00924499229584,316.05833386666666,131.02529892359453,74.34103207033561,0.03697996918335902
LEC,11.0,84.846,Monza,2024,0.16307692307692306,2.0554699537750385,0.6907692307692308,0.013846153846153847,5.846153846153846,254.66666666666666,131.92531610742503,71.72303303785131,0.052307692307692305
LEC,12.0,84.916,Monza,2024,0.15716486902927582,1.9722222222222223,0.6779661016949152,0.007704160246533128,5.546995377503852,282.8500032,130.75216743872983,73.01066531255313,0.04776579352850539
LEC,13.0,85.529,Monza,2024,0.15325077399380804,2.0356589147286823,0.6578947368421053,0.01393188854489164,5.727554179566564,316.0,124.32459680571061,73.3539829772754,0.06037151702786378
LEC,14.0,85.606,Monza,2024,0.1506849315068493,2.0228658536585367,0.6727549467275494,0.015220700152207,5.175038051750381,290.0,120.49684681547818,73.83586109674796,0.0410958904109589
LEC,17.0,84.27,Monza,2024,0.19047619047619047,1.8976923076923078,0.6804915514592934,0.0030721966205837174,5.683563748079877,,124.15997319266236,72.26970362332196,0.053763440860215055
LEC,18.0,83.875,Monza,2024,0.17041800643086816,2.105475040257649,0.6784565916398714,0.00964630225080386,5.466237942122187,283.19,119.47170970568776,73.39956856956572,0.04180064308681672
LEC,19.0,84.203,Monza,2024,0.15772870662460567,1.966824644549763,0.668769716088328,0.00946372239747634,5.3627760252365935,263.6666666666667,115.80560695150649,76.0888709818648,0.028391167192429023
LEC,20.0,83.826,Monza,2024,0.1871069182389937,2.054347581912261,0.6572327044025157,0.0031446540880503146,5.188679245283019,,114.64950562847058,74.98935652022931,0.06289308176100629
LEC,21.0,83.88,Monza,2024,0.17133956386292834,2.0091779030978385,0.6744548286604362,0.006230529595015576,5.763239875389408,276.5,118.46857652444228,75.42439786657475,0.04672897196261682
LEC,22.0,83.768,Monza,2024,0.1564945226917058,2.0528423072100312,0.6823161189358372,0.01564945226917058,5.320813771517996,315.5,116.76114323611557,73.25121893276899,0.0297339593114241
LEC,23.0,83.864,Monza,2024,0.1549079754601227,1.9859035635299862,0.6855828220858896,0.010736196319018405,5.214723926380368,275.5,116.4252371262288,72.72632361746301,0.05061349693251534
LEC,24.0,83.64,Monza,2024,0.16169544740973313,2.105986064374181,0.6609105180533752,0.007849293563579277,5.4945054945054945,273.3510881391304,116.1533663357106,72.73417033276225,0.05180533751962323
LEC,25.0,83.59,Monza,2024,0.153125,1.9806924895148672,0.690625,0.015625,5.15625,311.0,115.16769316647218,73.40911561411929,0.053125
LEC,26.0,83.321,Monza,2024,0.14174454828660435,2.0405616224648986,0.6993769470404985,0.00778816199376947,5.14018691588785,257.5,118.21489173485897,72.11817335654449,0.04205607476635514
LEC,27.0,83.534,Monza,2024,0.13765822784810128,2.0093634451135762,0.694620253164557,0.00949367088607595,5.063291139240507,297.0,115.46595032241085,73.39124508094503,0.0379746835443038
LEC,28.0,83.284,Monza,2024,0.14307692307692307,1.9724062652285568,0.6938461538461539,0.007692307692307693,5.538461538461538,241.7125024,117.9910553103671,72.65813535825562,0.046153846153846156
LEC,29.0,83.229,Monza,2024,0.13709677419354838,2.0646203554119547,0.6935483870967742,0.0064516129032258064,5.0,309.0,116.07012620772382,71.79934900905431,0.05
LEC,30.0,83.359,Monza,2024,0.14171974522292993,2.0223285486443383,0.6719745222929936,0.004777070063694267,5.254777070063694,308.65,114.77239181128611,73.16354213702557,0.03662420382165605
LEC,31.0,83.972,Monza,2024,0.16181229773462782,2.1703910042139385,0.6472491909385113,0.008090614886731391,6.148867313915858,323.0,127.83311701696253,75.62479498248904,0.043689320388349516
LEC,32.0,83.274,Monza,2024,0.14634146341463414,2.125958875830619,0.6699186991869919,0.013008130081300813,5.528455284552845,292.101564,116.09443019340294,75.78724823014412,0.03902439024390244
LEC,33.0,83.226,Monza,2024,0.1470113085621971,2.08014563210356,0.7043618739903069,0.004846526655896607,5.3311793214862675,308.0,112.8046343082057,73.00515737004518,0.050080775444264945
LEC,34.0,83.43,Monza,2024,0.14173228346456693,1.9290220820189274,0.6992125984251969,0.015748031496062992,4.881889763779528,247.0,119.98003542403744,72.40441122776924,0.04251968503937008
LEC,35.0,83.681,Monza,2024,0.15262321144674085,2.0621019108280256,0.6868044515103339,0.0047694753577106515,5.405405405405405,274.27858925714287,112.85258399986775,72.84428616830476,0.05087440381558029
LEC,36.0,83.714,Monza,2024,0.15254237288135594,1.987815071604938,0.6825885978428351,0.01078582434514638,5.084745762711865,289.906256,114.68598906994207,74.19792696961632,0.04468412942989214
LEC,37.0,83.55,Monza,2024,0.151033386327504,2.1176685248407643,0.6629570747217806,0.009538950715421303,5.246422893481717,317.33611306666666,116.50887684393415,74.1203880474678,0.03656597774244833
LEC,38.0,83.624,Monza,2024,0.14896988906497624,2.080952380952381,0.6909667194928685,0.009508716323296355,5.229793977812995,267.5,116.3698058593924,72.96940004890523,0.0491283676703645
LEC,39.0,83.718,Monza,2024,0.14756671899529042,2.0707547169811322,0.673469387755102,0.0141287284144427,5.023547880690738,289.0949545776506,113.48791273021851,74.70531813805347,0.03767660910518053
LEC,40.0,83.69,Monza,2024,0.14351851851851852,2.008859571296092,0.6851851851851852,0.012345679012345678,5.246913580246913,309.1916672,119.20727208086558,73.43774643209306,0.032407407407407406
LEC,41.0,83.611,Monza,2024,0.1424,2.099788232967033,0.6736,0.0176,5.28,,113.50347230738103,71.9508553874271,0.0544
LEC,42.0,83.67,Monza,2024,0.1527777777777778,2.0958268933539412,0.6975308641975309,0.012345679012345678,5.092592592592593,281.54062293333334,117.97106805803136,73.4418760772308,0.030864197530864196
LEC,43.0,83.867,Monza,2024,0.147239263803681,2.053763440860215,0.6656441717791411,0.012269938650306749,4.9079754601226995,304.0,113.94107702952608,74.52247751173336,0.02607361963190184
LEC,44.0,83.43,Monza,2024,0.1430817610062893,2.0771653543307087,0.690251572327044,0.01729559748427673,5.345911949685535,285.0,114.274640956727,73.19457260261076,0.040880503144654086
LEC,45.0,83.731,Monza,2024,0.14668769716088328,2.0477191936808845,0.6861198738170347,0.006309148264984227,5.047318611987381,275.0,117.33331424200942,72.33233507170146,0.01892744479495268
LEC,46.0,83.597,Monza,2024,0.13870967741935483,2.0816708401179302,0.714516129032258,0.00967741935483871,5.0,275.0,111.33309453258823,74.09550378805442,0.03870967741935484
LEC,47.0,83.676,Monza,2024,0.14873417721518986,2.078034073481777,0.6645569620253164,0.012658227848101266,5.2215189873417724,311.1249984,117.1443975736729,73.57602468063854,0.030063291139240507
LEC,48.0,83.518,Monza,2024,0.13902053712480253,2.0443037974683542,0.6951026856240127,0.009478672985781991,4.739336492890995,,112.8587836849378,72.36665603260357,0.03475513428120063
LEC,49.0,83.467,Monza,2024,0.1527331189710611,2.080515297906602,0.680064308681672,0.012861736334405145,5.144694533762058,289.3333333333333,116.20357994715444,73.05218204112852,0.028938906752411574
LEC,50.0,83.461,Monza,2024,0.14761904761904762,2.111287758346582,0.6857142857142857,0.009523809523809525,5.396825396825397,304.0,112.47001179789612,72.79058437793432,0.03015873015873016
LEC,51.0,83.555,Monza,2024,0.1509433962264151,2.1852034116535433,0.690251572327044,0.009433962264150943,5.031446540880504,290.06667032380955,118.25723666133509,74.46954435113871,0.0330188679245283
LEC,52.0,83.75,Monza,2024,0.14599686028257458,2.123263889308176,0.6718995290423861,0.012558869701726845,5.180533751962323,258.65342283636363,115.06294013868406,74.88376865029349,0.0282574568288854
LEC,53.0,83.268,Monza,2024,0.1588785046728972,2.0187207488299532,0.6806853582554517,0.006230529595015576,5.14018691588785,300.0,116.24927132763696,76.0754730502637,0.04361370716510903
NOR,2.0,85.458,Monza,2024,0.16542473919523099,1.9223880597014926,0.6154992548435171,0.06706408345752608,6.259314456035768,277.51875,139.070779345765,75.73113420785444,0.0
NOR,3.0,85.11,Monza,2024,0.16253869969040247,1.9410852713178295,0.608359133126935,0.08513931888544891,6.656346749226007,239.0,141.26789801467325,75.08577229491196,0.0
NOR,4.0,85.168,Monza,2024,0.15606060606060607,1.9939301972685888,0.6363636363636364,0.07121212121212121,6.666666666666667,262.0,139.3740783279513,72.92620371419036,0.0015151515151515152
NOR,5.0,84.674,Monza,2024,0.15114503816793892,1.963302752293578,0.6351145038167939,0.09465648854961832,6.412213740458015,,140.21493014325918,73.27682468215741,0.0
NOR,6.0,84.768,Monza,2024,0.14786585365853658,1.9969465648854963,0.6295731707317073,0.07926829268292683,6.25,315.5944448,141.43426864538466,72.86533361837328,0.0
NOR,7.0,84.531,Monza,2024,0.14890282131661442,1.9905808477237048,0.6473354231974922,0.07053291536050156,6.112852664576803,287.09352154074077,134.21932946152543,72.57743737902034,0.0
NOR,8.0,84.674,Monza,2024,0.15085536547433903,2.0,0.6329704510108864,0.06842923794712286,6.2208398133748055,324.0,137.57697295696428,73.55490790740164,0.003110419906687403
NOR,9.0,84.664,Monza,2024,0.16012558869701726,1.9842767295597483,0.6342229199372057,0.061224489795918366,6.436420722135009,309.0,138.51914399267062,72.45617395684228,0.0
NOR,10.0,84.391,Monza,2024,0.1411042944785276,1.9938556067588327,0.6441717791411042,0.06134969325153374,5.98159509202454,269.32350270258826,140.2701586433661,72.08486037554876,0.0
NOR,11.0,84.448,Monza,2024,0.1437403400309119,2.040247678018576,0.6506955177743431,0.04945904173106646,6.491499227202473,317.3333333333333,141.88591102436723,71.76253945977922,0.0015455950540958269
NOR,12.0,84.655,Monza,2024,0.14440993788819875,2.0,0.6257763975155279,0.06832298136645963,6.521739130434782,282.5,138.64445232518722,73.10498895909903,0.0
NOR,13.0,85.359,Monza,2024,0.14883720930232558,2.047095714479693,0.627906976744186,0.05736434108527132,6.2015503875969,241.0,134.0954455839473,74.35152728278432,0.0
NOR,16.0,84.154,Monza,2024,0.13137557959814528,1.9659442724458205,0.6460587326120556,0.07882534775888717,6.491499227202473,303.4189340818153,143.48056960652403,69.70433061577816,0.0
NOR,17.0,85.585,Monza,2024,0.15582450832072617,1.9424242424242424,0.6006051437216339,0.10287443267776097,6.656580937972769,278.0285714285714,146.07836704704903,72.95980230991593,0.0
NOR,18.0,83.92,Monza,2024,0.16185897435897437,1.971107544141252,0.6426282051282052,0.06570512820512821,6.570512820512821,301.36,138.44279562063446,72.27317695152813,0.0
NOR,19.0,84.152,Monza,2024,0.14353312302839116,2.0537124802527646,0.6451104100946372,0.07413249211356467,6.309148264984227,240.8,132.41873196034607,73.53300653286333,0.0
NOR,20.0,83.882,Monza,2024,0.13679245283018868,2.0503937007874016,0.639937106918239,0.08176100628930817,6.289308176100629,,133.90152270364064,72.62081970469615,0.0
NOR,21.0,83.753,Monza,2024,0.14397496087636932,1.974921630094044,0.6494522691705791,0.06885758998435054,5.94679186228482,242.8406256,131.72162833808494,72.56733253430768,0.0
NOR,22.0,83.652,Monza,2024,0.1486697965571205,1.9874608150470219,0.651017214397496,0.07668231611893583,6.259780907668231,267.24604176,136.44687187652877,72.13966783982194,0.0
NOR,23.0,83.581,Monza,2024,0.14285714285714285,1.9876923076923076,0.6497695852534562,0.0706605222734255,6.29800307219662,243.84999893333332,132.21684353407161,71.66096361758285,0.0
NOR,24.0,83.601,Monza,2024,0.14599686028257458,1.9685534591194969,0.6609105180533752,0.06436420722135008,5.965463108320251,243.0,135.40088409872584,72.24714623375556,0.0
NOR,25.0,83.321,Monza,2024,0.13814756671899528,2.050314465408805,0.6514913657770801,0.06907378335949764,5.808477237048666,279.5,131.24897962226055,72.88848175425156,0.0
NOR,26.0,83.469,Monza,2024,0.13862928348909656,1.9906396255850234,0.6666666666666666,0.05451713395638629,5.29595015576324,311.0,132.0276944951005,71.37161133811988,0.0
NOR,27.0,83.267,Monza,2024,0.14761904761904762,1.9300476947535772,0.6714285714285714,0.06349206349206349,6.507936507936509,,135.10705205252003,71.36616556252798,0.0
NOR,28.0,83.067,Monza,2024,0.13292117465224113,2.040247678018576,0.6769706336939721,0.05255023183925812,5.564142194744977,279.71838249411763,133.2246241302656,71.49345145994646,0.0015455950540958269
NOR,29.0,83.3,Monza,2024,0.1270096463022508,2.077294685990338,0.6720257234726688,0.07395498392282958,5.94855305466238,279.1428571428571,122.88009624643878,72.01153477405278,0.0
NOR,30.0,83.614,Monza,2024,0.14444444444444443,2.0508744038155804,0.665079365079365,0.05714285714285714,6.349206349206349,311.0,132.5039508070462,71.99137196983122,0.0
NOR,31.0,84.94,Monza,2024,0.15175718849840256,2.1056,0.65814696485623,0.052715654952076675,5.9105431309904155,,130.68124187973922,76.2906166252866,0.006389776357827476
NOR,34.0,82.837,Monza,2024,0.14832535885167464,2.0,0.6650717703349283,0.06379585326953748,5.901116427432217,310.0,130.58838280724382,71.14708242500413,0.003189792663476874
NOR,35.0,83.137,Monza,2024,0.1449044585987261,2.1020733652312598,0.6719745222929936,0.06369426751592357,6.050955414012739,244.0,126.50777123631171,71.50144170887408,0.0
NOR,36.0,83.114,Monza,2024,0.14018691588785046,2.012480499219969,0.6666666666666666,0.07009345794392523,5.607476635514018,314.0,127.70209544850887,72.54232859522862,0.0
NOR,37.0,83.178,Monza,2024,0.15151515151515152,2.0447284345047922,0.6570972886762361,0.05582137161084529,5.901116427432217,280.71105713815246,124.50338392287378,71.75594372014875,0.003189792663476874
NOR,38.0,83.133,Monza,2024,0.14603174603174604,2.02543720190779,0.6555555555555556,0.07301587301587302,6.190476190476191,246.0,125.69461681625579,72.92326555727207,0.0
NOR,39.0,83.061,Monza,2024,0.1486697965571205,2.083139274518585,0.6494522691705791,0.07042253521126761,6.259780907668231,280.5,124.85840598685908,75.04326417256746,0.0
NOR,40.0,84.162,Monza,2024,0.15673981191222572,2.1192419825072886,0.6316614420062696,0.05642633228840126,5.956112852664576,298.11204242962964,121.44347133470578,79.5414446442947,0.0
NOR,41.0,82.234,Monza,2024,0.15127388535031847,2.0526315789473686,0.6656050955414012,0.054140127388535034,6.210191082802548,278.96607268571427,128.36096106728496,73.08126873173077,0.006369426751592357
NOR,42.0,82.678,Monza,2024,0.13406940063091483,2.118483412322275,0.6624605678233438,0.05362776025236593,6.151419558359621,279.8843417245476,126.28832839042806,72.20495958553818,0.0
NOR,43.0,82.25,Monza,2024,0.13615023474178403,2.056736546708464,0.6744913928012519,0.057902973395931145,5.790297339593114,,119.20515987853796,72.06346382648088,0.0
NOR,44.0,82.403,Monza,2024,0.11764705882352941,2.074525610191083,0.6915739268680445,0.06518282988871224,5.723370429252783,243.0,119.90469453157327,71.59836105499618,0.0
NOR,45.0,82.398,Monza,2024,0.136,2.081060606060606,0.6816,0.048,5.76,283.0,120.85659757691344,71.81743264351277,0.0032
NOR,46.0,82.041,Monza,2024,0.11456628477905073,2.0744560357675113,0.6857610474631751,0.062193126022913256,6.055646481178396,252.0,122.92495733963281,73.93741823065493,0.0
NOR,47.0,83.852,Monza,2024,0.1712,2.145312502564103,0.5872,0.0624,6.08,290.5576442614305,123.45979135184447,77.73260155491677,0.0016
NOR,48.0,81.824,Monza,2024,0.14285714285714285,2.161504062439024,0.6964285714285714,0.048701298701298704,5.681818181818182,251.5,116.0837350527454,73.97400330154629,0.00487012987012987
NOR,49.0,82.436,Monza,2024,0.12861736334405144,2.0579710144927534,0.6816720257234726,0.06591639871382636,5.627009646302251,307.0,117.0643374765729,71.74510953796432,0.003215434083601286
NOR,50.0,83.266,Monza,2024,0.1518987341772152,2.1014263074484942,0.6534810126582279,0.04588607594936709,5.8544303797468356,321.8515652,124.13041967246562,73.95345311690491,0.004746835443037975
NOR,51.0,82.269,Monza,2024,0.13738019169329074,2.0704,0.6869009584664537,0.03354632587859425,5.431309904153355,317.0,114.54743644173695,73.03312816711933,0.0
NOR,52.0,82.302,Monza,2024,0.1270096463022508,2.0837359098228663,0.684887459807074,0.05305466237942122,5.466237942122187,268.55654689523806,118.04352979936901,70.8997900215304,0.0
NOR,53.0,81.432,Monza,2024,0.11980830670926518,2.0918933333333336,0.6932907348242812,0.04792332268370607,4.952076677316294,306.2031224,114.31520457337186,73.38669101761631,0.0
SAI,2.0,85.731,Monza,2024,0.20444444444444446,2.059347181008902,0.6355555555555555,0.01037037037037037,5.481481481481482,,127.90173811320292,77.59164145585129,0.014814814814814815
SAI,3.0,85.358,Monza,2024,0.18209876543209877,2.179289026275116,0.6342592592592593,0.026234567901234566,6.172839506172839,278.0,132.82665199680272,76.89791438335502,0.0
SAI,4.0,85.086,Monza,2024,0.17298937784522003,2.115501519756839,0.6631259484066768,0.021244309559939303,5.614567526555387,325.2166698666667,127.77069495864576,76.11261255320426,0.004552352048558422
SAI,5.0,85.006,Monza,2024,0.19541984732824427,2.143730886850153,0.6534351145038167,0.012213740458015267,5.648854961832061,315.5,129.37758584559126,75.60158133250334,0.016793893129770993
SAI,6.0,84.642,Monza,2024,0.18292682926829268,2.122137404580153,0.6737804878048781,0.001524390243902439,5.335365853658536,277.5607168,130.40960908740823,73.91759878240735,0.01676829268292683
SAI,7.0,84.715,Monza,2024,0.15396578538102643,2.1588785046728973,0.671850699844479,0.017107309486780714,4.976671850699844,,130.67929330146623,74.27807511636975,0.01088646967340591
SAI,8.0,84.87,Monza,2024,0.16875,2.2097026604068857,0.6609375,0.0140625,4.6875,239.0,124.71411998640829,73.51515373759423,0.0140625
SAI,9.0,84.774,Monza,2024,0.16380655226209048,2.171875,0.6630265210608425,0.0062402496099844,4.83619344773791,260.6166784,121.78278567817742,72.85086703569856,0.014040561622464899
SAI,10.0,84.684,Monza,2024,0.15076923076923077,2.2342064714946073,0.6707692307692308,0.006153846153846154,4.461538461538462,306.0,116.99099227389925,73.54278520395107,0.010769230769230769
SAI,11.0,85.066,Monza,2024,0.14045801526717558,2.0978593272171255,0.6931297709923664,0.016793893129770993,4.580152671755725,,115.20531845137114,73.4856811568921,0.00916030534351145
SAI,12.0,85.276,Monza,2024,0.1646153846153846,2.243451463790447,0.66,0.006153846153846154,4.461538461538462,310.0,122.79985764615937,73.64256705716727,0.013846153846153847
SAI,13.0,85.423,Monza,2024,0.17182662538699692,2.186046511627907,0.6455108359133127,0.007739938080495356,5.41795665634675,307.0,123.14334185699377,73.2309934654363,0.02631578947368421
SAI,14.0,85.234,Monza,2024,0.17611026033690658,2.0920245398773005,0.6508422664624809,0.007656967840735069,4.900459418070445,311.0,119.17344115773804,74.04027471881176,0.015313935681470138
SAI,15.0,85.183,Monza,2024,0.16187594553706505,2.1121212121212123,0.6641452344931922,0.01361573373676248,4.992435703479576,309.5,122.49817770964042,72.96492241153815,0.030257186081694403
SAI,16.0,85.341,Monza,2024,0.15944272445820434,2.096124031007752,0.6780185758513931,0.006191950464396285,5.41795665634675,306.0,126.64144007155257,71.49966047564487,0.02476780185758514
SAI,17.0,85.407,Monza,2024,0.16261398176291794,2.0791476407914766,0.6762917933130699,0.00911854103343465,4.5592705167173255,234.0222222222222,121.03024824496866,73.47583344756642,0.025835866261398176
SAI,18.0,85.678,Monza,2024,0.16796267496111975,2.1059190031152646,0.687402799377916,0.013996889580093312,4.821150855365474,227.3454522181818,118.12600534548808,73.02680164915014,0.027993779160186624
SAI,21.0,84.499,Monza,2024,0.1546875,2.15962441314554,0.6875,0.0140625,5.3125,299.0,127.26683865120171,70.85780375877799,0.003125
SAI,22.0,84.226,Monza,2024,0.1643192488262911,2.1912225705329154,0.6901408450704225,0.014084507042253521,5.164319248826291,299.5,123.47093406872212,72.4869027367194,0.009389671361502348
SAI,23.0,84.557,Monza,2024,0.1590909090909091,2.0667678300455234,0.6909090909090909,0.010606060606060607,5.0,240.18000128,124.5850462678008,72.41169792035414,0.00909090909090909
SAI,24.0,83.682,Monza,2024,0.1622464898595944,2.134375,0.7051482059282371,0.0046801872074883,4.99219968798752,243.25714468571428,119.02609931606845,70.47794376166082,0.0249609984399376
SAI,25.0,83.687,Monza,2024,0.16561514195583596,2.170616113744076,0.7003154574132492,0.006309148264984227,4.889589905362776,274.03214308571427,115.62655904174581,72.09367899847051,0.02996845425867508
SAI,26.0,83.503,Monza,2024,0.1617873651771957,2.052469135802469,0.6964560862865947,0.0061633281972265025,4.622496147919876,299.7333361777778,117.37039248287742,71.50054104373113,0.02465331278890601
SAI,27.0,83.503,Monza,2024,0.1573926868044515,2.171974522292994,0.685214626391097,0.014308426073131956,4.769475357710652,240.0,116.88482954661495,72.99494384063631,0.02702702702702703
SAI,28.0,83.751,Monza,2024,0.15548780487804878,2.1038167938931296,0.6920731707317073,0.01676829268292683,4.573170731707317,308.5,113.73504122134092,71.65622830041947,0.009146341463414634
SAI,29.0,83.473,Monza,2024,0.15472312703583063,2.176182707993475,0.6954397394136808,0.003257328990228013,4.88599348534202,,114.33660805662994,72.50163358321142,0.021172638436482084
SAI,30.0,83.584,Monza,2024,0.16062992125984252,2.145110410094637,0.6992125984251969,0.004724409448818898,4.881889763779528,307.0,115.4054314701253,72.56439175845777,0.02204724409448819
SAI,31.0,83.33,Monza,2024,0.15460526315789475,2.200988467874794,0.7039473684210527,0.009868421052631578,5.098684210526316,,115.47490507677253,72.54225464306796,0.03289473684210526
SAI,32.0,83.354,Monza,2024,0.152,2.2211538461538463,0.7088,0.008,5.4399999999999995,278.6666666666667,119.43091601362754,72.14560026605267,0.0176
SAI,33.0,83.412,Monza,2024,0.15447154471544716,2.175895765472313,0.6959349593495935,0.0065040650406504065,4.5528455284552845,310.5,118.82845851051458,71.47165852380166,0.016260162601626018
SAI,34.0,83.285,Monza,2024,0.15772870662460567,2.132701421800948,0.7003154574132492,0.006309148264984227,4.574132492113565,,116.90225545895326,71.12374340081581,0.02365930599369085
SAI,35.0,83.334,Monza,2024,0.15981012658227847,2.1648177496038037,0.7025316455696202,0.006329113924050633,4.90506329113924,292.0,118.41310507151472,71.3848177717589,0.01740506329113924
SAI,36.0,83.27,Monza,2024,0.1515625,2.1533646322378717,0.703125,0.0109375,4.84375,266.63125759999997,113.5778798745767,71.9419422075132,0.0203125
SAI,37.0,83.29,Monza,2024,0.14376996805111822,2.24,0.7124600638977636,0.020766773162939296,4.313099041533546,275.2750016,114.6902119368609,71.80422370786587,0.01757188498402556
SAI,38.0,83.551,Monza,2024,0.15689381933438987,2.168253968253968,0.694136291600634,0.009508716323296355,4.754358161648177,236.0750048,117.22595716170038,72.15242601286297,0.014263074484944533
SAI,39.0,83.809,Monza,2024,0.1625,2.2253521126760565,0.6734375,0.0078125,4.6875,241.02228269240643,116.3451517694996,74.7378007658231,0.015625
SAI,40.0,83.803,Monza,2024,0.1563467492260062,2.124031007751938,0.6919504643962848,0.009287925696594427,4.953560371517028,295.2781328,117.70742033591372,73.11968297018743,0.021671826625386997
SAI,41.0,83.337,Monza,2024,0.15445859872611464,2.1818181818181817,0.7308917197452229,0.0031847133757961785,4.936305732484077,,122.74339958877677,70.55274891609243,0.01910828025477707
SAI,42.0,83.838,Monza,2024,0.16383307573415765,2.1826625386996903,0.6800618238021638,0.012364760432766615,4.7913446676970635,244.0,112.36964468718526,73.36765975290459,0.015455950540958269
SAI,43.0,83.793,Monza,2024,0.16615384615384615,2.1602465331278893,0.6676923076923077,0.015384615384615385,4.3076923076923075,291.7833333333333,117.11774060122177,75.64308539035616,0.012307692307692308
SAI,44.0,83.931,Monza,2024,0.17289719626168223,2.1341653666146647,0.6791277258566978,0.003115264797507788,4.672897196261682,266.0,126.78513177366334,74.56724740998716,0.006230529595015576
SAI,45.0,85.113,Monza,2024,0.17857142857142858,2.1804043545878695,0.6661490683229814,0.007763975155279503,5.124223602484472,327.0,126.92595015058964,76.77028018374392,0.023291925465838508
SAI,46.0,84.001,Monza,2024,0.17252396166134185,2.2336,0.6916932907348243,0.006389776357827476,5.431309904153355,285.31333333333333,126.16948615293808,72.44381936382118,0.01757188498402556
SAI,47.0,84.09,Monza,2024,0.192,2.1891025641025643,0.6592,0.0048,5.76,241.4,131.45878874034554,75.09707980400125,0.0208
SAI,48.0,84.939,Monza,2024,0.1765625,2.1658841940532083,0.66875,0.0078125,5.0,280.773808152381,123.99870146981165,73.62667487839147,0.0125
SAI,49.0,83.921,Monza,2024,0.15748031496062992,2.1608832807570977,0.6881889763779527,0.01732283464566929,5.354330708661418,274.6031272,124.02496524630688,73.19991147340639,0.01889763779527559
SAI,50.0,83.769,Monza,2024,0.16326530612244897,2.1761006289308176,0.6766091051805337,0.01098901098901099,4.866562009419153,307.0,124.60731978809486,71.94392594570168,0.01098901098901099
SAI,51.0,83.754,Monza,2024,0.15566037735849056,2.2425196850393703,0.6808176100628931,0.007861635220125786,5.031446540880504,,120.449326008572,74.19940740933626,0.0031446540880503146
SAI,52.0,83.722,Monza,2024,0.1486697965571205,2.1724137931034484,0.6948356807511737,0.010954616588419406,5.477308294209703,241.5,119.30879181975551,73.55193561089966,0.006259780907668232
SAI,53.0,83.219,Monza,2024,0.15396825396825398,2.1271860095389505,0.6746031746031746,0.014285714285714285,4.761904761904762,289.52999936000003,111.4393863885761,73.51224942341752,0.009523809523809525
VER,2.0,86.17,Monza,2024,0.18448023426061494,2.090909090909091,0.6178623718887262,0.0629575402635432,5.417276720351391,292.6666666666667,128.1897536529001,75.71872057007018,0.0
VER,3.0,85.855,Monza,2024,0.1781874039938556,2.1753846153846155,0.6282642089093702,0.043010752688172046,5.529953917050691,,130.26185139862665,75.65822269511372,0.0
VER,4.0,85.633,Monza,2024,0.17095310136157338,2.124242424242424,0.6444780635400907,0.04387291981845688,4.841149773071105,315.7606517544991,119.6356863739562,72.7318168728119,0.0030257186081694403
VER,5.0,85.218,Monza,2024,0.1641337386018237,2.164383561643836,0.648936170212766,0.044072948328267476,5.167173252279635,320.8,120.35289217586525,73.66251482696842,0.001519756838905775
VER,6.0,85.096,Monza,2024,0.15326251896813353,2.106382978723404,0.6494688922610015,0.05918057663125948,4.704097116843703,316.0,117.82191895050185,72.49855992290834,0.0
VER,7.0,85.042,Monza,2024,0.16304347826086957,2.1493001555209954,0.6304347826086957,0.046583850931677016,5.279503105590062,319.09750144,117.23282567625434,72.55178804520952,0.0
VER,8.0,84.918,Monza,2024,0.1606864274570983,2.128125,0.6583463338533542,0.0405616224648986,4.83619344773791,316.5,120.24054271660748,71.96449005556684,0.0
VER,9.0,85.05,Monza,2024,0.17465224111282843,2.1486068111455108,0.6646058732612056,0.027820710973724884,4.945904173106646,321.0,119.18521775469344,72.78122692114358,0.0
VER,10.0,84.964,Monza,2024,0.15902140672782875,2.22052067381317,0.6697247706422018,0.05657492354740061,4.892966360856269,243.84400974368629,122.05371493178973,71.6104772650027,0.0
VER,11.0,84.978,Monza,2024,0.15821812596006143,2.1569230769230767,0.6605222734254992,0.043010752688172046,5.0691244239631335,258.04487220512823,119.50431876809998,70.55911517480503,0.0030721966205837174
VER,12.0,84.968,Monza,2024,0.16149068322981366,2.1679626749611196,0.6661490683229814,0.043478260869565216,5.279503105590062,,117.9322269730152,71.85948393932085,0.004658385093167702
VER,13.0,84.957,Monza,2024,0.16434108527131783,2.1956521739130435,0.6728682170542636,0.03875968992248062,5.116279069767442,322.0,118.51085702961024,71.27237476272661,0.0031007751937984496
VER,14.0,85.287,Monza,2024,0.15668202764976957,2.129230769230769,0.6651305683563749,0.0445468509984639,4.761904761904762,316.48611152592593,120.03659988937524,73.02976915630018,0.0030721966205837174
VER,15.0,85.746,Monza,2024,0.17585692995529062,2.1194029850746268,0.6497764530551415,0.04769001490312966,5.067064083457526,,129.88189083376278,75.9808266730792,0.0029806259314456036
VER,16.0,85.244,Monza,2024,0.15193798449612403,2.1801242236024843,0.5364341085271318,0.03255813953488372,5.116279069767442,223.13710679349856,119.85847770835476,72.2846627481954,0.0
VER,17.0,85.34,Monza,2024,0.14939024390243902,2.112977099236641,0.6829268292682927,0.05945121951219512,4.878048780487805,296.25,118.37339275214052,72.25414134676421,0.0
VER,18.0,85.469,Monza,2024,0.15863141524105753,2.2242990654205608,0.6547433903576982,0.027993779160186624,4.821150855365474,,123.69051183402053,71.90791287006198,0.0
VER,19.0,85.537,Monza,2024,0.14263565891472868,2.1459627329192545,0.662015503875969,0.046511627906976744,4.8062015503875966,271.5,117.22017533565617,73.8594140920432,0.0031007751937984496
VER,20.0,85.559,Monza,2024,0.15288611544461778,2.259375,0.6645865834633385,0.0374414976599064,4.83619344773791,283.76111075555553,117.62421338491758,70.24847414918929,0.0015600624024961
VER,21.0,85.381,Monza,2024,0.14939024390243902,2.1282442748091603,0.6737804878048781,0.042682926829268296,4.878048780487805,316.0,120.2378383375913,71.38067882067251,0.0
VER,24.0,83.545,Monza,2024,0.1476923076923077,2.1448382126348227,0.696923076923077,0.02923076923076923,4.923076923076923,238.375008,123.97654363331361,71.29082645511704,0.003076923076923077
VER,25.0,83.801,Monza,2024,0.14421553090332806,2.215873015873016,0.6925515055467512,0.030110935023771792,4.595879556259905,,121.27302557811545,69.56610546489829,0.0
VER,26.0,83.618,Monza,2024,0.15912636505460218,2.15625,0.6801872074882995,0.031201248049921998,4.99219968798752,250.0,120.49493597106462,70.16293109525799,0.0015600624024961
VER,27.0,83.524,Monza,2024,0.14488188976377953,2.2082018927444795,0.7039370078740157,0.025196850393700787,4.566929133858268,237.0,120.60477431504873,70.138435063978,0.004724409448818898
VER,28.0,83.509,Monza,2024,0.13692307692307693,2.1016949152542375,0.6984615384615385,0.036923076923076927,4.769230769230769,265.1583338666667,122.54974260950351,70.39079711473157,0.0015384615384615385
VER,29.0,83.452,Monza,2024,0.14170692431561996,2.2193548387096773,0.6892109500805152,0.030595813204508857,5.152979066022544,,121.03607071832494,70.10691515131845,0.00322061191626409
VER,30.0,83.542,Monza,2024,0.12995245641838352,2.104761904761905,0.6988906497622821,0.039619651347068144,5.071315372424722,251.83333333333334,121.61878424154845,70.87132251274437,0.003169572107765452
VER,31.0,83.424,Monza,2024,0.1342062193126023,2.2688524590163937,0.7004909983633388,0.03764320785597381,5.237315875613748,279.5,120.4348513971232,69.68068320759892,0.0
VER,32.0,83.49,Monza,2024,0.1296,2.217948717948718,0.712,0.0288,4.96,311.0,120.77169113828933,69.35967139942785,0.0016
VER,33.0,83.621,Monza,2024,0.1396103896103896,2.2796747967479676,0.6948051948051948,0.022727272727272728,5.032467532467533,243.0,119.10029476325508,69.53271752174048,0.0
VER,34.0,83.576,Monza,2024,0.1380952380952381,2.1748807631160574,0.6888888888888889,0.047619047619047616,5.079365079365079,279.5,119.1373336349704,72.11395335444385,0.0
VER,35.0,83.589,Monza,2024,0.15723270440251572,2.188976377952756,0.6855345911949685,0.020440251572327043,5.031446540880504,,119.57636204702028,71.53962905667692,0.009433962264150943
VER,36.0,83.559,Monza,2024,0.14596273291925466,2.121306376360809,0.6754658385093167,0.046583850931677016,5.124223602484472,307.5,119.72564925241377,72.96329629934726,0.004658385093167702
VER,37.0,83.485,Monza,2024,0.1492063492063492,2.1844197138314785,0.7,0.02857142857142857,5.555555555555555,268.3229153333333,117.7437526987005,71.55924594444073,0.0015873015873015873
VER,38.0,83.427,Monza,2024,0.1281645569620253,2.2091917591125196,0.6930379746835443,0.03639240506329114,5.2215189873417724,,119.51955376768642,70.64737702650618,0.0015822784810126582
VER,39.0,83.501,Monza,2024,0.15132605304212168,2.159375,0.6817472698907956,0.0171606864274571,4.83619344773791,279.32499982222225,118.01215105691895,71.28481037867104,0.0015600624024961
VER,40.0,84.337,Monza,2024,0.31875,2.1658841940532083,0.6859375,0.0203125,5.46875,236.59260207407408,116.32782997826251,74.41713527111426,0.1703125
VER,43.0,81.745,Monza,2024,0.13291139240506328,2.152139461172742,0.7310126582278481,0.02531645569620253,4.90506329113924,246.7333376,120.51883998242438,69.6656880581052,0.006329113924050633
VER,44.0,83.045,Monza,2024,0.11041009463722397,2.1358609794628753,0.694006309148265,0.06624605678233439,5.205047318611988,308.5375008,120.84516691596333,66.96610124901578,0.00473186119873817
VER,45.0,83.363,Monza,2024,0.13268608414239483,2.1231766612641816,0.6731391585760518,0.043689320388349516,5.016181229773463,240.0,120.9789058071527,69.3154890128708,0.0016181229773462784
VER,46.0,82.941,Monza,2024,0.13672496025437203,2.210191082802548,0.7042925278219396,0.028616852146263912,5.246422893481717,,121.09951857788107,68.40652804975821,0.0047694753577106515
VER,47.0,82.52,Monza,2024,0.14146341463414633,2.231270358306189,0.7138211382113822,0.027642276422764227,5.040650406504065,277.5375761225673,119.09806030561272,70.68262895661965,0.0
VER,48.0,82.57,Monza,2024,0.1338709677419355,2.1841680129240713,0.7129032258064516,0.03064516129032258,5.161290322580645,,120.47031865394605,68.46627621521871,0.0016129032258064516
VER,49.0,82.584,Monza,2024,0.13408723747980614,2.129449838187702,0.715670436187399,0.027463651050080775,5.169628432956381,281.11490274077926,120.99975022006934,70.09418830697486,0.0
VER,50.0,82.585,Monza,2024,0.13636363636363635,2.185243328100471,0.7084639498432602,0.03918495297805643,5.015673981191222,282.4322924906488,120.94553025782,69.90923549809892,0.003134796238244514
VER,51.0,82.574,Monza,2024,0.14653784219001612,2.232258064516129,0.6843800322061192,0.030595813204508857,4.99194847020934,311.2833358222222,119.94709637338353,69.89403087758144,0.001610305958132045
VER,52.0,82.92,Monza,2024,0.1584,2.246794871794872,0.6496,0.0336,4.96,,119.72475008950605,72.32809231497576,0.0016
VER,53.0,83.711,Monza,2024,0.14837712519319937,1.9992259566563468,0.6692426584234931,0.05100463678516229,5.1004636785162285,313.5,122.78828727964367,72.93061982055924,0.0030911901081916537
ALO,2.0,99.584,Singapore,2024,0.2536520584329349,3.1968085106382977,0.3187250996015936,0.12084993359893759,7.702523240371846,258.31182290666663,128.47898868995065,62.12934035305653,0.0026560424966799467
ALO,3.0,99.286,Singapore,2024,0.26693227091633465,3.175531914893617,0.32669322709163345,0.10225763612217796,8.233731739707835,237.16666666666666,127.77547793202079,64.12138184622094,0.0013280212483399733
ALO,4.0,99.395,Singapore,2024,0.25888324873096447,3.110546378653113,0.33375634517766495,0.10279187817258884,7.868020304568528,263.68499968,128.03708350098506,64.6279921125153,0.0012690355329949238
ALO,5.0,99.036,Singapore,2024,0.27034120734908135,3.2509855453350855,0.36351706036745407,0.08005249343832022,8.267716535433072,299.8406256,126.71765888673875,65.52385777777154,0.0
ALO,6.0,98.795,Singapore,2024,0.2556894243641232,3.254691689008043,0.3828647925033467,0.07228915662650602,9.103078982597054,173.3749984,129.59490977773046,63.3749068066981,0.0013386880856760374
ALO,7.0,98.72,Singapore,2024,0.24966622162883845,3.299465240641711,0.36181575433911883,0.0774365821094793,8.411214953271028,241.7038921939808,126.884951019963,65.30430360415946,0.004005340453938585
ALO,8.0,98.542,Singapore,2024,0.27702702702702703,3.3396481732070367,0.37027027027027026,0.07432432432432433,8.783783783783784,255.40541685333332,127.43808066730122,65.18080761513409,0.0013513513513513514
ALO,9.0,98.644,Singapore,2024,0.2648648648648649,3.3558863328822732,0.37432432432432433,0.07837837837837838,8.378378378378379,284.0,128.35798434860408,65.12799867838659,0.002702702702702703
ALO,10.0,98.765,Singapore,2024,0.2686762778505898,3.3123359580052494,0.36959370904325034,0.09567496723460026,8.781127129750983,250.5,126.86292169695405,65.67775911771992,0.002621231979030144
ALO,11.0,98.666,Singapore,2024,0.26657824933687,3.240371845949535,0.35809018567639256,0.06896551724137931,7.6923076923076925,179.65,129.25638181940812,64.3623078932749,0.002652519893899204
ALO,12.0,98.874,Singapore,2024,0.2546419098143236,3.2164674634794155,0.356763925729443,0.10079575596816977,8.222811671087534,225.99375,126.89839349428378,65.21980331948278,0.0
ALO,13.0,98.719,Singapore,2024,0.2640750670241287,3.2912751677852348,0.34584450402144773,0.1032171581769437,8.713136729222521,272.3333333333333,125.73822742345668,65.25067008523513,0.004021447721179625
ALO,14.0,98.524,Singapore,2024,0.23994638069705093,3.2187919463087247,0.3847184986595174,0.08445040214477212,8.847184986595174,193.0,126.55093065970392,65.82495909437573,0.004021447721179625
ALO,15.0,99.008,Singapore,2024,0.2503364737550471,3.3557951482479784,0.4104979811574697,0.063257065948856,8.47913862718708,231.10042150751204,127.146146190791,66.19847763769333,0.006729475100942127
ALO,16.0,98.862,Singapore,2024,0.2620599739243807,3.255874673629243,0.41460234680573665,0.054758800521512385,8.735332464146023,245.47250081523808,126.07991454318324,66.17274176275167,0.01303780964797914
ALO,17.0,98.811,Singapore,2024,0.2562747688243065,3.2195767195767195,0.4108322324966975,0.06605019815059446,8.190224570673713,278.7902784,128.2334761962927,65.76063577544089,0.003963011889035667
ALO,18.0,98.718,Singapore,2024,0.25,3.1884057971014492,0.39210526315789473,0.07631578947368421,8.289473684210526,218.0390467657143,126.48763204660759,65.98875562728266,0.0013157894736842105
ALO,19.0,99.283,Singapore,2024,0.2628797886393659,3.14021164021164,0.3712021136063408,0.08718626155878467,8.58652575957728,255.02474017246755,125.9144385286999,66.24582086123898,0.0066050198150594455
ALO,20.0,99.367,Singapore,2024,0.2526178010471204,3.2031454783748363,0.3704188481675393,0.0693717277486911,8.37696335078534,211.33333333333334,127.27145445530711,65.62382805121297,0.0
ALO,21.0,99.264,Singapore,2024,0.2437745740498034,3.1496062992125986,0.3892529488859764,0.08781127129750983,8.387942332896461,246.5,125.60750208011541,65.70409280321907,0.0
ALO,22.0,99.272,Singapore,2024,0.24133333333333334,3.1268357810413887,0.4053333333333333,0.064,8.933333333333334,248.66666666666666,126.26495554666788,66.3449517024668,0.005333333333333333
ALO,23.0,99.243,Singapore,2024,0.2318840579710145,3.253298153034301,0.391304347826087,0.06719367588932806,8.168642951251647,234.9644983324444,126.68972616774532,67.03997256542483,0.0013175230566534915
ALO,24.0,99.597,Singapore,2024,0.253315649867374,3.2058432934926957,0.3912466843501326,0.0623342175066313,8.753315649867375,231.71875119999999,127.3492953070606,65.41283359023132,0.009283819628647215
ALO,27.0,98.49,Singapore,2024,0.25263157894736843,3.1541501976284585,0.3986842105263158,0.060526315789473685,8.289473684210526,243.10170487272728,128.19007991210552,64.9938000385301,0.0
ALO,28.0,98.826,Singapore,2024,0.25777202072538863,3.203631647211414,0.4106217616580311,0.07512953367875648,8.290155440414509,249.47249088,126.86856150427896,66.8840683767352,0.0038860103626943004
ALO,29.0,98.614,Singapore,2024,0.2463186077643909,3.1394101876675604,0.38420348058902276,0.09370816599732262,7.898259705488621,215.07638755555556,127.85364003093619,63.703301778320245,0.00535475234270415
ALO,30.0,98.562,Singapore,2024,0.23878627968337732,3.1704095112285335,0.3865435356200528,0.08839050131926121,8.047493403693931,206.0,128.61388027144056,63.80780517848696,0.0
ALO,31.0,98.432,Singapore,2024,0.2356948228882834,3.184174624829468,0.3773841961852861,0.08583106267029973,8.174386920980927,222.88484326941798,128.73874811010685,63.94330598251198,0.0
ALO,32.0,98.603,Singapore,2024,0.23024523160762944,3.184174624829468,0.3991825613079019,0.08038147138964577,8.174386920980927,254.5885406,129.6836697678615,63.32128463670627,0.0027247956403269754
ALO,33.0,98.161,Singapore,2024,0.2438391699092088,3.0467532467532465,0.3761348897535668,0.08430609597924774,7.652399481193256,257.93375008000004,129.26478400422684,63.78171088919882,0.0025940337224383916
ALO,34.0,98.487,Singapore,2024,0.22776280323450135,3.3630229419703106,0.37331536388140163,0.0889487870619946,7.951482479784366,223.75,128.83353362269258,63.722935846980036,0.0013477088948787063
ALO,35.0,98.14,Singapore,2024,0.24274406332453827,3.178335535006605,0.39841688654353563,0.08443271767810026,7.9155672823219,265.6666666666667,129.48672540615294,64.02374446322999,0.002638522427440633
ALO,36.0,98.211,Singapore,2024,0.24010554089709762,3.212681638044914,0.3891820580474934,0.06992084432717678,7.783641160949868,274.14722204444445,129.7463360353956,63.86151834416323,0.00395778364116095
ALO,37.0,97.928,Singapore,2024,0.24704336399474375,3.126315789473684,0.3797634691195795,0.07621550591327202,7.884362680683312,217.87728195426018,129.2798904040708,64.5124492605824,0.002628120893561104
ALO,38.0,98.223,Singapore,2024,0.24133333333333334,3.1829105473965287,0.368,0.08533333333333333,8.4,234.82407466666666,127.42426095564005,63.91505269042863,0.005333333333333333
ALO,39.0,98.21,Singapore,2024,0.23014804845222073,3.1940700808625335,0.3768506056527591,0.07806191117092867,8.07537012113055,236.95703120000002,130.1410614716916,63.723496889906194,0.0013458950201884253
ALO,40.0,99.282,Singapore,2024,0.2620599739243807,3.1984334203655354,0.3663624511082138,0.05345501955671447,8.604954367666231,210.0,127.84121887419441,65.08651156287567,0.003911342894393742
ALO,41.0,98.311,Singapore,2024,0.24623803009575923,3.293150684931507,0.3857729138166895,0.06839945280437756,8.344733242134064,219.8359368,128.47876844664725,65.46102621689235,0.006839945280437756
ALO,42.0,99.186,Singapore,2024,0.2572944297082228,3.1606905710491366,0.3925729442970822,0.0610079575596817,8.090185676392574,273.6444445866667,126.3247441449408,65.61833563176671,0.005305039787798408
ALO,43.0,98.122,Singapore,2024,0.2327127659574468,3.155792276964048,0.3882978723404255,0.08111702127659574,7.845744680851063,239.6093752,129.96639594227068,63.71280305651296,0.003989361702127659
ALO,44.0,98.217,Singapore,2024,0.23421052631578948,3.130434782608696,0.3894736842105263,0.07894736842105263,7.894736842105263,246.29962640143336,128.50327731896647,64.67712728030662,0.0
ALO,45.0,98.118,Singapore,2024,0.2503311258278146,3.1485411140583555,0.36688741721854307,0.0781456953642384,8.079470198675496,241.22083333333333,128.31101193351182,64.53087588045189,0.0
ALO,46.0,97.988,Singapore,2024,0.2503311258278146,3.1061007957559683,0.37880794701986753,0.07417218543046358,8.079470198675496,210.39748970109062,128.85508404445446,63.859557656084995,0.0026490066225165563
ALO,47.0,98.119,Singapore,2024,0.23177083333333334,3.0795306388526726,0.38671875,0.08333333333333333,7.942708333333333,233.82574384761907,128.77366348503807,64.7173867720789,0.0013020833333333333
ALO,48.0,98.01,Singapore,2024,0.2613333333333333,3.2096128170894525,0.38533333333333336,0.07066666666666667,8.0,242.761999616,128.62253200518828,65.09717931228506,0.009333333333333334
ALO,49.0,98.24,Singapore,2024,0.249667994687915,3.1595744680851063,0.399734395750332,0.06640106241699867,8.233731739707835,230.2401126901167,130.81601696994372,64.31209420337866,0.005312084993359893
ALO,50.0,98.54,Singapore,2024,0.2558441558441558,3.092327698309493,0.39090909090909093,0.06623376623376623,8.181818181818182,228.0,128.5641856694407,64.1492204295023,0.006493506493506494
ALO,51.0,97.882,Singapore,2024,0.24563758389261744,3.2016129032258065,0.3691275167785235,0.07651006711409396,8.322147651006711,246.1976195047619,129.0744167783234,64.95377981965004,0.0026845637583892616
ALO,52.0,97.995,Singapore,2024,0.24289405684754523,3.0840879689521343,0.3863049095607235,0.06847545219638243,7.622739018087856,207.8656208,130.24965083451363,64.91358498852277,0.003875968992248062
ALO,53.0,97.886,Singapore,2024,0.2408660351826793,3.265582655826558,0.40460081190798375,0.06901217861975643,8.119079837618404,232.59063521745458,129.69894959549617,64.62283764624034,0.006765899864682003
ALO,54.0,97.741,Singapore,2024,0.2540322580645161,3.2139973082099598,0.4206989247311828,0.05779569892473118,8.333333333333332,243.0,130.07920599127152,64.86871312192748,0.0
ALO,55.0,97.951,Singapore,2024,0.24101198402130491,3.2613333333333334,0.422103861517976,0.07456724367509987,8.388814913448735,241.82410811428568,129.10377111846884,65.69115552988123,0.002663115845539281
ALO,56.0,97.912,Singapore,2024,0.24246575342465754,3.3333333333333335,0.41643835616438357,0.0684931506849315,8.493150684931507,235.38214354285716,127.96221570897434,65.91215100469141,0.0013698630136986301
ALO,57.0,98.082,Singapore,2024,0.2517385257301808,3.401114206128134,0.4019471488178025,0.06397774687065369,8.205841446453407,238.29107108571426,127.28530692556889,64.7394024971371,0.004172461752433936
ALO,58.0,98.265,Singapore,2024,0.24583333333333332,3.4269819193324063,0.4152777777777778,0.05694444444444444,8.194444444444445,246.0,129.092039733843,64.37294621719039,0.013888888888888888
ALO,59.0,98.101,Singapore,2024,0.24438573315719947,3.261904761904762,0.41743725231175693,0.05151915455746367,8.45442536327609,,128.18846074354417,65.86509439117509,0.0
ALO,60.0,98.573,Singapore,2024,0.2684563758389262,3.293010752688172,0.40671140939597317,0.05771812080536913,8.322147651006711,216.2960938,127.67705287924939,65.24091366752336,0.012080536912751677
ALO,61.0,101.282,Singapore,2024,0.25862068965517243,3.551128818061089,0.33554376657824936,0.09416445623342175,8.090185676392574,252.0,126.63406702925916,61.5038311591623,0.002652519893899204
HAM,1.0,102.702,Singapore,2024,0.2588383838383838,3.074589127686473,0.30808080808080807,0.04040404040404041,6.8181818181818175,,123.13726875837408,62.63452581158384,0.020202020202020204
HAM,2.0,98.853,Singapore,2024,0.25500667556742324,3.1497326203208558,0.3925233644859813,0.049399198931909215,6.942590120160213,236.67573217051523,128.4697656840251,61.78882580938733,0.01602136181575434
HAM,3.0,99.254,Singapore,2024,0.27236315086782376,3.1470588235294117,0.369826435246996,0.07610146862483311,6.008010680907877,279.0,128.66632251903712,61.29190314992769,0.022696929238985315
HAM,4.0,99.068,Singapore,2024,0.2652284263959391,2.991105463786531,0.37182741116751267,0.046954314720812185,5.83756345177665,,128.38656358640588,61.28341813194825,0.005076142131979695
HAM,5.0,98.294,Singapore,2024,0.24735449735449735,3.11523178807947,0.376984126984127,0.07671957671957672,5.952380952380952,269.5,130.8594624797511,61.014817890496055,0.009259259259259259
HAM,6.0,98.271,Singapore,2024,0.2496626180836707,3.191891891891892,0.3792172739541161,0.06882591093117409,5.937921727395412,178.0,128.6742899663869,62.537358212531785,0.009446693657219974
HAM,7.0,98.38,Singapore,2024,0.24765729585006693,3.1662198391420913,0.37215528781793844,0.07764390896921017,5.756358768406962,200.44642742857144,129.60004958565492,62.540549237928865,0.004016064257028112
HAM,8.0,98.246,Singapore,2024,0.25405405405405407,3.2313937753721245,0.4081081081081081,0.06891891891891892,6.351351351351352,251.78437916752583,129.64096690665252,62.06269884438117,0.004054054054054054
HAM,9.0,98.027,Singapore,2024,0.2554347826086957,3.240816326530612,0.4076086956521739,0.057065217391304345,6.25,187.5,130.52240589211618,62.0719464327047,0.004076086956521739
HAM,10.0,98.309,Singapore,2024,0.2690288713910761,3.109067017082786,0.40551181102362205,0.030183727034120734,5.905511811023622,,129.05671066904023,62.859394814499595,0.009186351706036745
HAM,11.0,97.916,Singapore,2024,0.2503364737550471,3.2587601078167117,0.38896366083445494,0.05383580080753701,6.3257065948856,244.36666666666667,128.23051834686927,62.22966325229236,0.008075370121130552
HAM,12.0,97.984,Singapore,2024,0.256,3.196261682242991,0.4053333333333333,0.05466666666666667,6.666666666666667,229.0,128.13194581113595,62.34588518292143,0.006666666666666667
HAM,13.0,98.102,Singapore,2024,0.24731182795698925,3.189771197846568,0.40591397849462363,0.04435483870967742,5.376344086021505,,131.62753123630316,62.63425402392617,0.012096774193548387
HAM,14.0,98.174,Singapore,2024,0.25067385444743934,3.2172739541160595,0.41509433962264153,0.05121293800539083,5.795148247978436,222.38888888888889,131.44003316162775,62.07560084951447,0.014824797843665768
HAM,15.0,98.287,Singapore,2024,0.27125506072874495,3.310810810810811,0.398110661268556,0.0310391363022942,6.207827260458839,247.24250016000002,129.8136803691154,62.588414407665226,0.018893387314439947
HAM,16.0,99.044,Singapore,2024,0.26322751322751325,3.19205298013245,0.42857142857142855,0.03306878306878307,7.01058201058201,225.02916693333336,129.8428519759312,62.31240452292818,0.015873015873015872
HAM,19.0,98.202,Singapore,2024,0.25133689839572193,3.317269076305221,0.4144385026737968,0.040106951871657755,6.684491978609626,,130.48285446865393,64.72756253161211,0.0106951871657754
HAM,20.0,98.745,Singapore,2024,0.2724867724867725,3.1231788079470197,0.36772486772486773,0.047619047619047616,6.481481481481481,197.66172839506171,128.7330072510633,63.939193663126744,0.01455026455026455
HAM,21.0,98.916,Singapore,2024,0.28309305373525556,3.215223097112861,0.3748361730013106,0.04456094364351245,6.422018348623854,,129.42035997396917,64.25334598971995,0.023591087811271297
HAM,22.0,98.194,Singapore,2024,0.2814614343707713,3.2710027100271004,0.40324763193504737,0.029769959404600813,6.359945872801083,280.5,129.28876936947665,64.94072081632741,0.02571041948579161
HAM,23.0,98.396,Singapore,2024,0.26861702127659576,3.131824234354194,0.3696808510638298,0.03856382978723404,6.515957446808511,229.66666666666666,128.54679478609282,62.43419915383979,0.007978723404255319
HAM,24.0,98.352,Singapore,2024,0.26737967914438504,3.21285140562249,0.3770053475935829,0.05213903743315508,6.016042780748663,187.0,131.49880180105686,62.36611983589999,0.0106951871657754
HAM,25.0,100.158,Singapore,2024,0.2765399737876802,3.057742782152231,0.3722149410222805,0.07732634338138926,6.553079947575361,242.5,126.13846643760255,67.68286435788283,0.011795543905635648
HAM,26.0,100.171,Singapore,2024,0.2799479166666667,3.0273794002607564,0.3880208333333333,0.03515625,6.510416666666667,,125.37975023430225,65.09471370509843,0.0234375
HAM,27.0,99.999,Singapore,2024,0.3032679738562091,3.222513089005236,0.39215686274509803,0.036601307189542485,7.18954248366013,253.74999680000002,125.81669635131973,67.4472386931807,0.0196078431372549
HAM,28.0,98.455,Singapore,2024,0.2713178294573643,3.055627425614489,0.3850129198966408,0.03488372093023256,6.072351421188631,168.8718768,128.22741975705026,63.34476695032026,0.0103359173126615
HAM,29.0,98.026,Singapore,2024,0.2574123989218329,3.1902834008097165,0.38140161725067384,0.04582210242587601,6.738544474393531,235.5812464,128.17475733505734,63.2880111839791,0.012129380053908356
HAM,30.0,97.833,Singapore,2024,0.2526595744680851,3.166444740346205,0.39893617021276595,0.043882978723404256,5.98404255319149,190.68710961192122,128.55047705020593,63.31273802709006,0.009308510638297872
HAM,31.0,98.44,Singapore,2024,0.25609756097560976,3.2157394843962006,0.3780487804878049,0.051490514905149054,6.097560975609756,278.91,129.27050569023558,63.30335749857109,0.014905149051490514
HAM,32.0,97.696,Singapore,2024,0.23763736263736263,3.2599724896836313,0.3914835164835165,0.04807692307692308,6.181318681318682,265.0,131.25547668801255,63.31555786201563,0.006868131868131868
HAM,33.0,97.447,Singapore,2024,0.2523117569352708,3.164021164021164,0.3989431968295905,0.04491413474240423,6.869220607661823,206.97272727272727,131.39478921148358,62.870158452619684,0.005284015852047556
HAM,34.0,97.413,Singapore,2024,0.25202156334231807,3.2280701754385963,0.4110512129380054,0.04851752021563342,6.46900269541779,180.0,131.09626168663468,63.59512520866225,0.016172506738544475
HAM,35.0,97.68,Singapore,2024,0.2566489361702128,3.1158455392809588,0.4122340425531915,0.04920212765957447,6.648936170212766,186.5,128.89793985617507,64.10780456331757,0.018617021276595744
HAM,36.0,97.985,Singapore,2024,0.25100133511348466,3.1871657754010694,0.3925233644859813,0.050734312416555405,6.5420560747663545,173.225,130.0716858965598,64.075400633663,0.006675567423230975
HAM,37.0,97.938,Singapore,2024,0.25097529258777634,3.0026041666666665,0.3862158647594278,0.05201560468140442,6.241872561768531,,129.6168642273462,64.3768803170836,0.005201560468140442
HAM,38.0,97.765,Singapore,2024,0.2536912751677852,3.2231182795698925,0.3865771812080537,0.056375838926174496,6.442953020134229,203.0,129.09747929154886,63.84062324986903,0.013422818791946308
HAM,39.0,97.971,Singapore,2024,0.24663072776280323,3.222672064777328,0.4002695417789757,0.04177897574123989,7.142857142857142,,128.97333485126063,64.32455517395482,0.014824797843665768
HAM,40.0,99.333,Singapore,2024,0.27154046997389036,3.0065359477124183,0.38511749347258484,0.03524804177545692,7.441253263707572,170.30681949090908,125.34275709061181,66.0377897877855,0.013054830287206266
HAM,41.0,98.19,Singapore,2024,0.2594594594594595,3.1312584573748308,0.377027027027027,0.0445945945945946,7.027027027027027,,129.14488610247653,65.0967882892271,0.014864864864864866
HAM,42.0,98.115,Singapore,2024,0.2584573748308525,3.1842818428184283,0.37483085250338294,0.04194857916102842,6.630581867388363,252.25000533333332,128.10085610757625,64.46533305314439,0.017591339648173207
HAM,43.0,97.393,Singapore,2024,0.24697986577181208,3.2204301075268815,0.4214765100671141,0.05100671140939597,6.442953020134229,,129.23918180511467,64.88882628067654,0.012080536912751677
HAM,44.0,97.593,Singapore,2024,0.23381770145310435,3.2142857142857144,0.4134742404227213,0.05416116248348745,6.208718626155878,,130.16763493393984,64.8150955477212,0.010568031704095112
HAM,45.0,97.801,Singapore,2024,0.25065963060686014,3.1651254953764862,0.41424802110817943,0.0395778364116095,6.728232189973616,216.51999999999998,126.89960910241342,65.10753783908464,0.021108179419525065
HAM,46.0,97.797,Singapore,2024,0.25371120107962214,3.2,0.4089068825910931,0.03913630229419703,6.477732793522267,231.1375,129.7297325006242,64.69297951815818,0.009446693657219974
HAM,47.0,97.922,Singapore,2024,0.2503259452411995,3.101827676240209,0.38461538461538464,0.05345501955671447,6.258148631029988,255.92499840000002,130.88621458291377,63.904324880949886,0.014341590612777053
HAM,48.0,98.294,Singapore,2024,0.258777633289987,3.078125,0.39011703511053314,0.04031209362808843,6.371911573472041,224.33375056,130.0984616623557,64.94354135189063,0.014304291287386216
HAM,49.0,98.331,Singapore,2024,0.25167336010709507,3.187667560321716,0.37349397590361444,0.041499330655957165,6.157965194109773,145.7112862967742,127.23675047866803,65.63660003188095,0.018741633199464525
HAM,50.0,100.411,Singapore,2024,0.2759067357512953,3.0894941634241246,0.3380829015544041,0.03756476683937824,7.124352331606218,235.374992,126.21734751582513,65.15788936615846,0.02072538860103627
HAM,51.0,98.647,Singapore,2024,0.2612137203166227,3.141347424042272,0.37994722955145116,0.04617414248021108,6.33245382585752,226.0,126.89126007145931,65.36240520956562,0.025065963060686015
HAM,52.0,98.627,Singapore,2024,0.2654639175257732,3.0219354838709678,0.35695876288659795,0.04896907216494845,6.185567010309279,,127.2702814628676,64.99511048231304,0.01675257731958763
HAM,53.0,98.669,Singapore,2024,0.2516469038208169,3.073878627968338,0.380764163372859,0.05401844532279315,6.455862977602108,254.56628993939395,128.53788391043483,64.29379674164102,0.010540184453227932
HAM,54.0,98.352,Singapore,2024,0.2618724559023066,3.1956521739130435,0.378561736770692,0.037991858887381276,6.7842605156037985,230.5,129.34407998180484,64.27012495456943,0.010854816824966078
HAM,55.0,98.634,Singapore,2024,0.2668428005284016,3.105820105820106,0.3949801849405548,0.047556142668428,6.737120211360634,225.5163649163636,128.1551921779286,64.72959214406286,0.007926023778071334
HAM,56.0,99.121,Singapore,2024,0.24156545209176788,3.2327815322522517,0.3643724696356275,0.07422402159244265,6.342780026990553,192.46875,128.69509485989164,65.19611752308512,0.017543859649122806
HAM,57.0,99.034,Singapore,2024,0.28005464480874315,3.233572730688555,0.3633879781420765,0.04781420765027322,6.557377049180328,,129.61990464810918,64.26978534543845,0.01912568306010929
HAM,58.0,98.686,Singapore,2024,0.26675977653631283,3.295104895104895,0.38966480446927376,0.04189944134078212,7.12290502793296,,129.1688820696343,64.90137267521378,0.012569832402234637
HAM,59.0,99.006,Singapore,2024,0.2591145833333333,3.0925684485006517,0.3658854166666667,0.0546875,6.25,,130.6749066487749,63.712746187093444,0.013020833333333334
HAM,60.0,98.793,Singapore,2024,0.25771812080536916,3.204301075268817,0.35570469798657717,0.05503355704697987,5.503355704697987,232.0,129.42297399498804,65.19959863220834,0.012080536912751677
HAM,61.0,99.114,Singapore,2024,0.23577235772357724,3.248303934871099,0.3617886178861789,0.06639566395663957,5.9620596205962055,236.0,129.025506495692,64.12892261203397,0.013550135501355014
HAM,62.0,99.693,Singapore,2024,0.2769640479360852,3.1515833333333334,0.29427430093209056,0.0492676431424767,6.524633821571238,,127.4821585193204,64.09221791604914,0.010652463382157125
LEC,2.0,99.775,Singapore,2024,0.27718832891246686,3.0199203187250996,0.3673740053050398,0.042440318302387266,7.427055702917771,228.56468141096514,127.99993833063964,64.3631983128492,0.014588859416445624
LEC,3.0,99.14,Singapore,2024,0.27925531914893614,3.03595206391478,0.3896276595744681,0.034574468085106384,6.648936170212766,292.06428525714284,128.2187481156702,65.08309317198182,0.007978723404255319
LEC,4.0,99.31,Singapore,2024,0.2862595419847328,2.9528662420382163,0.37150127226463103,0.054707379134860054,6.615776081424936,245.0,127.56052095616465,65.66528803874316,0.003816793893129771
LEC,5.0,99.041,Singapore,2024,0.27916120576671033,3.0236220472440944,0.3840104849279161,0.04456094364351245,7.077326343381389,,128.7157196561157,65.75392991476107,0.02490170380078637
LEC,6.0,98.797,Singapore,2024,0.2797858099062918,3.1179624664879357,0.37215528781793844,0.0535475234270415,7.228915662650602,263.6156463532787,129.33523036831113,64.56481797965853,0.004016064257028112
LEC,7.0,98.645,Singapore,2024,0.27369826435246997,3.1042780748663104,0.38985313751668893,0.04806408544726302,6.809078771695594,230.51666176,126.91148432979475,65.7585028716693,0.01335113484646195
LEC,8.0,98.727,Singapore,2024,0.2756756756756757,3.182679296346414,0.3554054054054054,0.06891891891891892,7.4324324324324325,,128.81096705142699,65.48256201376051,0.014864864864864866
LEC,9.0,98.691,Singapore,2024,0.27800269905533065,3.154054054054054,0.38461538461538464,0.048582995951417005,7.152496626180836,191.0,128.31489742611467,65.78874854059285,0.01349527665317139
LEC,10.0,98.582,Singapore,2024,0.27296587926509186,3.0433639947437583,0.3766404199475066,0.04330708661417323,6.299212598425196,252.33333333333334,128.52311477897746,66.79126693824912,0.024934383202099737
LEC,11.0,98.913,Singapore,2024,0.26587301587301587,3.0490066225165564,0.37962962962962965,0.05026455026455026,7.01058201058201,275.0,129.28360760969602,65.87671297687334,0.006613756613756613
LEC,12.0,98.776,Singapore,2024,0.2775564409030544,3.146276595744681,0.3944223107569721,0.03851261620185923,6.241699867197875,287.0,128.9313314126687,66.56403372809592,0.01859229747675963
LEC,13.0,98.671,Singapore,2024,0.28456375838926173,3.118279569892473,0.40939597315436244,0.03355704697986577,6.7114093959731544,260.35,127.7573005436744,65.71459819717514,0.021476510067114093
LEC,14.0,98.707,Singapore,2024,0.27710843373493976,3.2091152815013406,0.40160642570281124,0.02677376171352075,6.827309236947792,235.0,127.45749784575312,66.44156444010598,0.0428380187416332
LEC,15.0,98.515,Singapore,2024,0.2530446549391069,3.051490514905149,0.38836265223274696,0.037889039242219216,7.171853856562922,234.00767696000003,129.74589200248872,66.92280792060133,0.013531799729364006
LEC,16.0,98.904,Singapore,2024,0.2685788787483703,2.9530026109660574,0.379400260756193,0.03650586701434159,7.301173402868318,263.9191143111111,127.41530336219773,68.08497241808573,0.01564537157757497
LEC,17.0,99.561,Singapore,2024,0.27450980392156865,3.06020942408377,0.3542483660130719,0.07581699346405228,6.7973856209150325,,129.44486221114323,64.51919278999299,0.00784313725490196
LEC,18.0,98.814,Singapore,2024,0.26052631578947366,3.0882740447957837,0.40657894736842104,0.034210526315789476,6.315789473684211,246.15,131.04301702386024,64.11889049882296,0.015789473684210527
LEC,19.0,98.734,Singapore,2024,0.28324468085106386,3.062583222370173,0.3882978723404255,0.027925531914893616,7.047872340425531,232.67526688689352,127.32847122692269,65.94513891419513,0.026595744680851064
LEC,20.0,99.087,Singapore,2024,0.2926509186351706,3.059132720105125,0.36876640419947504,0.028871391076115485,6.692913385826772,252.5,128.3744796545808,67.49467768413308,0.015748031496062992
LEC,21.0,99.315,Singapore,2024,0.27225130890052357,3.0773263433813893,0.3717277486910995,0.028795811518324606,6.9371727748691105,204.5,130.3247595928055,66.23273377239873,0.014397905759162303
LEC,22.0,99.008,Singapore,2024,0.26273458445040215,3.12751677852349,0.3780160857908847,0.0388739946380697,7.104557640750671,278.5,128.4633683879689,67.68394502713299,0.021447721179624665
LEC,23.0,99.688,Singapore,2024,0.26631853785900783,3.05359477124183,0.36553524804177545,0.04177545691906005,6.919060052219321,221.375999744,126.37840323577811,67.80682057538782,0.014360313315926894
LEC,24.0,99.372,Singapore,2024,0.26764314247669774,3.1226666666666665,0.3621837549933422,0.043941411451398134,6.790945406125166,268.0,129.11261070581787,65.8512642630441,0.017310252996005325
LEC,25.0,100.029,Singapore,2024,0.2790091264667536,3.033942558746736,0.3767926988265971,0.02216427640156454,6.910039113428944,307.0,127.05237836959489,67.74445245375749,0.02607561929595828
LEC,26.0,98.867,Singapore,2024,0.26238286479250333,3.1394101876675604,0.392235609103079,0.0214190093708166,6.693440428380187,252.5,130.37620319646058,63.51432308000245,0.028112449799196786
LEC,27.0,99.153,Singapore,2024,0.28608582574772434,3.0,0.3836150845253576,0.032509752925877766,6.631989596879063,180.11785508571427,129.59853372637093,65.29944823973418,0.031209362808842653
LEC,28.0,99.795,Singapore,2024,0.2728442728442728,2.9072164948453607,0.3783783783783784,0.023166023166023165,6.94980694980695,270.0,126.01780399715766,68.87522205532959,0.018018018018018018
LEC,29.0,98.371,Singapore,2024,0.24096385542168675,3.1152815013404824,0.40829986613119146,0.029451137884872823,6.693440428380187,230.58020693333333,129.25803411509597,64.10564208781501,0.0321285140562249
LEC,30.0,99.543,Singapore,2024,0.2620599739243807,2.9973890339425586,0.3898305084745763,0.010430247718383311,6.388526727509778,221.53191365973396,129.77962315575178,64.27262023198371,0.03259452411994785
LEC,31.0,99.214,Singapore,2024,0.23149394347240915,3.0646900269541777,0.4064602960969044,0.017496635262449527,6.594885598923284,244.0,129.6055393962312,64.39777694710419,0.02557200538358008
LEC,32.0,98.505,Singapore,2024,0.2612859097127223,3.1232876712328768,0.41450068399452805,0.016415868673050615,6.703146374829001,225.25,129.22674898346378,65.01042995275057,0.03419972640218878
LEC,33.0,98.187,Singapore,2024,0.2601307189542484,2.9659685863874348,0.4169934640522876,0.01568627450980392,6.2745098039215685,238.06499968,130.56183598267071,63.43443601702015,0.0392156862745098
LEC,34.0,98.494,Singapore,2024,0.23404255319148937,3.070572569906791,0.4295212765957447,0.027925531914893616,6.25,198.0,129.84155220129378,64.49601817108004,0.034574468085106384
LEC,35.0,99.264,Singapore,2024,0.24902216427640156,2.97911227154047,0.4132985658409387,0.01955671447196871,6.258148631029988,263.5,128.78942622885745,65.02134871811478,0.04302477183833116
LEC,38.0,96.556,Singapore,2024,0.2560646900269542,3.1093117408906883,0.4393530997304582,0.009433962264150943,6.334231805929918,177.0,131.42740482821114,63.963806748576616,0.0215633423180593
LEC,39.0,96.287,Singapore,2024,0.2696011004126547,3.184573002754821,0.4236588720770289,0.02063273727647868,6.87757909215956,254.47563901498893,132.7672919221482,63.90708509646187,0.04264099037138927
LEC,40.0,97.48,Singapore,2024,0.2692307692307692,3.1102257636122177,0.4124668435013263,0.022546419098143235,7.5596816976127315,218.0,127.98991705991638,68.23894860698184,0.025198938992042442
LEC,41.0,96.166,Singapore,2024,0.26713286713286716,3.224089635854342,0.44195804195804195,0.02097902097902098,6.713286713286713,212.33333333333334,132.0635758482575,64.356122400429,0.033566433566433566
LEC,42.0,97.266,Singapore,2024,0.2828146143437077,3.176151761517615,0.4059539918809202,0.017591339648173207,7.036535859269283,228.5,130.95713748470322,64.83492810895032,0.03112313937753721
LEC,43.0,95.849,Singapore,2024,0.2585034013605442,3.0817438692098094,0.4598639455782313,0.009523809523809525,6.666666666666667,244.0,130.88368429687515,63.552742495928264,0.04897959183673469
LEC,44.0,95.639,Singapore,2024,0.2496626180836707,3.1810810810810812,0.45209176788124156,0.012145748987854251,6.477732793522267,240.0,131.4454010328128,64.21236181186335,0.0553306342780027
LEC,45.0,95.716,Singapore,2024,0.23283983849259757,3.0862533692722374,0.4522207267833109,0.018842530282637954,6.460296096904441,182.0,130.703484800033,64.4775714244929,0.03768506056527591
LEC,46.0,95.371,Singapore,2024,0.23651452282157676,3.141274238227147,0.4578146611341632,0.005532503457814661,5.94744121715076,163.0,132.2960496952091,64.51210114847267,0.04702627939142462
LEC,47.0,95.758,Singapore,2024,0.25066666666666665,3.068090787716956,0.43333333333333335,0.014666666666666666,6.133333333333333,218.12749952000001,132.97739624587135,64.09218272470595,0.04933333333333333
LEC,48.0,95.792,Singapore,2024,0.25268817204301075,3.0363391655450873,0.4314516129032258,0.016129032258064516,6.317204301075269,215.3560711009524,132.10875660888328,64.2505566364063,0.05241935483870968
LEC,49.0,96.252,Singapore,2024,0.23945578231292516,3.1498637602179835,0.4312925170068027,0.0163265306122449,6.122448979591836,257.0,130.27752324817868,65.4966307194182,0.03537414965986395
LEC,50.0,97.53,Singapore,2024,0.2726063829787234,3.079032718584744,0.3896276595744681,0.011968085106382979,7.047872340425531,205.6083296,129.280881637479,67.25945773031458,0.05452127659574468
LEC,51.0,96.424,Singapore,2024,0.2476319350473613,3.064561556020131,0.44113667117726657,0.010825439783491205,6.359945872801083,216.66666666666666,130.79356456194589,64.25659930215014,0.04330175913396482
LEC,52.0,96.02,Singapore,2024,0.2519788918205805,3.0039630118890357,0.44854881266490765,0.010554089709762533,6.464379947229551,270.5,130.00154718396234,65.14041569729427,0.040897097625329816
LEC,53.0,96.099,Singapore,2024,0.2564102564102564,3.0675675675675675,0.4224021592442645,0.018893387314439947,6.342780026990553,273.2035721142857,131.28921062513334,65.39665204957599,0.04183535762483131
LEC,54.0,96.454,Singapore,2024,0.28116343490304707,3.262135922330097,0.407202216066482,0.009695290858725761,6.786703601108034,,130.11099858017585,65.26297300395278,0.054016620498614956
LEC,55.0,96.56,Singapore,2024,0.26902173913043476,3.1156462585034013,0.4320652173913043,0.016304347826086956,6.521739130434782,232.30833493333333,130.4557077304608,65.10671327256419,0.051630434782608696
LEC,56.0,96.497,Singapore,2024,0.24147339699863574,3.1256830601092895,0.4242837653478854,0.015006821282401092,6.684856753069577,242.0,130.18978487259275,65.62403637553987,0.06412005457025921
LEC,57.0,96.802,Singapore,2024,0.24362606232294617,3.2680851063829786,0.4164305949008499,0.015580736543909348,7.0821529745042495,258.55555555555554,130.87071989037784,65.04931971588492,0.031161473087818695
LEC,58.0,97.51,Singapore,2024,0.25806451612903225,3.269662921348315,0.4053295932678822,0.02244039270687237,7.433380084151472,,127.90996270728503,68.80119747860083,0.033660589060308554
LEC,59.0,98.218,Singapore,2024,0.2923898531375167,3.122994652406417,0.3925233644859813,0.017356475300400534,7.076101468624834,247.00416640000003,127.34395783177628,69.05832347036943,0.03471295060080107
LEC,60.0,98.166,Singapore,2024,0.2767379679144385,3.1325301204819276,0.3609625668449198,0.02807486631016043,7.620320855614973,295.41666666666663,129.19035197092137,66.88525844887381,0.017379679144385027
LEC,61.0,98.326,Singapore,2024,0.25780189959294436,3.244565217391304,0.3677069199457259,0.032564450474898234,7.055630936227951,286.0,126.19618908787847,68.77844932677098,0.025780189959294438
LEC,62.0,98.726,Singapore,2024,0.2757697456492637,3.2110254670241285,0.3293172690763052,0.01740294511378849,7.630522088353414,,128.76658652681954,67.36394830393414,0.024096385542168676
NOR,1.0,100.424,Singapore,2024,0.24611398963730569,3.243839169909209,0.33678756476683935,0.09844559585492228,6.865284974093264,237.0,131.22581702275306,61.19271913524699,0.0
NOR,2.0,98.48,Singapore,2024,0.2248995983935743,3.2117962466487935,0.36947791164658633,0.12985274431057564,5.8902275769745644,247.95595123809525,134.58962782318358,61.08631318912724,0.0
NOR,3.0,98.406,Singapore,2024,0.23450134770889489,3.252361673414305,0.3665768194070081,0.1091644204851752,6.199460916442049,255.75,134.96597318255246,60.36706386492409,0.0
NOR,4.0,98.446,Singapore,2024,0.22831632653061223,2.9885057471264367,0.35459183673469385,0.11989795918367346,6.122448979591836,250.0,134.87035255802644,60.24566955278838,0.0
NOR,5.0,97.938,Singapore,2024,0.23474801061007958,3.187250996015936,0.3726790450928382,0.09681697612732096,6.49867374005305,246.5,134.9017129935656,60.55248428156004,0.0
NOR,6.0,97.843,Singapore,2024,0.2313937753721245,3.2574525745257454,0.3680649526387009,0.11772665764546685,6.630581867388363,,133.73118139330327,60.52076040550068,0.0
NOR,7.0,97.621,Singapore,2024,0.23190348525469168,3.264429530201342,0.3739946380697051,0.10723860589812333,6.702412868632708,214.0050518367677,133.85776730788365,60.20490067424779,0.0
NOR,8.0,97.082,Singapore,2024,0.23586206896551723,3.389502762430939,0.36689655172413793,0.1103448275862069,6.482758620689655,216.09433852901256,133.9995808115494,61.11003090015468,0.001379310344827586
NOR,9.0,96.715,Singapore,2024,0.24759284731774414,3.393939393939394,0.39339752407152684,0.08253094910591471,7.015130674002751,237.03666687999998,135.13976493532468,60.50926520337209,0.0
NOR,10.0,96.83,Singapore,2024,0.23458445040214476,3.323489932885906,0.40214477211796246,0.08579088471849866,6.8364611260053625,258.64374986666667,135.3470822808639,60.57791347223368,0.0013404825737265416
NOR,11.0,96.651,Singapore,2024,0.2472972972972973,3.290933694181326,0.40540540540540543,0.08378378378378379,7.027027027027027,251.66666666666666,135.70725519162593,61.112868867295084,0.0
NOR,12.0,96.495,Singapore,2024,0.24764468371467024,3.31266846361186,0.4199192462987887,0.06729475100942127,6.594885598923284,196.89285714285714,136.47289748065427,61.25427332576708,0.005383580080753701
NOR,13.0,96.67,Singapore,2024,0.24795640326975477,3.3615279672578446,0.41553133514986373,0.08174386920980926,7.084468664850137,206.5,136.021361159382,60.886564425854125,0.008174386920980926
NOR,14.0,96.832,Singapore,2024,0.24551724137931036,3.367403314917127,0.4124137931034483,0.08275862068965517,7.03448275862069,232.0,135.2729534921179,61.17521170579946,0.001379310344827586
NOR,15.0,96.758,Singapore,2024,0.24242424242424243,3.3737931034482758,0.4214876033057851,0.07024793388429752,6.6115702479338845,262.5190739911111,136.18791351849598,61.22728902706061,0.005509641873278237
NOR,16.0,96.624,Singapore,2024,0.24625850340136055,3.3051771117166213,0.40680272108843535,0.08163265306122448,6.938775510204081,249.55833386666666,135.0784243008475,61.62481979879037,0.0013605442176870747
NOR,17.0,97.008,Singapore,2024,0.24500665778961384,3.2426666666666666,0.4021304926764314,0.07723035952063914,6.391478029294275,261.51458346666664,134.61498482643603,62.05192384092341,0.0
NOR,18.0,97.068,Singapore,2024,0.25763612217795484,3.231382978723404,0.38645418326693226,0.06640106241699867,6.772908366533864,215.475,133.19581612739827,62.46827206927217,0.0
NOR,19.0,97.282,Singapore,2024,0.2462787550744249,3.3143631436314362,0.38159675236806495,0.08119079837618404,6.630581867388363,,134.14945151437098,61.59012214436618,0.0
NOR,20.0,96.887,Singapore,2024,0.24933333333333332,3.2363150867823767,0.38666666666666666,0.064,6.4,229.5,134.7459248924938,61.79820586939263,0.0
NOR,21.0,97.198,Singapore,2024,0.23577235772357724,3.32157394843962,0.3861788617886179,0.0948509485094851,6.775067750677506,217.80375104,132.62995476893778,62.88457470902591,0.0
NOR,22.0,97.115,Singapore,2024,0.23118279569892472,3.281292059219381,0.4018817204301075,0.08602150537634409,6.586021505376344,170.0,134.2163803013536,62.34353262806087,0.002688172043010753
NOR,23.0,97.212,Singapore,2024,0.23190348525469168,3.366442953020134,0.4075067024128686,0.08042895442359249,6.702412868632708,235.5,133.2624126785984,62.678596354662304,0.002680965147453083
NOR,24.0,97.527,Singapore,2024,0.24242424242424243,3.409655172413793,0.3953168044077135,0.09228650137741047,6.6115702479338845,238.70072165784677,133.02593702888174,62.471548246961596,0.0027548209366391185
NOR,25.0,97.404,Singapore,2024,0.25166444740346205,3.296,0.37683089214380827,0.08122503328894808,6.25832223701731,255.0,132.8939942841081,62.76102480425348,0.0013315579227696406
NOR,26.0,97.26,Singapore,2024,0.2592087312414734,3.341530054644809,0.3956343792633015,0.07639836289222374,6.684856753069577,283.0,132.48992025429996,63.01233499766241,0.001364256480218281
NOR,27.0,97.603,Singapore,2024,0.24736842105263157,3.1910408432147563,0.38026315789473686,0.08026315789473684,6.315789473684211,262.0341609079894,132.17192044701943,63.711219804247634,0.003947368421052632
NOR,28.0,97.528,Singapore,2024,0.23904382470119523,3.2845744680851063,0.40239043824701193,0.07835325365205843,6.507304116865869,207.4337510023986,132.39809854363259,63.96508541725554,0.009296148738379814
NOR,32.0,97.034,Singapore,2024,0.26330532212885155,3.3716690042075736,0.36554621848739494,0.08683473389355742,6.862745098039216,186.90625,136.58503814820787,61.025290297258586,0.0
NOR,33.0,96.684,Singapore,2024,0.2567204301075269,3.227456258411844,0.3682795698924731,0.10080645161290322,6.586021505376344,270.0,136.2530488517909,61.39372049518487,0.002688172043010753
NOR,34.0,96.714,Singapore,2024,0.24119241192411925,3.272727272727273,0.3523035230352303,0.11517615176151762,6.504065040650407,214.83012475733335,134.98394517750705,61.855234056648605,0.0
NOR,35.0,96.524,Singapore,2024,0.24128686327077747,3.221476510067114,0.3726541554959786,0.10187667560321716,6.702412868632708,238.5,133.71861673751496,62.39251892378516,0.0013404825737265416
NOR,36.0,96.216,Singapore,2024,0.24596774193548387,3.2166890982503364,0.3790322580645161,0.10080645161290322,6.451612903225806,266.0,136.63827979613345,62.645166517494005,0.0
NOR,37.0,96.435,Singapore,2024,0.2473404255319149,3.243675099866844,0.37367021276595747,0.07845744680851063,6.515957446808511,,134.2576256845815,62.787611170502565,0.0
NOR,38.0,96.71,Singapore,2024,0.26265389876880985,3.2794520547945205,0.35841313269493846,0.08891928864569083,6.429548563611491,275.5,133.96627835735117,62.78738972779672,0.0013679890560875513
NOR,39.0,97.325,Singapore,2024,0.253315649867374,3.184594953519256,0.34748010610079577,0.08885941644562334,6.36604774535809,264.5,132.79777585952337,63.79267236963542,0.002652519893899204
NOR,40.0,97.194,Singapore,2024,0.2660300136425648,3.262295081967213,0.36425648021828105,0.0723055934515689,6.8212824010914055,239.0,132.94584364358604,63.828616837013044,0.002728512960436562
NOR,41.0,96.57,Singapore,2024,0.2543741588156124,3.2857142857142856,0.35800807537012114,0.1009421265141319,6.998654104979811,243.5,133.3593147338098,66.49178298777025,0.004037685060565276
NOR,42.0,96.404,Singapore,2024,0.23943661971830985,3.370944992947814,0.39436619718309857,0.08873239436619719,6.338028169014084,272.0944448,135.7643211331143,63.321775977850535,0.0014084507042253522
NOR,43.0,96.61,Singapore,2024,0.22623828647925034,3.3056300268096517,0.3748326639892905,0.10977242302543508,6.024096385542169,,133.99138578760866,63.801969688509544,0.0
NOR,44.0,96.275,Singapore,2024,0.26216216216216215,3.30446549391069,0.3662162162162162,0.08243243243243244,6.351351351351352,247.90119055238094,134.05183425578545,63.714887322808266,0.002702702702702703
NOR,45.0,96.928,Singapore,2024,0.26266666666666666,3.20694259012016,0.36666666666666664,0.08,6.933333333333333,260.66666666666663,133.91353142373114,63.569000349591285,0.0
NOR,46.0,95.953,Singapore,2024,0.24864130434782608,3.306122448979592,0.39402173913043476,0.08152173913043478,6.7934782608695645,,135.38994185643165,63.36888738069953,0.002717391304347826
NOR,47.0,96.567,Singapore,2024,0.22476446837146702,3.253369272237197,0.3876177658142665,0.08613728129205922,6.594885598923284,265.5,135.37805956555835,63.03337403007184,0.008075370121130552
NOR,48.0,94.925,Singapore,2024,0.23663101604278075,3.2904953145917,0.43983957219251335,0.06951871657754011,6.684491978609626,288.0,135.6144836164911,63.74590525290123,0.001336898395721925
NOR,49.0,96.06,Singapore,2024,0.256198347107438,3.3682758620689657,0.3856749311294766,0.081267217630854,6.887052341597796,234.0,135.03973083536516,64.04898495983649,0.0027548209366391185
NOR,50.0,96.311,Singapore,2024,0.23108108108108108,3.2205683355886334,0.39864864864864863,0.08108108108108109,6.756756756756757,205.0,131.53639523483383,64.3440160442169,0.0
NOR,51.0,96.603,Singapore,2024,0.24670184696569922,3.1756935270805813,0.3970976253298153,0.06860158311345646,6.992084432717678,197.5250016,133.06947196491885,64.39959920939822,0.0
NOR,52.0,96.192,Singapore,2024,0.24287652645861602,3.2717391304347827,0.37720488466757124,0.0814111261872456,6.7842605156037985,230.93625024,131.83437998104282,63.81165288576057,0.0013568521031207597
NOR,53.0,96.435,Singapore,2024,0.2393617021276596,3.2250332889480693,0.38430851063829785,0.08776595744680851,7.180851063829788,264.7374997333333,134.2925200329076,64.19308086927748,0.0
NOR,54.0,96.749,Singapore,2024,0.23945578231292516,3.2915531335149866,0.39591836734693875,0.09115646258503401,7.07482993197279,,132.88141230284245,64.15220710280462,0.0
NOR,55.0,96.786,Singapore,2024,0.23777173913043478,3.273469387755102,0.3736413043478261,0.08559782608695653,6.929347826086957,200.9406248,132.85005805770862,64.41507676567535,0.0
NOR,56.0,97.197,Singapore,2024,0.2700534759358289,3.285140562248996,0.35962566844919786,0.06016042780748663,6.684491978609626,194.8444472888889,132.08573389943476,65.07583722715572,0.0
NOR,57.0,98.849,Singapore,2024,0.2506811989100817,3.227830832196453,0.3583106267029973,0.08038147138964577,7.220708446866484,,131.93233999529645,65.47914450517905,0.0
NOR,58.0,97.734,Singapore,2024,0.26323119777158777,3.3695955369595536,0.383008356545961,0.08356545961002786,7.66016713091922,,131.00958519483487,65.1228077654218,0.001392757660167131
NOR,59.0,96.948,Singapore,2024,0.24859550561797752,3.4458509142053444,0.39185393258426965,0.07303370786516854,7.303370786516854,240.00499968,134.56519238407452,64.85016631052075,0.0014044943820224719
NOR,60.0,96.631,Singapore,2024,0.2232746955345061,3.3116531165311653,0.38836265223274696,0.09336941813261164,6.7658998646820026,275.0124992,131.7965186071932,66.16603075122285,0.0013531799729364006
NOR,61.0,96.82,Singapore,2024,0.2438692098092643,3.3124147339699865,0.37057220708446864,0.0885558583106267,7.220708446866484,235.0437472,132.9405863251653,64.6973062883648,0.004087193460490463
NOR,62.0,97.922,Singapore,2024,0.26886145404663925,3.33696771978022,0.3347050754458162,0.05761316872427984,7.270233196159122,255.44192477725795,131.90354322881353,65.04108872558288,0.00411522633744856
SAI,2.0,100.217,Singapore,2024,0.3007915567282322,3.1730515191545576,0.3337730870712401,0.06728232189973615,6.33245382585752,244.0,127.78570518934166,63.488128559826116,0.005277044854881266
SAI,3.0,99.441,Singapore,2024,0.2866578599735799,3.0793650793650795,0.35402906208718626,0.05548216644649934,5.5482166446499335,265.72767771428573,129.1671940687742,63.64460607604222,0.007926023778071334
SAI,4.0,99.105,Singapore,2024,0.27168367346938777,3.0600255427841634,0.38010204081632654,0.04591836734693878,5.7397959183673475,230.0,128.345987259666,64.90368380143731,0.006377551020408163
SAI,5.0,99.118,Singapore,2024,0.27320261437908494,3.1518324607329844,0.396078431372549,0.04183006535947712,5.620915032679739,227.0,128.3414453990078,65.17518041384461,0.006535947712418301
SAI,6.0,99.221,Singapore,2024,0.28933333333333333,3.2016021361815756,0.368,0.058666666666666666,6.0,242.01785691428572,128.48027537723885,64.49375652950894,0.009333333333333334
SAI,7.0,99.349,Singapore,2024,0.28324468085106386,3.203728362183755,0.3816489361702128,0.041223404255319146,5.851063829787234,251.90714258285715,127.99158333130502,65.33978939838555,0.022606382978723406
SAI,8.0,98.784,Singapore,2024,0.2899728997289973,3.242876526458616,0.3943089430894309,0.023035230352303523,5.9620596205962055,191.0,128.56046232906468,65.74467643405994,0.017615176151761516
SAI,9.0,99.072,Singapore,2024,0.2912234042553192,3.2490013315579227,0.4029255319148936,0.041223404255319146,6.648936170212766,256.3333333333333,126.703387390775,65.34517203499843,0.027925531914893616
SAI,10.0,98.947,Singapore,2024,0.26973684210526316,3.1488801054018447,0.38421052631578945,0.05789473684210526,5.7894736842105265,250.0458336,128.55744892016307,64.57732297317737,0.013157894736842105
SAI,11.0,98.694,Singapore,2024,0.294973544973545,3.1788079470198674,0.4074074074074074,0.021164021164021163,5.952380952380952,193.3904761904762,128.80996475094807,65.258230245174,0.018518518518518517
SAI,12.0,99.713,Singapore,2024,0.278580814717477,3.163157894736842,0.40473061760841,0.023653088042049936,5.913272010512484,219.97678582857142,126.42262837571869,66.9074959326679,0.010512483574244415
SAI,15.0,96.561,Singapore,2024,0.2682926829268293,3.3080054274084123,0.45663956639566394,0.02032520325203252,5.9620596205962055,,133.43844058943571,61.913968975205464,0.028455284552845527
SAI,16.0,96.908,Singapore,2024,0.26174496644295303,3.2096774193548385,0.4590604026845638,0.024161073825503355,5.6375838926174495,220.05833173333335,131.0146803753736,63.55756480368706,0.026845637583892617
SAI,17.0,97.479,Singapore,2024,0.24966974900924702,3.132275132275132,0.44914134742404227,0.02906208718626156,5.680317040951123,228.0,131.17818438204944,63.34010866766755,0.019815059445178335
SAI,18.0,98.151,Singapore,2024,0.2643524699599466,3.2192513368983957,0.4392523364485981,0.014686248331108143,5.740987983978639,256.0,128.7556302238707,65.37651447511624,0.021361815754339118
SAI,19.0,98.181,Singapore,2024,0.2773333333333333,3.230974632843792,0.424,0.018666666666666668,5.866666666666666,253.0,129.58183177113375,65.75476833425826,0.013333333333333334
SAI,20.0,98.813,Singapore,2024,0.27622841965471445,3.2367021276595747,0.40239043824701193,0.027888446215139442,5.577689243027888,238.05714285714285,128.2145877264373,65.48424024951541,0.017264276228419653
SAI,21.0,99.138,Singapore,2024,0.29411764705882354,3.212041884816754,0.4013071895424837,0.02875816993464052,5.359477124183006,260.29523809523806,129.44139719232825,63.62010736439987,0.01699346405228758
SAI,22.0,98.79,Singapore,2024,0.2774018944519621,3.2981029810298104,0.4167794316644114,0.02571041948579161,5.818673883626523,,129.47427032911233,61.73674263215191,0.017591339648173207
SAI,23.0,98.424,Singapore,2024,0.2628797886393659,3.1375661375661377,0.404227212681638,0.036988110964332896,5.812417437252312,258.0,129.77971080132775,63.61614854014207,0.022457067371202115
SAI,24.0,99.011,Singapore,2024,0.2855245683930943,3.1781914893617023,0.3891102257636122,0.03187250996015936,5.710491367861885,295.1071414857143,129.15093111864977,64.49848806671251,0.021248339973439574
SAI,25.0,99.596,Singapore,2024,0.2964426877470356,3.1715039577836412,0.383399209486166,0.021080368906455864,5.533596837944664,,126.26962331786501,68.43473496421724,0.014492753623188406
SAI,26.0,99.274,Singapore,2024,0.28346456692913385,3.0959264126149804,0.39238845144356954,0.01706036745406824,5.905511811023622,270.5,127.36054667351092,66.6339480295386,0.015748031496062992
SAI,27.0,99.193,Singapore,2024,0.2769028871391076,3.135348226018397,0.40551181102362205,0.01706036745406824,5.118110236220472,252.0,129.52303170386338,63.266773646102216,0.01706036745406824
SAI,28.0,99.363,Singapore,2024,0.28297055057618437,3.105128205128205,0.4033290653008963,0.023047375160051217,5.377720870678617,242.0,127.53337743371394,63.95695852541297,0.01792573623559539
SAI,29.0,98.961,Singapore,2024,0.28112449799196787,3.1742627345844503,0.40829986613119146,0.030789825970548863,5.4886211512717535,244.3037071616476,129.26837039264922,65.28269567786263,0.022757697456492636
SAI,30.0,98.207,Singapore,2024,0.24438573315719947,3.187830687830688,0.4134742404227213,0.04227212681638045,5.019815059445178,222.23172230624095,129.41935262688347,63.170471414376536,0.018494055482166448
SAI,31.0,98.375,Singapore,2024,0.26330150068212826,3.2650273224043715,0.4201909959072306,0.03819918144611187,5.0477489768076405,244.38614168566258,132.9773894898439,62.83734899294922,0.021828103683492497
SAI,32.0,98.598,Singapore,2024,0.25885558583106266,3.227830832196453,0.4264305177111717,0.01634877384196185,5.449591280653951,240.58666666666667,130.35341128610997,64.0139229119088,0.009536784741144414
SAI,33.0,99.354,Singapore,2024,0.2857142857142857,3.0670103092783507,0.38223938223938225,0.02059202059202059,5.7915057915057915,170.0,128.11512788121019,65.7845433952694,0.014157014157014158
SAI,34.0,98.399,Singapore,2024,0.26943699731903487,3.1677852348993287,0.4316353887399464,0.020107238605898123,5.630026809651475,281.03999999999996,129.86637650111496,62.920788246890325,0.0160857908847185
SAI,35.0,98.324,Singapore,2024,0.25396825396825395,3.1125827814569536,0.42328042328042326,0.03571428571428571,5.555555555555555,276.0,130.75855337158515,63.2774925951691,0.03042328042328042
SAI,36.0,97.95,Singapore,2024,0.2671957671957672,3.1867549668874173,0.421957671957672,0.031746031746031744,5.291005291005291,270.10999978666666,130.87765842572887,63.53862686251993,0.01984126984126984
SAI,37.0,98.307,Singapore,2024,0.24641460234680573,3.0861618798955615,0.4015645371577575,0.041720990873533245,5.475880052151238,263.6952310857143,128.9976015321717,64.36016850493505,0.014341590612777053
SAI,38.0,97.971,Singapore,2024,0.24866310160427807,3.1646586345381524,0.4184491978609626,0.03609625668449198,5.347593582887701,292.0,131.88315250766252,63.56786707631748,0.01871657754010695
SAI,39.0,97.802,Singapore,2024,0.2764227642276423,3.175033921302578,0.4078590785907859,0.02168021680216802,5.691056910569105,275.0,129.9306643019768,64.16285371544083,0.02168021680216802
SAI,40.0,97.965,Singapore,2024,0.26649076517150394,3.117569352708058,0.42744063324538256,0.027704485488126648,5.804749340369393,269.78704,130.91656360781477,63.04217666062518,0.017150395778364115
SAI,41.0,98.236,Singapore,2024,0.24761904761904763,3.20708446866485,0.4,0.031292517006802724,5.3061224489795915,240.27321094283823,131.4825502417478,64.00137600483416,0.014965986394557823
SAI,42.0,99.534,Singapore,2024,0.2815405046480744,3.375,0.36387782204515273,0.02257636122177955,5.3120849933598935,,128.84373073982582,61.95207778780045,0.0199203187250996
SAI,43.0,98.602,Singapore,2024,0.27984084880636606,3.142098273572377,0.3952254641909814,0.023872679045092837,5.968169761273209,198.0,128.3085017646226,65.51536212340453,0.021220159151193633
SAI,44.0,97.87,Singapore,2024,0.2740447957839262,3.150395778364116,0.4044795783926219,0.028985507246376812,5.665349143610013,280.0,129.8898293129159,64.31018348654491,0.026350461133069828
SAI,45.0,98.117,Singapore,2024,0.2760898282694848,3.105820105820106,0.42140026420079263,0.017173051519154558,5.812417437252312,254.88018984697086,129.02599068131465,64.23137327714758,0.019815059445178335
SAI,46.0,98.412,Singapore,2024,0.2735723771580345,3.1382978723404253,0.4116865869853918,0.013280212483399735,5.9760956175298805,196.0,131.00820725891728,63.69453063570519,0.014608233731739707
SAI,47.0,98.015,Singapore,2024,0.2630208333333333,3.0977835723598437,0.4075520833333333,0.024739583333333332,5.598958333333334,287.0,130.67339191540617,64.49711531800607,0.014322916666666666
SAI,48.0,97.85,Singapore,2024,0.26887417218543047,3.140583554376658,0.40397350993377484,0.02781456953642384,5.960264900662252,236.0,128.08396851527837,65.023164878076,0.018543046357615896
SAI,49.0,98.019,Singapore,2024,0.27882037533512066,3.1463087248322146,0.4008042895442359,0.02546916890080429,5.7640750670241285,245.83144908387095,129.77347517774544,64.48489781080038,0.03485254691689008
SAI,50.0,98.186,Singapore,2024,0.2604712041884817,3.1166448230668413,0.40575916230366493,0.02617801047120419,5.49738219895288,266.5,129.5650973340079,64.47809667823141,0.0274869109947644
SAI,51.0,98.534,Singapore,2024,0.25930851063829785,3.195739014647137,0.40691489361702127,0.026595744680851064,5.319148936170213,,128.60388747087816,64.41962637498231,0.022606382978723406
SAI,52.0,98.499,Singapore,2024,0.2641025641025641,3.086007702182285,0.4076923076923077,0.023076923076923078,5.384615384615385,278.0,128.46148178514446,65.52995379379969,0.017948717948717947
SAI,53.0,98.154,Singapore,2024,0.26549865229110514,3.2388663967611335,0.4137466307277628,0.025606469002695417,5.525606469002695,237.0,128.98794616781922,65.16577613331287,0.008086253369272238
SAI,54.0,98.04,Singapore,2024,0.26541554959785524,3.229530201342282,0.4155495978552279,0.0160857908847185,5.227882037533512,228.18500096,128.94350029936226,65.08774111182247,0.0160857908847185
SAI,55.0,98.219,Singapore,2024,0.28419654714475434,3.140957446808511,0.42363877822045154,0.0199203187250996,5.577689243027888,,129.80803886190375,64.54042816316345,0.034528552456839307
SAI,56.0,98.131,Singapore,2024,0.26265389876880985,3.271232876712329,0.40902872777017785,0.015047879616963064,5.60875512995896,186.39972431871212,130.41785853106657,65.38439730373115,0.030095759233926128
SAI,57.0,98.154,Singapore,2024,0.2625,3.365785813630042,0.4152777777777778,0.027777777777777776,5.833333333333333,223.17877135238095,128.74554403689044,64.56607803876376,0.030555555555555555
SAI,58.0,98.275,Singapore,2024,0.27816411682892905,3.328690807799443,0.41168289290681503,0.016689847009735744,5.980528511821975,239.0,128.9911323461899,63.8825286645972,0.016689847009735744
SAI,59.0,98.558,Singapore,2024,0.2720105124835742,3.086842105263158,0.4323258869908016,0.022339027595269383,5.781865965834428,243.06334366371962,128.05351865674427,65.65642740164579,0.018396846254927726
SAI,60.0,98.838,Singapore,2024,0.27406417112299464,3.210174029451138,0.3917112299465241,0.014705882352941176,5.481283422459892,269.5,127.34677617778014,66.30088236868306,0.013368983957219251
SAI,61.0,98.3,Singapore,2024,0.29315068493150687,3.2757201646090537,0.39315068493150684,0.010958904109589041,5.89041095890411,,130.19636846353578,65.5538309840999,0.031506849315068496
SAI,62.0,99.771,Singapore,2024,0.27479892761394104,3.1321252481431765,0.32707774798927614,0.02680965147453083,5.227882037533512,,128.14287106433332,65.44392811619733,0.01742627345844504
VER,1.0,101.413,Singapore,2024,0.24775353016688062,3.386889460154242,0.37869062901155326,0.08857509627727857,5.263157894736842,279.0,129.61575355990595,61.571361725725396,0.011553273427471117
VER,2.0,98.79,Singapore,2024,0.2623169107856192,3.2693333333333334,0.41544607190412786,0.07190412782956059,5.0599201065246335,247.0586036720038,134.56196269962354,61.427934266699474,0.0
VER,3.0,98.917,Singapore,2024,0.25067024128686327,3.242953020134228,0.38873994638069703,0.08981233243967829,4.557640750670242,240.0,134.2954407886304,59.86354880050926,0.0013404825737265416
VER,4.0,98.47,Singapore,2024,0.2407170294494238,3.1076923076923078,0.38412291933418696,0.07810499359795134,4.609475032010243,285.0,134.34733491196343,60.27614079025413,0.0012804097311139564
VER,5.0,97.906,Singapore,2024,0.24438573315719947,3.171957671957672,0.4332892998678996,0.06605019815059446,4.491413474240423,231.44696921212122,136.01197113518586,59.94956210177495,0.001321003963011889
VER,6.0,97.997,Singapore,2024,0.2422192151556157,3.306233062330623,0.40460081190798375,0.07577807848443843,4.871447902571042,258.0,134.3480318505978,61.21801542362185,0.0013531799729364006
VER,7.0,97.774,Singapore,2024,0.2359249329758713,3.1973154362416105,0.3941018766756032,0.08042895442359249,4.289544235924933,259.53571291428574,135.24210531997153,60.7864819657026,0.0
VER,8.0,97.669,Singapore,2024,0.23392612859097128,3.2958904109589042,0.4377564979480164,0.08755129958960328,4.514363885088919,240.74017851428573,136.15971352257876,60.66396797394616,0.0
VER,9.0,97.89,Singapore,2024,0.2225237449118046,3.472826086956522,0.42198100407055633,0.07869742198100407,4.74898236092266,237.61666702222223,134.82203576658603,61.08769667986096,0.008141112618724558
VER,10.0,97.739,Singapore,2024,0.23148148148148148,3.247682119205298,0.43915343915343913,0.06878306878306878,4.365079365079365,181.5,135.2775034812294,61.327390581333866,0.0
VER,11.0,97.593,Singapore,2024,0.2449255751014885,3.3794037940379402,0.4330175913396482,0.07171853856562922,4.7361299052774015,242.2,136.04305275006175,61.39238277111168,0.0
VER,12.0,97.778,Singapore,2024,0.253671562082777,3.2085561497326203,0.42456608811748997,0.05874499332443257,4.672897196261682,272.0,135.08744178953694,61.08217733017063,0.0026702269692923898
VER,13.0,97.701,Singapore,2024,0.23687752355316286,3.293800539083558,0.41318977119784656,0.06460296096904442,4.5760430686406455,235.5,135.13028753702366,60.79482126160158,0.0
VER,14.0,97.707,Singapore,2024,0.22146739130434784,3.349659863945578,0.4279891304347826,0.08288043478260869,4.619565217391304,272.0,134.09963550574838,61.99203031566409,0.004076086956521739
VER,15.0,97.826,Singapore,2024,0.25338753387533874,3.329715061058345,0.4173441734417344,0.07452574525745258,4.607046070460704,,133.879239174263,61.048712657286465,0.005420054200542005
VER,16.0,97.851,Singapore,2024,0.24364123159303883,3.2091152815013406,0.42971887550200805,0.07228915662650602,4.551539491298527,262.3333333333333,135.0385419966326,61.283608570646074,0.0013386880856760374
VER,17.0,97.987,Singapore,2024,0.2355263157894737,3.214756258234519,0.42105263157894735,0.07368421052631578,4.342105263157895,251.01029421176472,134.38647233929186,60.65328371912645,0.0
VER,18.0,98.068,Singapore,2024,0.24666666666666667,3.32977303070761,0.412,0.06133333333333333,4.666666666666667,259.5,134.99291032333394,61.23995794304218,0.010666666666666666
VER,19.0,98.017,Singapore,2024,0.2396804260985353,3.2933333333333334,0.4207723035952064,0.06125166444740346,4.394141145139813,248.0125,136.8301061764777,60.31553505305472,0.0
VER,20.0,98.123,Singapore,2024,0.23537234042553193,3.2490013315579227,0.4109042553191489,0.07579787234042554,4.920212765957447,214.5,134.35037740555663,61.74570690761025,0.005319148936170213
VER,21.0,98.172,Singapore,2024,0.23576158940397351,3.1883289124668437,0.4105960264900662,0.06225165562913907,4.768211920529802,229.2838084952381,134.54106132453617,61.490076986716446,0.0013245033112582781
VER,22.0,98.192,Singapore,2024,0.22013422818791947,3.3010752688172045,0.4214765100671141,0.08456375838926175,4.563758389261745,243.0,133.60247972313832,62.36219584732372,0.0
VER,23.0,98.231,Singapore,2024,0.23412698412698413,3.266225165562914,0.4246031746031746,0.06481481481481481,4.365079365079365,236.5300004977778,133.91350897097743,62.19715196659156,0.003968253968253968
VER,24.0,98.399,Singapore,2024,0.23473541383989144,3.347826086956522,0.41383989145183175,0.08683853459972862,4.884667571234735,190.5,133.45923785163018,62.471935189921915,0.0
VER,25.0,98.641,Singapore,2024,0.22589167767503301,3.314814814814815,0.41743725231175693,0.0726552179656539,4.623513870541611,248.49937456,132.452957333611,62.4998439445044,0.0
VER,26.0,98.575,Singapore,2024,0.23159303882195448,3.359249329758713,0.41633199464524767,0.0642570281124498,4.551539491298527,195.49999786666666,135.31280073864048,61.46974842020451,0.00535475234270415
VER,27.0,98.927,Singapore,2024,0.24281984334203655,3.2366013071895425,0.4151436031331593,0.0783289817232376,4.699738903394255,262.09999872,132.94610762393827,62.214462226140526,0.006527415143603133
VER,28.0,99.265,Singapore,2024,0.2421875,3.3272490221642763,0.4361979166666667,0.06640625,4.557291666666666,184.0,134.2374915754535,62.72543593043858,0.0078125
VER,31.0,96.688,Singapore,2024,0.21685082872928177,3.297372060857538,0.44060773480662985,0.08701657458563536,5.386740331491713,235.78571611428572,136.10650954373327,60.74275586655176,0.0
VER,32.0,96.824,Singapore,2024,0.2292817679558011,3.2918395573997232,0.4350828729281768,0.07044198895027624,5.248618784530387,219.5,136.26568941746075,61.21458495333533,0.0
VER,33.0,97.022,Singapore,2024,0.22563417890520696,3.2887700534759357,0.4192256341789052,0.06675567423230974,4.138851802403204,209.58923281383863,135.74456846731238,60.66701304106161,0.0013351134846461949
VER,34.0,96.871,Singapore,2024,0.2395128552097429,3.292682926829268,0.4330175913396482,0.06765899864682003,5.142083897158322,252.36999999999998,136.58241315477284,61.308351920182105,0.0013531799729364006
VER,35.0,97.1,Singapore,2024,0.2232620320855615,3.2342704149933064,0.4197860962566845,0.07620320855614973,4.411764705882353,184.56624992000002,134.04383725336646,62.08248571485581,0.001336898395721925
VER,36.0,96.968,Singapore,2024,0.2446236559139785,3.2893674293405115,0.39381720430107525,0.07123655913978495,4.704301075268817,,134.78516216375556,61.74933156524501,0.0013440860215053765
VER,37.0,96.984,Singapore,2024,0.24836601307189543,3.235602094240838,0.41045751633986927,0.06274509803921569,4.967320261437909,286.0,135.7967034800831,62.15342693084331,0.00261437908496732
VER,38.0,97.071,Singapore,2024,0.23497267759562843,3.305061559507524,0.40027322404371585,0.07240437158469945,4.508196721311475,242.0,134.39429220286098,62.46215456692559,0.0
VER,39.0,96.957,Singapore,2024,0.2274562584118439,3.261455525606469,0.40107671601615075,0.07806191117092867,4.5760430686406455,259.5,134.8498582635724,62.297330489552614,0.0
VER,40.0,96.962,Singapore,2024,0.23874488403819918,3.360655737704918,0.41336971350613916,0.07776261937244201,4.638472032742155,245.4687504,135.63520632212146,61.98791244849404,0.0
VER,41.0,97.38,Singapore,2024,0.2550335570469799,3.4086021505376345,0.41073825503355704,0.06711409395973154,4.697986577181208,,134.70901394720678,63.019214077509595,0.005369127516778523
VER,42.0,96.865,Singapore,2024,0.25444596443228457,3.4438356164383563,0.4021887824897401,0.05471956224350205,4.7879616963064295,242.66666666666666,134.8549990314362,63.91414100635729,0.0
VER,43.0,96.582,Singapore,2024,0.21751025991792067,3.293150684931507,0.42270861833105333,0.06976744186046512,4.514363885088919,233.6041696,135.71738157110704,62.400094317199276,0.0027359781121751026
VER,44.0,96.414,Singapore,2024,0.2479892761394102,3.2912751677852348,0.4383378016085791,0.05093833780160858,5.495978552278821,216.0,136.00872435953323,62.04122981219533,0.0
VER,45.0,96.618,Singapore,2024,0.24110671936758893,3.242744063324538,0.43610013175230566,0.061923583662714096,4.874835309617918,249.75,132.80643098074987,62.92744816222389,0.0013175230566534915
VER,46.0,96.5,Singapore,2024,0.23731138545953362,3.2994505494505493,0.4334705075445816,0.053497942386831275,4.938271604938271,214.5,135.68428763673552,62.676989671845504,0.0054869684499314125
VER,47.0,96.628,Singapore,2024,0.23302263648468707,3.3253333333333335,0.4207723035952064,0.07190412782956059,4.660452729693742,210.87777706666665,134.8428859667883,62.57623996238495,0.0039946737683089215
VER,48.0,96.739,Singapore,2024,0.25065963060686014,3.284015852047556,0.41952506596306066,0.05804749340369393,5.013192612137203,223.66999936,134.6180838560615,62.83167642459719,0.011873350923482849
VER,49.0,96.602,Singapore,2024,0.22826086956521738,3.327891156462585,0.45108695652173914,0.05570652173913043,5.706521739130435,258.31071405714283,135.73861723368984,63.43429932458212,0.001358695652173913
VER,50.0,97.055,Singapore,2024,0.24390243902439024,3.367706919945726,0.43360433604336046,0.06233062330623306,5.013550135501355,175.0,133.07931662108638,64.46263942656634,0.0040650406504065045
VER,51.0,97.132,Singapore,2024,0.23910171730515192,3.2962962962962963,0.4200792602377807,0.08058124174372523,5.019815059445178,225.66190598095238,133.44623778588505,64.34367610573732,0.0066050198150594455
VER,52.0,96.842,Singapore,2024,0.24406332453825857,3.2575957727873184,0.4313984168865435,0.048812664907651716,5.145118733509235,175.0,135.68362956166857,63.16332610021798,0.0
VER,53.0,96.843,Singapore,2024,0.24765729585006693,3.3351206434316354,0.42168674698795183,0.0535475234270415,5.087014725568943,205.5,135.04976774483805,64.00701982381929,0.009370816599732263
VER,54.0,96.748,Singapore,2024,0.23306233062330622,3.2917232021709633,0.44037940379403795,0.07588075880758807,5.149051490514905,,135.1351920470105,62.37680231959845,0.006775067750677507
VER,55.0,96.427,Singapore,2024,0.23140495867768596,3.3793103448275863,0.43112947658402206,0.06611570247933884,5.234159779614325,247.70613863150183,135.76180293391877,63.227590583938884,0.004132231404958678
VER,56.0,96.387,Singapore,2024,0.21668909825033647,3.299191374663073,0.4347240915208614,0.07267833109017496,5.248990578734858,223.75,135.88588920100352,62.915156419779045,0.004037685060565276
VER,57.0,96.402,Singapore,2024,0.22317596566523606,3.616045845272206,0.4334763948497854,0.060085836909871244,5.436337625178827,232.1875,133.45752040269318,63.8048436399862,0.001430615164520744
VER,58.0,96.171,Singapore,2024,0.23413258110014104,3.505649717514124,0.43441466854724964,0.05923836389280677,5.500705218617771,279.0,134.21976554395687,63.54214568366272,0.0014104372355430183
VER,59.0,95.967,Singapore,2024,0.21001390820584145,3.467966573816156,0.4561891515994437,0.07093184979137691,5.285118219749652,251.58250005333335,136.3067741439356,63.7717159414583,0.012517385257301807
VER,60.0,96.343,Singapore,2024,0.21544715447154472,3.4708276797829036,0.44037940379403795,0.07452574525745258,5.149051490514905,256.5,135.78478945752684,62.924920537691314,0.0013550135501355014
VER,61.0,96.013,Singapore,2024,0.2173314993122421,3.418732782369146,0.4649243466299862,0.07015130674002751,5.089408528198074,205.15625,134.45633710114407,63.75601040736836,0.002751031636863824
VER,62.0,96.931,Singapore,2024,0.2222222222222222,3.5549374130737137,0.39444444444444443,0.1,5.416666666666667,228.14999893333334,134.48383520312893,63.0166861318308,0.005555555555555556
ALO,4.0,97.453,Suzuka,2024,0.17591339648173207,2.899728997289973,0.4817320703653586,0.06495263870094722,6.359945872801083,273.08999936,133.22220230326113,63.1391571467597,0.005412719891745603
ALO,5.0,97.532,Suzuka,2024,0.19425444596443228,3.0712328767123287,0.4829001367989056,0.06566347469220246,6.019151846785226,259.0,132.25142656058182,66.1296830367348,0.005471956224350205
ALO,6.0,97.861,Suzuka,2024,0.18337730870712401,3.0145310435931307,0.4973614775725594,0.0633245382585752,5.540897097625329,251.982818,129.01623131378747,66.87881318724091,0.00395778364116095
ALO,7.0,98.203,Suzuka,2024,0.16775032509752927,2.8802083333333335,0.4798439531859558,0.0741222366710013,5.721716514954486,284.5,129.9510655378673,64.9727071617736,0.0
ALO,8.0,98.461,Suzuka,2024,0.16644295302013423,3.0188172043010755,0.4818791946308725,0.0697986577181208,5.906040268456376,294.0,130.42123389903628,66.08889251596128,0.0013422818791946308
ALO,9.0,98.884,Suzuka,2024,0.17647058823529413,2.821954484605087,0.49064171122994654,0.05481283422459893,6.283422459893048,260.3640327859649,130.94853600522032,66.47630940216489,0.00267379679144385
ALO,10.0,98.781,Suzuka,2024,0.16666666666666666,2.890066225165563,0.49867724867724866,0.06878306878306878,5.952380952380952,252.8125,128.41425825239403,65.12746935738618,0.009259259259259259
ALO,11.0,98.943,Suzuka,2024,0.1646746347941567,2.827127659574468,0.5059760956175299,0.0650730411686587,5.9760956175298805,260.832501632,133.00637144351722,65.77209885883535,0.005312084993359893
ALO,12.0,98.744,Suzuka,2024,0.17173051519154559,2.8994708994708995,0.5072655217965654,0.047556142668428,6.208718626155878,255.0,132.5876241376135,65.58020540609536,0.003963011889035667
ALO,13.0,100.816,Suzuka,2024,0.19302949061662197,3.101336689395973,0.4718498659517426,0.04155495978552279,6.434316353887399,252.62378395555558,129.02177363533363,69.06819836581748,0.014745308310991957
ALO,15.0,97.453,Suzuka,2024,0.16689466484268126,2.8465753424657536,0.49247606019151846,0.07113543091655267,6.019151846785226,230.0,130.78677223978931,61.8931653388088,0.0027359781121751026
ALO,16.0,97.021,Suzuka,2024,0.16331994645247658,2.745308310991957,0.5113788487282463,0.05220883534136546,6.157965194109773,285.0750016,135.10722874493007,62.78916625963221,0.008032128514056224
ALO,17.0,96.999,Suzuka,2024,0.1752021563342318,2.852901484480432,0.49326145552560646,0.07277628032345014,6.60377358490566,284.5,132.08462346468474,64.57779918427592,0.004043126684636119
ALO,18.0,97.031,Suzuka,2024,0.17154255319148937,2.929427430093209,0.5079787234042553,0.05319148936170213,6.117021276595745,263.0,133.89404161692943,64.10571337250451,0.0013297872340425532
ALO,19.0,96.821,Suzuka,2024,0.1609353507565337,2.9366391184573004,0.5020632737276479,0.07152682255845942,6.327372764786795,277.66071384774875,134.72875227690957,62.998250140284334,0.001375515818431912
ALO,20.0,97.615,Suzuka,2024,0.1839557399723375,2.994459833795014,0.4730290456431535,0.056708160442600276,6.77731673582296,267.67083306666666,134.49596824215132,64.37570560942072,0.0027662517289073307
ALO,21.0,97.565,Suzuka,2024,0.18543046357615894,2.986737400530504,0.49403973509933774,0.06754966887417219,6.357615894039735,220.0,134.91977644475557,65.90610339563167,0.005298013245033113
ALO,22.0,97.721,Suzuka,2024,0.16918844566712518,3.239669421487603,0.49793672627235214,0.07565337001375516,6.327372764786795,262.5108151528505,134.8081280166113,68.33905889288911,0.0068775790921595595
ALO,23.0,97.64,Suzuka,2024,0.1733149931224209,3.0082644628099175,0.5006877579092159,0.06052269601100413,6.464924346629987,251.33333333333334,132.70541417313092,65.96617935728192,0.002751031636863824
ALO,24.0,97.435,Suzuka,2024,0.16010854816824965,2.948369565217391,0.5047489823609227,0.05970149253731343,6.1058344640434195,227.36666453333333,133.62322603328823,65.48946045901762,0.005427408412483039
ALO,25.0,97.423,Suzuka,2024,0.17273954116059378,2.927027027027027,0.5033738191632928,0.0553306342780027,6.207827260458839,281.0,134.5122238726047,64.74203261244149,0.005398110661268556
ALO,26.0,97.289,Suzuka,2024,0.15564738292011018,3.0068965517241377,0.5027548209366391,0.05371900826446281,6.0606060606060606,257.6689813333333,130.27679313138017,65.93913790347243,0.004132231404958678
ALO,27.0,97.359,Suzuka,2024,0.14854111405835543,2.818061088977424,0.5106100795755968,0.06896551724137931,6.10079575596817,,131.14266446682805,65.28658892921057,0.002652519893899204
ALO,28.0,97.341,Suzuka,2024,0.1651006711409396,2.881720430107527,0.5046979865771812,0.04697986577181208,6.174496644295302,242.120492288,134.89433855647738,65.7655600221504,0.012080536912751677
ALO,29.0,97.782,Suzuka,2024,0.164,2.7770360480640854,0.49333333333333335,0.07066666666666667,6.266666666666667,253.0,132.0352146854167,66.20898387679692,0.004
ALO,30.0,97.643,Suzuka,2024,0.15866666666666668,2.8384512683578103,0.5066666666666667,0.07333333333333333,6.133333333333333,258.75,129.64036363022097,65.3200469529414,0.008
ALO,31.0,97.451,Suzuka,2024,0.16307277628032346,2.901484480431849,0.5121293800539084,0.05256064690026954,6.199460916442049,250.4196457142857,130.74251050092684,65.9305901938184,0.01078167115902965
ALO,32.0,97.635,Suzuka,2024,0.16085790884718498,3.0201342281879193,0.514745308310992,0.045576407506702415,6.3002680965147455,260.59999999999997,133.23453143463982,66.07910205620801,0.0013404825737265416
ALO,33.0,99.794,Suzuka,2024,0.18950064020486557,3.0884615384615386,0.49039692701664533,0.05761843790012804,6.017925736235595,219.20000426666667,130.70432461040005,68.66695531640042,0.01792573623559539
ALO,35.0,95.771,Suzuka,2024,0.14540466392318244,2.7142857142857144,0.49794238683127573,0.06172839506172839,6.310013717421124,269.93749760000003,129.51248091925558,64.05573215608267,0.0054869684499314125
ALO,36.0,95.353,Suzuka,2024,0.14383561643835616,3.0233196159122087,0.5191780821917809,0.052054794520547946,6.438356164383562,,130.23420158137108,64.04119087590962,0.00410958904109589
ALO,37.0,95.381,Suzuka,2024,0.1726027397260274,2.888888888888889,0.5054794520547945,0.04657534246575343,6.575342465753424,247.22727098181818,129.37109473354084,64.80459521849257,0.012328767123287671
ALO,38.0,95.487,Suzuka,2024,0.15710382513661203,2.9466484268125854,0.4972677595628415,0.04644808743169399,6.693989071038252,230.0,130.58638129533526,64.69846617051486,0.00273224043715847
ALO,39.0,95.97,Suzuka,2024,0.16170212765957448,3.059659090909091,0.4950354609929078,0.05531914893617021,6.666666666666667,237.0,132.22997466497802,65.27864234927631,0.00425531914893617
ALO,40.0,95.808,Suzuka,2024,0.16417910447761194,2.891304347826087,0.5278154681139756,0.051560379918588875,6.377204884667571,277.0,132.98838099655566,64.51170138558342,0.0013568521031207597
ALO,41.0,95.574,Suzuka,2024,0.16269284712482468,3.134831460674157,0.5133239831697055,0.06030855539971949,7.012622720897616,274.0,133.7563365605166,63.718086854766376,0.002805049088359046
ALO,42.0,97.292,Suzuka,2024,0.1566757493188011,2.9549795361527966,0.4822888283378747,0.06130790190735695,6.539509536784741,,130.43703845331464,65.81048865734402,0.0027247956403269754
ALO,43.0,96.092,Suzuka,2024,0.1655359565807327,2.904891304347826,0.5006784260515604,0.054274084124830396,6.377204884667571,257.0,133.03515400500123,63.882705196754095,0.0067842605156037995
ALO,44.0,95.615,Suzuka,2024,0.1558073654390935,3.0553191489361704,0.5297450424929179,0.053824362606232294,6.515580736543909,291.0,129.1590785464268,64.68838731690371,0.0056657223796034
ALO,45.0,95.636,Suzuka,2024,0.16238159675236807,2.991869918699187,0.5209742895805142,0.04194857916102842,6.495263870094722,280.4095238095238,130.4676545888056,65.22035559685513,0.0040595399188092015
ALO,46.0,95.827,Suzuka,2024,0.1721763085399449,3.117241379310345,0.5137741046831956,0.049586776859504134,6.198347107438017,269.0194446222222,130.21798566895006,64.84628865668031,0.005509641873278237
ALO,47.0,95.862,Suzuka,2024,0.17181208053691274,3.0268817204301075,0.5140939597315436,0.04429530201342282,6.174496644295302,243.69341574736842,126.84434170080668,66.01255252315981,0.012080536912751677
ALO,48.0,95.861,Suzuka,2024,0.16301369863013698,2.905349794238683,0.5273972602739726,0.04794520547945205,6.438356164383562,270.281248,133.21145237846844,64.02514905990321,0.010958904109589041
ALO,49.0,95.831,Suzuka,2024,0.19041095890410958,2.9190672153635115,0.4945205479452055,0.04794520547945205,6.986301369863014,282.0,132.69354942265855,65.55997922794928,0.015068493150684932
ALO,50.0,96.008,Suzuka,2024,0.18707015130674004,2.8898071625344355,0.4896836313617607,0.0577716643741403,6.464924346629987,300.4859376,132.94105855436828,65.71757113315309,0.012379642365887207
ALO,51.0,96.069,Suzuka,2024,0.1806282722513089,2.760157273918742,0.5196335078534031,0.051047120418848166,6.151832460732985,280.6666666666667,133.17830439185403,64.58189128917348,0.011780104712041885
ALO,52.0,95.633,Suzuka,2024,0.16194331983805668,2.9405405405405407,0.5101214574898786,0.04048582995951417,6.612685560053981,290.0,134.96446537269804,64.45387288790963,0.0
ALO,53.0,94.726,Suzuka,2024,0.16550764951321278,3.0417827298050137,0.5326842837273992,0.043115438108484005,6.815020862308763,288.5,132.40113907024516,65.18278530634315,0.008344923504867872
HAM,4.0,98.303,Suzuka,2024,0.17402945113788487,2.5871313672922254,0.4444444444444444,0.06559571619812583,5.35475234270415,281.03000064,125.41055474354967,64.87399581946721,0.01606425702811245
HAM,5.0,98.139,Suzuka,2024,0.17462482946793997,2.841530054644809,0.4120054570259209,0.06684856753069578,5.729877216916781,322.0,124.61462683005118,67.5284334871655,0.002728512960436562
HAM,6.0,98.19,Suzuka,2024,0.18479685452162517,2.6194225721784776,0.46526867627785057,0.053735255570117955,5.111402359108781,,129.30480756086726,66.2158334192996,0.015727391874180863
HAM,7.0,98.374,Suzuka,2024,0.1828793774319066,2.633766233766234,0.4565499351491569,0.03501945525291829,4.669260700389105,,121.69639869053886,66.37287639836161,0.018158236057068743
HAM,8.0,98.096,Suzuka,2024,0.1945945945945946,2.7929634641407306,0.47297297297297297,0.043243243243243246,4.72972972972973,,120.95370572773768,66.05621781012337,0.025675675675675677
HAM,9.0,98.533,Suzuka,2024,0.1970705725699068,2.808,0.459387483355526,0.04660452729693742,4.527296937416778,,120.0357194432765,66.894548811872,0.019973368841544607
HAM,10.0,98.703,Suzuka,2024,0.19414893617021275,2.8095872170439415,0.4734042553191489,0.0425531914893617,4.521276595744681,291.0,124.93678559714817,66.528421192599,0.02925531914893617
HAM,11.0,99.292,Suzuka,2024,0.19230769230769232,2.7835325365205845,0.48938992042440316,0.04111405835543767,4.641909814323608,251.09999530666664,126.18711447811559,67.28067192514466,0.025198938992042442
HAM,12.0,99.202,Suzuka,2024,0.19109947643979058,2.770642201834862,0.4738219895287958,0.03795811518324607,5.2356020942408374,260.0,121.99090078802692,67.65640355990799,0.02356020942408377
HAM,13.0,100.24,Suzuka,2024,0.19972826086956522,2.8870748299319726,0.45108695652173914,0.043478260869565216,5.434782608695652,287.58000000000004,122.26965545273893,68.09178674589617,0.02309782608695652
HAM,14.0,99.053,Suzuka,2024,0.19448275862068964,2.7403314917127073,0.4593103448275862,0.04,5.241379310344827,256.6333333333333,124.62400481799203,66.99554907321989,0.02482758620689655
HAM,15.0,98.915,Suzuka,2024,0.18926174496644296,2.8091397849462365,0.4657718120805369,0.038926174496644296,5.6375838926174495,250.0,126.68012413997525,67.87081678435193,0.01476510067114094
HAM,16.0,98.693,Suzuka,2024,0.18533333333333332,2.7663551401869158,0.48533333333333334,0.037333333333333336,5.2,258.43000192,128.04851538168109,66.0030238380069,0.025333333333333333
HAM,18.0,99.304,Suzuka,2024,0.19869281045751633,2.764397905759162,0.4627450980392157,0.040522875816993466,5.228758169934641,266.80500736,126.080805006231,68.0780029553675,0.02483660130718954
HAM,19.0,99.352,Suzuka,2024,0.18473895582329317,2.831099195710456,0.47121820615796517,0.03346720214190094,5.220883534136546,226.0406256,127.34740356403977,66.73893865738873,0.029451137884872823
HAM,20.0,98.619,Suzuka,2024,0.1762295081967213,2.908344733242134,0.4781420765027322,0.045081967213114756,5.05464480874317,253.5,124.8953157303572,67.70008300939357,0.01912568306010929
HAM,21.0,98.642,Suzuka,2024,0.1874180865006553,2.727034120734908,0.46657929226736566,0.047182175622542594,4.980340760157274,,123.52599352099523,66.43324890847431,0.01834862385321101
HAM,22.0,99.823,Suzuka,2024,0.21236559139784947,2.9098250336473757,0.47580645161290325,0.036290322580645164,5.64516129032258,246.81785508571429,126.31829977786549,67.71005437168995,0.04032258064516129
HAM,25.0,95.432,Suzuka,2024,0.17304964539007092,2.7869318181818183,0.4794326241134752,0.04113475177304964,5.390070921985815,274.0,128.1580955424185,63.04749761342291,0.0070921985815602835
HAM,26.0,95.447,Suzuka,2024,0.14870395634379263,2.6530054644808745,0.5170532060027285,0.03819918144611187,4.911323328785812,,124.69465317828008,63.87979633033367,0.005457025920873124
HAM,27.0,96.135,Suzuka,2024,0.16822429906542055,2.679144385026738,0.48464619492656874,0.04138851802403204,5.2069425901201605,278.0,123.20939836259794,64.71130255747087,0.00801068090787717
HAM,28.0,96.295,Suzuka,2024,0.17056396148555708,2.606060606060606,0.4759284731774415,0.03576341127922971,5.502063273727647,,128.6061746887065,64.84891526190253,0.011004126547455296
HAM,29.0,96.746,Suzuka,2024,0.17181208053691274,2.661290322580645,0.48322147651006714,0.04832214765100671,5.100671140939597,,128.60856452497572,65.33787493691663,0.0174496644295302
HAM,30.0,96.399,Suzuka,2024,0.1857335127860027,2.711590296495957,0.477792732166891,0.04306864064602961,4.710632570659488,215.0,119.5733537487293,66.07319850609186,0.034993270524899055
HAM,31.0,96.586,Suzuka,2024,0.15912208504801098,2.870879120879121,0.4924554183813443,0.06584362139917696,4.938271604938271,243.1531296,123.7622915738033,65.19529157359706,0.010973936899862825
HAM,32.0,96.601,Suzuka,2024,0.16801075268817203,2.815612382234186,0.4986559139784946,0.04973118279569892,5.10752688172043,292.0,123.32329296996825,66.50575429963678,0.01747311827956989
HAM,33.0,96.444,Suzuka,2024,0.16844919786096257,2.7737617135207495,0.49866310160427807,0.03609625668449198,5.080213903743315,,127.92266080079307,65.51977601405098,0.0066844919786096255
HAM,34.0,96.707,Suzuka,2024,0.17534246575342466,2.7818930041152266,0.5027397260273972,0.03561643835616438,5.068493150684931,,120.54041725415608,65.82163985637065,0.026027397260273973
HAM,35.0,96.514,Suzuka,2024,0.17265193370165746,2.929460580912863,0.5276243093922652,0.031767955801104975,5.248618784530387,,128.14472819786832,65.52575407484157,0.024861878453038673
HAM,36.0,96.191,Suzuka,2024,0.164850136239782,2.8458390177353343,0.5272479564032697,0.03678474114441417,4.632152588555858,,123.91002663814548,65.97936898891406,0.03814713896457766
HAM,37.0,96.622,Suzuka,2024,0.16621983914209115,2.8268456375838924,0.5026809651474531,0.036193029490616625,5.227882037533512,244.0,126.72946649354955,65.91957491623593,0.040214477211796246
HAM,38.0,97.458,Suzuka,2024,0.1989247311827957,2.7590847913862717,0.478494623655914,0.033602150537634407,5.376344086021505,218.1625008,126.22679007505184,66.0872812386681,0.06720430107526881
HAM,39.0,99.03,Suzuka,2024,0.1936813186813187,3.2024988532477456,0.46291208791208793,0.024725274725274724,5.082417582417582,,122.09789628159677,69.81732729298164,0.03296703296703297
HAM,41.0,93.952,Suzuka,2024,0.15406562054208273,2.7314285714285713,0.5121255349500713,0.028530670470756064,4.9928673323823105,,119.27465289441778,63.81712857851608,0.017118402282453638
HAM,42.0,94.238,Suzuka,2024,0.16033755274261605,2.740845070422535,0.4978902953586498,0.04922644163150492,5.20393811533052,,119.5746547910712,63.160448815479384,0.02812939521800281
HAM,43.0,94.082,Suzuka,2024,0.16133518776077885,2.6935933147632314,0.5243393602225312,0.031988873435326845,4.728789986091794,254.0,116.76556020541321,64.00246204503902,0.03616133518776078
HAM,44.0,94.337,Suzuka,2024,0.18413597733711048,2.8226950354609928,0.49575070821529743,0.039660056657223795,5.6657223796034,270.0,125.21582516115694,64.80008383652635,0.03824362606232295
HAM,45.0,94.791,Suzuka,2024,0.162534435261708,2.6896551724137936,0.49586776859504134,0.01652892561983471,5.096418732782369,,122.0998795590862,65.29941675242897,0.026170798898071626
HAM,46.0,94.798,Suzuka,2024,0.15664335664335666,2.753501400560224,0.5244755244755245,0.03776223776223776,4.895104895104895,279.0,123.46384175625226,65.26723102433411,0.02937062937062937
HAM,47.0,94.679,Suzuka,2024,0.1673469387755102,2.6239782016348774,0.5102040816326531,0.0326530612244898,4.761904761904762,291.5833333333333,122.76434269771785,65.8515945457761,0.02585034013605442
HAM,48.0,94.9,Suzuka,2024,0.16643741403026135,2.7079889807162534,0.5254470426409904,0.0453920220082531,5.364511691884457,254.0,125.56101225944737,66.4185216892476,0.033012379642365884
HAM,49.0,95.047,Suzuka,2024,0.16204986149584488,2.7905686546463246,0.5443213296398892,0.04709141274238227,4.847645429362881,262.26875,114.89308538085966,66.06513459843401,0.037396121883656507
HAM,50.0,95.43,Suzuka,2024,0.16918844566712518,2.798898071625344,0.530949105914718,0.039889958734525444,5.364511691884457,255.33471786666667,125.81613786903938,66.71199467719117,0.037138927097661624
HAM,51.0,95.476,Suzuka,2024,0.17282321899736147,2.7080581241743724,0.5171503957783641,0.03562005277044855,5.145118733509235,274.0,124.59786917718645,67.44819506671435,0.025065963060686015
HAM,52.0,95.235,Suzuka,2024,0.18588873812754408,2.807065217391304,0.5183175033921302,0.031207598371777476,5.4274084124830395,290.0,125.5007011042168,67.87028971302482,0.028493894165535955
HAM,53.0,95.773,Suzuka,2024,0.17541436464088397,3.0096818810511756,0.4861878453038674,0.034530386740331494,5.524861878453039,,126.11426763706788,68.725084142549,0.022099447513812154
LEC,4.0,98.268,Suzuka,2024,0.17158176943699732,2.893959731543624,0.48257372654155495,0.07104557640750671,5.495978552278821,244.70999808,131.7236036722042,65.42431223915746,0.00804289544235925
LEC,5.0,97.812,Suzuka,2024,0.1726027397260274,2.9574759945130316,0.4767123287671233,0.0410958904109589,5.205479452054795,,129.78760594673676,66.50978288925214,0.02054794520547945
LEC,6.0,98.021,Suzuka,2024,0.18134034165571616,2.7710526315789474,0.5085413929040736,0.04993429697766097,5.387647831800263,270.27000576,129.6421040035858,65.08895296749142,0.01576872536136662
LEC,7.0,98.187,Suzuka,2024,0.17120622568093385,2.605194805194805,0.49286640726329445,0.05058365758754864,4.9286640726329445,262.4578116,129.12697553250266,66.09836896973458,0.016861219195849545
LEC,8.0,97.92,Suzuka,2024,0.18267929634641408,2.78319783197832,0.4844384303112314,0.04736129905277402,5.142083897158322,274.8465380542996,124.95247818800655,67.0169318859834,0.014884979702300407
LEC,9.0,98.213,Suzuka,2024,0.19302949061662197,2.824161073825503,0.4812332439678284,0.045576407506702415,5.093833780160858,,127.23450039464268,68.6895192530591,0.012064343163538873
LEC,10.0,99.034,Suzuka,2024,0.18915343915343916,2.9033112582781455,0.48677248677248675,0.05291005291005291,5.026455026455026,269.96500096,127.66437988975962,68.69744946192242,0.017195767195767195
LEC,11.0,99.193,Suzuka,2024,0.20954907161803712,2.756972111553785,0.48408488063660476,0.026525198938992044,5.570291777188329,,130.7757719193226,68.46066618669578,0.015915119363395226
LEC,12.0,98.883,Suzuka,2024,0.18552631578947368,2.7009222661396572,0.49605263157894736,0.04473684210526316,5.394736842105264,276.0458336,128.75683552025365,69.4291401873991,0.031578947368421054
LEC,13.0,98.479,Suzuka,2024,0.1652892561983471,2.8772413793103446,0.49586776859504134,0.045454545454545456,5.371900826446281,255.33333333333334,129.276422529654,67.35821319550563,0.03856749311294766
LEC,14.0,98.595,Suzuka,2024,0.1678224687933426,2.838888888888889,0.5048543689320388,0.018030513176144243,5.131761442441054,,128.98460969841605,65.06981820871347,0.024965325936199722
LEC,15.0,98.172,Suzuka,2024,0.15405405405405406,2.719891745602165,0.5135135135135135,0.031081081081081083,5.27027027027027,252.95909120000002,134.5081826603592,65.16461576565095,0.032432432432432434
LEC,16.0,97.876,Suzuka,2024,0.14670255720053835,2.6495956873315363,0.5195154777927322,0.02557200538358008,5.248990578734858,,130.6962933468293,65.82815940042808,0.039030955585464336
LEC,17.0,97.856,Suzuka,2024,0.15670650730411687,2.824468085106383,0.50066401062417,0.041168658698539175,4.780876494023905,249.0,129.95176160201711,64.51392701695792,0.02257636122177955
LEC,18.0,97.76,Suzuka,2024,0.176158940397351,2.8647214854111405,0.5178807947019868,0.017218543046357615,5.033112582781457,252.83002112,129.40125299114305,64.57030225559541,0.0423841059602649
LEC,19.0,97.523,Suzuka,2024,0.1723202170963365,2.8940217391304346,0.5169606512890095,0.031207598371777476,5.4274084124830395,245.5,132.691373483374,64.11200787935569,0.04206241519674356
LEC,20.0,97.48,Suzuka,2024,0.17945205479452056,2.8669410150891634,0.5205479452054794,0.019178082191780823,5.068493150684931,,131.8353016393543,64.51817389528999,0.04246575342465753
LEC,21.0,98.203,Suzuka,2024,0.18498659517426275,2.7731543624161072,0.49865951742627346,0.028150134048257374,5.227882037533512,203.0,132.1000897548364,65.70678457379988,0.049597855227882036
LEC,22.0,97.744,Suzuka,2024,0.18319559228650137,2.88,0.5082644628099173,0.02203856749311295,4.820936639118457,261.2593744,129.3994909887271,66.41262509372743,0.06611570247933884
LEC,23.0,97.755,Suzuka,2024,0.1855388813096862,2.7240437158469946,0.4979536152796726,0.027285129604365622,5.0477489768076405,239.33333333333334,129.0600233530515,66.40218417628397,0.058663028649386086
LEC,24.0,98.071,Suzuka,2024,0.174496644295302,2.7311827956989245,0.5194630872483221,0.02953020134228188,5.100671140939597,227.984376,130.54840411199154,65.66990102774047,0.06308724832214765
LEC,25.0,97.918,Suzuka,2024,0.17227456258411844,2.730458221024259,0.5127860026917901,0.034993270524899055,5.248990578734858,247.5,129.52499741048203,66.14146064172505,0.04306864064602961
LEC,28.0,96.09,Suzuka,2024,0.16346153846153846,2.905089408528198,0.5164835164835165,0.04395604395604396,5.21978021978022,276.3285709714286,133.3483874808844,63.59787942676749,0.01510989010989011
LEC,29.0,96.357,Suzuka,2024,0.16891891891891891,2.69553450608931,0.5108108108108108,0.04054054054054054,5.27027027027027,229.78291761451894,130.60779144034544,64.28941751862897,0.025675675675675677
LEC,30.0,96.225,Suzuka,2024,0.17765814266487215,2.638814016172507,0.5114401076716016,0.033647375504710635,5.114401076716016,249.431251,130.6591936466996,65.01238536359591,0.029609690444145357
LEC,31.0,96.201,Suzuka,2024,0.1746905089408528,2.8016528925619837,0.5199449793672627,0.02888583218707015,4.951856946354883,255.78705337142858,133.42994040495333,63.986476770127325,0.02200825309491059
LEC,32.0,96.144,Suzuka,2024,0.15945945945945947,2.5656292286874156,0.5067567567567568,0.03918918918918919,5.0,,126.88098572338393,67.17432674751859,0.02972972972972973
LEC,33.0,95.878,Suzuka,2024,0.14572192513368984,2.6184738955823295,0.5053475935828877,0.05213903743315508,5.213903743315508,269.0,127.0155625704496,66.76879858872375,0.034759358288770054
LEC,34.0,96.32,Suzuka,2024,0.1793103448275862,2.6988950276243093,0.48413793103448277,0.04551724137931035,5.241379310344827,,131.9975891201588,64.27314892152009,0.02620689655172414
LEC,35.0,96.056,Suzuka,2024,0.15577190542420027,2.8077994428969357,0.5173852573018081,0.02920723226703755,5.285118219749652,267.2121212121212,131.8022531244657,64.80618584114366,0.011126564673157162
LEC,36.0,96.681,Suzuka,2024,0.18588873812754408,2.7717391304347827,0.48846675712347354,0.04341926729986431,5.020352781546811,257.4312408,130.88041282317724,66.19538416215387,0.04613297150610583
LEC,37.0,96.135,Suzuka,2024,0.1700404858299595,2.637837837837838,0.5128205128205128,0.033738191632928474,5.128205128205128,242.0,131.67894906440492,64.81679896085136,0.0310391363022942
LEC,38.0,96.029,Suzuka,2024,0.1680327868852459,2.755129958960328,0.5068306010928961,0.040983606557377046,4.918032786885246,281.3124992,133.50890992447617,64.59009837800583,0.02185792349726776
LEC,39.0,95.693,Suzuka,2024,0.1623931623931624,2.790299572039943,0.5085470085470085,0.02564102564102564,5.555555555555555,298.0,129.34757913979374,66.77524626511939,0.009971509971509971
LEC,40.0,96.341,Suzuka,2024,0.17591339648173207,2.7018970189701896,0.503382949932341,0.03112313937753721,5.412719891745602,,132.37155957243135,65.98166597734044,0.03112313937753721
LEC,41.0,95.451,Suzuka,2024,0.17517241379310344,2.770718232044199,0.5158620689655172,0.015172413793103448,5.103448275862069,,132.64023220982824,64.80073764279052,0.05517241379310345
LEC,42.0,95.797,Suzuka,2024,0.15774647887323945,2.7954866008462624,0.5112676056338028,0.038028169014084505,5.633802816901409,267.5,129.2902371777389,65.87121358038621,0.023943661971830985
LEC,43.0,95.713,Suzuka,2024,0.17208672086720866,2.645861601085482,0.535230352303523,0.02981029810298103,5.013550135501355,260.0,126.7703404721884,64.8174192033192,0.056910569105691054
LEC,44.0,95.685,Suzuka,2024,0.16129032258064516,2.7865168539325844,0.5035063113604488,0.0364656381486676,5.46984572230014,261.0,130.04355783726496,66.6344207061476,0.03225806451612903
LEC,45.0,95.739,Suzuka,2024,0.17871759890859482,2.737704918032787,0.5129604365620737,0.013642564802182811,5.457025920873124,285.0,128.81995938380769,64.71631755814359,0.058663028649386086
LEC,46.0,96.778,Suzuka,2024,0.1880108991825613,2.971350613915416,0.5068119891008175,0.02997275204359673,5.449591280653951,256.1958336,128.06128357336618,66.68486064847347,0.04632152588555858
LEC,47.0,95.922,Suzuka,2024,0.1648793565683646,2.697986577181208,0.5214477211796247,0.02546916890080429,5.093833780160858,225.0,129.16996072122666,65.22104012291486,0.057640750670241284
LEC,48.0,95.502,Suzuka,2024,0.17385257301808066,2.6963788300835656,0.5104311543810849,0.013908205841446454,5.563282336578582,,131.10316340935103,65.81714448521991,0.05285118219749652
LEC,49.0,95.543,Suzuka,2024,0.16916780354706684,2.762295081967213,0.5347885402455662,0.02455661664392906,5.5934515688949515,,136.43605107276687,64.23251817632892,0.0504774897680764
LEC,50.0,95.274,Suzuka,2024,0.1638888888888889,2.6022253129346313,0.5388888888888889,0.018055555555555554,5.416666666666667,295.0,132.5589177522276,65.17720705814668,0.07083333333333333
LEC,51.0,95.199,Suzuka,2024,0.16888297872340424,2.5792276964047938,0.5279255319148937,0.014627659574468085,5.053191489361701,252.4437504,129.25018491753772,66.35158410831295,0.05851063829787234
LEC,52.0,95.316,Suzuka,2024,0.1662162162162162,2.664411366711773,0.527027027027027,0.01756756756756757,5.405405405405405,253.0,128.82745138409686,65.39778930313507,0.05540540540540541
LEC,53.0,95.044,Suzuka,2024,0.17920656634746923,2.713698630136986,0.5239398084815321,0.017783857729138167,5.33515731874145,200.0,128.17353795990178,66.05957671558558,0.07660738714090287
NOR,4.0,96.853,Suzuka,2024,0.1414965986394558,2.852861035422343,0.49795918367346936,0.12380952380952381,4.8979591836734695,,137.6350433448615,61.99981558602464,0.0027210884353741495
NOR,5.0,96.86,Suzuka,2024,0.1115702479338843,2.9586206896551723,0.49449035812672176,0.14049586776859505,5.234159779614325,239.5,133.61108238723952,63.474721807721444,0.0
NOR,6.0,97.9,Suzuka,2024,0.1388888888888889,2.7801324503311258,0.4828042328042328,0.11243386243386243,4.62962962962963,252.23750518857142,133.26023010686555,64.52573948761663,0.0026455026455026454
NOR,7.0,97.742,Suzuka,2024,0.14921465968586387,2.7653997378768023,0.49607329842931935,0.09162303664921466,4.842931937172775,194.0,133.71401896312642,63.16393220362059,0.0
NOR,8.0,97.824,Suzuka,2024,0.13020134228187918,2.771505376344086,0.5100671140939598,0.09932885906040269,4.966442953020135,282.6874992,133.36792164444643,63.940085931768905,0.0
NOR,9.0,97.963,Suzuka,2024,0.1519674355495251,2.9375,0.5033921302578019,0.08412483039348712,4.884667571234735,,132.14446977672216,64.14409838810101,0.0
NOR,10.0,98.158,Suzuka,2024,0.14153439153439154,2.847682119205298,0.4933862433862434,0.09656084656084656,4.894179894179894,220.0,133.27828812588106,64.56488861321425,0.0013227513227513227
NOR,11.0,100.76,Suzuka,2024,0.16993464052287582,3.082460732984293,0.465359477124183,0.08235294117647059,4.967320261437909,276.70999808,129.50182963435546,67.9391214163351,0.006535947712418301
NOR,13.0,95.761,Suzuka,2024,0.14630681818181818,3.0953058321479374,0.5255681818181818,0.10369318181818182,5.965909090909091,,138.12463816234046,62.103425413541856,0.004261363636363636
NOR,14.0,96.777,Suzuka,2024,0.13494318181818182,3.069701280227596,0.4928977272727273,0.12073863636363637,5.255681818181818,,135.2993610630588,63.065405127322826,0.0014204545454545455
NOR,15.0,96.788,Suzuka,2024,0.13406292749658003,2.8904109589041096,0.49247606019151846,0.12311901504787962,5.06155950752394,225.13333333333333,133.06470490212794,65.0290492292033,0.0
NOR,16.0,98.241,Suzuka,2024,0.16219839142091153,3.068456375838926,0.4718498659517426,0.11662198391420911,5.093833780160858,280.0,137.99321705622017,65.42813915494722,0.0
NOR,17.0,97.807,Suzuka,2024,0.17857142857142858,2.9350993377483445,0.4801587301587302,0.10052910052910052,5.555555555555555,294.0,133.96404224280533,67.15832821863488,0.003968253968253968
NOR,18.0,96.487,Suzuka,2024,0.1586021505376344,2.810228802153432,0.49193548387096775,0.09811827956989247,5.241935483870968,277.2062496,134.34844000979854,66.07282961091875,0.006720430107526882
NOR,19.0,96.783,Suzuka,2024,0.14657534246575343,2.8943758573388205,0.48904109589041095,0.11643835616438356,5.47945205479452,281.0,139.87676188378154,64.27437127920642,0.005479452054794521
NOR,20.0,96.847,Suzuka,2024,0.14979195561719832,2.8722222222222222,0.4854368932038835,0.10540915395284327,4.993065187239944,204.76,129.76304867532494,64.97294252677321,0.0013869625520110957
NOR,21.0,96.996,Suzuka,2024,0.14555256064690028,2.855600539811066,0.49865229110512127,0.11455525606469003,4.8517520215633425,288.5,137.66272206067416,63.227438463082144,0.0013477088948787063
NOR,22.0,98.888,Suzuka,2024,0.15353260869565216,3.0231292517006803,0.47690217391304346,0.10597826086956522,5.163043478260869,,132.2450741951943,66.62589193983234,0.0
NOR,23.0,98.213,Suzuka,2024,0.165075034106412,2.9453551912568305,0.4829467939972715,0.11186903137789904,5.0477489768076405,,131.33902700500664,66.09376818602315,0.002728512960436562
NOR,24.0,97.722,Suzuka,2024,0.13765182186234817,2.824324324324324,0.4817813765182186,0.11740890688259109,4.8582995951417,250.00999936,132.86722294036517,65.25819136737817,0.005398110661268556
NOR,25.0,97.558,Suzuka,2024,0.16150740242261102,2.8733153638814017,0.46837146702557203,0.10767160161507403,5.114401076716016,,136.2188965046429,64.990061293104,0.009421265141318977
NOR,26.0,100.917,Suzuka,2024,0.18218085106382978,3.1734054596005326,0.42154255319148937,0.10638297872340426,5.851063829787234,,130.5152359622972,71.40354515291729,0.0013297872340425532
NOR,28.0,95.721,Suzuka,2024,0.1322314049586777,2.7724137931034485,0.48622589531680444,0.10192837465564739,5.096418732782369,278.0,133.3367761075337,66.21979227210525,0.0
NOR,29.0,96.258,Suzuka,2024,0.12990527740189445,2.7371273712737128,0.4776725304465494,0.14208389715832206,5.2774018944519625,,133.72990418255404,65.07472023756023,0.0
NOR,30.0,96.243,Suzuka,2024,0.1478494623655914,2.8775235531628534,0.4905913978494624,0.12096774193548387,5.10752688172043,,133.22302971743886,64.34179024758821,0.0
NOR,31.0,96.225,Suzuka,2024,0.14285714285714285,2.8830811554332874,0.489010989010989,0.1043956043956044,5.631868131868132,292.3833344,134.42995382670804,64.65122454590332,0.0
NOR,32.0,96.375,Suzuka,2024,0.15363881401617252,2.807017543859649,0.49595687331536387,0.10512129380053908,5.256064690026954,,132.54907099885276,66.16922256952249,0.004043126684636119
NOR,33.0,96.34,Suzuka,2024,0.15978695073235685,2.7653333333333334,0.48202396804260983,0.10252996005326231,4.92676431424767,296.0,132.16881241487656,66.0041844705869,0.0
NOR,34.0,96.262,Suzuka,2024,0.15172413793103448,3.06353591160221,0.4910344827586207,0.09517241379310344,4.827586206896552,281.0,132.28248319942304,65.3069377516786,0.001379310344827586
NOR,35.0,96.614,Suzuka,2024,0.1477900552486188,2.896265560165975,0.494475138121547,0.10082872928176796,5.248618784530387,284.5,134.54464581058608,65.35552852420767,0.0
NOR,36.0,95.896,Suzuka,2024,0.1510989010989011,2.8803301237964236,0.46291208791208793,0.1043956043956044,4.945054945054945,261.90124704,133.12292194548314,65.25030248223003,0.0027472527472527475
NOR,37.0,96.412,Suzuka,2024,0.13672922252010725,3.0308724832214766,0.4865951742627346,0.1193029490616622,5.093833780160858,266.0089284571429,135.87904144468223,64.74524321766094,0.002680965147453083
NOR,38.0,95.883,Suzuka,2024,0.1346153846153846,3.0068775790921594,0.489010989010989,0.09478021978021978,5.082417582417582,,133.2871690745046,65.20125901315868,0.0
NOR,39.0,95.706,Suzuka,2024,0.15549215406562053,3.0685714285714285,0.4921540656205421,0.10556348074179743,5.1355206847360915,291.7203128,134.98190496904056,65.02808840112985,0.0
NOR,40.0,96.249,Suzuka,2024,0.16037735849056603,2.9770580296896085,0.48921832884097033,0.09164420485175202,5.256064690026954,293.0,133.61013635976389,66.30055852319931,0.0013477088948787063
NOR,41.0,95.229,Suzuka,2024,0.15416666666666667,2.8762169680111267,0.49027777777777776,0.09444444444444444,5.555555555555555,281.3,131.5275768983527,66.88597482290797,0.002777777777777778
NOR,42.0,96.217,Suzuka,2024,0.15502793296089384,2.93986013986014,0.48044692737430167,0.10335195530726257,5.4469273743016755,264.00683910606443,130.59971852499086,66.48379642065514,0.006983240223463687
NOR,43.0,95.92,Suzuka,2024,0.14884979702300405,2.921409214092141,0.5006765899864682,0.08525033829499323,5.2774018944519625,266.0,134.0358283803934,65.34535461644246,0.008119079837618403
NOR,44.0,96.391,Suzuka,2024,0.1622746185852982,2.941666666666667,0.47711511789181693,0.08321775312066575,4.993065187239944,194.0,132.6814488688195,66.91037127346053,0.0027739251040221915
NOR,45.0,96.224,Suzuka,2024,0.1407103825136612,2.9165526675786593,0.48633879781420764,0.10382513661202186,5.191256830601093,,136.92642861766157,64.76325990975924,0.001366120218579235
NOR,46.0,95.635,Suzuka,2024,0.13121546961325967,2.970954356846473,0.49171270718232046,0.10359116022099447,4.972375690607735,285.0,134.38577663720707,65.60644172232288,0.0013812154696132596
NOR,47.0,95.633,Suzuka,2024,0.15415549597855227,2.923489932885906,0.5120643431635389,0.08981233243967829,5.093833780160858,235.0,133.04323864443174,66.0291587232159,0.0
NOR,48.0,95.677,Suzuka,2024,0.13869625520110956,3.0055555555555555,0.5020804438280166,0.11373092926490985,5.270457697642163,283.5,133.12896272114548,65.88731177194762,0.0013869625520110957
NOR,49.0,95.354,Suzuka,2024,0.13013698630136986,2.8916323731138545,0.5068493150684932,0.10547945205479452,4.931506849315069,291.0,134.65814816256517,64.85173710482854,0.0027397260273972603
NOR,50.0,95.268,Suzuka,2024,0.14305555555555555,2.9123783031988872,0.5319444444444444,0.08194444444444444,5.277777777777778,244.0,134.48666230439062,65.87487383171099,0.0125
NOR,51.0,95.186,Suzuka,2024,0.15405046480743692,2.8191489361702127,0.5139442231075697,0.09296148738379814,4.913678618857902,253.0,135.33309627680373,65.31645644958462,0.00796812749003984
NOR,52.0,95.832,Suzuka,2024,0.1632928475033738,3.075675675675676,0.5087719298245614,0.06477732793522267,4.993252361673414,284.3937472,136.70331149190054,65.7406210193911,0.005398110661268556
NOR,53.0,95.721,Suzuka,2024,0.14285714285714285,2.9264305177111716,0.49115646258503404,0.09931972789115646,5.170068027210884,260.0,130.3113144023691,66.644635507151,0.0013605442176870747
SAI,4.0,97.225,Suzuka,2024,0.2086720867208672,3.012211668928087,0.510840108401084,0.05420054200542006,4.336043360433604,303.1166656,132.84808683271814,64.7299290816236,0.017615176151761516
SAI,5.0,97.322,Suzuka,2024,0.20027434842249658,3.14010989010989,0.5006858710562414,0.06035665294924554,4.801097393689986,239.46249952,128.78614021569567,66.26621171457614,0.012345679012345678
SAI,6.0,97.721,Suzuka,2024,0.20132450331125828,2.8710377981962862,0.49801324503311256,0.033112582781456956,5.1655629139072845,241.5,128.50977696126566,65.67613545060604,0.011920529801324504
SAI,7.0,97.756,Suzuka,2024,0.17101827676240208,2.861748366222222,0.5078328981723238,0.06266318537859007,4.43864229765013,247.5,131.02424591096656,64.02969263344055,0.015665796344647518
SAI,8.0,97.736,Suzuka,2024,0.20592193808882908,2.9002695417789757,0.5195154777927322,0.02826379542395693,4.710632570659488,,128.58548130807284,65.93065090857982,0.013458950201884253
SAI,9.0,97.98,Suzuka,2024,0.1810810810810811,3.047361299052774,0.5067567567567568,0.04054054054054054,4.45945945945946,268.6666666666667,128.9729935246323,66.11786728839016,0.006756756756756757
SAI,10.0,98.304,Suzuka,2024,0.20927152317880796,2.9363395225464193,0.49801324503311256,0.025165562913907286,4.503311258278146,292.0,128.5667918787657,65.73432158327088,0.022516556291390728
SAI,11.0,98.273,Suzuka,2024,0.20295698924731181,3.022880215343203,0.489247311827957,0.043010752688172046,4.56989247311828,271.6666666666667,126.7288471608991,66.31488134976637,0.01747311827956989
SAI,12.0,97.847,Suzuka,2024,0.196,2.843791722296395,0.5186666666666667,0.025333333333333333,4.533333333333333,262.6666666666667,129.2938706637414,65.69506728938994,0.013333333333333334
SAI,13.0,98.333,Suzuka,2024,0.20413793103448277,2.9005524861878453,0.503448275862069,0.04,4.9655172413793105,248.27142857142857,128.1629163993369,65.92628585918257,0.023448275862068966
SAI,14.0,98.504,Suzuka,2024,0.1843191196698762,2.911845730027548,0.5103163686382394,0.033012379642365884,4.264099037138927,268.0,128.63571548990666,65.99325077660477,0.033012379642365884
SAI,17.0,96.469,Suzuka,2024,0.1792452830188679,2.882591093117409,0.5134770889487871,0.04582210242587601,4.44743935309973,287.3250048,131.6706525681825,63.64439571137521,0.005390835579514825
SAI,18.0,96.698,Suzuka,2024,0.19009370816599733,2.690348525469169,0.5087014725568942,0.018741633199464525,4.685408299866131,288.7166698666667,130.41420783267938,65.37031957436716,0.018741633199464525
SAI,19.0,97.786,Suzuka,2024,0.2098092643051771,3.0941336971350615,0.5040871934604905,0.021798365122615803,5.177111716621254,196.0,136.36293030222188,65.87962130040623,0.009536784741144414
SAI,20.0,97.314,Suzuka,2024,0.19586206896551725,2.972375690607735,0.5255172413793103,0.009655172413793104,4.413793103448276,248.0,130.2843517954539,65.14628098532953,0.022068965517241378
SAI,21.0,97.995,Suzuka,2024,0.20712401055408972,2.988110964332893,0.5,0.025065963060686015,5.013192612137203,296.1749994666667,131.40584395946894,66.94560287034311,0.04221635883905013
SAI,22.0,96.575,Suzuka,2024,0.17762237762237762,3.022408963585434,0.5426573426573427,0.019580419580419582,4.755244755244755,226.0,132.1282137601697,64.30156891580687,0.027972027972027972
SAI,23.0,96.779,Suzuka,2024,0.1786703601108033,2.9209431345353676,0.5373961218836565,0.0221606648199446,4.570637119113574,287.0,130.87983389184043,64.85614641328581,0.02077562326869806
SAI,24.0,96.805,Suzuka,2024,0.18256130790190736,2.9058663028649385,0.5122615803814714,0.043596730245231606,4.632152588555858,,130.0625602777646,65.2816087382597,0.043596730245231606
SAI,25.0,96.945,Suzuka,2024,0.18070652173913043,2.987755102040816,0.5203804347826086,0.029891304347826088,4.483695652173913,,128.81835841371037,65.67251367336291,0.04076086956521739
SAI,26.0,97.137,Suzuka,2024,0.20718232044198895,2.719225449515906,0.511049723756906,0.027624309392265192,4.41988950276243,,128.1915378075596,66.49527038949817,0.022099447513812154
SAI,27.0,97.068,Suzuka,2024,0.19174434087882822,2.7333333333333334,0.5059920106524634,0.02663115845539281,4.660452729693742,,127.24217554293749,66.34646279973478,0.03861517976031957
SAI,28.0,96.845,Suzuka,2024,0.1825503355704698,2.564516129032258,0.5208053691275167,0.021476510067114093,4.1610738255033555,239.0055552,127.83885688560235,66.10313617566996,0.03087248322147651
SAI,29.0,97.176,Suzuka,2024,0.17828418230563003,2.953020134228188,0.5040214477211796,0.01742627345844504,4.423592493297587,,130.38657500086205,64.84769291318572,0.022788203753351208
SAI,30.0,97.01,Suzuka,2024,0.19621109607577808,2.696476964769648,0.4993234100135318,0.018944519621109608,4.330175913396482,,129.24901390056397,66.65640007904233,0.028416779431664412
SAI,31.0,96.901,Suzuka,2024,0.18758434547908232,2.651351351351351,0.5074224021592443,0.016194331983805668,4.048582995951417,230.0,128.85809624731263,66.5095502679447,0.05128205128205128
SAI,32.0,97.106,Suzuka,2024,0.1802168021680217,2.7191316146540028,0.5121951219512195,0.025745257452574527,3.9295392953929538,275.0,128.28918240241237,65.89996909836869,0.036585365853658534
SAI,33.0,97.233,Suzuka,2024,0.18241469816272965,2.756898817345598,0.5065616797900262,0.030183727034120734,4.724409448818897,274.0,129.8842089891101,66.15621156042965,0.03674540682414698
SAI,34.0,96.901,Suzuka,2024,0.1802168021680217,2.8059701492537314,0.516260162601626,0.028455284552845527,4.742547425474255,233.0,129.40178079199816,65.66534063808032,0.04336043360433604
SAI,35.0,96.948,Suzuka,2024,0.17059639389736478,2.9180555555555556,0.5062413314840499,0.027739251040221916,4.854368932038835,288.34890946104946,133.07153666770333,66.32782666794053,0.027739251040221916
SAI,36.0,99.31,Suzuka,2024,0.19547872340425532,3.0386151797603196,0.4973404255319149,0.0199468085106383,4.920212765957447,256.0,128.95928212590272,69.38557335237316,0.02526595744680851
SAI,38.0,93.995,Suzuka,2024,0.18321678321678322,2.7927170868347337,0.5384615384615384,0.013986013986013986,4.895104895104895,303.0,131.78671765244107,64.79941656892606,0.019580419580419582
SAI,39.0,94.419,Suzuka,2024,0.18326118326118326,2.8352601156069364,0.5598845598845599,0.020202020202020204,4.9062049062049065,267.5,134.80978750921744,62.09271405862845,0.03463203463203463
SAI,40.0,94.396,Suzuka,2024,0.17793103448275863,2.7596685082872927,0.5462068965517242,0.02482758620689655,4.827586206896552,233.0,133.4616451802455,64.37123549595663,0.027586206896551724
SAI,41.0,94.863,Suzuka,2024,0.1910739191073919,2.9441340782122905,0.5453277545327755,0.012552301255230125,5.299860529986053,257.77036192,130.17026967127597,66.02523035324838,0.03207810320781032
SAI,42.0,95.293,Suzuka,2024,0.20815752461322082,2.777464788732394,0.5035161744022504,0.016877637130801686,5.20393811533052,,133.0231707595227,65.73686248223449,0.03656821378340366
SAI,43.0,94.75,Suzuka,2024,0.1906721536351166,2.717032967032967,0.5130315500685871,0.015089163237311385,5.075445816186557,262.0,132.2136466514016,66.27841713254529,0.03429355281207133
SAI,44.0,94.336,Suzuka,2024,0.20910384068278806,2.9686609686609686,0.5120910384068279,0.01849217638691323,4.836415362731152,,131.53375117158228,67.55331209469051,0.04694167852062589
SAI,45.0,95.006,Suzuka,2024,0.18543956043956045,2.839064649243466,0.5054945054945055,0.01098901098901099,5.21978021978022,299.0,130.08153089612608,65.73691675063182,0.04807692307692308
SAI,46.0,93.841,Suzuka,2024,0.20874471086036672,2.9858757062146895,0.5246826516220028,0.011283497884344146,5.6417489421720735,248.93723824274792,133.94428913275118,66.57453467571538,0.036671368124118475
SAI,47.0,95.063,Suzuka,2024,0.17162162162162162,2.7794316644113666,0.5283783783783784,0.01891891891891892,4.594594594594595,280.0,130.154387031195,64.40778349241158,0.02837837837837838
SAI,48.0,94.962,Suzuka,2024,0.15804195804195803,2.820728291316527,0.544055944055944,0.025174825174825177,4.475524475524476,288.39999744,131.4982460996123,64.39738182707005,0.022377622377622378
SAI,49.0,94.752,Suzuka,2024,0.1726027397260274,2.7626886145404663,0.5232876712328767,0.023287671232876714,4.794520547945205,266.5,131.77791542352003,64.4500693246344,0.0273972602739726
SAI,50.0,94.636,Suzuka,2024,0.17158931082981715,2.7943661971830984,0.5358649789029536,0.02812939521800281,5.063291139240507,293.03749973333333,132.26522946311505,65.42486143238878,0.04219409282700422
SAI,51.0,94.877,Suzuka,2024,0.19414893617021275,2.63115845539281,0.535904255319149,0.018617021276595744,4.25531914893617,,127.41919891065328,65.31439252845365,0.043882978723404256
SAI,52.0,95.203,Suzuka,2024,0.16532258064516128,2.7052489905787347,0.510752688172043,0.03225806451612903,4.704301075268817,290.0,129.25745668821008,65.28662710743008,0.04032258064516129
SAI,53.0,95.224,Suzuka,2024,0.18543956043956045,2.691884456671252,0.4876373626373626,0.028846153846153848,4.670329670329671,,132.45852128609047,65.90234987559899,0.034340659340659344
VER,4.0,96.472,Suzuka,2024,0.15342465753424658,3.1385459533607682,0.4876712328767123,0.07945205479452055,3.9726027397260277,284.86041866666665,131.41754638114836,60.91418223502288,0.0027397260273972603
VER,5.0,96.437,Suzuka,2024,0.16550764951321278,3.16991643454039,0.48261474269819193,0.08344923504867872,4.3115438108484,282.0,135.0029128241651,60.88115838793231,0.006954102920723227
VER,6.0,96.855,Suzuka,2024,0.16226912928759896,3.0515191545574636,0.47757255936675463,0.08443271767810026,4.089709762532982,201.0,129.92801504897227,61.66739163374346,0.005277044854881266
VER,7.0,96.97,Suzuka,2024,0.16644474034620507,2.8933333333333335,0.4780292942743009,0.07456724367509987,3.861517976031957,238.5156252,131.55586913383914,61.551044939760516,0.006657789613848202
VER,8.0,97.329,Suzuka,2024,0.16150740242261102,2.9973045822102424,0.4952893674293405,0.06460296096904442,3.9030955585464335,290.0,129.95890944174053,63.49086353786815,0.005383580080753701
VER,9.0,97.178,Suzuka,2024,0.16323731138545952,3.1950549450549453,0.49108367626886146,0.07133058984910837,4.526748971193416,273.76644735438595,130.5816394647609,63.6404076724088,0.0013717421124828531
VER,10.0,97.59,Suzuka,2024,0.14473684210526316,3.085638998682477,0.4934210526315789,0.09210526315789473,4.2105263157894735,269.19722304,137.00374948207357,62.37218964963005,0.003947368421052632
VER,11.0,97.774,Suzuka,2024,0.17119565217391305,3.074829931972789,0.47282608695652173,0.07201086956521739,3.804347826086957,243.5,130.25000485335485,63.206486682119454,0.004076086956521739
VER,12.0,97.753,Suzuka,2024,0.16,2.9826435246995993,0.4693333333333333,0.088,3.733333333333334,236.31027804444443,131.48393877988673,63.126793936720915,0.006666666666666667
VER,13.0,97.727,Suzuka,2024,0.1571627260083449,3.0752089136490253,0.45897079276773295,0.10570236439499305,4.172461752433936,286.6666666666667,134.86281736810838,62.728831831470494,0.005563282336578581
VER,14.0,97.91,Suzuka,2024,0.16942148760330578,3.106206896551724,0.47107438016528924,0.07713498622589532,3.8567493112947657,259.0,129.86031902643194,63.45780498874288,0.0
VER,15.0,97.854,Suzuka,2024,0.16256830601092895,3.009575923392613,0.47540983606557374,0.08333333333333333,3.9617486338797816,242.26363636363635,128.61879806599717,63.59042370961046,0.004098360655737705
VER,18.0,96.822,Suzuka,2024,0.15353805073431243,2.9973262032085564,0.4712950600801068,0.1054739652870494,3.871829105473965,283.0,125.9242858159492,61.64657519382159,0.0013351134846461949
VER,19.0,96.252,Suzuka,2024,0.15818431911966988,3.2203856749311295,0.47455295735900965,0.09903713892709766,4.264099037138927,248.78333333333333,133.54572737743666,61.62311083159404,0.0
VER,20.0,96.402,Suzuka,2024,0.1523545706371191,3.0374479889042996,0.4792243767313019,0.09418282548476455,4.293628808864266,292.3964288,136.20114077255153,63.2358455473908,0.002770083102493075
VER,21.0,95.617,Suzuka,2024,0.17307692307692307,3.1361760660247593,0.48214285714285715,0.07280219780219781,4.532967032967033,284.61944462222226,134.58739081488912,63.80959947016373,0.004120879120879121
VER,22.0,96.384,Suzuka,2024,0.15341701534170155,3.0279329608938546,0.45746164574616455,0.09483960948396095,4.184100418410042,282.9097884879586,131.69472540383822,61.87361310290884,0.0
VER,23.0,96.205,Suzuka,2024,0.14166666666666666,3.0598052851182196,0.48333333333333334,0.09166666666666666,3.4722222222222223,245.78571428571428,137.3449227146386,59.96636678147425,0.0
VER,24.0,96.532,Suzuka,2024,0.1467764060356653,2.9642857142857144,0.4732510288065844,0.09327846364883402,3.9780521262002746,286.72291640000003,130.16808202718937,61.81590262619425,0.0013717421124828531
VER,25.0,96.337,Suzuka,2024,0.145578231292517,2.9509536784741144,0.48435374149659866,0.07891156462585033,3.9455782312925165,287.0,129.76032737780102,63.49668250284447,0.0013605442176870747
VER,26.0,96.437,Suzuka,2024,0.15406162464985995,3.049088359046283,0.49299719887955185,0.09103641456582633,4.201680672268908,245.5187488,129.4231525378793,62.64945534826017,0.0028011204481792717
VER,27.0,96.654,Suzuka,2024,0.15733333333333333,2.9559412550066755,0.4786666666666667,0.08533333333333333,4.0,269.0,133.92009268463195,63.007270963968104,0.0013333333333333333
VER,28.0,96.496,Suzuka,2024,0.16443850267379678,2.9504685408299864,0.4919786096256685,0.07085561497326204,4.010695187165775,286.32916693333334,128.14876790371915,63.2711772623897,0.0053475935828877
VER,29.0,96.655,Suzuka,2024,0.1546811397557666,2.9347826086956523,0.47761194029850745,0.0773405698778833,3.6635006784260513,214.5625861949715,133.08005947402265,62.98246672430724,0.0027137042062415195
VER,30.0,96.849,Suzuka,2024,0.15040650406504066,2.949796472184532,0.4742547425474255,0.0989159891598916,3.7940379403794036,278.5,133.1660050269242,63.391563731773076,0.0013550135501355014
VER,31.0,96.761,Suzuka,2024,0.14246947082767977,3.029891304347826,0.4681139755766621,0.1112618724559023,3.934871099050204,285.24,132.34406161146455,62.63201065177581,0.004070556309362279
VER,32.0,96.92,Suzuka,2024,0.14905149051490515,3.0936227951153326,0.48644986449864497,0.0948509485094851,4.0650406504065035,263.96208394666667,131.5052476129949,64.07584591978605,0.005420054200542005
VER,33.0,97.048,Suzuka,2024,0.15343915343915343,2.8264900662251655,0.49074074074074076,0.07804232804232804,3.439153439153439,250.02678537142856,128.98562137871193,64.5448916286976,0.005291005291005291
VER,34.0,99.226,Suzuka,2024,0.14678899082568808,3.1535433070866143,0.4639580602883355,0.11402359108781127,4.193971166448231,295.075,127.66970972178824,67.40673122737988,0.00655307994757536
VER,36.0,94.619,Suzuka,2024,0.15944055944055943,3.0252100840336134,0.48671328671328673,0.07832167832167833,4.615384615384616,250.50624896,130.3171315496131,62.93561310849114,0.002797202797202797
VER,37.0,94.97,Suzuka,2024,0.14496644295302014,2.913978494623656,0.4899328859060403,0.10201342281879194,4.429530201342282,292.0,130.85046571965387,63.04012306634577,0.0
VER,38.0,94.986,Suzuka,2024,0.1640953716690042,2.997191011235955,0.485273492286115,0.0785413744740533,4.488078541374474,211.78999552,131.05113690930756,62.98720920018549,0.0070126227208976155
VER,39.0,94.494,Suzuka,2024,0.13154172560113153,2.9263456090651556,0.4908062234794908,0.09900990099009901,4.243281471004243,260.6666666666667,134.43814698035717,61.149014576691805,0.0
VER,40.0,94.343,Suzuka,2024,0.1348314606741573,2.967651195499297,0.5098314606741573,0.09410112359550561,4.213483146067416,272.5375008,131.48446997679358,62.12702919107063,0.0028089887640449437
VER,41.0,94.273,Suzuka,2024,0.138268156424581,2.937062937062937,0.5139664804469274,0.07681564245810056,4.329608938547486,248.0,133.6112429635854,62.485317671269314,0.004189944134078212
VER,42.0,94.965,Suzuka,2024,0.1388101983002833,3.2056737588652484,0.5014164305949008,0.08073654390934844,4.390934844192635,244.82250048,135.64699606190072,62.155942323726336,0.00141643059490085
VER,43.0,94.303,Suzuka,2024,0.13831258644536654,2.966759002770083,0.5034578146611342,0.08160442600276625,4.149377593360995,272.0,133.80408920960565,62.827509325335164,0.004149377593360996
VER,44.0,94.455,Suzuka,2024,0.13744740532959326,3.0,0.5077138849929874,0.0785413744740533,4.768583450210379,237.0,131.4897319618606,63.411338770033254,0.001402524544179523
VER,45.0,94.606,Suzuka,2024,0.1506276150627615,2.9329608938547485,0.504881450488145,0.07391910739191074,4.184100418410042,253.99354344462085,132.89582757970294,64.54037112825596,0.002789400278940028
VER,46.0,94.61,Suzuka,2024,0.15117891816920942,2.9583333333333335,0.5242718446601942,0.08737864077669903,4.5769764216366156,203.28,133.48692051180282,64.11991927550739,0.011095700416088766
VER,47.0,95.113,Suzuka,2024,0.15552523874488403,2.9644808743169397,0.5034106412005457,0.08594815825375171,4.365620736698499,197.1285705142857,126.56706831602288,66.27724168762849,0.002728512960436562
VER,48.0,95.75,Suzuka,2024,0.1477900552486188,3.0622406639004147,0.5124309392265194,0.08425414364640885,4.972375690607735,280.5805553777778,135.63769390279435,63.95084107909545,0.0
VER,49.0,94.885,Suzuka,2024,0.16373477672530445,2.872628726287263,0.5209742895805142,0.07036535859269283,5.142083897158322,253.12831907122558,132.879714972756,66.3795530268763,0.0040595399188092015
VER,50.0,93.706,Suzuka,2024,0.16332378223495703,3.1219512195121952,0.5515759312320917,0.050143266475644696,4.584527220630372,209.092969922248,136.03231394738515,65.78369379407913,0.008595988538681949
VER,51.0,94.768,Suzuka,2024,0.15415549597855227,2.94496644295302,0.5254691689008043,0.07238605898123325,4.423592493297587,221.0,129.88093057971022,64.20708209844389,0.00804289544235925
VER,52.0,94.97,Suzuka,2024,0.16102841677943167,3.0,0.496617050067659,0.06901217861975643,4.7361299052774015,246.5,129.74476070708326,65.42124023205186,0.0027063599458728013
VER,53.0,95.263,Suzuka,2024,0.14266117969821673,3.043956043956044,0.5061728395061729,0.09465020576131687,4.801097393689986,,132.58976471537426,65.0850313570049,0.00411522633744856
