Driver,Race,LapNumber,umap_x,umap_y
ALO,2023_Bahrain,2.0,-4.7790523,12.703659
ALO,2023_Bahrain,3.0,-6.4280534,12.720097
ALO,2023_Bahrain,4.0,-6.216639,12.624918
ALO,2023_Bahrain,5.0,-6.568096,13.11493
ALO,2023_Bahrain,6.0,-6.5679145,13.186954
ALO,2023_Bahrain,7.0,-6.5775146,13.025957
ALO,2023_Bahrain,8.0,-6.598348,13.168321
ALO,2023_Bahrain,9.0,-6.5091605,13.228234
ALO,2023_Bahrain,10.0,-5.013516,13.317617
ALO,2023_Bahrain,11.0,-5.1579947,13.239131
ALO,2023_Bahrain,12.0,-5.195665,13.161874
ALO,2023_Bahrain,13.0,-4.8685226,13.334343
ALO,2023_Bahrain,14.0,-5.1973486,13.306677
ALO,2023_Bahrain,16.0,-5.2106595,12.553343
ALO,2023_Bahrain,17.0,-6.102582,12.95117
ALO,2023_Bahrain,18.0,-6.5090127,13.083
ALO,2023_Bahrain,19.0,-6.6141114,13.080647
ALO,2023_Bahrain,20.0,-6.4372025,13.29292
ALO,2023_Bahrain,21.0,-6.604856,13.18974
ALO,2023_Bahrain,22.0,-6.564545,13.027733
ALO,2023_Bahrain,23.0,-6.3883495,13.282143
ALO,2023_Bahrain,24.0,-6.5042987,13.221941
ALO,2023_Bahrain,25.0,-6.255225,13.301078
ALO,2023_Bahrain,26.0,-6.188977,13.266081
ALO,2023_Bahrain,27.0,-6.4896197,12.944854
ALO,2023_Bahrain,28.0,-6.547688,13.084551
ALO,2023_Bahrain,29.0,-6.532546,13.137287
ALO,2023_Bahrain,30.0,-6.6156654,13.125921
ALO,2023_Bahrain,31.0,-6.3706365,13.328472
ALO,2023_Bahrain,32.0,-6.4140673,13.138682
ALO,2023_Bahrain,33.0,-6.2938657,13.370676
ALO,2023_Bahrain,34.0,-6.3806596,13.32957
ALO,2023_Bahrain,36.0,-5.937662,13.136238
ALO,2023_Bahrain,37.0,-5.0189114,13.249571
ALO,2023_Bahrain,38.0,-5.0605936,13.267423
ALO,2023_Bahrain,39.0,-6.3517084,13.373441
ALO,2023_Bahrain,40.0,-6.136116,13.186115
ALO,2023_Bahrain,42.0,-6.536075,13.211455
ALO,2023_Bahrain,43.0,-6.3143697,13.356634
ALO,2023_Bahrain,44.0,-5.251858,13.24014
ALO,2023_Bahrain,45.0,-6.243683,13.291019
ALO,2023_Bahrain,46.0,-6.375904,13.306712
ALO,2023_Bahrain,47.0,-6.5133977,13.074033
ALO,2023_Bahrain,48.0,-6.2997575,13.357442
ALO,2023_Bahrain,49.0,-6.206559,13.244467
ALO,2023_Bahrain,50.0,-6.5083976,13.217635
ALO,2023_Bahrain,51.0,-6.3487196,13.355989
ALO,2023_Bahrain,52.0,-6.5863237,13.1538925
ALO,2023_Bahrain,53.0,-6.401222,13.353183
ALO,2023_Bahrain,54.0,-6.590593,13.037928
ALO,2023_Bahrain,55.0,-6.562122,13.049375
ALO,2023_Bahrain,56.0,-6.6373115,13.13617
ALO,2023_Bahrain,57.0,-6.5177245,13.222137
ALO,2023_Monaco,2.0,-4.299218,10.292569
ALO,2023_Monaco,3.0,-4.408021,11.4292555
ALO,2023_Monaco,4.0,-4.3388734,10.305423
ALO,2023_Monaco,5.0,-4.4322796,11.321719
ALO,2023_Monaco,6.0,-4.37367,10.569885
ALO,2023_Monaco,7.0,-4.1235175,11.214569
ALO,2023_Monaco,8.0,-4.325732,10.200711
ALO,2023_Monaco,9.0,-4.721202,10.368471
ALO,2023_Monaco,10.0,-4.599926,10.314193
ALO,2023_Monaco,11.0,-4.6251683,10.453047
ALO,2023_Monaco,12.0,-4.534879,10.9744005
ALO,2023_Monaco,13.0,-4.6331363,10.239229
ALO,2023_Monaco,14.0,-4.5580153,11.681252
ALO,2023_Monaco,15.0,-4.4781685,11.260446
ALO,2023_Monaco,16.0,-4.783115,11.572369
ALO,2023_Monaco,17.0,-5.075247,11.375007
ALO,2023_Monaco,18.0,-4.8373075,11.171459
ALO,2023_Monaco,19.0,-4.817558,10.980972
ALO,2023_Monaco,20.0,-4.8874664,11.294934
ALO,2023_Monaco,21.0,-4.362906,10.169522
ALO,2023_Monaco,22.0,-5.02261,11.322495
ALO,2023_Monaco,23.0,-4.6834984,10.425875
ALO,2023_Monaco,24.0,-4.879033,11.139562
ALO,2023_Monaco,25.0,-4.6217704,11.668864
ALO,2023_Monaco,26.0,-4.265469,10.709871
ALO,2023_Monaco,27.0,-4.7543325,10.540738
ALO,2023_Monaco,28.0,-4.695794,10.369061
ALO,2023_Monaco,29.0,-4.5841417,10.204045
ALO,2023_Monaco,30.0,-4.675141,10.398148
ALO,2023_Monaco,31.0,-4.2116485,10.828052
ALO,2023_Monaco,32.0,-4.2951245,10.676507
ALO,2023_Monaco,33.0,-3.8670938,10.611953
ALO,2023_Monaco,34.0,-4.0825505,10.229452
ALO,2023_Monaco,35.0,-4.102024,10.134523
ALO,2023_Monaco,36.0,-4.4009514,10.259789
ALO,2023_Monaco,37.0,-4.296233,10.679262
ALO,2023_Monaco,38.0,-4.453657,10.584823
ALO,2023_Monaco,39.0,-4.3181424,10.90317
ALO,2023_Monaco,40.0,-4.4203196,10.687873
ALO,2023_Monaco,41.0,-4.6276717,10.449039
ALO,2023_Monaco,42.0,-4.5748143,10.206689
ALO,2023_Monaco,43.0,-4.625742,10.329539
ALO,2023_Monaco,44.0,-4.5008574,10.450986
ALO,2023_Monaco,45.0,-4.44237,10.28253
ALO,2023_Monaco,46.0,-4.646092,10.359813
ALO,2023_Monaco,47.0,-4.3928447,10.18446
ALO,2023_Monaco,48.0,-4.2460723,10.867247
ALO,2023_Monaco,49.0,-4.1049666,10.891382
ALO,2023_Monaco,50.0,-4.588821,10.439377
ALO,2023_Monaco,51.0,-4.439494,10.350657
ALO,2023_Monza,2.0,-3.164286,11.533863
ALO,2023_Monza,3.0,-3.0449219,11.203777
ALO,2023_Monza,4.0,-2.851237,11.89335
ALO,2023_Monza,5.0,-3.0783505,11.432613
ALO,2023_Monza,6.0,-2.8928347,12.016966
ALO,2023_Monza,7.0,-2.9553382,11.266781
ALO,2023_Monza,8.0,-3.2826433,11.46557
ALO,2023_Monza,9.0,-3.554225,11.102775
ALO,2023_Monza,10.0,-3.8601494,10.933652
ALO,2023_Monza,11.0,-3.098322,11.074854
ALO,2023_Monza,12.0,-2.850054,11.914496
ALO,2023_Monza,13.0,-2.7739034,10.694375
ALO,2023_Monza,14.0,-3.4797049,11.162981
ALO,2023_Monza,15.0,-3.712231,10.952076
ALO,2023_Monza,16.0,-3.4776256,11.2091
ALO,2023_Monza,17.0,-3.718334,10.477799
ALO,2023_Monza,18.0,-2.8911607,11.133092
ALO,2023_Monza,19.0,-3.5080657,11.178135
ALO,2023_Monza,20.0,-2.9755068,12.096524
ALO,2023_Monza,23.0,-3.7927535,10.43894
ALO,2023_Monza,24.0,-3.635717,10.632114
ALO,2023_Monza,25.0,-3.934875,11.018741
ALO,2023_Monza,26.0,-4.327155,10.543173
ALO,2023_Monza,27.0,-3.2290428,11.01817
ALO,2023_Monza,28.0,-3.4539087,11.536313
ALO,2023_Monza,29.0,-3.001418,11.314899
ALO,2023_Monza,30.0,-3.4765413,11.498378
ALO,2023_Monza,31.0,-3.5014055,10.515093
ALO,2023_Monza,32.0,-3.6484113,11.255012
ALO,2023_Monza,33.0,-4.078474,10.463525
ALO,2023_Monza,34.0,-3.6217027,11.233283
ALO,2023_Monza,35.0,-3.4693017,11.15541
ALO,2023_Monza,36.0,-3.48981,11.125035
ALO,2023_Monza,37.0,-3.2548912,10.924482
ALO,2023_Monza,38.0,-3.396027,11.10119
ALO,2023_Monza,39.0,-3.779708,11.173887
ALO,2023_Monza,40.0,-3.7349303,10.922523
ALO,2023_Monza,41.0,-3.5741754,11.473427
ALO,2023_Monza,42.0,-4.731366,11.4025
ALO,2023_Monza,43.0,-3.4837444,11.501757
ALO,2023_Monza,44.0,-4.0726056,10.460683
ALO,2023_Monza,45.0,-4.1527877,10.818882
ALO,2023_Monza,46.0,-3.418452,11.07635
ALO,2023_Monza,47.0,-2.8450625,11.654691
ALO,2023_Monza,48.0,-3.2616315,11.303579
ALO,2023_Monza,49.0,-2.9959445,11.294904
ALO,2023_Monza,50.0,-3.1616032,11.213095
ALO,2023_Monza,51.0,-2.4552522,10.400634
ALO,2023_Silverstone,2.0,-3.692894,12.727038
ALO,2023_Silverstone,3.0,-3.9434516,11.887644
ALO,2023_Silverstone,4.0,-4.4877405,12.7639
ALO,2023_Silverstone,5.0,-4.2746124,12.3251915
ALO,2023_Silverstone,6.0,-4.2923727,13.227333
ALO,2023_Silverstone,7.0,-4.5116596,12.039805
ALO,2023_Silverstone,8.0,-4.1811156,11.091176
ALO,2023_Silverstone,9.0,-3.1706336,11.463591
ALO,2023_Silverstone,10.0,-4.611539,10.5038395
ALO,2023_Silverstone,11.0,-5.5073385,12.419395
ALO,2023_Silverstone,12.0,-4.854824,11.612522
ALO,2023_Silverstone,13.0,-4.601336,11.705581
ALO,2023_Silverstone,14.0,-5.021992,12.520486
ALO,2023_Silverstone,15.0,-4.602719,11.04787
ALO,2023_Silverstone,16.0,-4.424701,11.036839
ALO,2023_Silverstone,17.0,-4.6094904,11.525646
ALO,2023_Silverstone,18.0,-4.4253907,11.189412
ALO,2023_Silverstone,19.0,-4.635512,11.967615
ALO,2023_Silverstone,20.0,-5.4119205,12.254943
ALO,2023_Silverstone,21.0,-5.440381,12.295312
ALO,2023_Silverstone,22.0,-4.416118,11.166245
ALO,2023_Silverstone,23.0,-4.702361,10.5525255
ALO,2023_Silverstone,24.0,-4.516216,10.420262
ALO,2023_Silverstone,25.0,-4.950263,11.424336
ALO,2023_Silverstone,26.0,-5.483545,12.29156
ALO,2023_Silverstone,27.0,-5.0523996,11.973991
ALO,2023_Silverstone,28.0,-4.2955055,11.076573
ALO,2023_Silverstone,29.0,-5.1391497,11.689529
ALO,2023_Silverstone,30.0,-4.446598,11.107981
ALO,2023_Silverstone,31.0,-4.9346147,11.249623
ALO,2023_Silverstone,39.0,-4.37237,10.154193
ALO,2023_Silverstone,40.0,-5.047619,11.338297
ALO,2023_Silverstone,41.0,-4.615657,11.671123
ALO,2023_Silverstone,42.0,-4.4689636,11.78072
ALO,2023_Silverstone,43.0,-5.094428,11.862893
ALO,2023_Silverstone,44.0,-5.3285804,12.066251
ALO,2023_Silverstone,45.0,-4.2417274,10.905695
ALO,2023_Silverstone,46.0,-4.5140433,10.897891
ALO,2023_Silverstone,47.0,-3.187789,11.039097
ALO,2023_Silverstone,48.0,-4.20167,11.51408
ALO,2023_Silverstone,49.0,-5.0962334,11.9249935
ALO,2023_Silverstone,50.0,-5.082115,11.267308
ALO,2023_Silverstone,51.0,-4.8752804,12.12012
ALO,2023_Silverstone,52.0,-3.4816427,11.183734
ALO,2023_Singapore,2.0,-6.3982296,12.736152
ALO,2023_Singapore,3.0,-5.100036,12.989456
ALO,2023_Singapore,4.0,-5.1986556,12.59135
ALO,2023_Singapore,5.0,-5.0012484,12.971476
ALO,2023_Singapore,6.0,-4.1846533,13.268335
ALO,2023_Singapore,7.0,-5.241917,13.058511
ALO,2023_Singapore,8.0,-6.4862876,12.853293
ALO,2023_Singapore,9.0,-6.012958,12.819005
ALO,2023_Singapore,10.0,-5.871417,13.140835
ALO,2023_Singapore,11.0,-4.5010786,12.62462
ALO,2023_Singapore,12.0,-6.096448,13.252424
ALO,2023_Singapore,13.0,-5.309978,13.048163
ALO,2023_Singapore,14.0,-5.1693134,12.597985
ALO,2023_Singapore,15.0,-5.9870048,13.185941
ALO,2023_Singapore,16.0,-6.221293,13.025137
ALO,2023_Singapore,17.0,-5.933045,13.209023
ALO,2023_Singapore,18.0,-5.0437384,13.047086
ALO,2023_Singapore,19.0,-5.10146,12.929751
ALO,2023_Singapore,24.0,-4.398222,13.397289
ALO,2023_Singapore,25.0,-5.1903076,12.585822
ALO,2023_Singapore,26.0,-4.873726,13.220326
ALO,2023_Singapore,27.0,-4.903532,12.917195
ALO,2023_Singapore,28.0,-4.189932,12.291892
ALO,2023_Singapore,29.0,-4.007639,12.639091
ALO,2023_Singapore,30.0,-5.403714,12.581811
ALO,2023_Singapore,31.0,-5.5276446,12.58774
ALO,2023_Singapore,32.0,-5.869914,12.781237
ALO,2023_Singapore,33.0,-5.1324687,12.653729
ALO,2023_Singapore,34.0,-5.054818,12.94268
ALO,2023_Singapore,35.0,-4.587441,13.393432
ALO,2023_Singapore,36.0,-5.9018354,13.106541
ALO,2023_Singapore,38.0,-3.4765127,12.841907
ALO,2023_Singapore,39.0,-4.3886323,12.456817
ALO,2023_Singapore,40.0,-4.012439,12.692754
ALO,2023_Singapore,41.0,-4.1897664,12.52857
ALO,2023_Singapore,42.0,-5.272821,13.022861
ALO,2023_Singapore,47.0,-6.364261,13.331089
ALO,2023_Singapore,48.0,-5.9155636,12.609411
ALO,2023_Singapore,49.0,-5.920632,12.725262
ALO,2023_Singapore,50.0,-5.937257,12.659763
ALO,2023_Singapore,51.0,-5.7757187,12.717663
ALO,2023_Singapore,52.0,-5.9575295,12.729128
ALO,2023_Singapore,53.0,-5.944979,12.706732
ALO,2023_Singapore,54.0,-5.88848,12.689278
ALO,2023_Singapore,55.0,-6.466969,13.03884
ALO,2023_Singapore,56.0,-5.511938,12.399448
ALO,2023_Singapore,57.0,-6.602896,13.0760355
ALO,2023_Singapore,58.0,-5.935453,12.975276
ALO,2023_Singapore,59.0,-4.8465214,13.081088
ALO,2023_Singapore,60.0,-5.002987,13.322867
ALO,2023_Singapore,61.0,-3.9528456,13.21721
ALO,2023_Suzuka,5.0,-5.0022297,12.597126
ALO,2023_Suzuka,6.0,-4.5154343,12.575158
ALO,2023_Suzuka,7.0,-3.8666003,12.044343
ALO,2023_Suzuka,8.0,-3.9248397,10.552815
ALO,2023_Suzuka,9.0,-3.523237,11.633752
ALO,2023_Suzuka,10.0,-4.7931414,11.244816
ALO,2023_Suzuka,11.0,-4.164817,12.242578
ALO,2023_Suzuka,15.0,-5.60664,12.347514
ALO,2023_Suzuka,16.0,-3.6515236,12.450609
ALO,2023_Suzuka,17.0,-4.4767456,11.739996
ALO,2023_Suzuka,18.0,-4.3164873,12.593132
ALO,2023_Suzuka,19.0,-3.317143,12.267458
ALO,2023_Suzuka,20.0,-3.8308578,11.787161
ALO,2023_Suzuka,21.0,-4.462252,12.339584
ALO,2023_Suzuka,22.0,-4.2198915,12.238191
ALO,2023_Suzuka,23.0,-4.8572397,12.84948
ALO,2023_Suzuka,24.0,-4.0764456,12.939293
ALO,2023_Suzuka,25.0,-3.2505333,11.883727
ALO,2023_Suzuka,27.0,-4.7014885,11.634909
ALO,2023_Suzuka,28.0,-3.5984783,12.497995
ALO,2023_Suzuka,29.0,-4.0909286,13.163457
ALO,2023_Suzuka,30.0,-4.4249954,12.766946
ALO,2023_Suzuka,31.0,-3.5096877,12.867038
ALO,2023_Suzuka,32.0,-4.376464,12.624245
ALO,2023_Suzuka,33.0,-4.737849,11.248763
ALO,2023_Suzuka,34.0,-3.5390337,11.505592
ALO,2023_Suzuka,35.0,-3.517391,12.358171
ALO,2023_Suzuka,36.0,-4.1201153,13.083871
ALO,2023_Suzuka,37.0,-3.9705837,13.073623
ALO,2023_Suzuka,38.0,-3.6196036,12.7932415
ALO,2023_Suzuka,39.0,-4.2640653,10.978565
ALO,2023_Suzuka,40.0,-3.617787,12.480192
ALO,2023_Suzuka,41.0,-3.3609846,11.615174
ALO,2023_Suzuka,42.0,-3.530576,12.792038
ALO,2023_Suzuka,43.0,-4.524423,12.761782
ALO,2023_Suzuka,44.0,-4.546143,12.808064
ALO,2023_Suzuka,45.0,-3.7501786,12.134646
ALO,2023_Suzuka,46.0,-3.842545,12.107656
ALO,2023_Suzuka,47.0,-4.623913,10.901626
ALO,2023_Suzuka,48.0,-4.5154757,12.735903
ALO,2023_Suzuka,49.0,-4.8540387,13.286157
ALO,2023_Suzuka,50.0,-5.2102375,12.803587
ALO,2023_Suzuka,51.0,-4.801595,13.109503
ALO,2023_Suzuka,52.0,-4.7905226,11.377561
ALO,2023_Suzuka,53.0,-4.9057946,11.711931
ALO,2024_Bahrain,2.0,-3.713453,12.068606
ALO,2024_Bahrain,3.0,-4.914471,12.259297
ALO,2024_Bahrain,4.0,-4.0749264,12.227018
ALO,2024_Bahrain,5.0,-4.144874,12.438606
ALO,2024_Bahrain,6.0,-4.419412,13.369535
ALO,2024_Bahrain,7.0,-4.145398,12.313782
ALO,2024_Bahrain,8.0,-4.980525,13.100081
ALO,2024_Bahrain,9.0,-3.9756093,11.9534645
ALO,2024_Bahrain,10.0,-4.170805,13.318475
ALO,2024_Bahrain,11.0,-3.7659357,13.181156
ALO,2024_Bahrain,12.0,-4.151508,13.282033
ALO,2024_Bahrain,13.0,-4.1580186,13.244365
ALO,2024_Bahrain,14.0,-4.2026315,13.235441
ALO,2024_Bahrain,17.0,-3.4546077,12.815832
ALO,2024_Bahrain,18.0,-4.1015916,12.942175
ALO,2024_Bahrain,19.0,-4.0288534,12.648606
ALO,2024_Bahrain,20.0,-3.8746974,12.696999
ALO,2024_Bahrain,21.0,-3.9338362,12.582253
ALO,2024_Bahrain,22.0,-4.155866,12.12157
ALO,2024_Bahrain,23.0,-4.1232557,12.67674
ALO,2024_Bahrain,24.0,-4.0973544,12.625552
ALO,2024_Bahrain,25.0,-4.0655365,12.2184105
ALO,2024_Bahrain,26.0,-4.2973275,12.619262
ALO,2024_Bahrain,27.0,-4.566402,12.619531
ALO,2024_Bahrain,28.0,-5.280529,12.8510475
ALO,2024_Bahrain,29.0,-5.0060034,11.965209
ALO,2024_Bahrain,30.0,-5.201081,12.752894
ALO,2024_Bahrain,31.0,-5.15649,12.685446
ALO,2024_Bahrain,32.0,-4.851622,12.702631
ALO,2024_Bahrain,33.0,-4.6613445,12.726658
ALO,2024_Bahrain,34.0,-4.739625,13.367855
ALO,2024_Bahrain,35.0,-4.6909637,13.374577
ALO,2024_Bahrain,36.0,-4.092967,13.157317
ALO,2024_Bahrain,37.0,-5.167306,13.06563
ALO,2024_Bahrain,38.0,-4.879254,13.250099
ALO,2024_Bahrain,39.0,-4.480522,13.304141
ALO,2024_Bahrain,40.0,-4.6441283,13.353255
ALO,2024_Bahrain,41.0,-4.9716763,13.2943125
ALO,2024_Bahrain,43.0,-4.9896655,12.439207
ALO,2024_Bahrain,44.0,-5.9699507,12.890528
ALO,2024_Bahrain,45.0,-5.946498,12.6716795
ALO,2024_Bahrain,46.0,-5.8335395,12.553386
ALO,2024_Bahrain,47.0,-5.270427,13.024467
ALO,2024_Bahrain,48.0,-4.3629055,13.313145
ALO,2024_Bahrain,49.0,-5.223152,13.020357
ALO,2024_Bahrain,50.0,-4.367678,13.340917
ALO,2024_Bahrain,51.0,-5.5565195,12.391159
ALO,2024_Bahrain,52.0,-5.603355,12.429663
ALO,2024_Bahrain,53.0,-5.7674,12.705617
ALO,2024_Bahrain,54.0,-5.728029,12.722591
ALO,2024_Bahrain,55.0,-5.4766517,12.481373
ALO,2024_Bahrain,56.0,-4.4030886,12.29803
ALO,2024_Bahrain,57.0,-5.917959,12.772085
ALO,2024_Monaco,6.0,-2.2464736,10.817103
ALO,2024_Monaco,7.0,-3.4840362,12.978899
ALO,2024_Monaco,8.0,-3.2207646,12.461067
ALO,2024_Monaco,9.0,-3.336822,12.546076
ALO,2024_Monaco,10.0,-3.2562666,12.31808
ALO,2024_Monaco,11.0,-3.2315938,12.6434965
ALO,2024_Monaco,12.0,-3.4971848,12.798589
ALO,2024_Monaco,13.0,-3.6452358,12.671623
ALO,2024_Monaco,14.0,-3.378298,11.6212015
ALO,2024_Monaco,15.0,-4.4277983,12.65026
ALO,2024_Monaco,16.0,-4.499449,12.597101
ALO,2024_Monaco,17.0,-4.147663,12.731618
ALO,2024_Monaco,18.0,-4.151644,12.70431
ALO,2024_Monaco,19.0,-4.8312078,11.447117
ALO,2024_Monaco,20.0,-3.5410423,12.696502
ALO,2024_Monaco,21.0,-4.2670827,12.72715
ALO,2024_Monaco,22.0,-4.575904,12.032552
ALO,2024_Monaco,23.0,-4.321814,11.511206
ALO,2024_Monaco,24.0,-3.587008,12.244668
ALO,2024_Monaco,25.0,-4.5212765,11.720528
ALO,2024_Monaco,26.0,-4.3022933,11.367981
ALO,2024_Monaco,27.0,-3.9263701,13.181366
ALO,2024_Monaco,28.0,-3.7861786,12.741363
ALO,2024_Monaco,29.0,-3.8728094,13.129175
ALO,2024_Monaco,30.0,-3.1874275,12.5971365
ALO,2024_Monaco,31.0,-3.5787756,12.720625
ALO,2024_Monaco,32.0,-3.3659506,12.548429
ALO,2024_Monaco,33.0,-3.6435442,12.655481
ALO,2024_Monaco,34.0,-3.2454112,12.32672
ALO,2024_Monaco,35.0,-3.540362,12.76376
ALO,2024_Monaco,36.0,-3.4798872,12.700278
ALO,2024_Monaco,37.0,-3.390674,12.841152
ALO,2024_Monaco,38.0,-3.2595649,12.652933
ALO,2024_Monaco,39.0,-3.7322507,12.834218
ALO,2024_Monaco,40.0,-3.3962026,12.270054
ALO,2024_Monaco,42.0,-4.216746,13.269244
ALO,2024_Monaco,43.0,-4.8700614,11.268307
ALO,2024_Monaco,44.0,-4.066958,11.813107
ALO,2024_Monaco,45.0,-4.6425695,11.628246
ALO,2024_Monaco,46.0,-4.457108,12.714044
ALO,2024_Monaco,47.0,-3.4856212,12.257644
ALO,2024_Monaco,48.0,-3.6124022,12.221988
ALO,2024_Monaco,49.0,-2.9148262,9.982056
ALO,2024_Monaco,50.0,-4.8697205,11.825685
ALO,2024_Monaco,51.0,-4.6416826,12.829051
ALO,2024_Monaco,52.0,-3.603606,13.053873
ALO,2024_Monaco,53.0,-4.121177,13.254427
ALO,2024_Monaco,54.0,-3.5668046,12.726501
ALO,2024_Monaco,55.0,-4.0615044,12.65967
ALO,2024_Monaco,56.0,-3.3596442,11.663165
ALO,2024_Monaco,57.0,-3.5691102,12.268988
ALO,2024_Monaco,58.0,-3.5664399,11.492376
ALO,2024_Monaco,59.0,-4.2012925,12.839082
ALO,2024_Monaco,60.0,-3.9771,12.637691
ALO,2024_Monaco,61.0,-4.8843,11.346815
ALO,2024_Monaco,62.0,-4.811501,11.445976
ALO,2024_Monaco,63.0,-4.983813,11.784942
ALO,2024_Monaco,64.0,-4.115761,12.433506
ALO,2024_Monaco,65.0,-4.93,11.79016
ALO,2024_Monaco,66.0,-5.0556374,11.203318
ALO,2024_Monaco,67.0,-4.7710648,11.686625
ALO,2024_Monaco,68.0,-4.3728237,12.749485
ALO,2024_Monaco,69.0,-4.626991,11.792838
ALO,2024_Monaco,70.0,-4.2230053,12.262606
ALO,2024_Monaco,71.0,-3.6820185,12.672486
ALO,2024_Monaco,72.0,-4.564087,12.167783
ALO,2024_Monaco,73.0,-4.9641447,11.832761
ALO,2024_Monaco,74.0,-4.000246,11.862351
ALO,2024_Monaco,75.0,-4.5716224,12.794728
ALO,2024_Monaco,76.0,-3.5627706,12.163752
ALO,2024_Monza,2.0,-2.200226,10.702423
ALO,2024_Monza,3.0,-2.3735466,10.115328
ALO,2024_Monza,4.0,-2.181426,10.647477
ALO,2024_Monza,5.0,-2.180366,10.667858
ALO,2024_Monza,6.0,-2.230211,10.311503
ALO,2024_Monza,7.0,-2.205832,10.774789
ALO,2024_Monza,8.0,-2.3445497,10.933063
ALO,2024_Monza,9.0,-2.1350205,10.751773
ALO,2024_Monza,10.0,-2.179613,10.6978855
ALO,2024_Monza,11.0,-2.3620555,10.047235
ALO,2024_Monza,14.0,-2.214751,10.707303
ALO,2024_Monza,15.0,-2.8886116,11.239974
ALO,2024_Monza,16.0,-2.2194197,10.752324
ALO,2024_Monza,17.0,-2.1869571,10.6889105
ALO,2024_Monza,18.0,-2.2109897,10.685317
ALO,2024_Monza,19.0,-2.4441535,9.9754
ALO,2024_Monza,20.0,-2.5808995,9.8335085
ALO,2024_Monza,21.0,-2.2510822,10.291799
ALO,2024_Monza,22.0,-2.4345448,9.999132
ALO,2024_Monza,23.0,-2.4975426,9.981758
ALO,2024_Monza,24.0,-2.4359818,10.028266
ALO,2024_Monza,25.0,-2.4201114,10.168239
ALO,2024_Monza,26.0,-2.3983755,10.026815
ALO,2024_Monza,27.0,-2.3845897,10.042179
ALO,2024_Monza,28.0,-2.7125497,9.905289
ALO,2024_Monza,29.0,-2.3086424,10.231951
ALO,2024_Monza,30.0,-2.3858202,10.045083
ALO,2024_Monza,31.0,-2.5170026,10.053296
ALO,2024_Monza,32.0,-2.457898,9.995791
ALO,2024_Monza,33.0,-2.4133387,10.024314
ALO,2024_Monza,34.0,-2.5457692,9.92722
ALO,2024_Monza,37.0,-2.210814,10.704206
ALO,2024_Monza,38.0,-2.510306,10.166101
ALO,2024_Monza,39.0,-2.4388628,10.217148
ALO,2024_Monza,40.0,-2.417347,9.99883
ALO,2024_Monza,41.0,-2.5701878,9.830177
ALO,2024_Monza,42.0,-2.509485,9.916474
ALO,2024_Monza,43.0,-2.4301212,9.99828
ALO,2024_Monza,44.0,-2.4604256,9.93787
ALO,2024_Monza,45.0,-2.4561634,9.9771595
ALO,2024_Monza,46.0,-2.715656,10.4432
ALO,2024_Monza,47.0,-2.643759,10.092375
ALO,2024_Monza,48.0,-2.5862582,9.933342
ALO,2024_Monza,49.0,-2.790385,9.884626
ALO,2024_Monza,50.0,-2.655141,9.769745
ALO,2024_Monza,51.0,-2.453411,10.245893
ALO,2024_Monza,52.0,-3.9448981,10.1824465
ALO,2024_Monza,53.0,-2.3778656,10.057022
ALO,2024_Silverstone,2.0,-2.1782854,10.424682
ALO,2024_Silverstone,3.0,-2.2030878,10.5320015
ALO,2024_Silverstone,4.0,-2.426648,10.554574
ALO,2024_Silverstone,5.0,-2.228469,10.355714
ALO,2024_Silverstone,6.0,-2.1576674,10.593079
ALO,2024_Silverstone,7.0,-2.3982904,10.407888
ALO,2024_Silverstone,8.0,-2.6473637,9.759492
ALO,2024_Silverstone,9.0,-2.6040263,9.910588
ALO,2024_Silverstone,10.0,-2.270636,10.675353
ALO,2024_Silverstone,11.0,-2.626206,9.894594
ALO,2024_Silverstone,12.0,-2.3230278,10.324801
ALO,2024_Silverstone,13.0,-2.9774926,11.146999
ALO,2024_Silverstone,14.0,-2.3498056,10.463378
ALO,2024_Silverstone,15.0,-2.9296753,11.007838
ALO,2024_Silverstone,16.0,-2.2273242,10.423013
ALO,2024_Silverstone,17.0,-2.1941612,10.338703
ALO,2024_Silverstone,18.0,2.86434,1.6296012
ALO,2024_Silverstone,21.0,-2.2477481,10.514921
ALO,2024_Silverstone,22.0,-2.8608174,10.997768
ALO,2024_Silverstone,23.0,-2.484748,10.522307
ALO,2024_Silverstone,24.0,-2.172395,10.390569
ALO,2024_Silverstone,25.0,-2.895947,11.352779
ALO,2024_Silverstone,40.0,-3.9638004,10.31954
ALO,2024_Silverstone,41.0,-3.9738078,10.430011
ALO,2024_Silverstone,42.0,-2.6412823,9.827984
ALO,2024_Silverstone,43.0,-2.4595284,10.140761
ALO,2024_Silverstone,44.0,-4.1314306,10.261328
ALO,2024_Silverstone,45.0,-4.2003703,10.4380245
ALO,2024_Silverstone,46.0,-4.2584677,10.155696
ALO,2024_Silverstone,47.0,-4.0502973,10.400173
ALO,2024_Silverstone,48.0,-3.9744394,10.637967
ALO,2024_Silverstone,49.0,-3.3980324,12.136416
ALO,2024_Silverstone,50.0,-3.3621151,12.134017
ALO,2024_Silverstone,51.0,-3.3755264,12.169647
ALO,2024_Silverstone,52.0,-3.3291407,12.169363
ALO,2024_Singapore,2.0,-3.1805217,12.425982
ALO,2024_Singapore,3.0,-3.3403697,11.8818245
ALO,2024_Singapore,4.0,-3.1800694,12.658521
ALO,2024_Singapore,5.0,-3.5122669,11.824904
ALO,2024_Singapore,6.0,-4.1478114,12.147246
ALO,2024_Singapore,7.0,-4.1333103,12.261453
ALO,2024_Singapore,8.0,-4.138938,12.036328
ALO,2024_Singapore,9.0,-4.2406864,12.397935
ALO,2024_Singapore,10.0,-4.0722775,12.916219
ALO,2024_Singapore,11.0,-5.2806354,12.512732
ALO,2024_Singapore,12.0,-4.097297,11.816749
ALO,2024_Singapore,13.0,-4.096559,12.683728
ALO,2024_Singapore,14.0,-4.13833,13.144641
ALO,2024_Singapore,15.0,-5.01401,12.883335
ALO,2024_Singapore,16.0,-4.0774617,12.223089
ALO,2024_Singapore,17.0,-4.152596,12.24705
ALO,2024_Singapore,18.0,-4.6638,11.6235285
ALO,2024_Singapore,19.0,-4.1780095,12.10271
ALO,2024_Singapore,20.0,-5.0077286,12.094568
ALO,2024_Singapore,21.0,-4.9815855,12.503028
ALO,2024_Singapore,22.0,-4.802371,13.291948
ALO,2024_Singapore,23.0,-4.2278438,12.3094
ALO,2024_Singapore,24.0,-4.0177927,11.92596
ALO,2024_Singapore,27.0,-3.2465956,12.309667
ALO,2024_Singapore,28.0,-3.1538172,12.3996935
ALO,2024_Singapore,29.0,-4.3901973,12.716303
ALO,2024_Singapore,30.0,-3.321129,12.250041
ALO,2024_Singapore,31.0,-3.3671157,12.714449
ALO,2024_Singapore,32.0,-3.220106,12.364691
ALO,2024_Singapore,33.0,-3.1883729,12.366765
ALO,2024_Singapore,34.0,-3.5972078,13.017321
ALO,2024_Singapore,35.0,-3.188796,12.337737
ALO,2024_Singapore,36.0,-3.9428022,12.010402
ALO,2024_Singapore,37.0,-3.4369092,12.157136
ALO,2024_Singapore,38.0,-4.800616,12.839416
ALO,2024_Singapore,39.0,-3.095214,12.389556
ALO,2024_Singapore,40.0,-3.3716557,11.834516
ALO,2024_Singapore,41.0,-3.9989724,13.249231
ALO,2024_Singapore,42.0,-3.9940581,13.010947
ALO,2024_Singapore,43.0,-3.182203,12.416991
ALO,2024_Singapore,44.0,-3.174165,12.384837
ALO,2024_Singapore,45.0,-3.4272234,12.178542
ALO,2024_Singapore,46.0,-4.00999,12.238444
ALO,2024_Singapore,47.0,-3.245003,12.509054
ALO,2024_Singapore,48.0,-4.1726384,12.038213
ALO,2024_Singapore,49.0,-3.8203852,11.865811
ALO,2024_Singapore,50.0,-3.973149,11.87097
ALO,2024_Singapore,51.0,-3.3683333,11.863079
ALO,2024_Singapore,52.0,-3.5288692,12.15951
ALO,2024_Singapore,53.0,-3.9976223,13.024029
ALO,2024_Singapore,54.0,-4.133989,13.037078
ALO,2024_Singapore,55.0,-4.1633296,12.785191
ALO,2024_Singapore,56.0,-4.48147,12.742974
ALO,2024_Singapore,57.0,-4.839777,11.641546
ALO,2024_Singapore,58.0,-4.8352227,11.714111
ALO,2024_Singapore,59.0,-4.5691648,11.328911
ALO,2024_Singapore,60.0,-4.9944816,12.064481
ALO,2024_Singapore,61.0,-3.7800946,12.1522255
ALO,2024_Suzuka,4.0,-4.839441,11.1748905
ALO,2024_Suzuka,5.0,-4.0681524,10.647839
ALO,2024_Suzuka,6.0,-4.033826,10.274948
ALO,2024_Suzuka,7.0,-3.9227617,10.528878
ALO,2024_Suzuka,8.0,-3.984373,10.555729
ALO,2024_Suzuka,9.0,-3.7902558,11.461545
ALO,2024_Suzuka,10.0,-4.2987547,10.660277
ALO,2024_Suzuka,11.0,-4.00861,10.619652
ALO,2024_Suzuka,12.0,-3.7706056,11.380766
ALO,2024_Suzuka,13.0,-3.3276174,11.386719
ALO,2024_Suzuka,15.0,-4.604597,10.453362
ALO,2024_Suzuka,16.0,-4.869192,11.167941
ALO,2024_Suzuka,17.0,-4.4244246,11.281383
ALO,2024_Suzuka,18.0,-3.9456472,10.894778
ALO,2024_Suzuka,19.0,-4.753845,10.832266
ALO,2024_Suzuka,20.0,-4.8385205,11.181164
ALO,2024_Suzuka,21.0,-3.445036,11.548821
ALO,2024_Suzuka,22.0,-3.025397,12.387157
ALO,2024_Suzuka,23.0,-3.6878874,11.7972145
ALO,2024_Suzuka,24.0,-3.8055532,11.186163
ALO,2024_Suzuka,25.0,-3.990109,10.887819
ALO,2024_Suzuka,26.0,-4.1197367,10.865121
ALO,2024_Suzuka,27.0,-3.5319588,11.527143
ALO,2024_Suzuka,28.0,-3.5608313,11.542586
ALO,2024_Suzuka,29.0,-3.3322208,11.757815
ALO,2024_Suzuka,30.0,-4.0323663,10.925461
ALO,2024_Suzuka,31.0,-4.192975,12.19816
ALO,2024_Suzuka,32.0,-4.7814198,11.387641
ALO,2024_Suzuka,33.0,-4.2962008,10.383011
ALO,2024_Suzuka,35.0,-3.8792202,10.892801
ALO,2024_Suzuka,36.0,-3.8457255,11.420348
ALO,2024_Suzuka,37.0,-4.297959,10.665332
ALO,2024_Suzuka,38.0,-4.4918275,10.263659
ALO,2024_Suzuka,39.0,-3.8280525,10.577603
ALO,2024_Suzuka,40.0,-4.3694515,10.130714
ALO,2024_Suzuka,41.0,-3.3645232,11.227109
ALO,2024_Suzuka,42.0,-3.6018274,12.691803
ALO,2024_Suzuka,43.0,-4.0235524,11.008691
ALO,2024_Suzuka,44.0,-3.9601216,10.987606
ALO,2024_Suzuka,45.0,-4.3432846,10.626973
ALO,2024_Suzuka,46.0,-4.1928825,10.757518
ALO,2024_Suzuka,47.0,-4.17459,10.807164
ALO,2024_Suzuka,48.0,-4.0081825,10.81637
ALO,2024_Suzuka,49.0,-4.2536907,10.754257
ALO,2024_Suzuka,50.0,-3.8540688,10.62033
ALO,2024_Suzuka,51.0,-3.6988423,11.541911
ALO,2024_Suzuka,52.0,-3.7458887,11.585513
ALO,2024_Suzuka,53.0,-3.7774334,11.3605585
HAM,2023_Bahrain,1.0,-7.061605,2.5071814
HAM,2023_Bahrain,2.0,-7.509328,1.3581029
HAM,2023_Bahrain,3.0,-8.11066,1.1041651
HAM,2023_Bahrain,4.0,-8.010571,0.9871498
HAM,2023_Bahrain,5.0,-7.360716,1.1028959
HAM,2023_Bahrain,6.0,-7.540447,1.4122729
HAM,2023_Bahrain,7.0,-7.735516,1.6143522
HAM,2023_Bahrain,8.0,-7.794419,1.6650077
HAM,2023_Bahrain,9.0,-8.187295,1.9479113
HAM,2023_Bahrain,10.0,-8.285062,2.1909742
HAM,2023_Bahrain,11.0,-7.625653,1.6304537
HAM,2023_Bahrain,14.0,-8.203053,1.4558514
HAM,2023_Bahrain,15.0,-8.048634,1.696904
HAM,2023_Bahrain,16.0,-8.028908,1.0375886
HAM,2023_Bahrain,17.0,-7.7470794,1.4471054
HAM,2023_Bahrain,18.0,-7.8422136,1.4162196
HAM,2023_Bahrain,19.0,-7.3214307,1.0845987
HAM,2023_Bahrain,20.0,-7.8742256,1.3228599
HAM,2023_Bahrain,21.0,-7.842851,2.1063867
HAM,2023_Bahrain,22.0,-7.793145,1.7348363
HAM,2023_Bahrain,23.0,-8.332761,1.8209186
HAM,2023_Bahrain,24.0,-7.803594,1.5031712
HAM,2023_Bahrain,25.0,-8.250196,1.857718
HAM,2023_Bahrain,26.0,-7.8787284,1.7673109
HAM,2023_Bahrain,27.0,-8.376677,2.0109737
HAM,2023_Bahrain,28.0,-7.9065485,2.116041
HAM,2023_Bahrain,29.0,-7.9379163,2.8419461
HAM,2023_Bahrain,30.0,-7.076666,2.9151273
HAM,2023_Bahrain,32.0,-7.944038,0.96093136
HAM,2023_Bahrain,33.0,-7.996302,1.083048
HAM,2023_Bahrain,34.0,-8.030824,1.130588
HAM,2023_Bahrain,35.0,-8.127308,1.354656
HAM,2023_Bahrain,36.0,-8.19702,1.942498
HAM,2023_Bahrain,37.0,-7.999969,2.712732
HAM,2023_Bahrain,38.0,-8.147643,2.0451791
HAM,2023_Bahrain,39.0,-8.022595,2.6801662
HAM,2023_Bahrain,40.0,-8.172943,1.9292419
HAM,2023_Bahrain,42.0,-7.933872,1.0565423
HAM,2023_Bahrain,43.0,-8.147774,1.9187094
HAM,2023_Bahrain,44.0,-7.997822,1.8094064
HAM,2023_Bahrain,45.0,-8.140207,1.8239317
HAM,2023_Bahrain,46.0,-7.711094,2.5191205
HAM,2023_Bahrain,47.0,-8.193066,2.5897388
HAM,2023_Bahrain,48.0,-7.198188,3.1168354
HAM,2023_Bahrain,49.0,-7.622255,2.640031
HAM,2023_Bahrain,50.0,-7.2187614,2.934216
HAM,2023_Bahrain,51.0,-7.966697,1.9425144
HAM,2023_Bahrain,52.0,-7.946029,1.9626665
HAM,2023_Bahrain,53.0,-8.339398,1.8916711
HAM,2023_Bahrain,54.0,-7.9154863,1.272673
HAM,2023_Bahrain,55.0,-8.097228,1.8825213
HAM,2023_Bahrain,56.0,-8.029958,2.7082179
HAM,2023_Bahrain,57.0,-6.865763,2.6486719
HAM,2023_Monaco,2.0,-6.218939,2.154061
HAM,2023_Monaco,3.0,-6.229363,2.4095848
HAM,2023_Monaco,4.0,-6.272536,2.0533485
HAM,2023_Monaco,5.0,-5.843544,1.7291203
HAM,2023_Monaco,6.0,-6.4032073,1.1805639
HAM,2023_Monaco,7.0,-6.3500376,1.0797036
HAM,2023_Monaco,8.0,-6.8168464,1.2971766
HAM,2023_Monaco,9.0,-6.5706673,1.3081142
HAM,2023_Monaco,10.0,-7.5572124,1.6165708
HAM,2023_Monaco,11.0,-6.2423916,2.1072094
HAM,2023_Monaco,12.0,-6.6193147,2.5747716
HAM,2023_Monaco,13.0,-7.1007,1.0785307
HAM,2023_Monaco,14.0,-7.2718334,1.929819
HAM,2023_Monaco,15.0,-7.0020943,1.2057773
HAM,2023_Monaco,16.0,-7.398613,1.3036697
HAM,2023_Monaco,17.0,-6.4506097,2.0165298
HAM,2023_Monaco,18.0,-6.5125017,1.6095121
HAM,2023_Monaco,19.0,-6.682245,1.4553158
HAM,2023_Monaco,20.0,-7.2548513,1.7805545
HAM,2023_Monaco,21.0,-7.1743364,1.0450459
HAM,2023_Monaco,22.0,-6.366629,1.6566609
HAM,2023_Monaco,23.0,-7.2115154,0.961979
HAM,2023_Monaco,24.0,-6.7899027,1.4392424
HAM,2023_Monaco,25.0,-6.962015,1.7294844
HAM,2023_Monaco,26.0,-6.6296763,1.520657
HAM,2023_Monaco,27.0,-6.3488984,2.2050028
HAM,2023_Monaco,28.0,-6.7152495,1.516316
HAM,2023_Monaco,29.0,-6.3758864,1.8738134
HAM,2023_Monaco,30.0,-6.9420886,1.1368837
HAM,2023_Monaco,32.0,-6.1333103,2.778188
HAM,2023_Monaco,33.0,-6.665082,3.2892046
HAM,2023_Monaco,34.0,-6.1067023,2.8722644
HAM,2023_Monaco,35.0,-7.1619973,1.555003
HAM,2023_Monaco,36.0,-7.266377,1.0832254
HAM,2023_Monaco,37.0,-7.0338235,0.953625
HAM,2023_Monaco,38.0,-6.4039297,1.0732838
HAM,2023_Monaco,39.0,-6.669544,0.91709334
HAM,2023_Monaco,40.0,-6.4487696,1.5223026
HAM,2023_Monaco,41.0,-6.5545044,2.2904153
HAM,2023_Monaco,42.0,-6.811668,1.3906181
HAM,2023_Monaco,43.0,-7.0880065,1.5855207
HAM,2023_Monaco,44.0,-6.886764,1.4853786
HAM,2023_Monaco,45.0,-7.3502703,1.6655667
HAM,2023_Monaco,46.0,-7.039376,1.0487465
HAM,2023_Monaco,47.0,-6.8134594,1.4672543
HAM,2023_Monaco,48.0,-6.3314447,1.3186841
HAM,2023_Monaco,49.0,-5.6787887,1.7519908
HAM,2023_Monaco,50.0,-5.5805693,2.1117413
HAM,2023_Monaco,51.0,-6.916228,1.2122775
HAM,2023_Monza,2.0,-6.4116244,1.6329223
HAM,2023_Monza,3.0,-5.647336,2.7980049
HAM,2023_Monza,4.0,-5.608594,2.0304034
HAM,2023_Monza,5.0,-5.496726,2.3793607
HAM,2023_Monza,6.0,-5.5985284,2.2852757
HAM,2023_Monza,7.0,-5.6572185,2.0331283
HAM,2023_Monza,8.0,-5.9091883,1.5968575
HAM,2023_Monza,9.0,-6.35206,1.6948073
HAM,2023_Monza,10.0,-4.246528,2.2822673
HAM,2023_Monza,11.0,-5.783986,2.882106
HAM,2023_Monza,12.0,-5.6416516,2.073897
HAM,2023_Monza,13.0,-5.4923077,2.3524218
HAM,2023_Monza,14.0,-5.702303,2.2371233
HAM,2023_Monza,15.0,-4.7829905,2.0907056
HAM,2023_Monza,16.0,-5.4881263,2.0564547
HAM,2023_Monza,17.0,-5.7702456,1.9085239
HAM,2023_Monza,18.0,-5.515297,2.698721
HAM,2023_Monza,19.0,-5.7553873,2.8796494
HAM,2023_Monza,20.0,-5.2012863,2.4324708
HAM,2023_Monza,21.0,-5.5613556,2.2363052
HAM,2023_Monza,22.0,-5.358541,2.0666382
HAM,2023_Monza,23.0,-5.722154,2.3003504
HAM,2023_Monza,24.0,-5.6469884,2.37668
HAM,2023_Monza,25.0,-5.2366877,2.377229
HAM,2023_Monza,26.0,-5.401746,2.342134
HAM,2023_Monza,29.0,-4.637154,2.4617617
HAM,2023_Monza,30.0,-5.112541,2.4398477
HAM,2023_Monza,31.0,-5.1951184,2.4265397
HAM,2023_Monza,32.0,-5.2476883,2.3603406
HAM,2023_Monza,33.0,-5.2079234,2.4488719
HAM,2023_Monza,34.0,-4.832901,2.4875045
HAM,2023_Monza,35.0,-5.3040986,2.4785042
HAM,2023_Monza,36.0,-5.3280296,2.403164
HAM,2023_Monza,37.0,-5.359407,2.3343842
HAM,2023_Monza,38.0,-5.276228,2.388244
HAM,2023_Monza,39.0,-6.38647,1.7109604
HAM,2023_Monza,40.0,-6.0462227,2.6590664
HAM,2023_Monza,41.0,-6.0518208,2.897639
HAM,2023_Monza,42.0,-5.316661,2.4515378
HAM,2023_Monza,43.0,-5.9676824,2.126976
HAM,2023_Monza,44.0,-5.6626673,2.1301515
HAM,2023_Monza,45.0,-5.71035,2.205078
HAM,2023_Monza,46.0,-6.338952,1.7626685
HAM,2023_Monza,47.0,-5.7353654,2.3236346
HAM,2023_Monza,48.0,-5.701738,2.5510128
HAM,2023_Monza,49.0,-5.826548,2.9342723
HAM,2023_Monza,50.0,-5.894016,2.6132798
HAM,2023_Monza,51.0,-6.191145,3.0137582
HAM,2023_Silverstone,2.0,-6.9788766,3.3947296
HAM,2023_Silverstone,3.0,-6.0666094,2.203133
HAM,2023_Silverstone,4.0,-6.28332,3.1383085
HAM,2023_Silverstone,5.0,-6.0985513,2.8397582
HAM,2023_Silverstone,6.0,-6.9456224,3.391016
HAM,2023_Silverstone,7.0,-6.6564636,3.298842
HAM,2023_Silverstone,8.0,-6.513558,2.9712884
HAM,2023_Silverstone,9.0,-6.629596,2.4821615
HAM,2023_Silverstone,10.0,-6.3953996,3.2337449
HAM,2023_Silverstone,11.0,-6.8703136,3.377618
HAM,2023_Silverstone,12.0,-7.7705193,3.222872
HAM,2023_Silverstone,13.0,-6.9283996,3.3992374
HAM,2023_Silverstone,14.0,-7.876246,2.735814
HAM,2023_Silverstone,15.0,-6.5022764,3.368399
HAM,2023_Silverstone,16.0,-6.4468536,3.0524278
HAM,2023_Silverstone,17.0,-6.528041,3.2169235
HAM,2023_Silverstone,18.0,-7.424997,2.4415479
HAM,2023_Silverstone,19.0,-7.428915,2.1381106
HAM,2023_Silverstone,20.0,-6.5240765,3.0664277
HAM,2023_Silverstone,21.0,-6.558634,3.242628
HAM,2023_Silverstone,22.0,-6.3252263,3.1527321
HAM,2023_Silverstone,23.0,-6.161747,3.1022546
HAM,2023_Silverstone,24.0,-5.8991895,2.339818
HAM,2023_Silverstone,25.0,-6.3922787,3.0742047
HAM,2023_Silverstone,26.0,-6.450386,2.8955023
HAM,2023_Silverstone,27.0,-5.996624,2.3805828
HAM,2023_Silverstone,28.0,-6.451177,2.1371179
HAM,2023_Silverstone,29.0,-6.5133553,2.4956443
HAM,2023_Silverstone,30.0,-6.1328855,3.0475347
HAM,2023_Silverstone,31.0,-6.2443824,3.0732963
HAM,2023_Silverstone,32.0,-6.3845367,3.1485353
HAM,2023_Silverstone,39.0,-6.9266276,3.401923
HAM,2023_Silverstone,40.0,-6.823928,3.3738554
HAM,2023_Silverstone,41.0,-6.553398,2.6875267
HAM,2023_Silverstone,42.0,-6.579105,3.2625344
HAM,2023_Silverstone,43.0,-5.97716,2.7146716
HAM,2023_Silverstone,44.0,-6.530342,2.6233146
HAM,2023_Silverstone,45.0,-6.625597,2.587936
HAM,2023_Silverstone,46.0,-6.359858,3.1027732
HAM,2023_Silverstone,47.0,-6.485988,3.321026
HAM,2023_Silverstone,48.0,-6.53186,3.1929047
HAM,2023_Silverstone,49.0,-6.7421618,3.3538702
HAM,2023_Silverstone,50.0,-6.302524,3.1616051
HAM,2023_Silverstone,51.0,-6.962935,3.3990142
HAM,2023_Silverstone,52.0,-6.782718,3.3361187
HAM,2023_Singapore,3.0,-8.942691,1.2536559
HAM,2023_Singapore,5.0,-8.229076,1.8943533
HAM,2023_Singapore,6.0,-8.996916,0.904225
HAM,2023_Singapore,7.0,-8.969375,0.8640645
HAM,2023_Singapore,8.0,-9.0043545,0.9754087
HAM,2023_Singapore,9.0,-9.023133,0.9378693
HAM,2023_Singapore,10.0,-8.615698,1.240391
HAM,2023_Singapore,11.0,-8.923444,1.2429112
HAM,2023_Singapore,12.0,-8.936466,0.83107495
HAM,2023_Singapore,13.0,-8.425086,0.87941366
HAM,2023_Singapore,14.0,-8.344191,0.86807716
HAM,2023_Singapore,15.0,-8.863385,1.1425164
HAM,2023_Singapore,16.0,-9.082216,1.142155
HAM,2023_Singapore,17.0,-9.081277,1.0304875
HAM,2023_Singapore,18.0,-9.080394,1.0302588
HAM,2023_Singapore,19.0,-9.06755,1.0540847
HAM,2023_Singapore,24.0,-7.9292297,1.0710545
HAM,2023_Singapore,25.0,-8.943783,0.81833476
HAM,2023_Singapore,26.0,-8.942261,0.83136386
HAM,2023_Singapore,27.0,-8.347931,1.3681092
HAM,2023_Singapore,28.0,-9.072504,1.1655719
HAM,2023_Singapore,29.0,-9.057949,0.95310944
HAM,2023_Singapore,30.0,-8.955823,0.8346301
HAM,2023_Singapore,31.0,-9.027593,0.9198862
HAM,2023_Singapore,32.0,-8.918148,0.8392371
HAM,2023_Singapore,33.0,-9.032526,1.1393434
HAM,2023_Singapore,34.0,-8.985367,1.1586059
HAM,2023_Singapore,35.0,-8.98767,1.1547424
HAM,2023_Singapore,36.0,-9.125474,1.0939587
HAM,2023_Singapore,37.0,-9.096457,1.157782
HAM,2023_Singapore,38.0,-9.003837,1.0045704
HAM,2023_Singapore,39.0,-8.864612,1.2023264
HAM,2023_Singapore,40.0,-8.68311,1.2786348
HAM,2023_Singapore,41.0,-9.019451,0.9596106
HAM,2023_Singapore,42.0,-9.033602,1.1610181
HAM,2023_Singapore,43.0,-8.986974,0.9075865
HAM,2023_Singapore,46.0,-8.9324,1.2110763
HAM,2023_Singapore,47.0,-8.928447,0.7906101
HAM,2023_Singapore,48.0,-8.566672,1.5267115
HAM,2023_Singapore,49.0,-8.904144,0.8147717
HAM,2023_Singapore,50.0,-8.9817505,0.86653167
HAM,2023_Singapore,51.0,-8.972797,1.1815137
HAM,2023_Singapore,52.0,-8.8047285,1.3150547
HAM,2023_Singapore,53.0,-7.9974604,1.1375796
HAM,2023_Singapore,54.0,-8.3707285,1.2612004
HAM,2023_Singapore,55.0,-8.958614,0.839695
HAM,2023_Singapore,56.0,-8.0169325,1.0186036
HAM,2023_Singapore,57.0,-8.797483,0.8054208
HAM,2023_Singapore,58.0,-8.425803,1.3216839
HAM,2023_Singapore,59.0,-8.020968,1.3500718
HAM,2023_Singapore,60.0,-7.8240504,3.247732
HAM,2023_Singapore,61.0,-7.8639026,0.9430904
HAM,2023_Singapore,62.0,-7.7357535,0.8995811
HAM,2023_Suzuka,5.0,-7.153712,3.0313413
HAM,2023_Suzuka,6.0,-7.6828966,3.2600615
HAM,2023_Suzuka,7.0,-8.350754,2.148298
HAM,2023_Suzuka,8.0,-8.278334,1.825423
HAM,2023_Suzuka,9.0,-8.370385,1.8046348
HAM,2023_Suzuka,10.0,-8.270554,1.204828
HAM,2023_Suzuka,11.0,-8.340319,2.245848
HAM,2023_Suzuka,12.0,-7.84613,2.6580858
HAM,2023_Suzuka,13.0,-7.3668756,2.8216753
HAM,2023_Suzuka,15.0,-8.299875,2.0955114
HAM,2023_Suzuka,18.0,-7.8964486,2.5078177
HAM,2023_Suzuka,19.0,-8.32685,2.0753417
HAM,2023_Suzuka,20.0,-8.373938,2.0157788
HAM,2023_Suzuka,21.0,-7.118823,3.144795
HAM,2023_Suzuka,22.0,-8.04903,2.5784163
HAM,2023_Suzuka,23.0,-7.6090918,2.4560583
HAM,2023_Suzuka,24.0,-7.6766114,2.5039084
HAM,2023_Suzuka,25.0,-7.6709943,2.473675
HAM,2023_Suzuka,26.0,-7.987132,2.6444428
HAM,2023_Suzuka,27.0,-7.725295,2.4923096
HAM,2023_Suzuka,28.0,-8.1753235,2.4830093
HAM,2023_Suzuka,29.0,-8.22943,2.5113018
HAM,2023_Suzuka,30.0,-8.147204,2.5269563
HAM,2023_Suzuka,31.0,-7.784608,3.0250487
HAM,2023_Suzuka,32.0,-8.035996,2.236791
HAM,2023_Suzuka,33.0,-8.096233,2.1742744
HAM,2023_Suzuka,34.0,-7.8101907,3.1917446
HAM,2023_Suzuka,36.0,-7.9680595,2.7271442
HAM,2023_Suzuka,37.0,-8.271205,2.4436042
HAM,2023_Suzuka,38.0,-8.295325,2.3315113
HAM,2023_Suzuka,39.0,-8.293929,2.0829163
HAM,2023_Suzuka,40.0,-8.263479,2.4083533
HAM,2023_Suzuka,41.0,-8.281194,2.4145389
HAM,2023_Suzuka,42.0,-8.194997,2.1410894
HAM,2023_Suzuka,43.0,-7.800441,2.8420167
HAM,2023_Suzuka,44.0,-8.0188875,2.5697432
HAM,2023_Suzuka,45.0,-7.7579193,2.5346594
HAM,2023_Suzuka,46.0,-8.131175,2.074015
HAM,2023_Suzuka,47.0,-6.9799533,2.363326
HAM,2023_Suzuka,48.0,-7.735432,2.8489933
HAM,2023_Suzuka,49.0,-7.8088117,3.2415538
HAM,2023_Suzuka,50.0,-7.8075585,3.2471564
HAM,2023_Suzuka,51.0,-7.7676673,3.1167607
HAM,2023_Suzuka,52.0,-7.8027887,3.169503
HAM,2023_Suzuka,53.0,-7.7564893,3.1599348
HAM,2024_Bahrain,2.0,-7.9046364,1.0032197
HAM,2024_Bahrain,3.0,-8.478956,1.3645393
HAM,2024_Bahrain,4.0,-7.5486236,2.5141249
HAM,2024_Bahrain,5.0,-8.021639,1.8469732
HAM,2024_Bahrain,6.0,-6.487246,1.8232054
HAM,2024_Bahrain,7.0,-6.816219,2.8030896
HAM,2024_Bahrain,8.0,-5.993809,1.5738962
HAM,2024_Bahrain,9.0,-7.2857475,2.6771438
HAM,2024_Bahrain,10.0,-7.7643847,3.0025475
HAM,2024_Bahrain,11.0,-7.111493,2.8649387
HAM,2024_Bahrain,12.0,-6.4886403,1.5853074
HAM,2024_Bahrain,14.0,-8.381565,1.5159526
HAM,2024_Bahrain,15.0,-7.2931223,2.21892
HAM,2024_Bahrain,16.0,-8.123837,2.6497848
HAM,2024_Bahrain,17.0,-8.155254,2.588754
HAM,2024_Bahrain,18.0,-7.069021,2.9964936
HAM,2024_Bahrain,19.0,-6.5137405,3.0624337
HAM,2024_Bahrain,20.0,-6.485094,1.8047669
HAM,2024_Bahrain,21.0,-6.486007,1.7884088
HAM,2024_Bahrain,22.0,-6.5363503,3.4077902
HAM,2024_Bahrain,23.0,-6.6365113,3.3932612
HAM,2024_Bahrain,24.0,-6.809279,2.8998039
HAM,2024_Bahrain,25.0,-6.5291853,3.3476155
HAM,2024_Bahrain,26.0,-6.4141283,1.8633728
HAM,2024_Bahrain,27.0,-6.4731326,2.9197388
HAM,2024_Bahrain,28.0,-5.989586,2.997619
HAM,2024_Bahrain,29.0,-6.505749,3.278547
HAM,2024_Bahrain,30.0,-6.498586,3.2078555
HAM,2024_Bahrain,31.0,-7.2903204,2.7689984
HAM,2024_Bahrain,32.0,-6.482589,3.4005854
HAM,2024_Bahrain,33.0,-7.738775,1.6375659
HAM,2024_Bahrain,35.0,-7.373635,1.4624819
HAM,2024_Bahrain,36.0,-7.589542,2.4896815
HAM,2024_Bahrain,37.0,-7.431868,2.7072928
HAM,2024_Bahrain,38.0,-6.6555743,2.6636105
HAM,2024_Bahrain,39.0,-6.3626733,1.914204
HAM,2024_Bahrain,40.0,-5.915819,1.3537633
HAM,2024_Bahrain,41.0,-5.965973,1.6525154
HAM,2024_Bahrain,42.0,-6.3092165,2.965125
HAM,2024_Bahrain,43.0,-6.747037,2.7525072
HAM,2024_Bahrain,44.0,-6.9025264,2.982747
HAM,2024_Bahrain,45.0,-6.303574,2.9497287
HAM,2024_Bahrain,46.0,-6.391517,1.7751576
HAM,2024_Bahrain,47.0,-6.331892,1.6759737
HAM,2024_Bahrain,48.0,-6.815822,2.7350385
HAM,2024_Bahrain,49.0,-6.912124,3.3613822
HAM,2024_Bahrain,50.0,-6.9799123,2.8196785
HAM,2024_Bahrain,51.0,-6.6049986,3.2267675
HAM,2024_Bahrain,52.0,-6.4402666,1.6083043
HAM,2024_Bahrain,53.0,-6.6392283,1.8621956
HAM,2024_Bahrain,54.0,-6.685029,2.6488748
HAM,2024_Bahrain,55.0,-6.046555,1.6370505
HAM,2024_Bahrain,56.0,-6.33335,2.9908967
HAM,2024_Bahrain,57.0,-7.842203,2.6736007
HAM,2024_Monaco,23.0,-6.643902,1.4981983
HAM,2024_Monaco,24.0,-6.5278916,0.70136374
HAM,2024_Monaco,25.0,-6.414955,1.1898122
HAM,2024_Monaco,27.0,-6.312381,1.0902992
HAM,2024_Monaco,28.0,-6.449205,1.3236108
HAM,2024_Monaco,29.0,-6.7114553,1.518432
HAM,2024_Monaco,30.0,-5.8130946,1.8525763
HAM,2024_Monaco,31.0,-5.6762147,1.7198397
HAM,2024_Monaco,32.0,-6.5797668,0.66913486
HAM,2024_Monaco,33.0,-6.3053975,0.884715
HAM,2024_Monaco,34.0,-6.4040422,0.76277715
HAM,2024_Monaco,37.0,-5.5861044,1.7727203
HAM,2024_Monaco,39.0,-6.337387,0.88109076
HAM,2024_Monaco,40.0,-6.4600687,0.65236586
HAM,2024_Monaco,41.0,-6.4881825,0.65735996
HAM,2024_Monaco,42.0,-6.4686017,0.6898086
HAM,2024_Monaco,43.0,-6.4243293,0.68727326
HAM,2024_Monaco,44.0,-6.4876795,1.0415127
HAM,2024_Monaco,45.0,-7.1679616,0.89573604
HAM,2024_Monaco,46.0,-5.7129855,2.3109686
HAM,2024_Monaco,47.0,-6.7543683,0.7632885
HAM,2024_Monaco,48.0,-6.484589,0.64841956
HAM,2024_Monaco,49.0,-6.5274277,0.65821195
HAM,2024_Monaco,50.0,-6.47507,0.64189565
HAM,2024_Monaco,53.0,-6.3264637,2.1222608
HAM,2024_Monaco,54.0,-6.367789,1.1508081
HAM,2024_Monaco,55.0,-6.5451207,0.72754484
HAM,2024_Monaco,56.0,-6.3588815,1.8072575
HAM,2024_Monaco,57.0,-6.564265,1.572948
HAM,2024_Monaco,58.0,-6.5327215,1.1721795
HAM,2024_Monaco,59.0,-5.8920813,2.6100497
HAM,2024_Monaco,60.0,-6.763468,1.0940385
HAM,2024_Monaco,61.0,-6.5390005,1.6465278
HAM,2024_Monaco,62.0,-5.903475,2.1893973
HAM,2024_Monaco,63.0,-5.816067,2.4384663
HAM,2024_Monaco,64.0,-6.387087,0.9665648
HAM,2024_Monaco,65.0,-6.479263,0.6735694
HAM,2024_Monaco,66.0,-6.119795,1.4247494
HAM,2024_Monaco,67.0,-7.8367147,0.9304282
HAM,2024_Monaco,68.0,-6.502485,0.65690756
HAM,2024_Monaco,69.0,-6.19978,1.847296
HAM,2024_Monaco,70.0,-7.319797,1.0880388
HAM,2024_Monaco,71.0,-6.575241,0.68727916
HAM,2024_Monaco,72.0,-6.392254,0.848655
HAM,2024_Monaco,73.0,-6.447945,0.68649024
HAM,2024_Monaco,74.0,-6.9890676,0.8741216
HAM,2024_Monaco,75.0,-6.551882,0.81778634
HAM,2024_Monaco,76.0,-6.4597373,0.75002044
HAM,2024_Monaco,77.0,-6.1573243,1.5374563
HAM,2024_Monaco,78.0,-8.280211,0.898545
HAM,2024_Monza,2.0,-4.394241,2.423348
HAM,2024_Monza,3.0,-4.1608615,2.2753248
HAM,2024_Monza,4.0,-4.179689,2.319837
HAM,2024_Monza,5.0,-4.175366,2.3264146
HAM,2024_Monza,6.0,-4.148692,2.3897521
HAM,2024_Monza,7.0,-3.8365412,2.3823314
HAM,2024_Monza,8.0,-4.1227565,2.3325348
HAM,2024_Monza,9.0,-4.1644545,2.2942924
HAM,2024_Monza,10.0,-3.9225643,2.3774135
HAM,2024_Monza,11.0,-4.2279506,2.2781494
HAM,2024_Monza,12.0,-4.0404096,2.3449485
HAM,2024_Monza,13.0,-3.2632985,2.3556774
HAM,2024_Monza,14.0,-3.3265698,2.3519757
HAM,2024_Monza,17.0,-4.173232,2.3085592
HAM,2024_Monza,18.0,-3.8818388,2.3992007
HAM,2024_Monza,19.0,-3.832835,2.4204628
HAM,2024_Monza,20.0,-3.504553,2.5272243
HAM,2024_Monza,21.0,-4.222172,2.2655203
HAM,2024_Monza,22.0,-4.2805142,2.2374146
HAM,2024_Monza,23.0,-4.1391106,2.3082209
HAM,2024_Monza,24.0,-4.200265,2.309149
HAM,2024_Monza,25.0,-4.16319,2.2914655
HAM,2024_Monza,26.0,-3.7103384,2.4403927
HAM,2024_Monza,27.0,-3.5471895,2.5744207
HAM,2024_Monza,28.0,-2.598969,9.737952
HAM,2024_Monza,29.0,-3.5228179,2.5509644
HAM,2024_Monza,30.0,-3.6847355,2.4590943
HAM,2024_Monza,31.0,-3.4611514,2.5880368
HAM,2024_Monza,32.0,-3.6535718,2.4689605
HAM,2024_Monza,33.0,-3.5022614,2.5595467
HAM,2024_Monza,34.0,-3.5652237,2.5257294
HAM,2024_Monza,35.0,-3.4614494,2.38419
HAM,2024_Monza,36.0,-3.5627604,2.516474
HAM,2024_Monza,39.0,-3.8355503,2.4008126
HAM,2024_Monza,40.0,-4.0682483,2.3101707
HAM,2024_Monza,41.0,-3.6587765,2.4718537
HAM,2024_Monza,42.0,-3.688829,2.4533007
HAM,2024_Monza,43.0,-3.7217846,2.4474022
HAM,2024_Monza,44.0,-3.6010349,2.507976
HAM,2024_Monza,45.0,-3.7413983,2.439556
HAM,2024_Monza,46.0,-3.6899152,2.4439423
HAM,2024_Monza,47.0,-3.2662652,2.331289
HAM,2024_Monza,48.0,-2.5823534,9.646928
HAM,2024_Monza,49.0,-3.678978,2.4673674
HAM,2024_Monza,50.0,-3.5722978,2.4431145
HAM,2024_Monza,51.0,-4.0115113,2.38551
HAM,2024_Monza,52.0,-5.7895966,2.9008172
HAM,2024_Monza,53.0,-3.7058785,2.403423
HAM,2024_Silverstone,2.0,-2.8913288,2.2393827
HAM,2024_Silverstone,3.0,-3.3540618,2.3709896
HAM,2024_Silverstone,4.0,-5.78659,2.8138747
HAM,2024_Silverstone,5.0,-3.0954158,2.3008616
HAM,2024_Silverstone,6.0,-3.3521144,2.3788972
HAM,2024_Silverstone,7.0,-3.4155483,2.4272108
HAM,2024_Silverstone,8.0,-3.3727243,2.4038823
HAM,2024_Silverstone,9.0,2.021966,1.3275658
HAM,2024_Silverstone,10.0,8.418563,13.643449
HAM,2024_Silverstone,11.0,2.1636605,1.1098329
HAM,2024_Silverstone,12.0,2.1160588,0.80447674
HAM,2024_Silverstone,13.0,2.0606372,0.87669575
HAM,2024_Silverstone,14.0,2.1123924,1.0431111
HAM,2024_Silverstone,15.0,2.0684295,0.79699105
HAM,2024_Silverstone,16.0,2.1072962,1.1346654
HAM,2024_Silverstone,17.0,2.1332915,1.1340687
HAM,2024_Silverstone,18.0,1.8301615,-0.016637253
HAM,2024_Silverstone,21.0,2.4577892,0.16084707
HAM,2024_Silverstone,22.0,2.6722379,0.64968383
HAM,2024_Silverstone,23.0,2.14211,1.1578208
HAM,2024_Silverstone,24.0,2.3934767,0.34327683
HAM,2024_Silverstone,25.0,2.7539706,-1.0279449
HAM,2024_Silverstone,40.0,2.1180866,0.8120393
HAM,2024_Silverstone,41.0,2.3521771,0.2374863
HAM,2024_Silverstone,42.0,-3.0283449,2.2851768
HAM,2024_Silverstone,43.0,2.1993985,0.46146843
HAM,2024_Silverstone,44.0,2.1284492,0.7847488
HAM,2024_Silverstone,45.0,1.8877983,0.7142682
HAM,2024_Silverstone,46.0,-3.260254,2.3523808
HAM,2024_Silverstone,47.0,8.195702,-4.932917
HAM,2024_Silverstone,48.0,2.17347,1.0222279
HAM,2024_Silverstone,49.0,2.23124,0.87238765
HAM,2024_Silverstone,50.0,-4.2050014,10.150256
HAM,2024_Silverstone,51.0,-3.2291205,2.3431277
HAM,2024_Silverstone,52.0,-3.0860965,2.3046942
HAM,2024_Singapore,1.0,-7.7571387,1.5774964
HAM,2024_Singapore,2.0,-7.456511,0.88718677
HAM,2024_Singapore,3.0,-6.51833,0.722899
HAM,2024_Singapore,4.0,-6.7235994,2.5091302
HAM,2024_Singapore,5.0,-5.7949576,1.2253398
HAM,2024_Singapore,6.0,-5.713628,1.3230292
HAM,2024_Singapore,7.0,-5.5832396,1.4837111
HAM,2024_Singapore,8.0,-5.755571,1.3516974
HAM,2024_Singapore,9.0,-5.7169566,1.3034236
HAM,2024_Singapore,10.0,-6.401777,2.4204724
HAM,2024_Singapore,11.0,-6.283943,2.4534876
HAM,2024_Singapore,12.0,-6.150903,2.3817685
HAM,2024_Singapore,13.0,9.2363825,-5.982555
HAM,2024_Singapore,14.0,-5.887008,1.138108
HAM,2024_Singapore,15.0,-5.8373737,1.1605526
HAM,2024_Singapore,16.0,-5.8704066,1.1414402
HAM,2024_Singapore,19.0,-5.6712866,1.3599601
HAM,2024_Singapore,20.0,-5.79625,1.2138214
HAM,2024_Singapore,21.0,-6.00786,1.0336742
HAM,2024_Singapore,22.0,-7.4559064,0.91625696
HAM,2024_Singapore,23.0,-6.5075173,2.3941174
HAM,2024_Singapore,24.0,-5.62519,1.4370847
HAM,2024_Singapore,25.0,-5.586518,1.4692954
HAM,2024_Singapore,26.0,-7.576358,1.473745
HAM,2024_Singapore,27.0,-6.6299386,0.8302817
HAM,2024_Singapore,28.0,-7.633486,0.98448396
HAM,2024_Singapore,29.0,-7.9606395,1.7097038
HAM,2024_Singapore,30.0,-6.776207,1.4069918
HAM,2024_Singapore,31.0,-6.846788,2.4782474
HAM,2024_Singapore,32.0,-5.615147,1.5747241
HAM,2024_Singapore,33.0,-6.6922746,1.4843987
HAM,2024_Singapore,34.0,-5.744498,1.3402352
HAM,2024_Singapore,35.0,-5.662304,1.3227596
HAM,2024_Singapore,36.0,-5.9389253,1.6049005
HAM,2024_Singapore,37.0,-5.6136837,1.5337853
HAM,2024_Singapore,38.0,-5.6456537,1.6311874
HAM,2024_Singapore,39.0,-6.666506,2.7556195
HAM,2024_Singapore,40.0,-6.391101,2.2388446
HAM,2024_Singapore,41.0,-6.525886,2.3910682
HAM,2024_Singapore,42.0,-6.70041,2.5023925
HAM,2024_Singapore,43.0,-5.990597,1.6412495
HAM,2024_Singapore,44.0,-5.550003,1.4998835
HAM,2024_Singapore,45.0,-6.658473,2.512454
HAM,2024_Singapore,46.0,-6.3946733,1.969503
HAM,2024_Singapore,47.0,-5.7998843,1.3283802
HAM,2024_Singapore,48.0,-5.7285895,1.3194003
HAM,2024_Singapore,49.0,-5.820796,1.2333164
HAM,2024_Singapore,50.0,-6.4487,3.025942
HAM,2024_Singapore,51.0,-7.396345,2.6860094
HAM,2024_Singapore,52.0,-6.4880233,1.7766392
HAM,2024_Singapore,53.0,-6.0357313,1.5773568
HAM,2024_Singapore,54.0,-6.603174,2.590351
HAM,2024_Singapore,55.0,-6.3479247,3.0065367
HAM,2024_Singapore,56.0,-6.345756,12.537032
HAM,2024_Singapore,57.0,-6.3604884,3.0049753
HAM,2024_Singapore,58.0,-6.5926247,3.285895
HAM,2024_Singapore,59.0,-6.7298284,2.7782643
HAM,2024_Singapore,60.0,-5.9653044,1.6436849
HAM,2024_Singapore,61.0,-5.92549,2.8815324
HAM,2024_Singapore,62.0,-6.2498875,2.9569795
HAM,2024_Suzuka,4.0,-7.7722793,2.5777857
HAM,2024_Suzuka,5.0,-8.125772,2.541385
HAM,2024_Suzuka,6.0,-7.191724,1.8249168
HAM,2024_Suzuka,7.0,-7.3054166,0.98754716
HAM,2024_Suzuka,8.0,-8.019795,1.1397766
HAM,2024_Suzuka,9.0,-7.992316,1.1382796
HAM,2024_Suzuka,10.0,-7.491175,1.4508699
HAM,2024_Suzuka,11.0,-7.315524,1.2187663
HAM,2024_Suzuka,12.0,-7.725995,1.6267346
HAM,2024_Suzuka,13.0,-8.287091,2.106248
HAM,2024_Suzuka,14.0,-8.213088,2.0442026
HAM,2024_Suzuka,15.0,-7.544161,2.617507
HAM,2024_Suzuka,16.0,-7.5501285,2.6770353
HAM,2024_Suzuka,18.0,-6.8783393,2.6469805
HAM,2024_Suzuka,19.0,-7.0302763,3.2246702
HAM,2024_Suzuka,20.0,-6.7052603,2.434613
HAM,2024_Suzuka,21.0,-6.829844,2.5190904
HAM,2024_Suzuka,22.0,-7.145013,3.350878
HAM,2024_Suzuka,25.0,-8.372201,2.3957758
HAM,2024_Suzuka,26.0,-6.6742992,3.3246646
HAM,2024_Suzuka,27.0,-7.403958,1.6281004
HAM,2024_Suzuka,28.0,-8.257191,2.2818053
HAM,2024_Suzuka,29.0,-8.184828,2.038508
HAM,2024_Suzuka,30.0,-7.781489,2.9771907
HAM,2024_Suzuka,31.0,-6.285195,3.0569856
HAM,2024_Suzuka,32.0,-6.9034734,2.1780188
HAM,2024_Suzuka,33.0,-6.4970407,3.038749
HAM,2024_Suzuka,34.0,-7.8103366,3.1910417
HAM,2024_Suzuka,35.0,-7.756798,3.183245
HAM,2024_Suzuka,36.0,-7.766824,3.2292974
HAM,2024_Suzuka,37.0,-7.7661195,3.2466512
HAM,2024_Suzuka,38.0,-7.778413,3.2509856
HAM,2024_Suzuka,39.0,-7.2064342,3.0457337
HAM,2024_Suzuka,41.0,-6.771275,2.8018734
HAM,2024_Suzuka,42.0,-8.2473,2.2938483
HAM,2024_Suzuka,43.0,-7.844042,3.1381848
HAM,2024_Suzuka,44.0,-7.799157,3.215369
HAM,2024_Suzuka,45.0,-7.780244,3.2470093
HAM,2024_Suzuka,46.0,-7.9314337,2.431026
HAM,2024_Suzuka,47.0,-6.9089346,2.8394997
HAM,2024_Suzuka,48.0,-6.9575944,3.2835305
HAM,2024_Suzuka,49.0,-7.0530176,2.9921925
HAM,2024_Suzuka,50.0,-7.703483,3.2072144
HAM,2024_Suzuka,51.0,-7.036455,3.3709557
HAM,2024_Suzuka,52.0,-6.8978844,3.3547595
HAM,2024_Suzuka,53.0,-7.0512257,3.3312743
LEC,2023_Bahrain,1.0,4.356998,0.06807352
LEC,2023_Bahrain,2.0,3.8758426,0.48997346
LEC,2023_Bahrain,3.0,3.9336026,-0.0031987054
LEC,2023_Bahrain,4.0,4.2925115,0.345353
LEC,2023_Bahrain,5.0,4.267275,-0.06612773
LEC,2023_Bahrain,6.0,4.407305,0.29879105
LEC,2023_Bahrain,7.0,4.4109654,0.2244962
LEC,2023_Bahrain,8.0,4.0800543,0.014611235
LEC,2023_Bahrain,9.0,4.42744,0.17662689
LEC,2023_Bahrain,10.0,4.069225,0.02159727
LEC,2023_Bahrain,11.0,4.2671924,0.025386596
LEC,2023_Bahrain,12.0,4.186068,-0.03223995
LEC,2023_Bahrain,13.0,4.382233,-0.24801551
LEC,2023_Bahrain,15.0,3.8278584,0.7622539
LEC,2023_Bahrain,16.0,4.394413,0.32126012
LEC,2023_Bahrain,17.0,4.4108024,0.30650976
LEC,2023_Bahrain,18.0,4.0639024,0.105278775
LEC,2023_Bahrain,19.0,4.3443413,0.35022148
LEC,2023_Bahrain,20.0,4.050601,0.51648223
LEC,2023_Bahrain,21.0,3.9235585,0.032865047
LEC,2023_Bahrain,22.0,4.3656125,0.14706299
LEC,2023_Bahrain,23.0,4.4456854,0.22127388
LEC,2023_Bahrain,24.0,2.321399,-2.0597146
LEC,2023_Bahrain,25.0,3.9152493,0.5580865
LEC,2023_Bahrain,26.0,4.2801843,-0.045562215
LEC,2023_Bahrain,27.0,3.8488393,-1.0593385
LEC,2023_Bahrain,28.0,4.4334984,0.24026917
LEC,2023_Bahrain,29.0,4.3301864,-0.46723506
LEC,2023_Bahrain,30.0,4.4137125,0.3160894
LEC,2023_Bahrain,31.0,4.2704916,-0.03128413
LEC,2023_Bahrain,32.0,4.356765,0.110265
LEC,2023_Bahrain,33.0,4.405049,-0.10074034
LEC,2023_Bahrain,35.0,3.997492,0.62719023
LEC,2023_Bahrain,36.0,3.9687266,0.6177253
LEC,2023_Bahrain,37.0,4.3976026,0.31198582
LEC,2023_Bahrain,38.0,4.3333216,0.39108077
LEC,2023_Bahrain,39.0,4.4017816,0.30172965
LEC,2023_Monaco,2.0,3.24565,-1.1669351
LEC,2023_Monaco,3.0,2.9799209,-1.1580613
LEC,2023_Monaco,4.0,2.2546082,-0.35089323
LEC,2023_Monaco,5.0,2.7755785,-0.21946955
LEC,2023_Monaco,6.0,2.5574682,-1.1777562
LEC,2023_Monaco,7.0,2.6909542,-1.0853287
LEC,2023_Monaco,8.0,3.1707652,-1.0693269
LEC,2023_Monaco,9.0,2.8894603,-2.3742747
LEC,2023_Monaco,10.0,3.4279978,-1.7452396
LEC,2023_Monaco,11.0,3.2340965,-1.2687515
LEC,2023_Monaco,12.0,2.3695073,-2.2407093
LEC,2023_Monaco,13.0,2.5220385,-1.2104876
LEC,2023_Monaco,14.0,2.4607875,-1.3415607
LEC,2023_Monaco,15.0,3.2455225,-1.4415828
LEC,2023_Monaco,16.0,3.3865714,-0.34668976
LEC,2023_Monaco,17.0,3.261404,-1.2764094
LEC,2023_Monaco,18.0,3.0944085,-1.4605958
LEC,2023_Monaco,19.0,2.9790719,-0.14756389
LEC,2023_Monaco,20.0,2.255415,-2.0377152
LEC,2023_Monaco,21.0,3.074351,-1.319031
LEC,2023_Monaco,22.0,2.8254366,-1.1224841
LEC,2023_Monaco,23.0,2.3860195,-2.2654784
LEC,2023_Monaco,24.0,3.5502462,-0.80930173
LEC,2023_Monaco,25.0,2.6842844,-2.6573267
LEC,2023_Monaco,26.0,2.9211283,-1.2637107
LEC,2023_Monaco,27.0,3.1513999,-1.9929073
LEC,2023_Monaco,28.0,3.583161,-0.7066681
LEC,2023_Monaco,29.0,2.7284217,-1.077516
LEC,2023_Monaco,30.0,2.7821276,-2.882161
LEC,2023_Monaco,31.0,2.7890463,-2.8601787
LEC,2023_Monaco,32.0,2.412339,-2.2152324
LEC,2023_Monaco,33.0,2.5737994,-2.4724848
LEC,2023_Monaco,34.0,3.8435953,-0.63012046
LEC,2023_Monaco,35.0,2.6797621,-2.5705578
LEC,2023_Monaco,36.0,2.3334699,-2.1357653
LEC,2023_Monaco,37.0,2.353677,-2.1991165
LEC,2023_Monaco,38.0,3.3560848,-1.5421251
LEC,2023_Monaco,39.0,3.2137723,-1.0378635
LEC,2023_Monaco,40.0,2.784132,-2.7994657
LEC,2023_Monaco,41.0,3.6587079,-0.84697455
LEC,2023_Monaco,42.0,3.7621686,-0.84961516
LEC,2023_Monaco,43.0,3.8013172,-0.93071157
LEC,2023_Monaco,45.0,3.231426,-1.2609504
LEC,2023_Monaco,46.0,2.6691363,-2.7533972
LEC,2023_Monaco,47.0,3.0315328,-1.1626834
LEC,2023_Monaco,48.0,2.7215338,-1.1141704
LEC,2023_Monaco,49.0,3.8984535,-0.8225986
LEC,2023_Monaco,50.0,1.4864205,-0.67599535
LEC,2023_Monaco,51.0,3.2672079,-1.7940427
LEC,2023_Monza,1.0,2.4812062,0.8875937
LEC,2023_Monza,2.0,2.2626197,0.9774078
LEC,2023_Monza,3.0,2.4005346,0.94671494
LEC,2023_Monza,4.0,2.0195134,0.69359607
LEC,2023_Monza,5.0,2.2271564,1.0737362
LEC,2023_Monza,6.0,1.8802041,0.58758277
LEC,2023_Monza,7.0,2.079749,1.1949826
LEC,2023_Monza,8.0,2.2170897,1.0382049
LEC,2023_Monza,9.0,2.7421055,1.6640334
LEC,2023_Monza,10.0,2.7335224,1.1774263
LEC,2023_Monza,11.0,2.5907953,1.111876
LEC,2023_Monza,12.0,2.6486287,0.8582782
LEC,2023_Monza,13.0,2.343605,1.2876507
LEC,2023_Monza,14.0,2.454098,0.931914
LEC,2023_Monza,15.0,2.4926934,1.4820218
LEC,2023_Monza,16.0,2.6842701,1.6221598
LEC,2023_Monza,17.0,2.5798564,1.5682458
LEC,2023_Monza,18.0,2.4349444,1.0993531
LEC,2023_Monza,19.0,1.8778365,1.0055206
LEC,2023_Monza,20.0,1.2931981,-1.3014562
LEC,2023_Monza,22.0,2.1339219,1.4512368
LEC,2023_Monza,23.0,2.677082,1.6689137
LEC,2023_Monza,24.0,2.6103723,1.6116928
LEC,2023_Monza,25.0,2.4339032,1.5479459
LEC,2023_Monza,26.0,1.8038472,0.97214705
LEC,2023_Monza,27.0,2.4706542,1.0982999
LEC,2023_Monza,28.0,1.8910891,1.137634
LEC,2023_Monza,29.0,2.700762,1.6765643
LEC,2023_Monza,30.0,2.8794336,1.3168777
LEC,2023_Monza,31.0,2.6204336,0.93255985
LEC,2023_Monza,32.0,2.273024,0.9424419
LEC,2023_Monza,33.0,2.7766132,1.0926144
LEC,2023_Monza,34.0,2.7735455,1.1198815
LEC,2023_Monza,35.0,2.7433531,1.6210223
LEC,2023_Monza,36.0,2.853432,0.81070876
LEC,2023_Monza,37.0,2.686673,0.8079298
LEC,2023_Monza,38.0,2.333088,1.566337
LEC,2023_Monza,39.0,1.9480944,1.0641856
LEC,2023_Monza,40.0,2.8758254,1.3437771
LEC,2023_Monza,41.0,2.763784,1.1087965
LEC,2023_Monza,42.0,2.7542965,1.6648747
LEC,2023_Monza,43.0,2.8605123,1.3691889
LEC,2023_Monza,44.0,2.752233,1.6639671
LEC,2023_Monza,45.0,2.8646986,1.3797809
LEC,2023_Monza,46.0,2.8589308,1.4326317
LEC,2023_Monza,47.0,2.8166428,0.05681146
LEC,2023_Monza,48.0,2.6532326,0.19507113
LEC,2023_Monza,49.0,2.4510453,1.0294874
LEC,2023_Monza,50.0,2.9021478,0.75719696
LEC,2023_Monza,51.0,2.8990107,1.4782019
LEC,2023_Silverstone,2.0,2.7871497,-0.014273857
LEC,2023_Silverstone,3.0,2.3724973,-0.42198566
LEC,2023_Silverstone,4.0,2.0179791,-0.5115298
LEC,2023_Silverstone,5.0,1.7754656,0.018086847
LEC,2023_Silverstone,6.0,2.0322945,-0.37839177
LEC,2023_Silverstone,7.0,2.2362254,-1.0040761
LEC,2023_Silverstone,8.0,1.7163427,0.3711123
LEC,2023_Silverstone,9.0,2.74488,-0.9557115
LEC,2023_Silverstone,10.0,2.7592623,0.15401003
LEC,2023_Silverstone,11.0,1.7887608,0.23577616
LEC,2023_Silverstone,12.0,2.5665932,-0.06460143
LEC,2023_Silverstone,13.0,1.9738195,0.018008174
LEC,2023_Silverstone,14.0,1.9876249,0.024672532
LEC,2023_Silverstone,15.0,1.8959303,0.022802288
LEC,2023_Silverstone,16.0,1.6140126,-0.9719607
LEC,2023_Silverstone,17.0,1.7602943,-0.84986323
LEC,2023_Silverstone,18.0,0.9627205,-1.2283076
LEC,2023_Silverstone,20.0,2.1181562,0.33064297
LEC,2023_Silverstone,21.0,2.0519164,1.4031246
LEC,2023_Silverstone,22.0,1.4217353,-1.1923208
LEC,2023_Silverstone,23.0,1.9966415,-0.47126034
LEC,2023_Silverstone,24.0,1.4644904,-1.3871716
LEC,2023_Silverstone,25.0,1.7177032,-0.81299955
LEC,2023_Silverstone,26.0,2.0566156,-0.51886606
LEC,2023_Silverstone,27.0,3.214589,-1.3022332
LEC,2023_Silverstone,28.0,2.7260008,0.623689
LEC,2023_Silverstone,29.0,2.140488,0.047838517
LEC,2023_Silverstone,30.0,1.8136226,-0.18474258
LEC,2023_Silverstone,31.0,1.7116033,-0.023686837
LEC,2023_Silverstone,32.0,2.3833008,-2.0394936
LEC,2023_Silverstone,39.0,2.1248648,-0.9117527
LEC,2023_Silverstone,40.0,2.6395235,-0.087356724
LEC,2023_Silverstone,41.0,2.3969042,-0.3799813
LEC,2023_Silverstone,42.0,2.314777,-1.313569
LEC,2023_Silverstone,43.0,2.2781126,0.007632106
LEC,2023_Silverstone,44.0,2.5810635,-0.1531945
LEC,2023_Silverstone,45.0,2.3423505,1.0607468
LEC,2023_Silverstone,46.0,2.8563318,0.83052826
LEC,2023_Silverstone,47.0,2.108783,-0.38207704
LEC,2023_Silverstone,48.0,2.0729692,-0.49626246
LEC,2023_Silverstone,49.0,1.7954487,-0.52810526
LEC,2023_Silverstone,50.0,1.5981678,-0.28505692
LEC,2023_Silverstone,51.0,1.7440127,-0.03579853
LEC,2023_Silverstone,52.0,2.566568,-0.4163087
LEC,2023_Singapore,1.0,3.08661,0.022581106
LEC,2023_Singapore,2.0,2.4098783,-1.497539
LEC,2023_Singapore,3.0,2.1843648,-1.4410318
LEC,2023_Singapore,4.0,2.722819,-1.6232846
LEC,2023_Singapore,5.0,2.8072338,-1.5928667
LEC,2023_Singapore,6.0,3.1366427,-0.38718548
LEC,2023_Singapore,7.0,2.6666605,-1.5978279
LEC,2023_Singapore,8.0,2.8983505,-0.4250244
LEC,2023_Singapore,9.0,2.5060754,-1.501411
LEC,2023_Singapore,10.0,2.2601178,-1.5022444
LEC,2023_Singapore,11.0,2.9627168,-0.6279736
LEC,2023_Singapore,12.0,2.6249747,-1.6498336
LEC,2023_Singapore,13.0,3.9847617,-0.7257416
LEC,2023_Singapore,14.0,3.2547162,-0.33920914
LEC,2023_Singapore,15.0,3.258841,-0.41025355
LEC,2023_Singapore,16.0,3.1104972,-0.4333432
LEC,2023_Singapore,17.0,3.488734,-1.5607275
LEC,2023_Singapore,18.0,4.025362,-1.1958127
LEC,2023_Singapore,19.0,3.4114294,-1.2466599
LEC,2023_Singapore,23.0,2.8122237,-2.7368042
LEC,2023_Singapore,24.0,3.412103,-0.41520852
LEC,2023_Singapore,25.0,2.9522774,-0.46490318
LEC,2023_Singapore,26.0,3.3046155,-0.31042176
LEC,2023_Singapore,27.0,3.9084337,-1.2666646
LEC,2023_Singapore,28.0,3.6205072,-1.6701834
LEC,2023_Singapore,29.0,4.180102,-0.13158189
LEC,2023_Singapore,30.0,2.6754382,-1.6699265
LEC,2023_Singapore,31.0,2.6826348,-1.6658162
LEC,2023_Singapore,32.0,2.8629637,-0.47152844
LEC,2023_Singapore,33.0,2.6569564,-1.6670144
LEC,2023_Singapore,34.0,2.713105,-1.6164243
LEC,2023_Singapore,35.0,3.082092,-2.1836536
LEC,2023_Singapore,36.0,3.0332665,-0.43417773
LEC,2023_Singapore,37.0,2.5319912,-1.5463712
LEC,2023_Singapore,38.0,2.5881407,-1.5420408
LEC,2023_Singapore,39.0,2.6782064,-1.5146209
LEC,2023_Singapore,40.0,2.3973355,-2.018148
LEC,2023_Singapore,41.0,2.660812,-1.849832
LEC,2023_Singapore,42.0,3.2891488,-0.337666
LEC,2023_Singapore,43.0,2.7310574,-1.225671
LEC,2023_Singapore,46.0,3.5076914,-2.0205839
LEC,2023_Singapore,47.0,3.5169017,-1.8281053
LEC,2023_Singapore,48.0,3.3174524,-2.4499087
LEC,2023_Singapore,49.0,3.954108,-1.2226305
LEC,2023_Singapore,50.0,2.6585193,-1.6369752
LEC,2023_Singapore,51.0,3.2534373,-2.067153
LEC,2023_Singapore,52.0,3.1117074,-2.0736046
LEC,2023_Singapore,53.0,2.7431786,-2.46831
LEC,2023_Singapore,54.0,3.2928908,-2.157701
LEC,2023_Singapore,55.0,3.443575,-1.2243633
LEC,2023_Singapore,56.0,2.9458745,-1.6834718
LEC,2023_Singapore,57.0,3.2211378,-2.0280097
LEC,2023_Singapore,58.0,3.2786877,-1.8894914
LEC,2023_Singapore,59.0,2.6603794,-2.3868227
LEC,2023_Singapore,60.0,3.6340678,-1.7654359
LEC,2023_Singapore,61.0,3.991584,-1.2341326
LEC,2023_Singapore,62.0,3.5496738,-1.8027846
LEC,2023_Suzuka,5.0,2.652563,-0.20392475
LEC,2023_Suzuka,6.0,2.6365874,0.30612487
LEC,2023_Suzuka,7.0,2.4525466,1.1757588
LEC,2023_Suzuka,8.0,1.9152714,-0.11347673
LEC,2023_Suzuka,9.0,2.759725,-0.13677038
LEC,2023_Suzuka,10.0,3.1801262,0.1595821
LEC,2023_Suzuka,11.0,2.8745918,-0.32783252
LEC,2023_Suzuka,12.0,3.441747,-0.86551565
LEC,2023_Suzuka,13.0,2.9270833,-0.1745146
LEC,2023_Suzuka,15.0,3.87535,-0.5786256
LEC,2023_Suzuka,16.0,2.8940563,0.36780155
LEC,2023_Suzuka,17.0,2.1727529,-1.8849514
LEC,2023_Suzuka,19.0,3.3917696,-1.1144841
LEC,2023_Suzuka,20.0,2.5242267,0.06907093
LEC,2023_Suzuka,21.0,2.85328,-0.23413074
LEC,2023_Suzuka,22.0,2.954425,0.42977762
LEC,2023_Suzuka,23.0,3.1500418,0.053627398
LEC,2023_Suzuka,24.0,3.2268217,0.10906208
LEC,2023_Suzuka,25.0,2.7019339,1.0867941
LEC,2023_Suzuka,26.0,3.2004125,0.0132488385
LEC,2023_Suzuka,27.0,3.4762647,-1.2113245
LEC,2023_Suzuka,28.0,3.056754,-0.21540459
LEC,2023_Suzuka,29.0,3.1570199,-1.1374274
LEC,2023_Suzuka,30.0,3.195944,-0.00047704967
LEC,2023_Suzuka,31.0,3.7524087,-0.59199893
LEC,2023_Suzuka,32.0,3.1691241,-0.18779871
LEC,2023_Suzuka,33.0,3.3997288,-1.1760892
LEC,2023_Suzuka,34.0,3.7427473,-1.1544362
LEC,2023_Suzuka,36.0,3.1621904,0.16765521
LEC,2023_Suzuka,37.0,2.6242733,1.325185
LEC,2023_Suzuka,38.0,2.6142712,1.3913883
LEC,2023_Suzuka,39.0,2.727372,1.0935035
LEC,2023_Suzuka,40.0,2.6805751,0.23171051
LEC,2023_Suzuka,41.0,2.4815025,0.31976014
LEC,2023_Suzuka,42.0,2.7583756,-0.15155524
LEC,2023_Suzuka,43.0,3.163609,-0.2281321
LEC,2023_Suzuka,44.0,3.150925,0.04960323
LEC,2023_Suzuka,45.0,3.4709237,-1.1846324
LEC,2023_Suzuka,46.0,2.9017491,0.41457942
LEC,2023_Suzuka,47.0,3.4426374,-0.7810857
LEC,2023_Suzuka,48.0,3.1222079,0.44546005
LEC,2023_Suzuka,49.0,2.862614,-0.4698632
LEC,2023_Suzuka,50.0,2.9526544,0.3368449
LEC,2023_Suzuka,51.0,3.7733598,-0.4651048
LEC,2023_Suzuka,52.0,3.8687344,-0.5767804
LEC,2023_Suzuka,53.0,4.075054,-0.107002884
LEC,2024_Bahrain,1.0,4.4000306,-0.10448896
LEC,2024_Bahrain,2.0,2.4360595,-1.9427305
LEC,2024_Bahrain,3.0,4.1970916,-0.14979263
LEC,2024_Bahrain,4.0,2.5505238,-2.0140297
LEC,2024_Bahrain,5.0,4.20594,-0.17580399
LEC,2024_Bahrain,6.0,4.0704927,0.0054393476
LEC,2024_Bahrain,7.0,4.3199697,-0.041465674
LEC,2024_Bahrain,8.0,4.402112,-0.12147396
LEC,2024_Bahrain,9.0,2.5092573,-2.369777
LEC,2024_Bahrain,10.0,4.1665983,-0.1391055
LEC,2024_Bahrain,13.0,4.2518606,-0.08408119
LEC,2024_Bahrain,14.0,4.4120274,0.27625358
LEC,2024_Bahrain,15.0,2.3249252,-2.03611
LEC,2024_Bahrain,16.0,2.390637,-2.1814907
LEC,2024_Bahrain,17.0,2.405107,-2.2559621
LEC,2024_Bahrain,18.0,3.2889488,-0.043674488
LEC,2024_Bahrain,19.0,4.3698235,0.16490772
LEC,2024_Bahrain,20.0,4.257154,-0.041794088
LEC,2024_Bahrain,21.0,4.083514,-0.12709977
LEC,2024_Bahrain,22.0,2.3923419,-2.2161624
LEC,2024_Bahrain,23.0,2.5743246,-2.5067127
LEC,2024_Bahrain,24.0,3.869307,-1.26461
LEC,2024_Bahrain,25.0,3.0836124,-2.0029707
LEC,2024_Bahrain,26.0,3.6108806,-1.6924977
LEC,2024_Bahrain,27.0,4.126561,-1.0339842
LEC,2024_Bahrain,28.0,3.920361,-1.2880476
LEC,2024_Bahrain,29.0,3.4029377,-2.174407
LEC,2024_Bahrain,30.0,2.3249736,-2.1479304
LEC,2024_Bahrain,31.0,2.7009594,-2.5439384
LEC,2024_Bahrain,32.0,3.7997913,-0.98620117
LEC,2024_Bahrain,33.0,4.0926337,-0.7194018
LEC,2024_Bahrain,34.0,3.9348788,-1.3091209
LEC,2024_Bahrain,36.0,3.182018,-0.2588444
LEC,2024_Bahrain,37.0,2.990165,-1.651315
LEC,2024_Bahrain,38.0,3.4007878,-1.1927798
LEC,2024_Bahrain,39.0,4.2206006,-0.71476316
LEC,2024_Bahrain,40.0,4.1973915,-0.7456146
LEC,2024_Bahrain,41.0,4.2554502,-0.65474457
LEC,2024_Bahrain,42.0,4.1043987,-0.7977037
LEC,2024_Bahrain,43.0,3.688448,-1.5196099
LEC,2024_Bahrain,44.0,3.6081343,-1.5776914
LEC,2024_Bahrain,45.0,3.2050755,-2.0258954
LEC,2024_Bahrain,46.0,4.2291627,-0.7311407
LEC,2024_Bahrain,47.0,3.78978,-1.1357063
LEC,2024_Bahrain,48.0,3.9126027,-0.67744726
LEC,2024_Bahrain,49.0,4.1491833,-0.97922134
LEC,2024_Bahrain,50.0,3.4237072,-1.0946008
LEC,2024_Bahrain,51.0,3.065254,-1.0844575
LEC,2024_Bahrain,52.0,3.365182,-0.91858375
LEC,2024_Bahrain,53.0,4.197928,-0.6780266
LEC,2024_Bahrain,54.0,4.0463414,-0.79918414
LEC,2024_Bahrain,55.0,4.2311983,-0.70356876
LEC,2024_Bahrain,56.0,4.1208158,-0.94293165
LEC,2024_Bahrain,57.0,3.8428571,-1.3850952
LEC,2024_Monaco,9.0,1.5817728,-1.3027424
LEC,2024_Monaco,12.0,1.2504015,-1.2383368
LEC,2024_Monaco,13.0,1.3766729,-1.1256609
LEC,2024_Monaco,14.0,2.1046784,-1.123637
LEC,2024_Monaco,15.0,0.91800326,-1.0607978
LEC,2024_Monaco,16.0,1.4867537,-1.4362675
LEC,2024_Monaco,17.0,1.7353812,-1.5322678
LEC,2024_Monaco,18.0,1.7658933,-1.5786635
LEC,2024_Monaco,19.0,1.2648656,-1.1143669
LEC,2024_Monaco,20.0,1.1508336,-1.2858753
LEC,2024_Monaco,21.0,1.0833231,-1.148745
LEC,2024_Monaco,22.0,1.2472721,-1.1617938
LEC,2024_Monaco,23.0,1.1634438,-1.2140892
LEC,2024_Monaco,24.0,0.8171305,-1.1939384
LEC,2024_Monaco,25.0,1.4024221,-1.411884
LEC,2024_Monaco,26.0,1.2079985,-1.2836267
LEC,2024_Monaco,27.0,0.8515155,-1.1839304
LEC,2024_Monaco,28.0,1.2906127,-0.9375699
LEC,2024_Monaco,29.0,1.0920533,-1.1365465
LEC,2024_Monaco,30.0,0.83844215,-1.1367044
LEC,2024_Monaco,31.0,1.3312948,-1.3454809
LEC,2024_Monaco,32.0,1.265718,-1.3590473
LEC,2024_Monaco,33.0,1.4572293,-1.4293493
LEC,2024_Monaco,34.0,1.2089788,-1.2846712
LEC,2024_Monaco,35.0,1.0775753,-1.1954088
LEC,2024_Monaco,36.0,3.9142935,0.53257525
LEC,2024_Monaco,37.0,1.2317649,-1.3328987
LEC,2024_Monaco,38.0,2.1519597,-1.8669604
LEC,2024_Monaco,39.0,0.8631077,-1.1523831
LEC,2024_Monaco,40.0,1.15519,-1.2809333
LEC,2024_Monaco,41.0,2.0044687,1.2599853
LEC,2024_Monaco,42.0,1.332123,-1.3574378
LEC,2024_Monaco,43.0,0.8599164,-1.1623768
LEC,2024_Monaco,44.0,1.213042,-1.1145082
LEC,2024_Monaco,45.0,0.87186396,-1.1238856
LEC,2024_Monaco,46.0,1.1756129,-1.2880201
LEC,2024_Monaco,47.0,0.9727626,-1.0509704
LEC,2024_Monaco,48.0,0.83095545,-1.16161
LEC,2024_Monaco,49.0,0.83618724,-1.1677198
LEC,2024_Monaco,50.0,0.85295886,-1.1354536
LEC,2024_Monaco,51.0,1.9068774,0.058431346
LEC,2024_Monaco,52.0,1.8369004,-0.020400707
LEC,2024_Monaco,53.0,2.0586722,0.3849027
LEC,2024_Monaco,54.0,2.1271818,0.7465305
LEC,2024_Monaco,55.0,1.2000089,-1.136839
LEC,2024_Monaco,56.0,1.001077,-1.1624204
LEC,2024_Monaco,57.0,1.2718973,-0.90699536
LEC,2024_Monaco,58.0,1.7436134,-1.4329733
LEC,2024_Monaco,59.0,1.3921316,-1.1924474
LEC,2024_Monaco,60.0,2.684426,-0.18877375
LEC,2024_Monaco,61.0,1.2008302,-1.2950752
LEC,2024_Monaco,62.0,3.050478,0.1047408
LEC,2024_Monaco,63.0,0.8101862,-1.139272
LEC,2024_Monaco,64.0,3.7491758,0.46811727
LEC,2024_Monaco,65.0,0.83075756,-1.1380336
LEC,2024_Monaco,66.0,1.2230448,-1.3466821
LEC,2024_Monaco,67.0,2.3931465,0.11931861
LEC,2024_Monaco,68.0,1.1444367,-1.0762315
LEC,2024_Monaco,69.0,2.473371,0.3692662
LEC,2024_Monaco,70.0,1.5549052,-1.4548923
LEC,2024_Monaco,71.0,2.4452546,0.11063851
LEC,2024_Monaco,72.0,2.6977544,0.59158355
LEC,2024_Monaco,73.0,2.585768,0.6354437
LEC,2024_Monaco,74.0,2.3807192,0.8023409
LEC,2024_Monaco,75.0,2.8378613,-0.85427225
LEC,2024_Monaco,76.0,1.3535881,-1.3397915
LEC,2024_Monaco,77.0,1.9794143,0.26633868
LEC,2024_Monaco,78.0,4.157222,0.46833596
LEC,2024_Monza,1.0,2.656778,1.0641602
LEC,2024_Monza,2.0,2.2454472,-0.09684117
LEC,2024_Monza,3.0,2.2139223,1.4738789
LEC,2024_Monza,4.0,2.225796,1.5176152
LEC,2024_Monza,5.0,1.709646,0.67783386
LEC,2024_Monza,6.0,2.0671105,1.4024043
LEC,2024_Monza,7.0,1.8910744,1.0512094
LEC,2024_Monza,8.0,2.6254237,1.6582291
LEC,2024_Monza,9.0,2.6936395,1.6723274
LEC,2024_Monza,10.0,2.1800091,1.5061688
LEC,2024_Monza,11.0,1.6555988,0.53460634
LEC,2024_Monza,12.0,1.5637909,0.27270678
LEC,2024_Monza,13.0,2.191092,-0.03839744
LEC,2024_Monza,14.0,2.490562,0.20056729
LEC,2024_Monza,17.0,2.4709437,0.23386699
LEC,2024_Monza,18.0,1.854766,0.9984981
LEC,2024_Monza,19.0,2.009145,1.383982
LEC,2024_Monza,20.0,1.5979266,-0.030206153
LEC,2024_Monza,21.0,1.8071865,0.91659683
LEC,2024_Monza,22.0,1.7698934,0.93547904
LEC,2024_Monza,23.0,2.8562584,1.2127769
LEC,2024_Monza,24.0,2.0157557,0.2504275
LEC,2024_Monza,25.0,1.8329926,0.6489832
LEC,2024_Monza,26.0,1.6012379,0.44135213
LEC,2024_Monza,27.0,1.8708603,0.53984535
LEC,2024_Monza,28.0,1.6992755,0.41489786
LEC,2024_Monza,29.0,1.6836534,0.58484924
LEC,2024_Monza,30.0,2.8325665,1.4853568
LEC,2024_Monza,31.0,2.8553221,1.3868762
LEC,2024_Monza,32.0,2.695359,1.551281
LEC,2024_Monza,33.0,2.5977948,0.70130754
LEC,2024_Monza,34.0,1.6939096,0.5856078
LEC,2024_Monza,35.0,1.7589198,0.6822569
LEC,2024_Monza,36.0,1.6374267,0.5160883
LEC,2024_Monza,37.0,1.6118356,0.38717392
LEC,2024_Monza,38.0,1.8097417,0.9963793
LEC,2024_Monza,39.0,2.6331794,0.77238435
LEC,2024_Monza,40.0,1.7593633,0.8811532
LEC,2024_Monza,41.0,2.8019905,1.1234257
LEC,2024_Monza,42.0,1.6189119,0.5661966
LEC,2024_Monza,43.0,1.635225,0.5544219
LEC,2024_Monza,44.0,1.5952374,0.37624398
LEC,2024_Monza,45.0,2.0594368,-0.3447723
LEC,2024_Monza,46.0,2.342827,0.48792052
LEC,2024_Monza,47.0,1.7922629,0.6389141
LEC,2024_Monza,48.0,2.6524377,0.92402536
LEC,2024_Monza,49.0,1.8764799,1.0510099
LEC,2024_Monza,50.0,2.0108104,-0.45382074
LEC,2024_Monza,51.0,1.6084925,0.2628293
LEC,2024_Monza,52.0,1.6721547,0.40984425
LEC,2024_Monza,53.0,2.1586142,0.15279216
LEC,2024_Silverstone,2.0,2.4921997,1.3946141
LEC,2024_Silverstone,3.0,2.492583,-0.078454494
LEC,2024_Silverstone,4.0,2.0315745,1.3205254
LEC,2024_Silverstone,5.0,2.4552333,1.0509161
LEC,2024_Silverstone,6.0,1.7854022,-0.76166564
LEC,2024_Silverstone,7.0,2.0913527,-0.31929377
LEC,2024_Silverstone,8.0,8.33563,-4.7233706
LEC,2024_Silverstone,9.0,2.4316394,0.15093017
LEC,2024_Silverstone,10.0,2.4615526,1.2786683
LEC,2024_Silverstone,11.0,1.9194902,0.19953921
LEC,2024_Silverstone,12.0,2.2113981,0.8975011
LEC,2024_Silverstone,13.0,2.0427828,-0.5164733
LEC,2024_Silverstone,14.0,1.9767854,-0.26087973
LEC,2024_Silverstone,15.0,2.173286,-0.47847593
LEC,2024_Silverstone,16.0,2.039698,-0.6740619
LEC,2024_Silverstone,17.0,3.1438975,0.17859493
LEC,2024_Silverstone,18.0,1.1866813,-1.1148237
LEC,2024_Silverstone,39.0,2.0519872,-0.3893821
LEC,2024_Silverstone,40.0,1.9855965,-0.27029026
LEC,2024_Silverstone,41.0,2.3693511,0.22313999
LEC,2024_Silverstone,42.0,2.290528,-0.21337964
LEC,2024_Silverstone,43.0,2.6445065,-1.0770073
LEC,2024_Silverstone,44.0,2.443924,-0.07082511
LEC,2024_Silverstone,45.0,2.7674057,0.42326608
LEC,2024_Silverstone,46.0,2.3209944,-0.18260263
LEC,2024_Silverstone,47.0,2.4724324,0.09389791
LEC,2024_Silverstone,48.0,2.5376372,-0.55894595
LEC,2024_Silverstone,49.0,2.7066133,-0.95842034
LEC,2024_Silverstone,50.0,2.615553,-1.0861326
LEC,2024_Silverstone,51.0,2.6479506,0.09468871
LEC,2024_Singapore,2.0,2.3709478,-1.9945827
LEC,2024_Singapore,3.0,2.72067,-2.8082275
LEC,2024_Singapore,4.0,2.507112,-2.329098
LEC,2024_Singapore,5.0,3.6762576,-1.6866802
LEC,2024_Singapore,6.0,3.517822,-1.6619884
LEC,2024_Singapore,7.0,2.6266809,-1.564107
LEC,2024_Singapore,8.0,2.3129318,-1.6021808
LEC,2024_Singapore,9.0,2.552796,-2.4366994
LEC,2024_Singapore,10.0,2.743414,-2.8354616
LEC,2024_Singapore,11.0,2.503746,-2.4887373
LEC,2024_Singapore,12.0,2.8021586,-2.2082498
LEC,2024_Singapore,13.0,2.7518182,-2.8283508
LEC,2024_Singapore,14.0,3.2055936,-2.820692
LEC,2024_Singapore,15.0,2.607938,-2.6210954
LEC,2024_Singapore,16.0,2.7396352,-2.8392386
LEC,2024_Singapore,17.0,2.3500662,-2.015728
LEC,2024_Singapore,18.0,2.316319,-2.1434224
LEC,2024_Singapore,19.0,3.0797894,-2.4292295
LEC,2024_Singapore,20.0,2.9573967,-2.5564184
LEC,2024_Singapore,21.0,2.4921522,-2.2304585
LEC,2024_Singapore,22.0,2.7103796,-2.7888916
LEC,2024_Singapore,23.0,3.0173419,-2.252526
LEC,2024_Singapore,24.0,3.2939289,-2.2048082
LEC,2024_Singapore,25.0,3.2862465,-2.274687
LEC,2024_Singapore,26.0,3.4699812,-2.0189204
LEC,2024_Singapore,27.0,2.6817489,-2.5040903
LEC,2024_Singapore,28.0,2.7960157,-2.7496877
LEC,2024_Singapore,29.0,2.7868478,-2.898881
LEC,2024_Singapore,30.0,3.1024067,-2.8600504
LEC,2024_Singapore,31.0,2.5144775,-2.1575296
LEC,2024_Singapore,32.0,3.2977817,-2.438935
LEC,2024_Singapore,33.0,3.3205957,-2.3430731
LEC,2024_Singapore,34.0,2.8412163,-2.8888376
LEC,2024_Singapore,35.0,2.8201852,-2.9191258
LEC,2024_Singapore,38.0,2.9978695,-2.6897583
LEC,2024_Singapore,39.0,2.8161232,-2.9367025
LEC,2024_Singapore,40.0,3.2545288,-2.4330218
LEC,2024_Singapore,41.0,2.874891,-2.9915078
LEC,2024_Singapore,42.0,2.8382893,-2.981688
LEC,2024_Singapore,43.0,2.8003776,-2.9070306
LEC,2024_Singapore,44.0,3.255331,-2.8512795
LEC,2024_Singapore,45.0,3.2770789,-2.4206583
LEC,2024_Singapore,46.0,3.2884374,-2.8032737
LEC,2024_Singapore,47.0,3.2218068,-2.8545132
LEC,2024_Singapore,48.0,3.2499084,-2.8613534
LEC,2024_Singapore,49.0,2.8044176,-2.8879478
LEC,2024_Singapore,50.0,3.2378576,-2.8359246
LEC,2024_Singapore,51.0,3.2625673,-2.8500242
LEC,2024_Singapore,52.0,3.270547,-2.8239844
LEC,2024_Singapore,53.0,3.19273,-2.861329
LEC,2024_Singapore,54.0,2.9236503,-2.9994144
LEC,2024_Singapore,55.0,9.468896,-7.926772
LEC,2024_Singapore,56.0,2.9620287,-2.9606884
LEC,2024_Singapore,57.0,2.8347187,-2.9688601
LEC,2024_Singapore,58.0,3.0794318,-2.777739
LEC,2024_Singapore,59.0,3.0609665,-2.737798
LEC,2024_Singapore,60.0,2.820711,-2.067328
LEC,2024_Singapore,61.0,2.6931996,-2.4932477
LEC,2024_Singapore,62.0,3.0331805,-2.6810048
LEC,2024_Suzuka,4.0,2.6018019,1.2172455
LEC,2024_Suzuka,5.0,2.812286,-0.2129668
LEC,2024_Suzuka,6.0,2.7195058,-0.24555454
LEC,2024_Suzuka,7.0,1.9737777,-0.87230337
LEC,2024_Suzuka,8.0,2.5995774,-1.1712154
LEC,2024_Suzuka,9.0,3.1998308,-0.047298428
LEC,2024_Suzuka,10.0,3.116962,-0.072716914
LEC,2024_Suzuka,11.0,3.2879317,-1.1562655
LEC,2024_Suzuka,12.0,3.619289,-0.8893069
LEC,2024_Suzuka,13.0,3.023917,0.028441977
LEC,2024_Suzuka,14.0,2.6544967,-1.4060154
LEC,2024_Suzuka,15.0,2.5516946,-0.14545275
LEC,2024_Suzuka,16.0,3.3217757,-1.2311267
LEC,2024_Suzuka,17.0,3.565771,-1.0816138
LEC,2024_Suzuka,18.0,3.3762813,-1.9514948
LEC,2024_Suzuka,19.0,2.32561,-2.026979
LEC,2024_Suzuka,20.0,2.7167068,-2.729277
LEC,2024_Suzuka,21.0,2.3679326,-2.1857848
LEC,2024_Suzuka,22.0,3.1215596,-1.7523006
LEC,2024_Suzuka,23.0,3.5587215,-1.4811141
LEC,2024_Suzuka,24.0,3.1361814,-1.8266566
LEC,2024_Suzuka,25.0,3.2886689,-1.2155198
LEC,2024_Suzuka,28.0,2.114635,-0.32547212
LEC,2024_Suzuka,29.0,3.539624,-1.1731483
LEC,2024_Suzuka,30.0,3.6332521,-0.54501885
LEC,2024_Suzuka,31.0,3.3429759,-1.1284719
LEC,2024_Suzuka,32.0,3.172781,0.04198249
LEC,2024_Suzuka,33.0,2.9400525,-0.10850765
LEC,2024_Suzuka,34.0,2.799878,-0.5242731
LEC,2024_Suzuka,35.0,1.5681597,-0.4581581
LEC,2024_Suzuka,36.0,3.24456,0.007696378
LEC,2024_Suzuka,37.0,3.1300707,-0.5360629
LEC,2024_Suzuka,38.0,2.7842689,-0.22147094
LEC,2024_Suzuka,39.0,3.0804493,1.105784
LEC,2024_Suzuka,40.0,2.4753096,-1.2004642
LEC,2024_Suzuka,41.0,3.0926368,-1.8459902
LEC,2024_Suzuka,42.0,2.949121,-0.17688096
LEC,2024_Suzuka,43.0,3.3895545,-1.7231585
LEC,2024_Suzuka,44.0,3.9252954,-0.6221182
LEC,2024_Suzuka,45.0,3.453127,-1.9385146
LEC,2024_Suzuka,46.0,3.0712028,-1.911363
LEC,2024_Suzuka,47.0,2.8266168,-1.0922132
LEC,2024_Suzuka,48.0,3.1830754,-1.7970566
LEC,2024_Suzuka,49.0,3.4932048,-1.0963289
LEC,2024_Suzuka,50.0,3.0321429,-1.5888534
LEC,2024_Suzuka,51.0,3.2371445,-1.6851312
LEC,2024_Suzuka,52.0,3.4821062,-1.5419091
LEC,2024_Suzuka,53.0,3.2466695,-1.7318492
NOR,2023_Bahrain,2.0,5.835749,16.32908
NOR,2023_Bahrain,3.0,5.3662415,14.695757
NOR,2023_Bahrain,5.0,5.5819616,14.83632
NOR,2023_Bahrain,6.0,5.8122993,16.304838
NOR,2023_Bahrain,7.0,5.5265174,14.917868
NOR,2023_Bahrain,8.0,5.7513103,14.388374
NOR,2023_Bahrain,9.0,5.383168,14.716574
NOR,2023_Bahrain,12.0,5.932692,16.354113
NOR,2023_Bahrain,13.0,5.453013,14.809903
NOR,2023_Bahrain,14.0,5.337093,14.6856165
NOR,2023_Bahrain,15.0,5.5150423,14.296037
NOR,2023_Bahrain,16.0,5.420986,14.694911
NOR,2023_Bahrain,17.0,5.868475,14.079763
NOR,2023_Bahrain,19.0,5.4565525,14.798931
NOR,2023_Bahrain,20.0,5.445192,14.621257
NOR,2023_Bahrain,21.0,5.5351706,14.352601
NOR,2023_Bahrain,22.0,6.2118053,14.946159
NOR,2023_Bahrain,23.0,5.8986425,14.055023
NOR,2023_Bahrain,24.0,5.6502953,14.18056
NOR,2023_Bahrain,25.0,5.6268106,14.302455
NOR,2023_Bahrain,26.0,5.420832,14.508669
NOR,2023_Bahrain,27.0,5.5108337,14.257253
NOR,2023_Bahrain,29.0,5.669737,14.930575
NOR,2023_Bahrain,30.0,5.723705,14.993669
NOR,2023_Bahrain,31.0,5.815505,14.32737
NOR,2023_Bahrain,32.0,5.4966607,14.298169
NOR,2023_Bahrain,33.0,5.525319,14.297641
NOR,2023_Bahrain,34.0,5.359464,14.634308
NOR,2023_Bahrain,35.0,5.873559,14.057326
NOR,2023_Bahrain,36.0,5.716396,14.292491
NOR,2023_Bahrain,37.0,5.7808414,14.320665
NOR,2023_Bahrain,39.0,5.6854644,15.126689
NOR,2023_Bahrain,41.0,8.151885,13.814806
NOR,2023_Bahrain,42.0,5.539495,14.286095
NOR,2023_Bahrain,43.0,6.0313363,13.9974785
NOR,2023_Bahrain,44.0,5.960908,14.0517
NOR,2023_Bahrain,45.0,5.387511,14.623832
NOR,2023_Bahrain,46.0,5.6544356,14.442679
NOR,2023_Bahrain,47.0,5.78452,14.434134
NOR,2023_Bahrain,49.0,5.8449764,16.316133
NOR,2023_Bahrain,50.0,-3.856215,10.004912
NOR,2023_Bahrain,51.0,-4.057705,10.0102825
NOR,2023_Bahrain,52.0,-4.0403814,10.122769
NOR,2023_Bahrain,53.0,-4.0834126,10.09174
NOR,2023_Bahrain,54.0,5.6202507,14.866306
NOR,2023_Monaco,2.0,6.2825203,16.313374
NOR,2023_Monaco,3.0,7.135578,16.74388
NOR,2023_Monaco,4.0,6.520654,14.301991
NOR,2023_Monaco,5.0,6.696313,15.917584
NOR,2023_Monaco,6.0,7.0023885,13.522603
NOR,2023_Monaco,7.0,6.8981795,13.708852
NOR,2023_Monaco,8.0,6.633751,14.474539
NOR,2023_Monaco,9.0,6.5728827,14.325703
NOR,2023_Monaco,10.0,7.2688093,14.779594
NOR,2023_Monaco,11.0,7.155075,15.897162
NOR,2023_Monaco,12.0,6.52081,14.321807
NOR,2023_Monaco,13.0,8.266052,15.668903
NOR,2023_Monaco,14.0,6.443422,16.48522
NOR,2023_Monaco,15.0,7.596632,15.637401
NOR,2023_Monaco,16.0,7.976869,15.759644
NOR,2023_Monaco,17.0,6.978958,13.583448
NOR,2023_Monaco,18.0,7.0026083,13.461001
NOR,2023_Monaco,19.0,7.1953754,13.339934
NOR,2023_Monaco,20.0,8.298898,15.490515
NOR,2023_Monaco,21.0,8.200029,15.681734
NOR,2023_Monaco,22.0,8.17743,15.598841
NOR,2023_Monaco,23.0,8.023753,15.715769
NOR,2023_Monaco,24.0,7.249871,13.294384
NOR,2023_Monaco,25.0,7.1184072,13.4259615
NOR,2023_Monaco,26.0,8.5261345,15.344247
NOR,2023_Monaco,27.0,7.250187,13.318359
NOR,2023_Monaco,28.0,8.516505,15.3837385
NOR,2023_Monaco,29.0,8.601382,15.051638
NOR,2023_Monaco,30.0,8.568316,15.156768
NOR,2023_Monaco,31.0,8.497565,15.514316
NOR,2023_Monaco,32.0,8.478024,15.28704
NOR,2023_Monaco,33.0,8.446892,15.611248
NOR,2023_Monaco,34.0,7.1510024,13.381956
NOR,2023_Monaco,35.0,8.46894,15.539042
NOR,2023_Monaco,36.0,8.237612,15.555382
NOR,2023_Monaco,37.0,8.440691,15.606912
NOR,2023_Monaco,38.0,8.560526,15.206709
NOR,2023_Monaco,39.0,7.178307,13.324075
NOR,2023_Monaco,40.0,7.9687304,15.588969
NOR,2023_Monaco,41.0,8.593284,15.021758
NOR,2023_Monaco,42.0,7.075886,13.395826
NOR,2023_Monaco,43.0,7.3281136,14.952961
NOR,2023_Monaco,44.0,7.885963,13.264441
NOR,2023_Monaco,45.0,8.043936,13.318533
NOR,2023_Monaco,46.0,8.65239,14.8171215
NOR,2023_Monaco,47.0,8.596148,15.050537
NOR,2023_Monaco,48.0,8.5439415,15.277938
NOR,2023_Monaco,49.0,8.623288,14.800853
NOR,2023_Monza,1.0,7.9711766,15.741869
NOR,2023_Monza,2.0,7.2307615,15.447062
NOR,2023_Monza,3.0,6.3893156,14.003197
NOR,2023_Monza,4.0,6.400012,14.027824
NOR,2023_Monza,5.0,6.374193,14.079001
NOR,2023_Monza,6.0,6.450437,16.20878
NOR,2023_Monza,7.0,7.312366,14.031111
NOR,2023_Monza,8.0,6.716359,14.077756
NOR,2023_Monza,9.0,7.14544,14.191416
NOR,2023_Monza,10.0,6.657469,13.902502
NOR,2023_Monza,11.0,6.595277,13.795041
NOR,2023_Monza,12.0,6.400505,13.94579
NOR,2023_Monza,13.0,6.5023932,16.057306
NOR,2023_Monza,14.0,6.417778,14.1287565
NOR,2023_Monza,15.0,7.278693,15.343562
NOR,2023_Monza,16.0,6.619943,14.26418
NOR,2023_Monza,17.0,7.0039787,13.773935
NOR,2023_Monza,18.0,6.4629188,13.851719
NOR,2023_Monza,19.0,7.03968,13.662403
NOR,2023_Monza,20.0,6.3955364,14.147432
NOR,2023_Monza,21.0,6.6483774,14.3049965
NOR,2023_Monza,22.0,5.649159,14.684345
NOR,2023_Monza,24.0,7.574219,13.641542
NOR,2023_Monza,25.0,6.5418816,14.0200205
NOR,2023_Monza,26.0,6.448544,13.919448
NOR,2023_Monza,27.0,7.7811933,13.2485695
NOR,2023_Monza,28.0,7.915155,13.905742
NOR,2023_Monza,29.0,7.56402,14.008482
NOR,2023_Monza,30.0,7.9074087,14.07851
NOR,2023_Monza,31.0,7.182123,15.212926
NOR,2023_Monza,32.0,6.534681,13.81761
NOR,2023_Monza,33.0,6.393571,14.0208
NOR,2023_Monza,34.0,6.4948907,13.817075
NOR,2023_Monza,35.0,7.39709,13.865295
NOR,2023_Monza,36.0,7.4839225,14.0793295
NOR,2023_Monza,37.0,6.824738,13.940821
NOR,2023_Monza,38.0,7.5448694,13.726106
NOR,2023_Monza,39.0,7.8329344,13.33594
NOR,2023_Monza,40.0,6.526135,13.822596
NOR,2023_Monza,41.0,7.3155503,13.294789
NOR,2023_Monza,42.0,7.815557,13.185988
NOR,2023_Monza,43.0,7.614065,13.170734
NOR,2023_Monza,44.0,7.8381968,13.192398
NOR,2023_Monza,45.0,7.9411774,14.044202
NOR,2023_Monza,46.0,7.807102,13.206347
NOR,2023_Monza,47.0,7.4519157,13.5168915
NOR,2023_Monza,48.0,7.7236543,13.216143
NOR,2023_Monza,49.0,6.634874,13.766597
NOR,2023_Monza,50.0,7.352056,14.229345
NOR,2023_Monza,51.0,8.36803,13.607719
NOR,2023_Silverstone,1.0,8.472166,14.954815
NOR,2023_Silverstone,2.0,7.5803933,15.443068
NOR,2023_Silverstone,3.0,8.412972,15.288549
NOR,2023_Silverstone,4.0,7.8701296,15.129945
NOR,2023_Silverstone,5.0,7.9019194,15.129038
NOR,2023_Silverstone,6.0,7.50323,15.10478
NOR,2023_Silverstone,7.0,7.2056437,14.277616
NOR,2023_Silverstone,8.0,7.848765,13.716322
NOR,2023_Silverstone,9.0,7.924812,13.525435
NOR,2023_Silverstone,10.0,7.978221,13.819537
NOR,2023_Silverstone,11.0,7.7910156,13.11318
NOR,2023_Silverstone,12.0,7.7606196,13.443302
NOR,2023_Silverstone,13.0,7.215004,13.642674
NOR,2023_Silverstone,14.0,8.428154,13.8154545
NOR,2023_Silverstone,15.0,7.627129,13.642978
NOR,2023_Silverstone,16.0,7.22988,13.969185
NOR,2023_Silverstone,17.0,7.855288,13.250332
NOR,2023_Silverstone,18.0,7.9150643,14.026068
NOR,2023_Silverstone,19.0,7.2278256,13.915183
NOR,2023_Silverstone,20.0,7.7008686,13.99681
NOR,2023_Silverstone,21.0,8.387149,13.725125
NOR,2023_Silverstone,22.0,8.359464,14.130069
NOR,2023_Silverstone,23.0,8.22801,14.529419
NOR,2023_Silverstone,24.0,7.9563303,14.249814
NOR,2023_Silverstone,25.0,8.1572075,14.09446
NOR,2023_Silverstone,26.0,8.173812,14.114559
NOR,2023_Silverstone,27.0,7.5870924,15.171073
NOR,2023_Silverstone,28.0,8.428816,14.20998
NOR,2023_Silverstone,29.0,8.082075,14.296528
NOR,2023_Silverstone,30.0,8.21586,14.138575
NOR,2023_Silverstone,31.0,8.510609,14.136082
NOR,2023_Silverstone,32.0,8.472033,13.876308
NOR,2023_Silverstone,39.0,8.489396,14.626259
NOR,2023_Silverstone,40.0,8.283929,14.172444
NOR,2023_Silverstone,41.0,8.42914,13.78426
NOR,2023_Silverstone,42.0,7.8659644,15.025478
NOR,2023_Silverstone,43.0,8.231205,14.2147045
NOR,2023_Silverstone,44.0,8.312228,13.801486
NOR,2023_Silverstone,45.0,7.830495,13.370519
NOR,2023_Silverstone,46.0,8.07099,13.537134
NOR,2023_Silverstone,47.0,8.404054,13.665104
NOR,2023_Silverstone,48.0,7.2111654,13.986151
NOR,2023_Silverstone,49.0,7.686735,13.361367
NOR,2023_Silverstone,50.0,7.8652325,13.339535
NOR,2023_Silverstone,51.0,7.183372,13.837437
NOR,2023_Silverstone,52.0,8.138493,14.049751
NOR,2023_Singapore,2.0,7.2103996,17.189224
NOR,2023_Singapore,3.0,6.750937,17.266474
NOR,2023_Singapore,4.0,6.712304,17.00441
NOR,2023_Singapore,5.0,6.83671,17.303581
NOR,2023_Singapore,6.0,6.7758126,17.288754
NOR,2023_Singapore,7.0,6.991794,17.26422
NOR,2023_Singapore,8.0,6.9130087,17.317747
NOR,2023_Singapore,9.0,7.019989,17.24611
NOR,2023_Singapore,10.0,7.1299024,17.20372
NOR,2023_Singapore,11.0,7.102739,17.237293
NOR,2023_Singapore,12.0,6.8060026,17.311867
NOR,2023_Singapore,13.0,7.0852766,17.257214
NOR,2023_Singapore,14.0,7.1695523,17.149435
NOR,2023_Singapore,15.0,6.1605477,16.505451
NOR,2023_Singapore,16.0,6.5383673,16.598743
NOR,2023_Singapore,17.0,6.782278,17.106113
NOR,2023_Singapore,18.0,6.470095,16.378494
NOR,2023_Singapore,19.0,6.1134334,16.495878
NOR,2023_Singapore,23.0,6.305983,15.144688
NOR,2023_Singapore,24.0,6.550243,17.007406
NOR,2023_Singapore,25.0,6.7925973,17.28418
NOR,2023_Singapore,26.0,6.819634,17.013426
NOR,2023_Singapore,27.0,6.7973437,17.205828
NOR,2023_Singapore,28.0,6.8376355,17.256945
NOR,2023_Singapore,29.0,6.7248497,17.23676
NOR,2023_Singapore,30.0,6.819105,17.079727
NOR,2023_Singapore,31.0,6.7818904,17.075064
NOR,2023_Singapore,32.0,6.167572,16.510447
NOR,2023_Singapore,33.0,6.8061275,17.26631
NOR,2023_Singapore,34.0,6.7966027,17.048058
NOR,2023_Singapore,35.0,6.8452544,17.050652
NOR,2023_Singapore,36.0,6.8806787,16.735075
NOR,2023_Singapore,37.0,6.0106626,16.50418
NOR,2023_Singapore,38.0,6.135149,16.454624
NOR,2023_Singapore,39.0,6.7227936,17.142675
NOR,2023_Singapore,40.0,6.4098845,16.554571
NOR,2023_Singapore,41.0,5.823023,16.270739
NOR,2023_Singapore,42.0,6.7849603,16.957975
NOR,2023_Singapore,43.0,6.1195993,16.478949
NOR,2023_Singapore,46.0,7.6154003,15.787001
NOR,2023_Singapore,47.0,6.8093557,17.04444
NOR,2023_Singapore,48.0,7.303974,16.752316
NOR,2023_Singapore,49.0,6.461887,16.080645
NOR,2023_Singapore,50.0,7.791753,15.740713
NOR,2023_Singapore,51.0,7.875191,15.584187
NOR,2023_Singapore,52.0,6.6342616,15.848347
NOR,2023_Singapore,53.0,6.6691957,15.305679
NOR,2023_Singapore,54.0,8.555408,15.186704
NOR,2023_Singapore,55.0,8.428736,15.355864
NOR,2023_Singapore,56.0,7.8814063,15.542249
NOR,2023_Singapore,57.0,6.4723053,16.090109
NOR,2023_Singapore,58.0,7.226914,15.228238
NOR,2023_Singapore,59.0,6.0101185,14.326936
NOR,2023_Singapore,60.0,7.5676665,15.465331
NOR,2023_Singapore,61.0,7.8161783,15.551557
NOR,2023_Singapore,62.0,6.637803,15.268951
NOR,2023_Suzuka,5.0,6.9162226,15.867072
NOR,2023_Suzuka,6.0,6.907893,16.757019
NOR,2023_Suzuka,7.0,7.707242,15.702652
NOR,2023_Suzuka,8.0,6.7522173,15.917498
NOR,2023_Suzuka,9.0,7.8351574,15.7535
NOR,2023_Suzuka,10.0,6.2771287,16.28028
NOR,2023_Suzuka,11.0,6.752762,15.71215
NOR,2023_Suzuka,12.0,7.193903,16.643896
NOR,2023_Suzuka,13.0,7.2574563,14.624796
NOR,2023_Suzuka,15.0,5.657076,14.941733
NOR,2023_Suzuka,16.0,7.1508265,14.62662
NOR,2023_Suzuka,17.0,7.3613133,14.614433
NOR,2023_Suzuka,19.0,7.6525693,15.756128
NOR,2023_Suzuka,20.0,7.1908717,16.201077
NOR,2023_Suzuka,21.0,6.6158776,14.647425
NOR,2023_Suzuka,22.0,6.155136,16.33537
NOR,2023_Suzuka,23.0,6.093431,16.322628
NOR,2023_Suzuka,24.0,6.761734,15.874833
NOR,2023_Suzuka,25.0,6.4940515,15.5187025
NOR,2023_Suzuka,26.0,6.9391413,15.9234705
NOR,2023_Suzuka,27.0,6.422756,15.143277
NOR,2023_Suzuka,28.0,6.832557,14.697182
NOR,2023_Suzuka,29.0,6.770522,15.819961
NOR,2023_Suzuka,30.0,6.3589067,14.860611
NOR,2023_Suzuka,31.0,6.754035,14.88178
NOR,2023_Suzuka,32.0,7.2098336,14.687829
NOR,2023_Suzuka,33.0,7.1115613,14.7108345
NOR,2023_Suzuka,34.0,7.0417657,14.368603
NOR,2023_Suzuka,35.0,7.4283094,15.059881
NOR,2023_Suzuka,36.0,7.6388226,15.20774
NOR,2023_Suzuka,38.0,6.7567973,16.402302
NOR,2023_Suzuka,39.0,6.665519,16.213058
NOR,2023_Suzuka,40.0,7.4759293,15.901545
NOR,2023_Suzuka,41.0,7.033697,16.080547
NOR,2023_Suzuka,42.0,7.5977545,15.591338
NOR,2023_Suzuka,43.0,7.4909544,15.559751
NOR,2023_Suzuka,44.0,7.2693114,15.877619
NOR,2023_Suzuka,45.0,6.9935412,14.791388
NOR,2023_Suzuka,46.0,7.6568546,15.673644
NOR,2023_Suzuka,47.0,7.7344513,15.555893
NOR,2023_Suzuka,48.0,7.8928695,15.629289
NOR,2023_Suzuka,49.0,7.6287026,15.766743
NOR,2023_Suzuka,50.0,6.8786693,15.936852
NOR,2023_Suzuka,51.0,7.087528,14.605641
NOR,2023_Suzuka,52.0,7.14274,15.043437
NOR,2023_Suzuka,53.0,7.9192777,15.117508
NOR,2024_Bahrain,2.0,5.81223,16.318836
NOR,2024_Bahrain,3.0,5.8382506,16.320143
NOR,2024_Bahrain,4.0,5.8861895,16.361809
NOR,2024_Bahrain,5.0,6.2614536,15.687162
NOR,2024_Bahrain,6.0,6.3152776,15.439758
NOR,2024_Bahrain,7.0,6.0500627,15.004582
NOR,2024_Bahrain,8.0,5.581905,14.938644
NOR,2024_Bahrain,9.0,5.594327,14.919155
NOR,2024_Bahrain,10.0,5.606449,14.95392
NOR,2024_Bahrain,11.0,5.646739,14.896617
NOR,2024_Bahrain,12.0,6.51159,15.672171
NOR,2024_Bahrain,13.0,7.825698,14.353707
NOR,2024_Bahrain,15.0,5.934474,16.40996
NOR,2024_Bahrain,16.0,6.272235,16.466259
NOR,2024_Bahrain,17.0,6.293344,16.06905
NOR,2024_Bahrain,18.0,6.4949226,16.329302
NOR,2024_Bahrain,19.0,6.583006,16.14224
NOR,2024_Bahrain,20.0,5.9604487,16.307074
NOR,2024_Bahrain,21.0,7.052654,15.135014
NOR,2024_Bahrain,22.0,5.6551547,15.025795
NOR,2024_Bahrain,23.0,6.5889635,15.550171
NOR,2024_Bahrain,24.0,6.3755646,16.146124
NOR,2024_Bahrain,25.0,6.3256226,15.530129
NOR,2024_Bahrain,26.0,6.5438123,15.186348
NOR,2024_Bahrain,27.0,5.6779523,14.981475
NOR,2024_Bahrain,28.0,5.798696,15.8872795
NOR,2024_Bahrain,29.0,6.476171,15.2567625
NOR,2024_Bahrain,30.0,6.4555464,15.242336
NOR,2024_Bahrain,31.0,6.620766,15.391667
NOR,2024_Bahrain,32.0,7.066239,15.064381
NOR,2024_Bahrain,33.0,5.654448,14.926404
NOR,2024_Bahrain,35.0,6.300915,16.278025
NOR,2024_Bahrain,36.0,5.9394073,16.404161
NOR,2024_Bahrain,37.0,6.790902,17.152897
NOR,2024_Bahrain,38.0,7.237594,16.87892
NOR,2024_Bahrain,39.0,6.3982425,15.971894
NOR,2024_Bahrain,40.0,5.8773713,16.36197
NOR,2024_Bahrain,41.0,5.777209,16.128487
NOR,2024_Bahrain,42.0,5.8968215,15.880744
NOR,2024_Bahrain,43.0,5.9916496,15.38973
NOR,2024_Bahrain,44.0,6.4651284,15.493298
NOR,2024_Bahrain,45.0,7.0163717,15.595293
NOR,2024_Bahrain,46.0,6.312611,16.187326
NOR,2024_Bahrain,47.0,5.8196588,16.167301
NOR,2024_Bahrain,48.0,5.823392,16.308702
NOR,2024_Bahrain,49.0,5.9844446,16.345968
NOR,2024_Bahrain,50.0,7.7971063,15.512374
NOR,2024_Bahrain,51.0,6.400288,15.747129
NOR,2024_Bahrain,52.0,7.0911436,15.038526
NOR,2024_Bahrain,53.0,5.6178675,14.915819
NOR,2024_Bahrain,54.0,6.212154,15.111341
NOR,2024_Bahrain,55.0,6.2740254,15.079122
NOR,2024_Bahrain,56.0,6.2609243,15.065974
NOR,2024_Bahrain,57.0,5.61362,14.954217
NOR,2024_Monaco,7.0,6.6366253,14.618947
NOR,2024_Monaco,8.0,8.491282,15.310044
NOR,2024_Monaco,9.0,6.653612,13.789597
NOR,2024_Monaco,10.0,6.9161816,13.669592
NOR,2024_Monaco,11.0,6.923499,14.330416
NOR,2024_Monaco,12.0,8.021514,15.714927
NOR,2024_Monaco,13.0,6.7169247,14.117718
NOR,2024_Monaco,14.0,7.037826,14.758219
NOR,2024_Monaco,15.0,7.9496245,16.152199
NOR,2024_Monaco,16.0,7.4809136,14.656286
NOR,2024_Monaco,17.0,7.667398,15.299402
NOR,2024_Monaco,18.0,7.2310576,16.781853
NOR,2024_Monaco,19.0,8.131217,15.676089
NOR,2024_Monaco,20.0,7.3733373,14.38169
NOR,2024_Monaco,21.0,7.0636806,14.769295
NOR,2024_Monaco,22.0,7.9128766,15.173777
NOR,2024_Monaco,23.0,7.903379,15.126787
NOR,2024_Monaco,24.0,7.1051717,14.634277
NOR,2024_Monaco,25.0,6.583279,14.356355
NOR,2024_Monaco,26.0,6.8142843,14.078716
NOR,2024_Monaco,27.0,6.8263936,14.5721
NOR,2024_Monaco,28.0,7.0348864,14.679295
NOR,2024_Monaco,29.0,6.682769,14.474201
NOR,2024_Monaco,30.0,7.67546,15.1802635
NOR,2024_Monaco,31.0,8.193103,15.743033
NOR,2024_Monaco,32.0,7.762487,14.729114
NOR,2024_Monaco,33.0,6.9917016,14.704358
NOR,2024_Monaco,34.0,7.210736,14.648675
NOR,2024_Monaco,35.0,6.989514,14.580322
NOR,2024_Monaco,36.0,6.6527495,14.480593
NOR,2024_Monaco,37.0,8.144445,14.854062
NOR,2024_Monaco,38.0,8.493315,15.117541
NOR,2024_Monaco,39.0,8.378552,15.526597
NOR,2024_Monaco,40.0,8.132846,14.269836
NOR,2024_Monaco,41.0,8.152164,14.6158
NOR,2024_Monaco,42.0,8.365021,15.438163
NOR,2024_Monaco,43.0,7.3332586,14.564075
NOR,2024_Monaco,44.0,8.475243,15.589371
NOR,2024_Monaco,45.0,7.1393013,14.518418
NOR,2024_Monaco,46.0,8.029701,14.306016
NOR,2024_Monaco,47.0,8.498785,14.533004
NOR,2024_Monaco,48.0,8.034053,15.055106
NOR,2024_Monaco,49.0,8.112629,14.907724
NOR,2024_Monaco,50.0,7.1561007,13.929038
NOR,2024_Monaco,51.0,7.0398693,13.769328
NOR,2024_Monaco,52.0,7.685227,14.363448
NOR,2024_Monaco,53.0,7.0249195,14.65798
NOR,2024_Monaco,54.0,7.8809676,15.000851
NOR,2024_Monaco,55.0,7.786346,15.185854
NOR,2024_Monaco,56.0,8.304855,14.081822
NOR,2024_Monaco,57.0,7.6538754,14.9442215
NOR,2024_Monaco,58.0,7.464039,14.433452
NOR,2024_Monaco,59.0,7.141283,13.9805565
NOR,2024_Monaco,60.0,7.231594,13.620544
NOR,2024_Monaco,61.0,7.3330455,14.060376
NOR,2024_Monaco,62.0,8.490208,13.689728
NOR,2024_Monaco,63.0,7.7593865,13.809052
NOR,2024_Monaco,64.0,8.202861,13.453986
NOR,2024_Monaco,65.0,8.55137,13.832826
NOR,2024_Monaco,66.0,7.806703,13.171023
NOR,2024_Monaco,67.0,7.379867,13.474482
NOR,2024_Monaco,68.0,8.081646,13.302678
NOR,2024_Monaco,69.0,8.114136,13.460513
NOR,2024_Monaco,70.0,8.54313,13.704949
NOR,2024_Monaco,71.0,8.491487,13.768365
NOR,2024_Monaco,72.0,8.685748,14.577668
NOR,2024_Monaco,73.0,8.571512,15.108848
NOR,2024_Monaco,74.0,8.046195,13.465244
NOR,2024_Monaco,75.0,8.457323,13.6914625
NOR,2024_Monaco,76.0,7.9623623,13.340801
NOR,2024_Monaco,77.0,8.457244,13.729203
NOR,2024_Monaco,78.0,8.50151,14.919401
NOR,2024_Monza,2.0,7.4881206,15.740855
NOR,2024_Monza,3.0,7.2856646,16.362871
NOR,2024_Monza,4.0,7.3806524,15.327597
NOR,2024_Monza,5.0,7.2300105,15.392335
NOR,2024_Monza,6.0,6.409219,14.129745
NOR,2024_Monza,7.0,7.3677406,15.226946
NOR,2024_Monza,8.0,6.8344145,13.764901
NOR,2024_Monza,9.0,6.994092,13.883719
NOR,2024_Monza,10.0,7.9612737,14.813166
NOR,2024_Monza,11.0,7.409749,13.81896
NOR,2024_Monza,12.0,6.386682,13.942831
NOR,2024_Monza,13.0,6.6860785,13.998338
NOR,2024_Monza,16.0,6.626916,16.145872
NOR,2024_Monza,17.0,6.7927117,16.643347
NOR,2024_Monza,18.0,7.519579,15.177373
NOR,2024_Monza,19.0,7.500028,13.7111435
NOR,2024_Monza,20.0,7.2501493,15.316869
NOR,2024_Monza,21.0,7.4007,13.715955
NOR,2024_Monza,22.0,6.433468,14.123044
NOR,2024_Monza,23.0,6.6628532,13.854199
NOR,2024_Monza,24.0,6.991161,13.878298
NOR,2024_Monza,25.0,6.961324,13.791946
NOR,2024_Monza,26.0,7.490407,13.667562
NOR,2024_Monza,27.0,7.1109266,13.877786
NOR,2024_Monza,28.0,7.339698,13.3838825
NOR,2024_Monza,29.0,7.407684,13.683329
NOR,2024_Monza,30.0,6.6188526,13.776645
NOR,2024_Monza,31.0,7.479865,13.437079
NOR,2024_Monza,34.0,7.525691,13.727427
NOR,2024_Monza,35.0,8.028905,14.814
NOR,2024_Monza,36.0,7.4781117,13.616948
NOR,2024_Monza,37.0,7.445297,13.785963
NOR,2024_Monza,38.0,7.2578645,13.681
NOR,2024_Monza,39.0,7.3512545,15.3637
NOR,2024_Monza,40.0,7.44851,15.113393
NOR,2024_Monza,41.0,7.254002,13.588742
NOR,2024_Monza,42.0,7.3346395,13.4229965
NOR,2024_Monza,43.0,7.283924,13.615063
NOR,2024_Monza,44.0,7.315221,13.408881
NOR,2024_Monza,45.0,7.3471866,13.554242
NOR,2024_Monza,46.0,6.504018,13.814663
NOR,2024_Monza,47.0,7.284014,15.261726
NOR,2024_Monza,48.0,7.8232346,13.265328
NOR,2024_Monza,49.0,7.5558224,13.655631
NOR,2024_Monza,50.0,7.516135,13.752301
NOR,2024_Monza,51.0,7.6267233,13.271128
NOR,2024_Monza,52.0,7.394216,13.352167
NOR,2024_Monza,53.0,7.603363,13.220758
NOR,2024_Silverstone,2.0,7.2295513,16.7433
NOR,2024_Silverstone,3.0,8.065313,15.857023
NOR,2024_Silverstone,4.0,8.05026,15.760315
NOR,2024_Silverstone,5.0,8.217139,15.688867
NOR,2024_Silverstone,6.0,7.930529,15.853925
NOR,2024_Silverstone,7.0,8.128411,14.30896
NOR,2024_Silverstone,8.0,7.7020383,15.356849
NOR,2024_Silverstone,9.0,7.6426554,14.783354
NOR,2024_Silverstone,10.0,7.616953,14.716828
NOR,2024_Silverstone,11.0,7.502052,14.547941
NOR,2024_Silverstone,12.0,7.9803023,13.973288
NOR,2024_Silverstone,13.0,8.307039,14.071683
NOR,2024_Silverstone,14.0,8.009163,13.812758
NOR,2024_Silverstone,15.0,7.869749,13.3205185
NOR,2024_Silverstone,16.0,7.799893,13.284689
NOR,2024_Silverstone,17.0,7.7476044,13.3221655
NOR,2024_Silverstone,18.0,8.432293,14.170919
NOR,2024_Silverstone,21.0,8.541143,13.95835
NOR,2024_Silverstone,22.0,8.205713,14.063418
NOR,2024_Silverstone,23.0,8.3322735,13.623824
NOR,2024_Silverstone,24.0,8.523158,13.883072
NOR,2024_Silverstone,25.0,8.5801115,14.4460125
NOR,2024_Silverstone,41.0,7.243251,16.44127
NOR,2024_Silverstone,42.0,7.5222244,15.157488
NOR,2024_Silverstone,43.0,7.881252,13.964262
NOR,2024_Silverstone,44.0,8.169442,14.151993
NOR,2024_Silverstone,45.0,8.147671,14.006577
NOR,2024_Silverstone,46.0,8.444574,13.684892
NOR,2024_Silverstone,47.0,8.36288,13.620545
NOR,2024_Silverstone,48.0,7.6823306,13.37865
NOR,2024_Silverstone,49.0,7.0679536,13.959868
NOR,2024_Silverstone,50.0,7.414283,13.4455805
NOR,2024_Silverstone,51.0,7.5465403,13.396452
NOR,2024_Silverstone,52.0,8.234388,14.146443
NOR,2024_Singapore,1.0,7.45261,16.930607
NOR,2024_Singapore,2.0,7.3788652,17.022322
NOR,2024_Singapore,3.0,7.5279136,16.89054
NOR,2024_Singapore,4.0,7.4452205,16.937223
NOR,2024_Singapore,5.0,7.7179947,16.521198
NOR,2024_Singapore,6.0,7.276691,16.566452
NOR,2024_Singapore,7.0,7.4267025,16.507011
NOR,2024_Singapore,8.0,6.8263025,16.947756
NOR,2024_Singapore,9.0,7.3318973,16.390654
NOR,2024_Singapore,10.0,7.616707,16.490656
NOR,2024_Singapore,11.0,7.52076,16.676254
NOR,2024_Singapore,12.0,7.841518,15.9116535
NOR,2024_Singapore,13.0,6.592171,15.57496
NOR,2024_Singapore,14.0,7.4362416,16.174242
NOR,2024_Singapore,15.0,7.666817,15.47972
NOR,2024_Singapore,16.0,7.519524,16.364443
NOR,2024_Singapore,17.0,7.6241083,15.687741
NOR,2024_Singapore,18.0,7.4563355,15.553047
NOR,2024_Singapore,19.0,7.755561,15.653865
NOR,2024_Singapore,20.0,6.163894,15.111218
NOR,2024_Singapore,21.0,6.847193,15.814549
NOR,2024_Singapore,22.0,6.66531,15.434928
NOR,2024_Singapore,23.0,6.57825,15.393172
NOR,2024_Singapore,24.0,7.787127,16.414816
NOR,2024_Singapore,25.0,7.7954655,15.92788
NOR,2024_Singapore,26.0,7.587966,16.021544
NOR,2024_Singapore,27.0,7.7607083,16.36237
NOR,2024_Singapore,28.0,7.4631944,15.522951
NOR,2024_Singapore,32.0,8.416219,15.732405
NOR,2024_Singapore,33.0,7.4456806,16.453983
NOR,2024_Singapore,34.0,7.078161,16.92277
NOR,2024_Singapore,35.0,7.1108065,15.98443
NOR,2024_Singapore,36.0,7.48958,16.836569
NOR,2024_Singapore,37.0,7.627199,16.530188
NOR,2024_Singapore,38.0,7.5278373,16.354033
NOR,2024_Singapore,39.0,7.5551114,16.706766
NOR,2024_Singapore,40.0,7.6824174,16.4718
NOR,2024_Singapore,41.0,7.1245627,17.21907
NOR,2024_Singapore,42.0,7.360062,16.38989
NOR,2024_Singapore,43.0,7.7982993,16.398764
NOR,2024_Singapore,44.0,7.5446763,16.755795
NOR,2024_Singapore,45.0,6.93904,17.057922
NOR,2024_Singapore,46.0,7.008607,16.887629
NOR,2024_Singapore,47.0,7.4054804,16.717598
NOR,2024_Singapore,48.0,7.536405,16.00928
NOR,2024_Singapore,49.0,7.536669,16.800154
NOR,2024_Singapore,50.0,7.2160215,16.843964
NOR,2024_Singapore,51.0,7.7027836,16.58749
NOR,2024_Singapore,52.0,7.5764575,16.191921
NOR,2024_Singapore,53.0,6.878725,17.245169
NOR,2024_Singapore,54.0,6.8449183,16.92232
NOR,2024_Singapore,55.0,6.8404994,16.958612
NOR,2024_Singapore,56.0,7.6440487,16.680475
NOR,2024_Singapore,57.0,7.27989,16.828388
NOR,2024_Singapore,58.0,6.4158115,16.369982
NOR,2024_Singapore,59.0,6.377648,16.245201
NOR,2024_Singapore,60.0,7.5029616,16.726395
NOR,2024_Singapore,61.0,7.2940893,16.81387
NOR,2024_Singapore,62.0,7.4421926,16.397474
NOR,2024_Suzuka,4.0,7.378912,15.661735
NOR,2024_Suzuka,5.0,6.990057,15.831813
NOR,2024_Suzuka,6.0,6.9238443,14.73654
NOR,2024_Suzuka,7.0,7.3009768,14.559867
NOR,2024_Suzuka,8.0,7.6277575,14.433344
NOR,2024_Suzuka,9.0,7.842656,13.465641
NOR,2024_Suzuka,10.0,7.8245,13.461324
NOR,2024_Suzuka,11.0,7.992044,14.453251
NOR,2024_Suzuka,13.0,6.960427,14.718052
NOR,2024_Suzuka,14.0,6.9459233,14.872363
NOR,2024_Suzuka,15.0,6.9375896,15.840457
NOR,2024_Suzuka,16.0,7.2387576,16.027298
NOR,2024_Suzuka,17.0,7.7880135,15.356984
NOR,2024_Suzuka,18.0,6.8608117,14.717148
NOR,2024_Suzuka,19.0,6.4012513,16.245705
NOR,2024_Suzuka,20.0,7.1775827,14.5341625
NOR,2024_Suzuka,21.0,7.6328464,15.216686
NOR,2024_Suzuka,22.0,6.4124513,15.238045
NOR,2024_Suzuka,23.0,7.2049894,14.576913
NOR,2024_Suzuka,24.0,7.3827996,14.970125
NOR,2024_Suzuka,25.0,7.114741,14.983777
NOR,2024_Suzuka,26.0,6.774872,15.91898
NOR,2024_Suzuka,28.0,7.1698375,14.594737
NOR,2024_Suzuka,29.0,7.342035,15.932445
NOR,2024_Suzuka,30.0,6.930148,15.861361
NOR,2024_Suzuka,31.0,6.549791,14.36773
NOR,2024_Suzuka,32.0,7.5212984,15.0928135
NOR,2024_Suzuka,33.0,7.394282,14.757101
NOR,2024_Suzuka,34.0,8.287479,15.485254
NOR,2024_Suzuka,35.0,7.507812,15.124726
NOR,2024_Suzuka,36.0,6.6775026,15.639046
NOR,2024_Suzuka,37.0,6.868476,15.987744
NOR,2024_Suzuka,38.0,7.099171,14.952773
NOR,2024_Suzuka,39.0,7.0472775,14.999217
NOR,2024_Suzuka,40.0,7.496637,14.773422
NOR,2024_Suzuka,41.0,6.3042107,14.813436
NOR,2024_Suzuka,42.0,7.5515184,15.0622
NOR,2024_Suzuka,43.0,8.305657,14.178514
NOR,2024_Suzuka,44.0,8.073008,14.529383
NOR,2024_Suzuka,45.0,6.5829153,14.921359
NOR,2024_Suzuka,46.0,8.072109,15.572849
NOR,2024_Suzuka,47.0,8.0576935,14.451381
NOR,2024_Suzuka,48.0,7.193743,14.665253
NOR,2024_Suzuka,49.0,6.9086723,14.79645
NOR,2024_Suzuka,50.0,8.0587435,14.150707
NOR,2024_Suzuka,51.0,7.9344597,14.550985
NOR,2024_Suzuka,52.0,8.526284,15.137837
NOR,2024_Suzuka,53.0,7.9923253,15.441237
SAI,2023_Bahrain,1.0,3.054028,-2.154634
SAI,2023_Bahrain,2.0,9.274719,-6.1261125
SAI,2023_Bahrain,3.0,9.456539,-6.8334756
SAI,2023_Bahrain,4.0,9.896206,-7.613366
SAI,2023_Bahrain,5.0,9.924472,-6.391098
SAI,2023_Bahrain,6.0,10.192217,-7.3026576
SAI,2023_Bahrain,7.0,9.4384,-6.5525885
SAI,2023_Bahrain,8.0,9.315321,-6.2315264
SAI,2023_Bahrain,9.0,9.381916,-6.4900804
SAI,2023_Bahrain,10.0,9.413885,-6.5865803
SAI,2023_Bahrain,11.0,8.948297,-8.08211
SAI,2023_Bahrain,12.0,9.507874,-6.5972266
SAI,2023_Bahrain,13.0,9.352697,-8.150127
SAI,2023_Bahrain,15.0,10.207072,-6.371422
SAI,2023_Bahrain,16.0,14.143549,5.3944054
SAI,2023_Bahrain,17.0,10.032423,-6.24796
SAI,2023_Bahrain,18.0,10.074096,-6.2297635
SAI,2023_Bahrain,19.0,10.233389,-6.4033394
SAI,2023_Bahrain,20.0,9.626544,-6.2959
SAI,2023_Bahrain,21.0,9.491382,-5.9341993
SAI,2023_Bahrain,22.0,9.35253,-6.011594
SAI,2023_Bahrain,23.0,9.782264,-6.4007936
SAI,2023_Bahrain,24.0,10.008169,-6.3073697
SAI,2023_Bahrain,25.0,10.305288,-6.677777
SAI,2023_Bahrain,26.0,9.443161,-6.5876665
SAI,2023_Bahrain,27.0,9.578938,-6.0971255
SAI,2023_Bahrain,28.0,9.384521,-6.5115304
SAI,2023_Bahrain,29.0,9.834529,-6.145239
SAI,2023_Bahrain,30.0,9.321094,-5.9649506
SAI,2023_Bahrain,31.0,9.368478,-7.0684752
SAI,2023_Bahrain,33.0,9.601719,-5.956921
SAI,2023_Bahrain,34.0,14.125987,5.3703375
SAI,2023_Bahrain,35.0,14.170638,5.3957844
SAI,2023_Bahrain,36.0,14.106491,5.3797717
SAI,2023_Bahrain,37.0,10.250287,-6.4259214
SAI,2023_Bahrain,38.0,9.745751,-6.4417715
SAI,2023_Bahrain,39.0,9.418847,-5.9684434
SAI,2023_Bahrain,40.0,9.445905,-5.9454465
SAI,2023_Bahrain,42.0,9.222612,-5.918694
SAI,2023_Bahrain,43.0,9.688529,-6.074649
SAI,2023_Bahrain,44.0,9.439384,-7.9902043
SAI,2023_Bahrain,45.0,9.330557,-8.185281
SAI,2023_Bahrain,46.0,9.27921,-6.0622897
SAI,2023_Bahrain,47.0,9.303482,-6.0106378
SAI,2023_Bahrain,48.0,9.277686,-6.2139244
SAI,2023_Bahrain,49.0,9.416626,-6.5055194
SAI,2023_Bahrain,50.0,10.151333,-6.3814797
SAI,2023_Bahrain,51.0,10.024733,-6.4285007
SAI,2023_Bahrain,52.0,10.099549,-6.2487564
SAI,2023_Bahrain,53.0,9.292196,-6.0464206
SAI,2023_Bahrain,54.0,9.454185,-5.990288
SAI,2023_Bahrain,55.0,9.739337,-6.073397
SAI,2023_Bahrain,56.0,10.158778,-6.3446474
SAI,2023_Bahrain,57.0,9.837667,-6.6516967
SAI,2023_Monaco,2.0,9.979788,-8.063986
SAI,2023_Monaco,3.0,10.051887,-8.297172
SAI,2023_Monaco,4.0,10.332896,-7.773794
SAI,2023_Monaco,5.0,10.396501,-8.342388
SAI,2023_Monaco,6.0,10.389586,-8.164137
SAI,2023_Monaco,7.0,8.417614,-7.834886
SAI,2023_Monaco,8.0,8.276911,-7.3940773
SAI,2023_Monaco,9.0,10.28332,-8.343926
SAI,2023_Monaco,10.0,9.005001,-7.709163
SAI,2023_Monaco,11.0,9.380744,-8.080811
SAI,2023_Monaco,12.0,10.253446,-8.437195
SAI,2023_Monaco,13.0,8.4333,-7.8102155
SAI,2023_Monaco,14.0,10.250302,-8.367226
SAI,2023_Monaco,15.0,8.900438,-7.5373187
SAI,2023_Monaco,16.0,8.581049,-7.9187183
SAI,2023_Monaco,17.0,8.477113,-7.8967214
SAI,2023_Monaco,18.0,10.199,-8.092801
SAI,2023_Monaco,19.0,8.309727,-7.6041884
SAI,2023_Monaco,20.0,10.107703,-7.923673
SAI,2023_Monaco,21.0,10.346193,-8.079141
SAI,2023_Monaco,22.0,8.636965,-6.97456
SAI,2023_Monaco,23.0,10.310795,-7.7970986
SAI,2023_Monaco,24.0,8.493551,-7.4819546
SAI,2023_Monaco,25.0,8.570444,-7.575239
SAI,2023_Monaco,26.0,10.086614,-7.958215
SAI,2023_Monaco,27.0,10.208181,-8.581385
SAI,2023_Monaco,28.0,8.853631,-8.025971
SAI,2023_Monaco,29.0,10.199215,-8.5871725
SAI,2023_Monaco,30.0,8.653293,-7.580018
SAI,2023_Monaco,31.0,8.755939,-8.102952
SAI,2023_Monaco,32.0,10.023651,-8.336048
SAI,2023_Monaco,34.0,10.28746,-8.070449
SAI,2023_Monaco,35.0,10.32939,-8.070278
SAI,2023_Monaco,36.0,10.320742,-8.101334
SAI,2023_Monaco,37.0,9.948204,-8.300457
SAI,2023_Monaco,38.0,8.863071,-7.869028
SAI,2023_Monaco,39.0,8.445478,-7.5068393
SAI,2023_Monaco,40.0,10.3343725,-7.840104
SAI,2023_Monaco,41.0,8.259823,-7.322141
SAI,2023_Monaco,42.0,8.414705,-7.8034477
SAI,2023_Monaco,43.0,8.524875,-7.87371
SAI,2023_Monaco,44.0,8.179562,-6.985966
SAI,2023_Monaco,45.0,8.978869,-7.7580986
SAI,2023_Monaco,46.0,10.025332,-8.594125
SAI,2023_Monaco,47.0,8.969759,-7.99712
SAI,2023_Monaco,48.0,8.525169,-7.912981
SAI,2023_Monaco,49.0,8.43854,-7.8555703
SAI,2023_Monaco,50.0,8.621972,-7.9017744
SAI,2023_Monaco,51.0,8.756913,-8.060437
SAI,2023_Monza,1.0,7.991289,-5.4305644
SAI,2023_Monza,2.0,8.230119,-5.406657
SAI,2023_Monza,3.0,8.074126,-6.137825
SAI,2023_Monza,4.0,7.8760085,-6.051898
SAI,2023_Monza,5.0,8.607137,-5.7661037
SAI,2023_Monza,6.0,7.87462,-5.910572
SAI,2023_Monza,7.0,7.87224,-5.8971043
SAI,2023_Monza,8.0,7.934452,-5.496616
SAI,2023_Monza,9.0,7.9638147,-5.825045
SAI,2023_Monza,10.0,8.27537,-7.334733
SAI,2023_Monza,11.0,8.035872,-6.201187
SAI,2023_Monza,12.0,7.9806857,-6.6267095
SAI,2023_Monza,13.0,7.8964267,-5.989932
SAI,2023_Monza,14.0,7.9488845,-5.4525123
SAI,2023_Monza,15.0,8.088016,-5.7326107
SAI,2023_Monza,16.0,8.412851,-5.461866
SAI,2023_Monza,17.0,8.041134,-6.140166
SAI,2023_Monza,18.0,8.546001,-6.4661202
SAI,2023_Monza,21.0,7.9638586,-5.7005973
SAI,2023_Monza,22.0,7.9195023,-5.4550366
SAI,2023_Monza,23.0,8.447057,-5.56956
SAI,2023_Monza,24.0,7.9415507,-5.646293
SAI,2023_Monza,25.0,7.9449973,-5.809265
SAI,2023_Monza,26.0,7.97677,-6.108349
SAI,2023_Monza,27.0,8.67352,-6.5578327
SAI,2023_Monza,28.0,8.032711,-6.100466
SAI,2023_Monza,29.0,8.076364,-5.360434
SAI,2023_Monza,30.0,7.922638,-6.061449
SAI,2023_Monza,31.0,7.8825026,-6.3051715
SAI,2023_Monza,32.0,7.870771,-5.9230843
SAI,2023_Monza,33.0,7.9162254,-6.2774653
SAI,2023_Monza,34.0,7.9038157,-6.031927
SAI,2023_Monza,35.0,7.914243,-5.8955283
SAI,2023_Monza,36.0,7.8682694,-6.2244115
SAI,2023_Monza,37.0,7.8509755,-5.9690156
SAI,2023_Monza,38.0,7.872765,-6.1650395
SAI,2023_Monza,39.0,8.523285,-6.0034084
SAI,2023_Monza,40.0,8.043441,-6.17653
SAI,2023_Monza,41.0,8.516781,-6.8293886
SAI,2023_Monza,42.0,8.177826,-5.7288804
SAI,2023_Monza,43.0,8.552785,-5.762291
SAI,2023_Monza,44.0,8.006358,-6.1153116
SAI,2023_Monza,45.0,7.931125,-5.675406
SAI,2023_Monza,46.0,7.9795113,-5.7558956
SAI,2023_Monza,47.0,8.555729,-6.855424
SAI,2023_Monza,48.0,8.721677,-7.1449375
SAI,2023_Monza,49.0,8.282208,-5.4445047
SAI,2023_Monza,50.0,8.60867,-6.5456424
SAI,2023_Monza,51.0,8.600341,-5.818932
SAI,2023_Silverstone,2.0,8.121464,-5.0895743
SAI,2023_Silverstone,3.0,9.250062,-6.7438416
SAI,2023_Silverstone,4.0,9.547519,-7.6766253
SAI,2023_Silverstone,5.0,9.464484,-7.171869
SAI,2023_Silverstone,6.0,9.526327,-7.7989664
SAI,2023_Silverstone,7.0,9.365296,-7.3025317
SAI,2023_Silverstone,8.0,9.361433,-6.9316673
SAI,2023_Silverstone,9.0,8.163444,-5.089964
SAI,2023_Silverstone,10.0,8.676816,-6.969228
SAI,2023_Silverstone,11.0,9.01277,-6.156685
SAI,2023_Silverstone,12.0,9.824227,-6.5122423
SAI,2023_Silverstone,13.0,10.066368,-7.0388603
SAI,2023_Silverstone,14.0,8.632789,-5.3518443
SAI,2023_Silverstone,15.0,8.291293,-4.957205
SAI,2023_Silverstone,16.0,8.764361,-6.9306526
SAI,2023_Silverstone,17.0,8.2329035,-4.9865417
SAI,2023_Silverstone,18.0,8.726865,-6.5822415
SAI,2023_Silverstone,19.0,8.528622,-5.232223
SAI,2023_Silverstone,20.0,8.587147,-5.4732146
SAI,2023_Silverstone,21.0,8.763021,-6.5809503
SAI,2023_Silverstone,22.0,8.879599,-5.9982424
SAI,2023_Silverstone,23.0,8.318712,-4.8845906
SAI,2023_Silverstone,24.0,8.366912,-5.657951
SAI,2023_Silverstone,25.0,10.487036,-6.9085464
SAI,2023_Silverstone,26.0,10.492044,-8.186307
SAI,2023_Silverstone,28.0,8.198952,-5.2140512
SAI,2023_Silverstone,29.0,8.258486,-5.024428
SAI,2023_Silverstone,30.0,8.207521,-5.0257835
SAI,2023_Silverstone,31.0,8.002261,-5.320218
SAI,2023_Silverstone,39.0,9.406726,-6.963801
SAI,2023_Silverstone,40.0,9.420484,-6.728042
SAI,2023_Silverstone,41.0,9.519113,-6.683963
SAI,2023_Silverstone,42.0,9.203496,-6.361166
SAI,2023_Silverstone,43.0,9.793627,-7.7856116
SAI,2023_Silverstone,44.0,9.333952,-7.1322737
SAI,2023_Silverstone,45.0,9.431837,-6.7227535
SAI,2023_Silverstone,46.0,8.753966,-5.894845
SAI,2023_Silverstone,47.0,9.203493,-6.394134
SAI,2023_Silverstone,48.0,8.369715,-5.0542307
SAI,2023_Silverstone,49.0,8.412335,-6.117496
SAI,2023_Silverstone,50.0,8.830127,-6.1058216
SAI,2023_Silverstone,51.0,9.73296,-6.6853733
SAI,2023_Silverstone,52.0,9.639092,-6.56196
SAI,2023_Singapore,1.0,9.831434,-8.196859
SAI,2023_Singapore,2.0,10.346251,-9.253197
SAI,2023_Singapore,3.0,9.516689,-8.527771
SAI,2023_Singapore,4.0,10.295541,-9.322522
SAI,2023_Singapore,5.0,10.456335,-9.472602
SAI,2023_Singapore,6.0,10.269289,-9.308546
SAI,2023_Singapore,7.0,10.363144,-9.103685
SAI,2023_Singapore,8.0,10.502972,-8.922937
SAI,2023_Singapore,9.0,10.0557375,-9.306943
SAI,2023_Singapore,10.0,9.574545,-8.239506
SAI,2023_Singapore,11.0,10.479741,-8.910522
SAI,2023_Singapore,12.0,10.189357,-9.326949
SAI,2023_Singapore,13.0,10.358007,-8.954133
SAI,2023_Singapore,14.0,10.341412,-9.493067
SAI,2023_Singapore,15.0,10.407907,-9.950435
SAI,2023_Singapore,16.0,10.497572,-8.940432
SAI,2023_Singapore,17.0,10.128192,-9.362807
SAI,2023_Singapore,18.0,10.3207855,-9.745325
SAI,2023_Singapore,19.0,10.029537,-9.389314
SAI,2023_Singapore,23.0,9.774723,-9.070888
SAI,2023_Singapore,24.0,10.394477,-9.449078
SAI,2023_Singapore,25.0,10.465947,-9.522796
SAI,2023_Singapore,26.0,10.146069,-9.656241
SAI,2023_Singapore,27.0,10.429941,-10.180628
SAI,2023_Singapore,28.0,9.598024,-8.842226
SAI,2023_Singapore,29.0,10.349494,-9.380595
SAI,2023_Singapore,30.0,10.538324,-8.967768
SAI,2023_Singapore,31.0,10.053464,-10.342812
SAI,2023_Singapore,32.0,10.494148,-9.585301
SAI,2023_Singapore,33.0,10.419044,-9.9413
SAI,2023_Singapore,34.0,10.474612,-10.212761
SAI,2023_Singapore,35.0,10.37465,-9.377225
SAI,2023_Singapore,36.0,10.273802,-9.34631
SAI,2023_Singapore,37.0,10.353617,-9.362129
SAI,2023_Singapore,38.0,10.09258,-9.411882
SAI,2023_Singapore,39.0,9.534017,-8.816618
SAI,2023_Singapore,40.0,10.3073,-9.801464
SAI,2023_Singapore,41.0,10.017918,-9.765745
SAI,2023_Singapore,42.0,10.450475,-9.53675
SAI,2023_Singapore,43.0,9.912038,-9.884802
SAI,2023_Singapore,46.0,9.586179,-8.868828
SAI,2023_Singapore,47.0,10.33365,-9.783612
SAI,2023_Singapore,48.0,10.398162,-9.952292
SAI,2023_Singapore,49.0,9.965999,-10.169652
SAI,2023_Singapore,50.0,10.413748,-9.932795
SAI,2023_Singapore,51.0,10.342011,-9.358363
SAI,2023_Singapore,52.0,10.061494,-9.273295
SAI,2023_Singapore,53.0,10.419286,-9.980913
SAI,2023_Singapore,54.0,9.896093,-9.913077
SAI,2023_Singapore,55.0,10.018986,-10.425988
SAI,2023_Singapore,56.0,10.019351,-10.419195
SAI,2023_Singapore,57.0,10.39895,-10.057643
SAI,2023_Singapore,58.0,9.906294,-9.743948
SAI,2023_Singapore,59.0,9.8179245,-9.902424
SAI,2023_Singapore,60.0,10.400379,-10.162996
SAI,2023_Singapore,61.0,9.949167,-10.266974
SAI,2023_Singapore,62.0,9.898857,-10.121494
SAI,2023_Suzuka,5.0,9.450925,-6.8138986
SAI,2023_Suzuka,6.0,9.96328,-6.4683566
SAI,2023_Suzuka,7.0,9.884305,-6.2211113
SAI,2023_Suzuka,8.0,10.085911,-7.3463063
SAI,2023_Suzuka,9.0,10.003465,-7.656622
SAI,2023_Suzuka,10.0,9.676574,-7.0322742
SAI,2023_Suzuka,11.0,10.383032,-7.103463
SAI,2023_Suzuka,12.0,10.045693,-7.9898314
SAI,2023_Suzuka,13.0,9.0471115,-6.958662
SAI,2023_Suzuka,15.0,9.435455,-8.000015
SAI,2023_Suzuka,16.0,10.667399,-7.2391224
SAI,2023_Suzuka,17.0,9.650497,-8.346902
SAI,2023_Suzuka,18.0,10.131045,-8.611509
SAI,2023_Suzuka,20.0,9.308142,-7.756704
SAI,2023_Suzuka,21.0,9.493039,-6.170404
SAI,2023_Suzuka,22.0,10.28823,-7.07549
SAI,2023_Suzuka,23.0,10.056623,-7.6260247
SAI,2023_Suzuka,24.0,9.43003,-6.7096715
SAI,2023_Suzuka,25.0,9.175551,-7.155643
SAI,2023_Suzuka,26.0,9.584514,-8.098252
SAI,2023_Suzuka,27.0,9.294714,-6.2868137
SAI,2023_Suzuka,28.0,9.516128,-7.1769676
SAI,2023_Suzuka,29.0,9.596923,-7.275884
SAI,2023_Suzuka,30.0,10.070238,-7.829907
SAI,2023_Suzuka,31.0,10.174146,-7.8953166
SAI,2023_Suzuka,32.0,9.962141,-7.614497
SAI,2023_Suzuka,33.0,9.489589,-7.820951
SAI,2023_Suzuka,34.0,10.030153,-8.120889
SAI,2023_Suzuka,35.0,9.413108,-8.199522
SAI,2023_Suzuka,36.0,9.789771,-8.352983
SAI,2023_Suzuka,37.0,10.559487,-8.580002
SAI,2023_Suzuka,38.0,10.0606,-8.526513
SAI,2023_Suzuka,40.0,8.937477,-6.528666
SAI,2023_Suzuka,41.0,9.089232,-5.9247313
SAI,2023_Suzuka,42.0,10.260911,-6.9021907
SAI,2023_Suzuka,43.0,9.136885,-7.669538
SAI,2023_Suzuka,44.0,9.417166,-7.314355
SAI,2023_Suzuka,45.0,9.094498,-6.7033744
SAI,2023_Suzuka,46.0,9.093996,-7.980624
SAI,2023_Suzuka,47.0,9.521686,-7.8738914
SAI,2023_Suzuka,48.0,10.05082,-7.8963714
SAI,2023_Suzuka,49.0,9.441242,-8.023828
SAI,2023_Suzuka,50.0,9.540878,-7.8804955
SAI,2023_Suzuka,51.0,9.650125,-8.437233
SAI,2023_Suzuka,52.0,9.498756,-7.9710693
SAI,2023_Suzuka,53.0,9.463363,-7.954224
SAI,2024_Bahrain,1.0,10.460631,-8.122632
SAI,2024_Bahrain,2.0,10.7993355,-7.2103634
SAI,2024_Bahrain,3.0,9.443163,-6.1585274
SAI,2024_Bahrain,4.0,10.545335,-8.832585
SAI,2024_Bahrain,5.0,9.730045,-7.0065904
SAI,2024_Bahrain,6.0,10.448979,-7.554369
SAI,2024_Bahrain,7.0,10.531811,-8.759727
SAI,2024_Bahrain,8.0,10.475389,-8.183281
SAI,2024_Bahrain,9.0,9.470073,-8.208352
SAI,2024_Bahrain,10.0,9.753686,-7.4096246
SAI,2024_Bahrain,11.0,10.62078,-7.2206554
SAI,2024_Bahrain,12.0,9.927899,-7.7525697
SAI,2024_Bahrain,13.0,10.759613,-7.427657
SAI,2024_Bahrain,14.0,10.495101,-9.615761
SAI,2024_Bahrain,16.0,10.484438,-8.57337
SAI,2024_Bahrain,17.0,9.472535,-7.074964
SAI,2024_Bahrain,18.0,9.374148,-6.4824
SAI,2024_Bahrain,19.0,10.755913,-7.237599
SAI,2024_Bahrain,20.0,10.759494,-7.342456
SAI,2024_Bahrain,21.0,10.790617,-7.1879
SAI,2024_Bahrain,22.0,10.772547,-7.1223264
SAI,2024_Bahrain,23.0,9.502088,-6.6146283
SAI,2024_Bahrain,24.0,9.416124,-6.208459
SAI,2024_Bahrain,25.0,10.027614,-7.135833
SAI,2024_Bahrain,26.0,10.815709,-7.259076
SAI,2024_Bahrain,27.0,10.029341,-7.5337443
SAI,2024_Bahrain,28.0,10.755756,-7.248974
SAI,2024_Bahrain,29.0,8.980048,-7.8528457
SAI,2024_Bahrain,30.0,9.367473,-6.3151994
SAI,2024_Bahrain,31.0,8.950029,-7.9540324
SAI,2024_Bahrain,32.0,9.461032,-6.644113
SAI,2024_Bahrain,33.0,10.842877,-7.1888494
SAI,2024_Bahrain,34.0,10.605786,-8.638487
SAI,2024_Bahrain,35.0,10.532707,-8.927495
SAI,2024_Bahrain,37.0,9.275456,-6.5804935
SAI,2024_Bahrain,38.0,9.786017,-6.556876
SAI,2024_Bahrain,39.0,10.797439,-7.1029634
SAI,2024_Bahrain,40.0,10.856453,-7.29515
SAI,2024_Bahrain,41.0,10.832177,-7.1895876
SAI,2024_Bahrain,42.0,10.429825,-7.7326756
SAI,2024_Bahrain,43.0,10.518605,-7.0841737
SAI,2024_Bahrain,44.0,10.019482,-7.356903
SAI,2024_Bahrain,45.0,9.190767,-7.304806
SAI,2024_Bahrain,46.0,10.719656,-7.1434274
SAI,2024_Bahrain,47.0,10.800984,-7.1284466
SAI,2024_Bahrain,48.0,10.426424,-7.1430993
SAI,2024_Bahrain,49.0,10.778273,-7.249142
SAI,2024_Bahrain,50.0,10.122316,-6.4879584
SAI,2024_Bahrain,51.0,8.967406,-7.755613
SAI,2024_Bahrain,52.0,9.775424,-6.142085
SAI,2024_Bahrain,53.0,10.225308,-7.069859
SAI,2024_Bahrain,54.0,10.050528,-6.527851
SAI,2024_Bahrain,55.0,10.605129,-8.647618
SAI,2024_Bahrain,56.0,10.801183,-7.1646256
SAI,2024_Bahrain,57.0,9.739163,-7.0136065
SAI,2024_Monaco,14.0,8.198936,-7.2771993
SAI,2024_Monaco,15.0,8.732195,-6.9591117
SAI,2024_Monaco,18.0,8.720263,-7.1276298
SAI,2024_Monaco,19.0,7.912131,-6.0483327
SAI,2024_Monaco,20.0,7.904523,-5.785029
SAI,2024_Monaco,21.0,7.8659997,-6.2066574
SAI,2024_Monaco,22.0,10.215877,-6.368835
SAI,2024_Monaco,23.0,10.238005,-7.0613575
SAI,2024_Monaco,24.0,10.795986,-7.127324
SAI,2024_Monaco,25.0,10.1939125,-7.5664506
SAI,2024_Monaco,26.0,10.14924,-7.056063
SAI,2024_Monaco,27.0,9.194544,-6.1816525
SAI,2024_Monaco,28.0,7.908682,-6.1501627
SAI,2024_Monaco,29.0,10.183651,-6.3729105
SAI,2024_Monaco,30.0,8.318654,-5.759059
SAI,2024_Monaco,31.0,10.220762,-6.933311
SAI,2024_Monaco,33.0,9.858337,-7.406201
SAI,2024_Monaco,34.0,10.114451,-6.3386617
SAI,2024_Monaco,35.0,7.86664,-6.238529
SAI,2024_Monaco,36.0,10.051711,-6.9935374
SAI,2024_Monaco,37.0,8.591458,-6.932334
SAI,2024_Monaco,38.0,7.8489666,-6.1553965
SAI,2024_Monaco,39.0,10.177314,-7.0566072
SAI,2024_Monaco,40.0,8.6980505,-6.9438257
SAI,2024_Monaco,41.0,8.745382,-6.579121
SAI,2024_Monaco,42.0,9.980452,-6.651261
SAI,2024_Monaco,43.0,9.785749,-6.766811
SAI,2024_Monaco,44.0,9.683963,-6.6898203
SAI,2024_Monaco,45.0,10.16467,-7.916061
SAI,2024_Monaco,46.0,8.373441,-6.9574847
SAI,2024_Monaco,47.0,10.33811,-7.707267
SAI,2024_Monaco,48.0,8.4838505,-6.5099444
SAI,2024_Monaco,49.0,10.231876,-8.0077095
SAI,2024_Monaco,50.0,8.596763,-6.4245443
SAI,2024_Monaco,51.0,8.727438,-7.1611733
SAI,2024_Monaco,52.0,8.326007,-5.828581
SAI,2024_Monaco,53.0,8.225178,-6.371772
SAI,2024_Monaco,54.0,8.703727,-7.129506
SAI,2024_Monaco,55.0,8.184085,-7.136733
SAI,2024_Monaco,56.0,10.375462,-7.94249
SAI,2024_Monaco,57.0,8.234319,-7.300511
SAI,2024_Monaco,58.0,8.375705,-7.7286015
SAI,2024_Monaco,59.0,8.742048,-7.1204414
SAI,2024_Monaco,60.0,8.895294,-7.846064
SAI,2024_Monaco,61.0,8.18795,-7.256045
SAI,2024_Monaco,62.0,8.365061,-7.2968516
SAI,2024_Monaco,63.0,8.230418,-7.234329
SAI,2024_Monaco,64.0,10.449644,-8.189325
SAI,2024_Monaco,65.0,9.099488,-7.701039
SAI,2024_Monaco,66.0,8.839068,-7.8631196
SAI,2024_Monaco,67.0,8.915849,-7.9107385
SAI,2024_Monaco,68.0,8.752795,-7.124263
SAI,2024_Monaco,69.0,9.096033,-7.6422977
SAI,2024_Monaco,70.0,8.997336,-7.5331063
SAI,2024_Monaco,71.0,8.833999,-6.698267
SAI,2024_Monaco,72.0,9.007966,-7.8977313
SAI,2024_Monaco,73.0,8.66175,-6.5910754
SAI,2024_Monaco,74.0,10.022869,-8.209846
SAI,2024_Monaco,75.0,10.104317,-8.023207
SAI,2024_Monaco,76.0,10.269568,-7.8371196
SAI,2024_Monaco,77.0,9.445216,-7.314978
SAI,2024_Monaco,78.0,9.901011,-10.29989
SAI,2024_Monza,2.0,8.565382,-5.3152857
SAI,2024_Monza,3.0,2.1251822,1.0773392
SAI,2024_Monza,4.0,2.0413327,0.50919765
SAI,2024_Monza,5.0,8.329695,-4.7259383
SAI,2024_Monza,6.0,8.352357,-4.9191575
SAI,2024_Monza,7.0,8.592293,-5.6103845
SAI,2024_Monza,8.0,8.54198,-5.6586275
SAI,2024_Monza,9.0,8.612072,-6.2937374
SAI,2024_Monza,10.0,8.66681,-5.5148
SAI,2024_Monza,11.0,8.358733,-5.4635296
SAI,2024_Monza,12.0,8.371237,-5.031452
SAI,2024_Monza,13.0,7.910545,-5.5824695
SAI,2024_Monza,14.0,8.564467,-6.540921
SAI,2024_Monza,15.0,8.657244,-6.5714264
SAI,2024_Monza,16.0,8.44685,-5.5171776
SAI,2024_Monza,17.0,8.16309,-6.1024923
SAI,2024_Monza,18.0,7.9111295,-6.2664137
SAI,2024_Monza,21.0,8.282843,-4.8849907
SAI,2024_Monza,22.0,8.512426,-5.626098
SAI,2024_Monza,23.0,8.558446,-5.589465
SAI,2024_Monza,24.0,8.198323,-6.0661006
SAI,2024_Monza,25.0,8.05008,-6.2264867
SAI,2024_Monza,26.0,7.827241,-5.924484
SAI,2024_Monza,27.0,7.9422517,-5.428536
SAI,2024_Monza,28.0,8.394698,-5.6553197
SAI,2024_Monza,29.0,8.495959,-5.442737
SAI,2024_Monza,30.0,8.505546,-5.8006573
SAI,2024_Monza,31.0,8.603031,-5.570088
SAI,2024_Monza,32.0,8.55302,-5.482347
SAI,2024_Monza,33.0,8.494018,-5.8155284
SAI,2024_Monza,34.0,8.42589,-5.376646
SAI,2024_Monza,35.0,8.321546,-5.3529534
SAI,2024_Monza,36.0,8.491238,-5.341037
SAI,2024_Monza,37.0,8.403399,-5.535393
SAI,2024_Monza,38.0,8.587032,-5.4960575
SAI,2024_Monza,39.0,8.600488,-5.7362776
SAI,2024_Monza,40.0,8.598291,-5.8367763
SAI,2024_Monza,41.0,8.076876,-6.118909
SAI,2024_Monza,42.0,8.449116,-5.843675
SAI,2024_Monza,43.0,8.681348,-5.4581847
SAI,2024_Monza,44.0,8.130505,-5.9471765
SAI,2024_Monza,45.0,8.354243,-4.7572403
SAI,2024_Monza,46.0,8.668294,-5.565485
SAI,2024_Monza,47.0,10.027028,-6.174661
SAI,2024_Monza,48.0,8.671654,-5.683851
SAI,2024_Monza,49.0,8.3377695,-4.9524446
SAI,2024_Monza,50.0,8.479519,-5.6102767
SAI,2024_Monza,51.0,8.326311,-5.364962
SAI,2024_Monza,52.0,8.381169,-5.2689214
SAI,2024_Monza,53.0,8.496318,-5.3569217
SAI,2024_Silverstone,2.0,10.16429,-6.311382
SAI,2024_Silverstone,3.0,8.179128,-4.96091
SAI,2024_Silverstone,4.0,8.322229,-4.9146852
SAI,2024_Silverstone,5.0,8.32663,-4.819248
SAI,2024_Silverstone,6.0,8.297195,-4.8681054
SAI,2024_Silverstone,7.0,1.9959275,-0.13502173
SAI,2024_Silverstone,8.0,8.002886,-5.341472
SAI,2024_Silverstone,9.0,8.369414,-4.9348226
SAI,2024_Silverstone,10.0,8.745756,-5.8358755
SAI,2024_Silverstone,11.0,8.285827,-7.0142274
SAI,2024_Silverstone,12.0,7.9703426,-5.3830905
SAI,2024_Silverstone,13.0,7.962069,-5.327343
SAI,2024_Silverstone,14.0,8.26373,-5.8161197
SAI,2024_Silverstone,15.0,8.53463,-6.876704
SAI,2024_Silverstone,16.0,8.828736,-7.6114483
SAI,2024_Silverstone,17.0,9.015248,-6.058012
SAI,2024_Silverstone,18.0,9.546562,-7.5738597
SAI,2024_Silverstone,21.0,9.513682,-6.65051
SAI,2024_Silverstone,22.0,9.364344,-6.972684
SAI,2024_Silverstone,23.0,9.380488,-6.6888456
SAI,2024_Silverstone,24.0,10.028522,-7.3902774
SAI,2024_Silverstone,41.0,8.47665,-6.7399697
SAI,2024_Silverstone,42.0,8.779008,-5.924448
SAI,2024_Silverstone,43.0,8.709823,-6.5805044
SAI,2024_Silverstone,44.0,8.544309,-6.3840847
SAI,2024_Silverstone,45.0,8.482162,-6.8791018
SAI,2024_Silverstone,46.0,7.983807,-5.7708387
SAI,2024_Silverstone,47.0,8.483329,-7.20414
SAI,2024_Silverstone,48.0,8.320106,-5.8107862
SAI,2024_Silverstone,49.0,8.362081,-5.7346797
SAI,2024_Silverstone,50.0,9.607062,-8.3206215
SAI,2024_Silverstone,52.0,8.521807,-5.876326
SAI,2024_Singapore,2.0,9.589539,-8.190005
SAI,2024_Singapore,3.0,10.0143585,-9.290119
SAI,2024_Singapore,4.0,9.971775,-9.318996
SAI,2024_Singapore,5.0,10.011558,-10.319063
SAI,2024_Singapore,6.0,9.449659,-8.175386
SAI,2024_Singapore,7.0,10.300469,-10.221216
SAI,2024_Singapore,8.0,9.830116,-9.604073
SAI,2024_Singapore,9.0,10.444147,-10.221989
SAI,2024_Singapore,10.0,9.746933,-9.001851
SAI,2024_Singapore,11.0,10.233759,-10.210331
SAI,2024_Singapore,12.0,9.848725,-9.903433
SAI,2024_Singapore,15.0,9.902915,-10.111543
SAI,2024_Singapore,16.0,9.88744,-9.867432
SAI,2024_Singapore,17.0,9.971849,-10.318392
SAI,2024_Singapore,18.0,10.061596,-10.412773
SAI,2024_Singapore,19.0,9.902796,-10.006975
SAI,2024_Singapore,20.0,10.223401,-10.203747
SAI,2024_Singapore,21.0,9.873016,-9.864652
SAI,2024_Singapore,22.0,10.063502,-9.376864
SAI,2024_Singapore,23.0,9.938501,-9.370161
SAI,2024_Singapore,24.0,10.445236,-10.245374
SAI,2024_Singapore,25.0,9.863638,-10.025349
SAI,2024_Singapore,26.0,10.326813,-10.262819
SAI,2024_Singapore,27.0,9.858713,-9.945173
SAI,2024_Singapore,28.0,10.239996,-10.364169
SAI,2024_Singapore,29.0,10.328092,-10.239006
SAI,2024_Singapore,30.0,9.949933,-9.333991
SAI,2024_Singapore,31.0,10.185186,-9.24039
SAI,2024_Singapore,32.0,9.896351,-10.185481
SAI,2024_Singapore,33.0,9.847964,-9.744084
SAI,2024_Singapore,34.0,10.291347,-10.301168
SAI,2024_Singapore,35.0,10.006407,-9.487853
SAI,2024_Singapore,36.0,9.993306,-10.427432
SAI,2024_Singapore,37.0,9.884237,-9.237229
SAI,2024_Singapore,38.0,9.588121,-8.332029
SAI,2024_Singapore,39.0,10.003388,-9.844067
SAI,2024_Singapore,40.0,10.01311,-10.358663
SAI,2024_Singapore,41.0,10.124035,-9.438468
SAI,2024_Singapore,42.0,10.11295,-10.419544
SAI,2024_Singapore,43.0,10.022417,-10.33813
SAI,2024_Singapore,44.0,10.422783,-10.108548
SAI,2024_Singapore,45.0,10.308855,-10.316321
SAI,2024_Singapore,46.0,9.864985,-10.011542
SAI,2024_Singapore,47.0,10.037215,-9.738842
SAI,2024_Singapore,48.0,10.447115,-10.236155
SAI,2024_Singapore,49.0,10.444046,-10.24279
SAI,2024_Singapore,50.0,9.9899845,-9.471347
SAI,2024_Singapore,51.0,10.139197,-9.486282
SAI,2024_Singapore,52.0,9.930158,-10.222318
SAI,2024_Singapore,53.0,10.095136,-9.41077
SAI,2024_Singapore,54.0,9.9260025,-10.21186
SAI,2024_Singapore,55.0,10.427618,-10.266145
SAI,2024_Singapore,56.0,9.82976,-9.840068
SAI,2024_Singapore,57.0,10.457167,-10.218401
SAI,2024_Singapore,58.0,10.07775,-10.441439
SAI,2024_Singapore,59.0,10.010909,-10.451488
SAI,2024_Singapore,60.0,9.878919,-9.9512005
SAI,2024_Singapore,61.0,9.877063,-10.12997
SAI,2024_Singapore,62.0,9.459952,-8.552279
SAI,2024_Suzuka,4.0,9.566056,-6.640884
SAI,2024_Suzuka,5.0,10.013258,-6.244193
SAI,2024_Suzuka,6.0,8.994137,-7.8340716
SAI,2024_Suzuka,7.0,9.865075,-6.119088
SAI,2024_Suzuka,8.0,10.045231,-7.6285405
SAI,2024_Suzuka,9.0,10.569003,-7.27853
SAI,2024_Suzuka,10.0,10.125764,-8.012073
SAI,2024_Suzuka,11.0,9.347638,-7.21631
SAI,2024_Suzuka,12.0,9.072358,-7.6717067
SAI,2024_Suzuka,13.0,9.138872,-7.420114
SAI,2024_Suzuka,14.0,9.388186,-8.039219
SAI,2024_Suzuka,17.0,10.213395,-6.4462013
SAI,2024_Suzuka,18.0,9.431722,-7.6196957
SAI,2024_Suzuka,19.0,9.346998,-7.0790734
SAI,2024_Suzuka,20.0,9.326255,-7.1084356
SAI,2024_Suzuka,21.0,9.426967,-7.8602448
SAI,2024_Suzuka,22.0,9.132799,-7.6689997
SAI,2024_Suzuka,23.0,9.179392,-7.6275554
SAI,2024_Suzuka,24.0,9.855804,-6.556372
SAI,2024_Suzuka,25.0,8.999094,-7.5734534
SAI,2024_Suzuka,26.0,10.094582,-7.783934
SAI,2024_Suzuka,27.0,10.2195015,-7.8269734
SAI,2024_Suzuka,28.0,9.545037,-8.195739
SAI,2024_Suzuka,29.0,9.5568,-8.2976885
SAI,2024_Suzuka,30.0,10.149047,-7.9918466
SAI,2024_Suzuka,31.0,9.247216,-8.211566
SAI,2024_Suzuka,32.0,9.346103,-8.167975
SAI,2024_Suzuka,33.0,9.768346,-7.361209
SAI,2024_Suzuka,34.0,9.41019,-7.1252904
SAI,2024_Suzuka,35.0,9.775931,-6.600214
SAI,2024_Suzuka,36.0,10.295857,-8.410495
SAI,2024_Suzuka,38.0,8.804142,-6.9031177
SAI,2024_Suzuka,39.0,8.943444,-6.783237
SAI,2024_Suzuka,40.0,8.6504345,-6.6875057
SAI,2024_Suzuka,41.0,9.083793,-6.766656
SAI,2024_Suzuka,42.0,10.145871,-7.0267706
SAI,2024_Suzuka,43.0,9.458254,-7.847937
SAI,2024_Suzuka,44.0,9.597268,-7.663574
SAI,2024_Suzuka,45.0,9.18521,-7.7974772
SAI,2024_Suzuka,46.0,9.453203,-7.0093284
SAI,2024_Suzuka,47.0,9.386867,-7.078865
SAI,2024_Suzuka,48.0,9.420787,-6.7647405
SAI,2024_Suzuka,49.0,8.722558,-6.8708396
SAI,2024_Suzuka,50.0,9.190698,-7.0011625
SAI,2024_Suzuka,51.0,10.092905,-8.35197
SAI,2024_Suzuka,52.0,9.647793,-7.3429294
SAI,2024_Suzuka,53.0,9.189656,-7.3839235
VER,2023_Bahrain,1.0,16.410807,4.713459
VER,2023_Bahrain,2.0,14.512627,4.377821
VER,2023_Bahrain,3.0,14.881727,3.920697
VER,2023_Bahrain,4.0,14.276505,4.3510103
VER,2023_Bahrain,5.0,14.267808,4.229773
VER,2023_Bahrain,6.0,14.838685,4.3349123
VER,2023_Bahrain,7.0,14.810309,3.8095503
VER,2023_Bahrain,8.0,15.628855,3.7551153
VER,2023_Bahrain,9.0,15.432039,5.1074934
VER,2023_Bahrain,10.0,15.298631,4.2320304
VER,2023_Bahrain,11.0,15.63925,4.232199
VER,2023_Bahrain,12.0,15.689999,4.0169306
VER,2023_Bahrain,13.0,15.037979,3.8809352
VER,2023_Bahrain,14.0,15.610679,3.7002215
VER,2023_Bahrain,16.0,14.859126,3.1973572
VER,2023_Bahrain,17.0,15.36524,3.5662336
VER,2023_Bahrain,18.0,14.861422,4.1127386
VER,2023_Bahrain,19.0,15.854309,4.800065
VER,2023_Bahrain,20.0,14.825593,3.2291667
VER,2023_Bahrain,21.0,14.9558525,4.1828704
VER,2023_Bahrain,22.0,15.497143,3.738725
VER,2023_Bahrain,23.0,14.408811,4.2877707
VER,2023_Bahrain,24.0,15.388198,4.0449424
VER,2023_Bahrain,25.0,16.107674,4.952153
VER,2023_Bahrain,26.0,15.316413,4.8115478
VER,2023_Bahrain,27.0,15.594162,3.9357924
VER,2023_Bahrain,28.0,15.993536,4.9526863
VER,2023_Bahrain,29.0,16.42682,4.7283607
VER,2023_Bahrain,30.0,16.296574,5.18567
VER,2023_Bahrain,31.0,16.370615,5.211423
VER,2023_Bahrain,32.0,16.417065,4.735927
VER,2023_Bahrain,33.0,16.287498,4.9861364
VER,2023_Bahrain,34.0,16.461792,4.685784
VER,2023_Bahrain,35.0,16.383806,4.745013
VER,2023_Bahrain,36.0,16.276789,4.944806
VER,2023_Bahrain,38.0,15.746429,5.536718
VER,2023_Bahrain,39.0,14.337078,5.1209555
VER,2023_Bahrain,40.0,14.699423,5.6950026
VER,2023_Bahrain,43.0,15.962085,4.6048627
VER,2023_Bahrain,44.0,15.623831,5.690444
VER,2023_Bahrain,45.0,15.6206665,5.8989215
VER,2023_Bahrain,46.0,16.303284,4.8642426
VER,2023_Bahrain,47.0,16.168327,5.355128
VER,2023_Bahrain,48.0,15.35853,4.777223
VER,2023_Bahrain,49.0,15.781756,4.614809
VER,2023_Bahrain,50.0,15.880471,6.899013
VER,2023_Bahrain,51.0,15.917429,5.4560375
VER,2023_Bahrain,52.0,16.337868,5.244288
VER,2023_Bahrain,53.0,16.11573,5.0438848
VER,2023_Bahrain,54.0,16.460417,4.6966677
VER,2023_Bahrain,55.0,16.380978,4.9962006
VER,2023_Bahrain,56.0,15.619829,4.2812867
VER,2023_Bahrain,57.0,16.366776,5.1497645
VER,2023_Monaco,2.0,15.865843,6.9334664
VER,2023_Monaco,3.0,15.338562,5.9934793
VER,2023_Monaco,4.0,15.274233,6.3610144
VER,2023_Monaco,5.0,15.911038,6.859099
VER,2023_Monaco,6.0,15.424062,5.765649
VER,2023_Monaco,7.0,14.95453,4.7188206
VER,2023_Monaco,8.0,15.5402355,5.604518
VER,2023_Monaco,9.0,15.676962,5.4725037
VER,2023_Monaco,10.0,15.404626,5.536568
VER,2023_Monaco,11.0,15.35186,6.1524873
VER,2023_Monaco,12.0,15.596756,5.953107
VER,2023_Monaco,13.0,15.361093,6.0315804
VER,2023_Monaco,14.0,16.27096,4.9828653
VER,2023_Monaco,15.0,15.667196,5.67384
VER,2023_Monaco,16.0,15.729578,5.7486563
VER,2023_Monaco,17.0,15.323235,5.85943
VER,2023_Monaco,18.0,15.575285,5.348447
VER,2023_Monaco,19.0,15.658047,5.5584264
VER,2023_Monaco,20.0,15.66971,5.8440695
VER,2023_Monaco,21.0,15.457996,5.6687803
VER,2023_Monaco,22.0,15.843001,6.934254
VER,2023_Monaco,23.0,16.094408,5.0580173
VER,2023_Monaco,24.0,15.477139,5.873823
VER,2023_Monaco,25.0,15.433541,6.1170855
VER,2023_Monaco,26.0,15.576374,5.4531693
VER,2023_Monaco,27.0,15.556679,6.6220045
VER,2023_Monaco,28.0,14.284704,6.6086073
VER,2023_Monaco,29.0,15.523153,5.961946
VER,2023_Monaco,30.0,14.334443,6.6107774
VER,2023_Monaco,31.0,15.857055,6.901992
VER,2023_Monaco,32.0,14.316724,6.597279
VER,2023_Monaco,33.0,15.466756,6.3463063
VER,2023_Monaco,34.0,15.909934,6.9579134
VER,2023_Monaco,35.0,15.812675,6.901028
VER,2023_Monaco,36.0,15.869005,6.919279
VER,2023_Monaco,37.0,14.280686,6.5853634
VER,2023_Monaco,38.0,15.829983,6.972733
VER,2023_Monaco,39.0,15.487738,6.1816816
VER,2023_Monaco,40.0,15.79592,5.7109165
VER,2023_Monaco,41.0,15.859186,6.920445
VER,2023_Monaco,42.0,15.787672,5.6652346
VER,2023_Monaco,43.0,15.872881,6.8682213
VER,2023_Monaco,44.0,15.602298,6.7087965
VER,2023_Monaco,45.0,15.819298,6.9977927
VER,2023_Monaco,46.0,14.31918,6.5919943
VER,2023_Monaco,47.0,15.888217,6.9642134
VER,2023_Monaco,48.0,15.77007,5.4726615
VER,2023_Monaco,49.0,15.936498,6.895515
VER,2023_Monaco,50.0,14.240657,6.5679584
VER,2023_Monaco,51.0,15.473068,5.865156
VER,2023_Monza,1.0,15.537237,5.2681594
VER,2023_Monza,2.0,13.400699,5.859085
VER,2023_Monza,3.0,14.211954,6.8345327
VER,2023_Monza,4.0,13.56213,6.694879
VER,2023_Monza,5.0,14.30855,6.9630737
VER,2023_Monza,6.0,14.280384,6.8662386
VER,2023_Monza,7.0,13.636848,6.770433
VER,2023_Monza,8.0,13.486261,6.4706283
VER,2023_Monza,9.0,14.009575,6.8260937
VER,2023_Monza,10.0,13.940088,6.850963
VER,2023_Monza,11.0,13.508091,6.4822516
VER,2023_Monza,12.0,13.999712,6.860841
VER,2023_Monza,13.0,13.630639,6.757502
VER,2023_Monza,14.0,13.978039,6.8855276
VER,2023_Monza,15.0,13.810206,6.864759
VER,2023_Monza,16.0,13.377925,6.2457237
VER,2023_Monza,17.0,13.379702,6.1659093
VER,2023_Monza,18.0,14.1112,6.8823023
VER,2023_Monza,19.0,13.887635,6.776711
VER,2023_Monza,20.0,14.652741,6.7215943
VER,2023_Monza,22.0,13.481577,6.4970675
VER,2023_Monza,23.0,13.758363,6.668574
VER,2023_Monza,24.0,13.433221,6.174462
VER,2023_Monza,25.0,13.854466,6.839639
VER,2023_Monza,26.0,13.487975,6.3621836
VER,2023_Monza,27.0,13.961152,6.733927
VER,2023_Monza,28.0,13.630543,6.7646303
VER,2023_Monza,29.0,13.434742,6.3613353
VER,2023_Monza,30.0,13.436126,6.31654
VER,2023_Monza,31.0,13.3744545,6.3126884
VER,2023_Monza,32.0,13.6518345,6.8042736
VER,2023_Monza,33.0,13.645917,6.747353
VER,2023_Monza,34.0,13.83663,6.8122277
VER,2023_Monza,35.0,13.918259,6.871636
VER,2023_Monza,36.0,13.894762,6.6021705
VER,2023_Monza,37.0,13.513233,6.523001
VER,2023_Monza,38.0,13.6448145,6.4876385
VER,2023_Monza,39.0,13.610373,6.7584352
VER,2023_Monza,40.0,13.966579,6.8949895
VER,2023_Monza,41.0,14.262946,6.9168444
VER,2023_Monza,42.0,14.166429,6.899395
VER,2023_Monza,43.0,13.883456,6.7573137
VER,2023_Monza,44.0,14.815531,6.7665234
VER,2023_Monza,45.0,14.063859,6.699053
VER,2023_Monza,46.0,14.275075,6.9223833
VER,2023_Monza,47.0,14.085337,6.748098
VER,2023_Monza,48.0,8.609994,13.852208
VER,2023_Monza,49.0,14.202547,6.7437124
VER,2023_Monza,50.0,14.139421,6.545382
VER,2023_Monza,51.0,8.598993,13.900991
VER,2023_Silverstone,2.0,15.2365675,5.374311
VER,2023_Silverstone,3.0,15.0467615,6.8138103
VER,2023_Silverstone,4.0,15.29117,7.118385
VER,2023_Silverstone,5.0,14.984067,6.9491215
VER,2023_Silverstone,6.0,15.237502,6.947347
VER,2023_Silverstone,7.0,15.359547,7.096689
VER,2023_Silverstone,8.0,15.010091,6.980538
VER,2023_Silverstone,9.0,14.932925,6.814787
VER,2023_Silverstone,10.0,15.713985,5.7031775
VER,2023_Silverstone,11.0,14.799692,6.826406
VER,2023_Silverstone,12.0,14.916278,6.7727165
VER,2023_Silverstone,13.0,14.881104,7.029094
VER,2023_Silverstone,14.0,14.838608,6.946078
VER,2023_Silverstone,15.0,14.816257,6.803077
VER,2023_Silverstone,16.0,14.947057,6.772624
VER,2023_Silverstone,17.0,14.294855,6.869911
VER,2023_Silverstone,18.0,14.86326,6.6636896
VER,2023_Silverstone,19.0,13.4748535,6.487341
VER,2023_Silverstone,20.0,14.793431,6.846022
VER,2023_Silverstone,21.0,15.146993,6.872825
VER,2023_Silverstone,22.0,13.432118,5.6476116
VER,2023_Silverstone,23.0,13.494059,5.983133
VER,2023_Silverstone,24.0,14.752663,6.7952986
VER,2023_Silverstone,25.0,14.426073,6.826868
VER,2023_Silverstone,26.0,13.398033,5.7416363
VER,2023_Silverstone,27.0,14.861692,6.7397175
VER,2023_Silverstone,28.0,15.199195,6.898836
VER,2023_Silverstone,29.0,15.029544,6.798948
VER,2023_Silverstone,30.0,14.341165,6.7876763
VER,2023_Silverstone,31.0,14.820733,4.501967
VER,2023_Silverstone,32.0,13.463067,5.718984
VER,2023_Silverstone,39.0,13.424126,5.924405
VER,2023_Silverstone,40.0,14.051176,6.8600616
VER,2023_Silverstone,41.0,13.493368,5.223354
VER,2023_Silverstone,42.0,13.700624,6.8265505
VER,2023_Silverstone,43.0,14.120444,6.9756894
VER,2023_Silverstone,44.0,14.561074,6.968237
VER,2023_Silverstone,45.0,14.436025,6.86389
VER,2023_Silverstone,46.0,14.668601,6.9625425
VER,2023_Silverstone,47.0,14.504066,6.819038
VER,2023_Silverstone,48.0,13.671775,6.7941823
VER,2023_Silverstone,49.0,13.974177,6.873155
VER,2023_Silverstone,50.0,13.429877,5.939734
VER,2023_Silverstone,51.0,13.405323,6.223238
VER,2023_Silverstone,52.0,14.065344,6.898238
VER,2023_Singapore,2.0,16.12596,5.029766
VER,2023_Singapore,3.0,15.173239,2.664703
VER,2023_Singapore,4.0,15.711556,4.250362
VER,2023_Singapore,5.0,15.025767,3.557551
VER,2023_Singapore,6.0,15.273364,3.5445995
VER,2023_Singapore,7.0,15.69381,4.2588496
VER,2023_Singapore,8.0,14.944787,3.9669702
VER,2023_Singapore,9.0,14.962468,2.9368272
VER,2023_Singapore,10.0,15.37308,3.5940506
VER,2023_Singapore,11.0,14.9326725,3.8450415
VER,2023_Singapore,12.0,15.255917,4.851896
VER,2023_Singapore,13.0,15.093687,4.357124
VER,2023_Singapore,14.0,15.23931,4.0595117
VER,2023_Singapore,15.0,15.7577095,3.898677
VER,2023_Singapore,16.0,15.338064,4.1621394
VER,2023_Singapore,17.0,16.360737,5.210754
VER,2023_Singapore,18.0,15.421045,4.9433904
VER,2023_Singapore,19.0,15.770185,5.2687473
VER,2023_Singapore,24.0,16.14948,4.713597
VER,2023_Singapore,25.0,15.921244,4.4390907
VER,2023_Singapore,26.0,16.399853,4.698627
VER,2023_Singapore,27.0,16.326061,4.761108
VER,2023_Singapore,28.0,15.501885,4.5325427
VER,2023_Singapore,29.0,15.523632,5.022565
VER,2023_Singapore,30.0,15.631515,5.955676
VER,2023_Singapore,31.0,16.264618,4.999448
VER,2023_Singapore,32.0,15.933432,4.6117234
VER,2023_Singapore,33.0,16.35553,4.8854117
VER,2023_Singapore,34.0,16.423265,4.6418414
VER,2023_Singapore,35.0,15.499785,5.110972
VER,2023_Singapore,36.0,15.426914,5.2495966
VER,2023_Singapore,37.0,15.799094,5.558834
VER,2023_Singapore,38.0,16.236185,5.1618347
VER,2023_Singapore,39.0,16.252247,5.0227203
VER,2023_Singapore,42.0,15.949195,4.3664465
VER,2023_Singapore,46.0,15.590588,3.1807146
VER,2023_Singapore,47.0,15.348172,2.3881352
VER,2023_Singapore,48.0,15.50972,2.9811907
VER,2023_Singapore,49.0,15.9814205,4.585808
VER,2023_Singapore,50.0,15.093149,4.532872
VER,2023_Singapore,51.0,15.098103,2.7525237
VER,2023_Singapore,52.0,15.381835,2.9575055
VER,2023_Singapore,53.0,15.541436,3.1145368
VER,2023_Singapore,54.0,15.524809,4.0653954
VER,2023_Singapore,55.0,15.624492,5.8390136
VER,2023_Singapore,56.0,15.341873,5.480327
VER,2023_Singapore,57.0,15.147179,4.3905706
VER,2023_Singapore,58.0,15.055348,4.2790775
VER,2023_Singapore,59.0,15.288325,2.98117
VER,2023_Singapore,60.0,15.222796,4.086511
VER,2023_Singapore,61.0,15.084034,4.572956
VER,2023_Singapore,62.0,15.677354,5.777944
VER,2023_Suzuka,5.0,14.513798,6.353994
VER,2023_Suzuka,6.0,14.314758,5.677561
VER,2023_Suzuka,7.0,14.239228,5.2279983
VER,2023_Suzuka,8.0,15.234858,4.9769773
VER,2023_Suzuka,9.0,14.326185,5.721042
VER,2023_Suzuka,10.0,15.217951,6.3928895
VER,2023_Suzuka,11.0,14.210905,5.212967
VER,2023_Suzuka,12.0,14.563069,5.8240013
VER,2023_Suzuka,13.0,14.262079,5.4578314
VER,2023_Suzuka,15.0,14.522607,4.4769235
VER,2023_Suzuka,18.0,14.419654,5.735058
VER,2023_Suzuka,19.0,15.306533,5.2543535
VER,2023_Suzuka,20.0,14.340107,5.435136
VER,2023_Suzuka,21.0,14.185731,4.8164
VER,2023_Suzuka,22.0,14.2063675,5.3835096
VER,2023_Suzuka,23.0,14.229581,5.201835
VER,2023_Suzuka,24.0,14.339797,5.6350307
VER,2023_Suzuka,25.0,14.289791,5.412583
VER,2023_Suzuka,26.0,15.455546,5.662481
VER,2023_Suzuka,27.0,14.266858,5.1986313
VER,2023_Suzuka,28.0,14.74435,4.7950854
VER,2023_Suzuka,29.0,14.27975,5.451724
VER,2023_Suzuka,30.0,14.391325,5.5088964
VER,2023_Suzuka,31.0,14.961124,5.0765357
VER,2023_Suzuka,32.0,15.534934,5.266638
VER,2023_Suzuka,33.0,14.655744,4.432346
VER,2023_Suzuka,34.0,14.1743765,4.3799624
VER,2023_Suzuka,35.0,14.268375,5.1815243
VER,2023_Suzuka,36.0,14.338705,5.634568
VER,2023_Suzuka,37.0,14.409777,5.6493587
VER,2023_Suzuka,39.0,14.573014,4.6511126
VER,2023_Suzuka,40.0,15.097722,5.6056576
VER,2023_Suzuka,41.0,14.236783,5.1846085
VER,2023_Suzuka,42.0,14.236091,5.5606303
VER,2023_Suzuka,43.0,14.225255,5.8432374
VER,2023_Suzuka,44.0,15.115005,6.5138526
VER,2023_Suzuka,45.0,14.223518,5.1319256
VER,2023_Suzuka,46.0,14.409075,4.654605
VER,2023_Suzuka,47.0,14.315036,5.5993547
VER,2023_Suzuka,48.0,14.358491,5.550056
VER,2023_Suzuka,49.0,14.201169,5.983541
VER,2023_Suzuka,50.0,14.351394,5.6309094
VER,2023_Suzuka,51.0,14.570732,5.4839997
VER,2023_Suzuka,52.0,14.293422,5.216679
VER,2023_Suzuka,53.0,14.231131,5.3601604
VER,2024_Bahrain,1.0,15.872326,4.0550103
VER,2024_Bahrain,2.0,15.588246,4.2489986
VER,2024_Bahrain,3.0,15.670525,3.806996
VER,2024_Bahrain,4.0,15.169125,4.257351
VER,2024_Bahrain,5.0,15.660849,5.6989536
VER,2024_Bahrain,6.0,15.092316,4.57062
VER,2024_Bahrain,7.0,14.838677,4.105814
VER,2024_Bahrain,8.0,15.551187,3.7841055
VER,2024_Bahrain,9.0,16.023712,4.555631
VER,2024_Bahrain,10.0,15.380251,3.6590354
VER,2024_Bahrain,11.0,14.54911,4.430087
VER,2024_Bahrain,12.0,14.915788,4.15187
VER,2024_Bahrain,13.0,15.188899,3.0346284
VER,2024_Bahrain,14.0,15.423984,3.0481222
VER,2024_Bahrain,15.0,15.230777,2.8363438
VER,2024_Bahrain,16.0,15.641231,3.8707685
VER,2024_Bahrain,19.0,15.96421,4.499457
VER,2024_Bahrain,20.0,15.4172125,3.4292912
VER,2024_Bahrain,21.0,15.46958,3.7248394
VER,2024_Bahrain,22.0,15.897067,4.433533
VER,2024_Bahrain,23.0,15.125983,3.2921085
VER,2024_Bahrain,24.0,14.892188,4.8287253
VER,2024_Bahrain,25.0,14.709775,4.366616
VER,2024_Bahrain,26.0,15.510824,3.920145
VER,2024_Bahrain,27.0,15.958835,4.4049616
VER,2024_Bahrain,28.0,15.402173,3.3228745
VER,2024_Bahrain,29.0,15.57955,4.005668
VER,2024_Bahrain,30.0,14.79443,4.4606075
VER,2024_Bahrain,31.0,15.622092,5.8923755
VER,2024_Bahrain,32.0,15.527351,4.6061754
VER,2024_Bahrain,33.0,15.719368,4.884994
VER,2024_Bahrain,34.0,15.978843,4.4912267
VER,2024_Bahrain,35.0,16.431227,4.59736
VER,2024_Bahrain,36.0,16.396194,4.698189
VER,2024_Bahrain,39.0,14.934284,4.573499
VER,2024_Bahrain,40.0,14.800488,4.088327
VER,2024_Bahrain,41.0,14.861028,4.1229925
VER,2024_Bahrain,42.0,14.924751,4.0733147
VER,2024_Bahrain,43.0,15.523655,3.971498
VER,2024_Bahrain,44.0,14.243723,5.1089845
VER,2024_Bahrain,45.0,14.315731,5.064296
VER,2024_Bahrain,46.0,14.651578,4.3029895
VER,2024_Bahrain,47.0,14.53884,5.34665
VER,2024_Bahrain,48.0,14.349407,5.179646
VER,2024_Bahrain,49.0,14.425919,5.710371
VER,2024_Bahrain,50.0,15.162403,4.2958856
VER,2024_Bahrain,51.0,14.266244,5.1188912
VER,2024_Bahrain,52.0,14.309474,4.4807844
VER,2024_Bahrain,53.0,15.478937,5.015626
VER,2024_Bahrain,54.0,14.262211,5.2083893
VER,2024_Bahrain,55.0,14.460203,5.590396
VER,2024_Bahrain,56.0,14.504892,5.16788
VER,2024_Bahrain,57.0,14.219652,5.8473735
VER,2024_Monaco,14.0,14.217436,4.955919
VER,2024_Monaco,18.0,14.718166,4.412702
VER,2024_Monaco,23.0,14.118331,4.4479976
VER,2024_Monaco,24.0,14.244133,4.330836
VER,2024_Monaco,25.0,14.2008095,4.3516803
VER,2024_Monaco,26.0,14.756028,3.281067
VER,2024_Monaco,27.0,14.9770355,2.9203653
VER,2024_Monaco,28.0,14.774664,3.195333
VER,2024_Monaco,29.0,14.716071,3.289848
VER,2024_Monaco,30.0,14.752188,4.3111286
VER,2024_Monaco,31.0,14.643689,4.873992
VER,2024_Monaco,32.0,14.299483,4.5745125
VER,2024_Monaco,33.0,13.975959,5.0479045
VER,2024_Monaco,34.0,14.180001,4.3697357
VER,2024_Monaco,36.0,14.753407,3.2408288
VER,2024_Monaco,37.0,14.23119,4.349392
VER,2024_Monaco,38.0,15.398565,4.1207304
VER,2024_Monaco,39.0,15.400855,4.8694944
VER,2024_Monaco,40.0,14.531956,4.369225
VER,2024_Monaco,41.0,14.626295,4.2890897
VER,2024_Monaco,42.0,14.542172,4.4348254
VER,2024_Monaco,43.0,14.539973,4.5092626
VER,2024_Monaco,44.0,15.580031,4.9139004
VER,2024_Monaco,45.0,14.260937,4.548727
VER,2024_Monaco,46.0,14.043304,4.58173
VER,2024_Monaco,47.0,14.538809,4.4244733
VER,2024_Monaco,48.0,14.592731,4.3758626
VER,2024_Monaco,49.0,14.351695,5.298453
VER,2024_Monaco,50.0,14.914501,4.709699
VER,2024_Monaco,51.0,14.997706,4.0697503
VER,2024_Monaco,53.0,15.475981,5.8852186
VER,2024_Monaco,54.0,15.360211,2.9871778
VER,2024_Monaco,55.0,15.0042,4.22824
VER,2024_Monaco,56.0,15.402122,3.0196495
VER,2024_Monaco,57.0,14.923335,4.4013658
VER,2024_Monaco,58.0,15.480391,3.9461708
VER,2024_Monaco,59.0,15.50126,3.0760975
VER,2024_Monaco,60.0,15.559692,3.1591384
VER,2024_Monaco,61.0,15.375429,2.5793025
VER,2024_Monaco,62.0,14.716321,4.6461825
VER,2024_Monaco,63.0,15.857632,3.9871547
VER,2024_Monaco,64.0,15.613138,3.8754656
VER,2024_Monaco,65.0,13.590495,5.5487533
VER,2024_Monaco,66.0,13.706684,5.3410587
VER,2024_Monaco,67.0,14.937746,4.2313027
VER,2024_Monaco,68.0,14.918055,4.6782403
VER,2024_Monaco,69.0,13.543607,5.4731536
VER,2024_Monaco,70.0,14.621782,4.630584
VER,2024_Monaco,71.0,13.537461,5.416129
VER,2024_Monaco,72.0,13.698568,6.395593
VER,2024_Monaco,73.0,13.555855,5.3452425
VER,2024_Monaco,74.0,13.580185,5.3820972
VER,2024_Monaco,75.0,13.565308,5.3597455
VER,2024_Monaco,76.0,13.537638,5.40944
VER,2024_Monaco,77.0,13.98475,4.8086605
VER,2024_Monaco,78.0,16.42553,4.6495633
VER,2024_Monza,2.0,14.798153,5.1175666
VER,2024_Monza,3.0,13.539553,5.4284143
VER,2024_Monza,4.0,13.38893,5.4090858
VER,2024_Monza,5.0,13.381565,6.2143073
VER,2024_Monza,6.0,13.552748,5.470974
VER,2024_Monza,7.0,13.422717,5.702007
VER,2024_Monza,8.0,13.5210705,5.2522016
VER,2024_Monza,9.0,13.336816,5.6067924
VER,2024_Monza,10.0,13.842397,4.983264
VER,2024_Monza,11.0,13.386444,5.4039497
VER,2024_Monza,12.0,13.422682,6.3371887
VER,2024_Monza,13.0,13.344257,5.5262094
VER,2024_Monza,14.0,13.892898,5.0428076
VER,2024_Monza,15.0,13.427868,5.705074
VER,2024_Monza,16.0,13.3943205,5.841279
VER,2024_Monza,17.0,15.214988,5.1439953
VER,2024_Monza,18.0,13.360404,5.7172246
VER,2024_Monza,19.0,13.34338,5.8230624
VER,2024_Monza,20.0,13.36162,6.2982464
VER,2024_Monza,21.0,13.387405,6.2340937
VER,2024_Monza,24.0,13.356823,5.5674515
VER,2024_Monza,25.0,13.406012,5.4081964
VER,2024_Monza,26.0,13.31416,5.527614
VER,2024_Monza,27.0,13.375345,5.6678424
VER,2024_Monza,28.0,13.353927,5.6076937
VER,2024_Monza,29.0,13.320977,5.6629586
VER,2024_Monza,30.0,13.710406,6.733236
VER,2024_Monza,31.0,13.37454,6.076584
VER,2024_Monza,32.0,13.315471,5.571841
VER,2024_Monza,33.0,13.360821,6.2673516
VER,2024_Monza,34.0,13.475723,5.4724874
VER,2024_Monza,35.0,13.304798,5.473995
VER,2024_Monza,36.0,13.345092,5.8648505
VER,2024_Monza,37.0,13.394309,6.3027897
VER,2024_Monza,38.0,13.378142,5.3746595
VER,2024_Monza,39.0,13.336518,5.4870844
VER,2024_Monza,40.0,15.485069,2.9718895
VER,2024_Monza,43.0,13.377813,5.599285
VER,2024_Monza,44.0,13.816731,6.7718287
VER,2024_Monza,45.0,13.363871,5.9031763
VER,2024_Monza,46.0,13.367544,6.2350817
VER,2024_Monza,47.0,13.310209,5.994046
VER,2024_Monza,48.0,13.369626,6.181235
VER,2024_Monza,49.0,13.380509,6.182222
VER,2024_Monza,50.0,13.354091,5.907919
VER,2024_Monza,51.0,13.373151,6.1783924
VER,2024_Monza,52.0,13.388814,5.385424
VER,2024_Monza,53.0,13.470203,6.325407
VER,2024_Silverstone,2.0,15.590328,5.8221292
VER,2024_Silverstone,3.0,15.71466,7.09446
VER,2024_Silverstone,4.0,15.712748,7.114297
VER,2024_Silverstone,5.0,15.5311575,7.307192
VER,2024_Silverstone,6.0,15.555414,7.2798615
VER,2024_Silverstone,7.0,15.06119,6.813387
VER,2024_Silverstone,8.0,15.5206995,5.856875
VER,2024_Silverstone,9.0,15.410708,7.071697
VER,2024_Silverstone,10.0,15.645568,7.299782
VER,2024_Silverstone,11.0,15.544094,7.2670617
VER,2024_Silverstone,12.0,15.719997,7.223353
VER,2024_Silverstone,13.0,15.455174,7.3368
VER,2024_Silverstone,14.0,15.546146,7.301796
VER,2024_Silverstone,15.0,15.76958,7.064919
VER,2024_Silverstone,16.0,15.584158,7.2073436
VER,2024_Silverstone,21.0,15.558285,7.335994
VER,2024_Silverstone,22.0,15.502517,5.872789
VER,2024_Silverstone,23.0,15.651813,7.298447
VER,2024_Silverstone,24.0,15.521605,7.310401
VER,2024_Silverstone,40.0,15.659072,7.2396097
VER,2024_Silverstone,41.0,15.658847,7.2766833
VER,2024_Silverstone,42.0,15.551369,7.334028
VER,2024_Silverstone,43.0,15.357021,7.3847528
VER,2024_Silverstone,44.0,15.446491,7.4067035
VER,2024_Silverstone,45.0,15.434151,7.4208965
VER,2024_Silverstone,46.0,15.407048,7.4228206
VER,2024_Silverstone,47.0,15.412749,7.43079
VER,2024_Silverstone,48.0,15.392,7.399845
VER,2024_Silverstone,49.0,15.394815,7.4019427
VER,2024_Silverstone,50.0,15.44243,7.43556
VER,2024_Silverstone,51.0,15.43055,7.4279656
VER,2024_Silverstone,52.0,13.682446,6.800518
VER,2024_Singapore,1.0,14.901478,3.3629282
VER,2024_Singapore,2.0,15.318438,2.290694
VER,2024_Singapore,3.0,15.324255,2.2758205
VER,2024_Singapore,4.0,15.129734,2.786294
VER,2024_Singapore,5.0,15.304342,2.426175
VER,2024_Singapore,6.0,15.342006,2.2659266
VER,2024_Singapore,7.0,15.3208275,2.2881575
VER,2024_Singapore,8.0,15.332581,2.2611167
VER,2024_Singapore,9.0,14.884207,3.0795784
VER,2024_Singapore,10.0,15.329293,2.2598293
VER,2024_Singapore,11.0,15.345442,2.4867156
VER,2024_Singapore,12.0,15.322549,2.2769094
VER,2024_Singapore,13.0,15.20559,2.6808548
VER,2024_Singapore,14.0,14.936995,3.2926407
VER,2024_Singapore,15.0,15.302423,2.3393545
VER,2024_Singapore,16.0,15.337711,2.8567858
VER,2024_Singapore,17.0,15.239432,2.5024679
VER,2024_Singapore,18.0,15.321926,2.2888498
VER,2024_Singapore,19.0,15.380928,2.5420198
VER,2024_Singapore,20.0,14.8874655,3.189278
VER,2024_Singapore,21.0,15.412962,2.9274256
VER,2024_Singapore,22.0,15.56433,3.7450714
VER,2024_Singapore,23.0,15.361457,2.4604428
VER,2024_Singapore,24.0,15.300132,2.4389682
VER,2024_Singapore,25.0,15.245813,2.662551
VER,2024_Singapore,26.0,15.320673,2.3647242
VER,2024_Singapore,27.0,15.351921,3.5685005
VER,2024_Singapore,28.0,15.266883,2.7862914
VER,2024_Singapore,31.0,16.299353,4.504579
VER,2024_Singapore,32.0,15.360268,2.7756321
VER,2024_Singapore,33.0,15.310535,2.300426
VER,2024_Singapore,34.0,15.185611,2.6289775
VER,2024_Singapore,35.0,14.820965,3.1891854
VER,2024_Singapore,36.0,15.113118,2.7491286
VER,2024_Singapore,37.0,15.4630785,2.6569579
VER,2024_Singapore,38.0,15.2685375,2.575983
VER,2024_Singapore,39.0,15.4169855,2.9702196
VER,2024_Singapore,40.0,15.30551,2.3571017
VER,2024_Singapore,41.0,15.240673,2.7357278
VER,2024_Singapore,42.0,15.186855,2.7904656
VER,2024_Singapore,43.0,15.017841,4.062513
VER,2024_Singapore,44.0,15.019913,2.8447492
VER,2024_Singapore,45.0,15.490017,3.069741
VER,2024_Singapore,46.0,15.485179,2.9892402
VER,2024_Singapore,47.0,15.390893,3.5384498
VER,2024_Singapore,48.0,15.234593,2.9645226
VER,2024_Singapore,49.0,15.496439,3.0472767
VER,2024_Singapore,50.0,15.3229065,2.306348
VER,2024_Singapore,51.0,15.65192,3.784504
VER,2024_Singapore,52.0,15.612457,3.2423615
VER,2024_Singapore,53.0,15.495875,3.0918305
VER,2024_Singapore,54.0,15.389446,3.0637121
VER,2024_Singapore,55.0,15.554492,3.15238
VER,2024_Singapore,56.0,16.011497,4.4746947
VER,2024_Singapore,57.0,15.654003,4.015359
VER,2024_Singapore,58.0,15.431746,3.0522585
VER,2024_Singapore,59.0,15.576032,3.2403276
VER,2024_Singapore,60.0,15.609695,3.7504978
VER,2024_Singapore,61.0,15.40625,3.275443
VER,2024_Singapore,62.0,15.690955,4.3080087
VER,2024_Suzuka,4.0,15.4917,6.0577893
VER,2024_Suzuka,5.0,14.932683,4.5053935
VER,2024_Suzuka,6.0,15.434616,5.7196965
VER,2024_Suzuka,7.0,14.961854,4.648463
VER,2024_Suzuka,8.0,15.415828,6.247324
VER,2024_Suzuka,9.0,15.4134035,6.219121
VER,2024_Suzuka,10.0,15.509955,5.9698157
VER,2024_Suzuka,11.0,14.670408,4.33174
VER,2024_Suzuka,12.0,15.384945,5.4540887
VER,2024_Suzuka,13.0,15.751465,5.591066
VER,2024_Suzuka,14.0,15.537598,5.788873
VER,2024_Suzuka,15.0,15.4593525,6.197637
VER,2024_Suzuka,18.0,15.620966,5.328962
VER,2024_Suzuka,19.0,15.772544,5.470847
VER,2024_Suzuka,20.0,15.246525,6.322913
VER,2024_Suzuka,21.0,15.343263,6.488519
VER,2024_Suzuka,22.0,15.266422,6.472459
VER,2024_Suzuka,23.0,15.668658,5.4380913
VER,2024_Suzuka,24.0,15.564805,5.4311385
VER,2024_Suzuka,25.0,15.330044,5.5878415
VER,2024_Suzuka,26.0,15.82216,6.9099717
VER,2024_Suzuka,27.0,15.869518,6.8944507
VER,2024_Suzuka,28.0,15.64658,5.599733
VER,2024_Suzuka,29.0,15.575033,5.8756
VER,2024_Suzuka,30.0,16.316631,5.2853823
VER,2024_Suzuka,31.0,16.326406,5.2592516
VER,2024_Suzuka,32.0,15.862747,5.3490715
VER,2024_Suzuka,33.0,15.275371,5.6564174
VER,2024_Suzuka,34.0,15.676411,6.7928696
VER,2024_Suzuka,36.0,15.241437,5.692187
VER,2024_Suzuka,37.0,15.803053,5.646005
VER,2024_Suzuka,38.0,14.900689,4.4536667
VER,2024_Suzuka,39.0,15.831867,6.9299226
VER,2024_Suzuka,40.0,15.8133335,7.05615
VER,2024_Suzuka,41.0,15.338186,6.471039
VER,2024_Suzuka,42.0,15.816779,7.004353
VER,2024_Suzuka,43.0,15.485106,5.855919
VER,2024_Suzuka,44.0,15.30958,6.349257
VER,2024_Suzuka,45.0,15.706223,5.527278
VER,2024_Suzuka,46.0,15.474212,5.79576
VER,2024_Suzuka,47.0,15.26415,6.4118342
VER,2024_Suzuka,48.0,15.807404,6.8996367
VER,2024_Suzuka,49.0,15.215151,6.3834605
VER,2024_Suzuka,50.0,15.425844,5.858024
VER,2024_Suzuka,51.0,15.068405,4.199767
VER,2024_Suzuka,52.0,14.808432,4.5437016
VER,2024_Suzuka,53.0,15.261054,6.341056
